num_acc;senc;catv;occutc;obs;obsm;choc;manv;num_veh
201800001523;0;7;0;0;2;1;0;B01
201800001523;0;7;0;0;2;1;5;A01
201800001524;2;7;0;0;2;8;15;B01
201800001524;2;33;0;12;2;2;17;A01
201800001525;0;7;0;0;1;3;1;A01
201800001526;0;7;0;0;2;3;2;A01
201800001526;0;1;0;0;2;0;0;B01
201800001527;0;7;0;0;1;0;0;A01
201800001528;1;7;0;0;2;3;9;A01
201800001528;1;1;0;0;2;2;1;B01
201800001529;0;7;0;2;0;2;0;A01
201800001530;1;7;0;13;0;9;13;A01
201800001531;1;7;0;2;0;3;13;A01
201800001532;2;7;0;13;0;3;19;A01
201800001533;2;7;0;2;2;2;1;A01
201800001533;1;7;0;0;2;1;1;B01
201800001534;2;7;0;0;2;1;13;A01
201800001534;1;7;0;0;2;1;1;B01
201800001535;2;2;0;0;0;8;1;A01
201800001536;2;7;0;13;0;1;1;A01
201800001537;1;33;0;0;2;1;1;B01
201800001537;2;7;0;0;2;3;15;A01
201800001538;1;7;0;0;2;5;15;A01
201800001538;2;33;0;0;2;1;1;B01
201800001539;1;35;0;2;0;3;1;A01
201800001540;2;7;0;0;2;2;21;A01
201800001540;1;2;0;0;2;1;14;B01
201800001541;2;7;0;0;1;1;1;A01
201800001542;1;7;0;0;2;1;1;B01
201800001542;2;7;0;0;2;1;5;A01
201800001543;1;7;0;0;2;0;1;A01
201800001543;1;2;0;6;0;2;1;B01
201800001544;2;7;0;0;2;3;13;A01
201800001544;1;10;0;0;0;3;1;B01
201800001545;0;7;0;0;9;5;20;B01
201800001545;2;1;0;0;2;2;5;A01
201800001546;1;7;0;8;0;1;1;A01
201800001547;1;7;0;0;2;3;13;A01
201800001547;2;7;0;0;2;3;1;B01
201800001548;2;7;0;0;2;4;23;C01
201800001548;2;7;0;0;2;1;2;A01
201800001548;2;7;0;0;2;4;23;B01
201800001548;2;7;0;0;2;4;23;D01
201800001549;1;7;0;0;2;3;1;B01
201800001549;1;7;0;0;2;1;9;A01
201800001550;1;7;0;0;0;3;1;A01
201800001551;1;7;0;0;2;1;1;B01
201800001551;2;7;0;0;2;2;15;A01
201800001552;0;31;0;0;2;4;1;A01
201800001552;0;7;0;0;2;3;0;B01
201800001553;1;1;0;0;0;7;1;A01
201800001554;2;33;0;0;0;0;15;A01
201800001555;2;33;0;6;0;1;15;A01
201800001556;2;7;0;0;2;2;1;C01
201800001556;1;7;0;0;2;3;13;A01
201800001556;2;7;0;0;2;3;1;B01
201800001556;2;7;0;0;9;2;2;D01
201800001557;2;7;0;14;0;3;1;B01
201800001557;1;33;0;0;0;1;13;A01
201800001558;2;7;0;13;0;2;1;A01
201800001559;2;7;0;8;0;1;1;A01
201800001560;2;7;0;2;0;1;1;A01
201800001561;1;7;0;0;2;1;1;A01
201800001561;1;7;0;0;0;8;1;B01
201800001562;2;31;0;0;0;0;14;A01
201800001563;1;7;0;0;1;2;1;A01
201800001564;1;7;0;0;1;3;1;A01
201800001565;1;7;0;0;1;2;1;A01
201800001566;1;1;0;0;2;1;15;B01
201800001566;1;7;0;0;9;7;2;A01
201800001567;2;10;0;0;2;2;15;A01
201800001567;1;2;0;0;2;1;1;B01
201800001568;0;10;0;0;1;4;4;A01
201800001569;2;7;0;0;1;3;0;A01
201800001570;1;7;0;0;1;3;1;A01
201800001571;2;7;0;0;1;1;0;A01
201800001572;1;10;0;0;1;1;2;A01
201800001573;0;7;0;0;1;0;0;A01
201800001574;2;7;0;0;2;7;15;A01
201800001574;1;2;0;0;2;1;1;B01
201800001575;1;7;0;0;2;2;1;B01
201800001575;1;7;0;0;2;3;19;A01
201800001576;0;7;0;0;2;3;0;B01
201800001576;0;7;0;0;2;1;13;A01
201800001577;1;7;0;2;0;8;17;A01
201800001578;2;7;0;0;2;2;1;A01
201800001578;1;1;0;0;2;1;15;B01
201800001579;2;14;0;0;1;5;15;A01
201800001580;1;7;0;0;2;2;1;B01
201800001580;1;7;0;13;0;2;14;A01
201800001581;1;7;0;0;1;2;2;A01
201800001582;1;7;0;0;1;3;1;A01
201800001583;2;7;0;8;0;1;19;A01
201800001584;2;33;0;0;2;1;17;A01
201800001584;2;7;0;0;0;6;15;B01
201800001585;1;33;0;6;0;1;1;A01
201800001586;2;7;0;0;1;1;1;A01
201800001587;2;33;0;2;0;1;13;A01
201800001588;0;20;0;0;2;8;19;A01
201800001588;0;7;0;0;2;1;1;B01
201800001589;1;33;0;0;0;8;1;A01
201800001590;1;7;0;0;2;2;13;A01
201800001590;2;7;0;0;2;3;1;B01
201800001591;1;7;0;0;2;1;13;A01
201800001591;2;7;0;0;2;1;1;B01
201800001592;2;7;0;0;2;2;13;A01
201800001592;1;7;0;0;2;1;1;B01
201800001593;1;7;0;0;9;3;1;B01
201800001593;2;1;0;0;2;1;13;A01
201800001594;1;7;0;0;1;5;4;A01
201800001595;1;7;0;0;2;3;13;A01
201800001595;2;7;0;0;2;3;1;B01
201800001596;0;2;0;15;0;8;0;A01
201800001597;1;7;0;6;0;8;1;A01
201800001598;1;21;0;0;2;6;15;B01
201800001598;2;33;0;0;2;1;1;A01
201800001599;2;33;0;0;2;1;1;A01
201800001599;1;7;0;0;2;1;1;B01
201800001600;2;33;0;6;0;1;1;A01
201800001601;1;7;0;0;2;8;1;B01
201800001601;2;33;0;0;2;8;13;A01
201800001602;1;7;0;0;2;3;1;C01
201800001602;2;7;0;0;2;4;23;A01
201800001602;2;7;0;0;2;1;2;B01
201800001603;2;14;0;0;1;3;1;A01
201800001604;2;15;0;2;0;2;1;A01
201800001605;2;15;0;13;0;3;0;A01
201800001606;2;7;0;0;2;1;13;A01
201800001606;1;15;0;0;2;1;1;B01
201800001607;1;15;0;0;2;2;1;B01
201800001607;2;7;0;0;2;2;13;A01
201800001608;2;33;0;16;0;7;0;A01
201800001609;2;7;0;2;0;3;0;A01
201800001610;1;7;0;0;1;7;1;A01
201800001611;1;34;0;0;0;5;15;A01
201800001611;1;1;0;0;2;2;1;B01
201800001612;1;7;0;0;2;1;1;B01
201800001612;2;7;0;0;2;2;5;A01
201800001612;0;7;0;0;2;1;23;C01
201800001613;0;36;0;0;2;1;1;A01
201800001613;0;7;0;0;2;1;1;B01
201800001614;0;31;0;0;0;8;0;A01
201800001615;0;7;0;0;2;3;1;A01
201800001615;0;2;0;0;2;7;19;B01
201800001616;0;2;0;0;0;7;1;A01
201800001617;0;7;0;0;2;3;0;A01
201800001617;0;2;0;0;2;2;0;B01
201800001618;1;7;0;0;1;1;1;A01
201800001619;1;7;0;2;0;2;1;A01
201800001620;1;2;0;0;2;1;1;B01
201800001620;2;7;0;0;2;7;15;A01
201800001621;1;10;0;0;2;8;1;B01
201800001621;2;7;0;0;2;3;11;A01
201800001621;1;7;0;0;2;3;1;C01
201800001622;0;7;0;0;1;2;1;A01
201800001623;1;7;0;2;0;1;1;A01
201800001624;1;7;0;2;2;8;1;B01
201800001624;2;7;0;0;2;8;13;A01
201800001625;2;1;0;0;2;1;1;B01
201800001625;1;7;0;0;2;3;0;A01
201800001626;1;7;0;6;0;1;2;A01
201800001627;2;7;0;0;0;4;2;A01
201800001627;2;7;0;0;2;1;2;B01
201800001628;0;7;0;0;0;1;16;A01
201800001629;0;33;0;2;0;1;0;A01
201800001630;1;7;0;0;1;2;1;A01
201800001631;0;7;0;0;2;1;1;A01
201800001631;0;7;0;0;2;1;12;B01
201800001632;0;7;0;8;0;1;9;A01
201800001633;1;7;0;0;2;1;15;B01
201800001633;2;7;0;0;2;1;1;A01
201800001634;0;1;0;0;2;8;1;B01
201800001634;0;7;0;0;9;2;1;A01
201800001635;1;33;0;0;0;2;1;A01
201800001636;1;7;0;0;0;0;1;A01
201800001637;0;7;0;0;2;2;1;A01
201800001637;0;7;0;0;2;8;15;B01
201800001638;0;7;0;0;2;3;1;B01
201800001638;0;2;0;0;2;1;1;A01
201800001639;0;2;0;0;0;0;0;A01
201800001640;2;7;0;2;0;1;1;A01
201800001641;1;7;0;13;0;1;0;A01
201800001642;0;7;0;0;1;0;15;A01
201800001643;2;7;0;2;0;3;1;A01
201800001644;2;7;0;0;1;2;5;A01
201800001645;1;7;0;0;0;4;1;B01
201800001645;1;33;0;0;2;1;1;A01
201800001646;1;10;0;1;1;1;2;A01
201800001647;0;7;0;0;2;2;1;A01
201800001647;0;1;0;0;2;1;1;B01
201800001648;0;7;0;2;0;1;0;A01
201800001649;1;99;0;0;2;8;17;B01
201800001649;1;7;0;3;2;5;11;A01
201800001650;1;2;0;0;2;1;1;A01
201800001650;1;7;0;0;2;4;23;B01
201800001651;1;7;0;13;0;1;6;A01
201800001652;1;7;0;0;2;3;1;B01
201800001652;1;7;0;0;2;1;1;A01
201800001653;1;33;0;3;0;2;1;A01
201800001654;0;7;0;0;1;2;20;A01
201800001655;2;30;0;8;2;7;0;B01
201800001655;2;7;0;0;2;3;0;A01
201800001656;2;7;0;0;2;7;15;A01
201800001656;1;33;0;0;2;1;1;B01
201800001657;0;2;0;6;0;1;0;A01
201800001658;2;7;0;7;2;3;5;A01
201800001658;1;7;0;7;2;3;0;B01
201800001659;0;7;0;0;1;2;1;A01
201800001660;0;7;0;0;2;0;15;A01
201800001660;0;7;0;0;2;0;1;C01
201800001660;0;2;0;0;2;1;17;B01
201800001661;1;7;0;0;2;2;1;A01
201800001661;2;7;0;0;2;1;15;B01
201800001662;2;7;0;7;2;8;0;B01
201800001662;2;7;0;0;2;1;1;A01
201800001663;0;7;0;0;2;3;20;A01
201800001663;0;33;0;0;2;1;1;B01
201800001664;1;7;0;0;1;1;15;A01
201800001665;1;7;0;6;0;1;0;A01
201800001666;1;7;0;0;1;1;1;A01
201800001667;0;7;0;0;2;2;2;B01
201800001667;0;7;0;0;2;3;10;A01
201800001668;1;7;0;0;2;1;2;A01
201800001668;1;2;0;0;2;4;2;B01
201800001669;2;10;0;0;2;8;1;B01
201800001669;1;7;0;0;2;1;2;C01
201800001669;1;7;0;0;2;4;23;A01
201800001670;1;7;0;0;2;1;16;B01
201800001670;2;7;0;0;2;1;10;A01
201800001671;0;2;0;0;2;1;2;B01
201800001671;0;7;0;0;2;6;0;A01
201800001672;2;7;0;0;2;3;1;B01
201800001672;1;30;0;0;2;3;17;A01
201800001673;2;33;0;0;0;8;15;A01
201800001674;0;30;0;0;0;1;0;A01
201800001675;0;7;0;0;6;1;0;B01
201800001675;0;1;0;0;2;1;19;A01
201800001676;1;7;0;0;2;7;17;A01
201800001676;1;33;0;0;2;8;1;B01
201800001677;1;7;0;0;2;1;2;B01
201800001677;1;3;0;0;1;4;1;A01
201800001678;2;7;0;0;2;3;13;A01
201800001678;1;7;0;0;2;3;1;B01
201800001679;2;10;0;0;2;1;1;A01
201800001679;2;10;0;0;2;4;1;B01
201800001679;2;10;0;0;2;4;1;C01
201800001680;1;10;0;0;0;0;16;A01
201800001681;0;7;0;0;2;8;15;A01
201800001681;0;14;0;0;2;2;13;B01
201800001682;0;3;0;0;1;7;1;A01
201800001683;0;7;0;0;2;3;20;A01
201800001683;0;7;0;1;0;6;0;C01
201800001683;0;33;0;0;2;1;17;B01
201800001684;1;7;0;0;2;2;15;A01
201800001684;2;2;0;0;2;1;21;B01
201800001685;2;7;0;0;1;2;21;A01
201800001686;1;7;0;0;6;1;1;B01
201800001686;2;7;0;0;2;5;10;A01
201800001687;1;7;0;0;2;6;23;C01
201800001687;1;7;0;0;2;5;23;B01
201800001687;1;7;0;0;2;3;2;A01
201800001688;1;7;0;0;2;1;15;A01
201800001688;2;7;0;0;2;1;23;B01
201800001689;1;7;0;0;1;2;0;A01
201800001690;1;2;0;0;2;1;1;B01
201800001690;2;7;0;0;2;7;15;A01
201800001691;2;7;0;13;0;1;6;A01
201800001692;2;7;0;0;0;0;1;A01
201800001693;1;7;0;0;2;1;13;A01
201800001693;2;7;0;0;0;1;1;B01
201800001694;1;33;0;2;0;7;0;A01
201800001695;1;7;0;7;0;9;13;A01
201800001696;1;7;0;2;2;3;17;B01
201800001696;1;7;0;2;2;3;1;C01
201800001696;1;7;0;2;2;2;17;A01
201800001697;2;7;0;0;2;1;1;A01
201800001697;2;7;0;0;2;6;1;C01
201800001697;1;7;0;0;2;1;1;B01
201800001697;2;7;0;0;2;5;1;D01
201800001698;0;7;0;13;0;1;1;A01
201800001699;1;7;0;0;0;0;17;A01
201800001699;1;7;0;0;2;1;1;B01
201800001699;2;7;0;0;2;2;1;C01
201800001700;2;7;0;0;2;3;1;B01
201800001700;1;7;0;0;2;3;1;A01
201800001700;2;7;0;0;2;8;1;C01
201800001701;2;7;0;2;0;7;13;A01
201800001702;2;7;0;0;0;4;1;A01
201800001702;2;7;0;0;0;4;2;B01
201800001702;2;7;0;0;0;1;2;C01
201800001703;0;7;0;0;1;6;4;A01
201800001704;0;2;0;0;2;1;15;B01
201800001704;0;7;0;0;2;2;1;A01
201800001705;1;10;0;13;0;1;13;A01
201800001706;0;33;0;4;0;2;12;A01
201800001706;0;7;0;0;0;3;15;B01
201800001707;1;32;0;15;0;1;1;A01
201800001708;1;7;0;0;2;3;23;A01
201800001708;2;33;0;0;2;1;23;B01
201800001709;0;7;0;0;2;8;9;A01
201800001709;1;2;0;0;2;1;1;B01
201800001710;1;7;0;0;1;2;21;A01
201800001711;0;7;0;0;2;3;19;A01
201800001711;0;7;0;0;2;3;1;B01
201800001712;2;33;0;0;2;1;1;A01
201800001712;1;7;0;0;2;2;15;B01
201800001713;1;7;0;15;0;0;14;A01
201800001714;2;7;0;0;2;6;15;A01
201800001714;2;31;0;0;2;2;17;B01
201800001715;0;7;0;2;0;2;14;A01
201800001716;2;33;0;0;2;2;17;B01
201800001716;2;7;0;0;0;6;15;A01
201800001717;1;33;0;0;0;4;0;A01
201800001717;1;14;0;0;0;2;2;B01
201800001718;1;7;0;6;0;1;1;A01
201800001719;0;7;0;0;1;2;1;A01
201800001720;0;7;0;0;2;2;21;A01
201800001720;0;33;0;0;2;4;13;B01
201800001721;1;33;0;0;2;3;18;A01
201800001721;1;7;0;0;2;2;16;B01
201800001722;1;33;0;8;0;0;1;A01
201800001723;0;7;0;0;2;8;15;B01
201800001723;0;33;0;0;2;2;17;A01
201800001724;1;7;0;0;1;2;1;A01
201800001725;2;7;0;0;0;4;2;A01
201800001725;2;33;0;0;2;1;2;B01
201800001726;2;33;0;0;2;3;1;B01
201800001726;1;7;0;0;2;7;15;A01
201800001727;1;7;0;6;0;3;15;A01
201800001727;1;7;0;6;0;3;1;B01
201800001728;0;10;0;0;2;3;10;A01
201800001728;0;2;0;0;2;1;1;B01
201800001729;1;7;0;0;1;1;1;A01
201800001730;0;7;0;0;1;1;15;A01
201800001731;2;7;0;0;2;1;2;A01
201800001731;2;7;0;0;2;4;2;B01
201800001731;2;7;0;0;2;4;2;C01
201800001731;2;7;0;0;2;4;2;D01
201800001732;0;7;0;0;1;2;1;A01
201800001733;2;7;0;0;2;2;1;A01
201800001733;2;7;0;0;2;3;1;D01
201800001733;2;7;0;0;2;8;1;B01
201800001733;2;7;0;0;2;8;1;C01
201800001734;1;7;0;0;2;1;2;A01
201800001734;1;7;0;0;2;4;2;B01
201800001735;0;2;0;0;2;1;17;A01
201800001735;0;7;0;0;2;8;15;B01
201800001736;0;7;0;0;9;5;9;A01
201800001736;0;1;0;0;2;8;9;B01
201800001737;2;7;0;0;1;1;1;A01
201800001738;2;7;0;0;2;0;17;A01
201800001738;1;7;0;0;2;1;1;B01
201800001739;2;7;0;0;2;2;15;A01
201800001739;2;7;0;0;2;3;1;B01
201800001740;1;7;0;0;2;4;1;A01
201800001740;1;7;0;0;2;1;1;B01
201800001740;1;7;0;0;2;1;1;C01
201800001741;1;7;0;2;0;3;6;A01
201800001742;1;7;0;8;0;2;1;A01
201800001743;1;36;0;0;2;5;17;A01
201800001743;1;7;0;0;9;8;15;B01
201800001744;1;34;0;0;2;3;1;A01
201800001744;0;7;0;0;2;2;0;B01
201800001745;1;7;0;0;0;8;15;B01
201800001745;1;2;0;0;2;7;1;A01
201800001746;1;7;0;0;2;2;1;A01
201800001746;2;7;0;0;2;3;1;B01
201800001747;0;1;0;0;0;0;1;A01
201800001748;2;2;0;0;2;1;13;A01
201800001748;1;7;0;0;2;1;1;B01
201800001749;1;7;0;0;0;1;9;A01
201800001749;0;1;0;0;0;5;0;B01
201800001750;1;17;0;0;1;6;1;A01
201800001751;1;7;0;0;2;1;1;A01
201800001751;1;2;0;0;2;7;15;B01
201800001752;2;34;0;0;2;7;1;A01
201800001752;2;2;0;0;2;1;15;B01
201800001753;1;2;0;0;2;7;15;A01
201800001753;2;7;0;0;2;3;9;B01
201800001754;0;2;0;0;1;0;1;A01
201800001755;1;7;0;0;1;1;1;A01
201800001756;0;7;0;0;0;6;10;A01
201800001756;0;7;0;0;2;1;1;B01
201800001757;1;7;0;0;2;6;0;A01
201800001757;1;33;0;12;2;1;1;B01
201800001758;0;7;0;0;2;8;10;A01
201800001758;0;7;0;0;2;1;1;B01
201800001759;1;7;0;0;1;1;1;A01
201800001760;0;2;0;8;0;4;16;B01
201800001760;0;7;0;0;2;1;9;A01
201800001761;0;1;0;0;0;8;0;A01
201800001761;0;7;0;0;2;2;0;B01
201800001762;1;7;0;6;0;1;1;A01
201800001763;1;7;0;0;9;1;15;A01
201800001763;2;1;0;0;2;1;0;B01
201800001764;2;7;0;8;0;4;2;A01
201800001764;2;7;0;0;2;1;2;B01
201800001765;2;7;0;0;2;2;13;A01
201800001765;2;7;0;0;2;2;1;B01
201800001766;1;7;0;0;2;1;17;A01
201800001766;2;7;0;0;2;1;1;B01
201800001767;0;7;0;0;2;3;19;B01
201800001767;0;31;0;0;2;1;1;A01
201800001768;2;7;0;0;2;1;15;A01
201800001768;1;33;0;1;2;1;1;B01
201800001769;1;7;0;0;2;3;19;A01
201800001769;2;33;0;0;2;1;17;B01
201800001770;0;7;0;0;2;3;15;A01
201800001770;0;33;0;0;2;1;1;B01
201800001771;0;10;0;0;2;3;1;A01
201800001771;0;7;0;0;2;3;1;B01
201800001772;2;30;0;0;2;1;13;A01
201800001772;1;7;0;0;2;3;1;B01
201800001773;1;7;0;0;0;7;15;A01
201800001773;2;7;0;0;2;1;1;B01
201800001774;2;31;0;0;2;1;1;B01
201800001774;1;7;0;0;2;6;4;A01
201800001775;0;7;0;0;0;5;15;A01
201800001775;0;31;0;0;2;1;2;B01
201800001776;0;33;0;0;0;0;1;A01
201800001777;1;7;0;15;2;2;0;A01
201800001777;1;7;0;0;0;5;2;B01
201800001778;1;7;0;0;2;1;1;A01
201800001778;2;7;0;0;2;1;1;B01
201800001779;1;33;0;0;2;1;1;A01
201800001779;1;7;0;0;2;3;16;B01
201800001780;1;2;0;0;2;1;5;A01
201800001780;2;7;0;0;2;1;9;B01
201800001781;1;2;0;0;2;1;1;A01
201800001781;2;7;0;0;2;3;1;B01
201800001782;1;31;0;0;2;1;13;A01
201800001782;2;7;0;0;9;2;15;B01
201800001783;0;33;0;12;2;9;5;B01
201800001783;0;7;0;0;2;1;1;C01
201800001783;0;7;0;0;2;3;0;D01
201800001783;0;34;0;0;2;9;5;A01
201800001784;2;7;0;0;1;2;16;A01
201800001785;1;7;0;1;2;7;15;A01
201800001785;1;7;0;0;2;1;21;B01
201800001786;0;7;0;0;1;4;4;A01
201800001787;2;30;0;0;2;1;1;B01
201800001787;2;7;0;0;2;3;15;A01
201800001788;1;7;0;6;0;1;16;A01
201800001789;0;7;0;13;0;1;0;A01
201800001790;0;7;0;0;2;5;3;A01
201800001790;2;32;0;0;2;1;1;B01
201800001791;2;7;0;0;2;3;13;A01
201800001791;1;7;0;0;2;3;1;B01
201800001792;1;7;0;0;2;1;15;A01
201800001792;2;31;0;0;2;1;0;B01
201800001793;1;7;0;13;0;9;0;A01
201800001794;2;7;0;0;2;3;1;B01
201800001794;1;7;0;0;2;3;13;A01
201800001795;2;7;0;6;0;3;13;A01
201800001796;2;7;0;0;0;9;1;A01
201800001797;1;7;0;0;2;1;13;A01
201800001797;2;7;0;0;2;1;21;B01
201800001798;1;7;0;0;2;1;1;B01
201800001798;2;2;0;0;2;1;13;A01
201800001799;2;33;0;0;2;1;13;A01
201800001799;1;7;0;0;2;1;1;B01
201800001800;2;7;0;0;2;8;19;A01
201800001800;2;7;0;0;2;1;1;B01
201800001801;1;7;0;16;0;3;13;A01
201800001802;1;10;0;0;2;2;2;A01
201800001802;1;7;0;0;2;1;15;B01
201800001803;2;7;0;0;9;1;15;A01
201800001803;1;1;0;0;2;1;1;B01
201800001804;2;10;0;0;9;2;9;A01
201800001804;2;1;0;12;0;4;1;B01
201800001805;1;7;0;0;2;3;1;B01
201800001805;2;7;0;3;2;2;13;A01
201800001806;0;2;0;0;2;7;1;B01
201800001806;1;7;0;0;2;3;1;A01
201800001807;1;7;0;2;0;8;0;A01
201800001808;1;33;0;13;0;7;13;A01
201800001809;0;1;0;14;1;1;1;A01
201800001810;1;7;0;0;2;2;13;A01
201800001810;2;7;0;0;2;1;1;B01
201800001811;1;1;0;0;0;3;1;B01
201800001811;1;7;0;0;9;5;16;A01
201800001812;2;7;0;14;0;8;0;A01
201800001813;1;21;0;0;1;0;1;A01
201800001814;1;7;0;0;2;1;13;A01
201800001814;2;7;0;0;2;1;1;B01
201800001815;2;1;0;0;2;1;5;A01
201800001815;1;7;0;0;9;2;16;B01
201800001816;1;7;0;2;0;1;0;A01
201800001817;1;10;0;0;2;2;15;A01
201800001817;2;7;0;0;2;1;1;B01
201800001818;2;10;0;0;2;1;1;A01
201800001818;2;10;0;0;2;4;1;B01
201800001819;1;7;0;15;0;2;1;A01
201800001820;2;7;0;0;2;2;15;A01
201800001820;1;7;0;0;2;1;1;B01
201800001821;1;7;0;0;1;2;1;A01
201800001822;1;7;0;0;1;2;1;A01
201800001823;2;7;0;0;1;3;1;A01
201800001824;2;7;0;13;0;2;1;A01
201800001825;1;7;0;0;2;3;9;A01
201800001825;1;1;0;14;2;7;1;B01
201800001826;2;1;0;0;0;0;0;A01
201800001827;2;7;0;15;0;1;1;A01
201800001828;1;2;0;8;0;1;1;A01
201800001829;0;7;0;0;2;3;1;A01
201800001829;0;7;0;0;2;8;15;B01
201800001830;1;7;0;9;0;1;5;A01
201800001831;2;1;0;16;2;4;1;B01
201800001831;2;7;0;0;2;2;1;A01
201800001832;2;7;0;13;0;3;1;A01
201800001833;1;7;0;0;2;3;1;B01
201800001833;2;1;0;0;2;1;1;A01
201800001834;0;7;0;0;2;1;5;A01
201800001834;0;7;0;0;2;1;1;B01
201800001835;1;33;0;0;2;0;1;B01
201800001835;2;7;0;0;2;3;15;A01
201800001836;1;7;0;0;2;1;1;A01
201800001836;2;7;0;0;2;1;1;B01
201800001837;2;1;0;0;2;1;1;B01
201800001837;1;7;0;0;9;1;15;A01
201800001838;1;7;0;0;2;5;15;A01
201800001838;2;2;0;0;2;1;1;B01
201800001839;2;7;0;13;0;2;1;A01
201800001840;1;7;0;0;2;6;19;A01
201800001840;2;7;0;0;2;1;1;B01
201800001841;1;7;0;0;0;7;15;A01
201800001841;2;1;0;0;0;1;1;B01
201800001842;0;7;0;0;2;1;1;A01
201800001842;0;7;0;0;2;1;1;B01
201800001843;1;7;0;0;1;1;1;A01
201800001844;1;7;0;0;2;1;1;A01
201800001844;2;7;0;0;0;1;0;B01
201800001845;1;7;0;0;0;1;13;A01
201800001845;2;10;0;0;0;3;1;B01
201800001846;1;7;0;0;0;5;1;A01
201800001846;2;7;0;6;0;1;1;B01
201800001847;1;7;0;0;1;3;1;A01
201800001848;1;2;0;0;2;1;1;A01
201800001848;2;7;0;0;2;2;1;B01
201800001849;2;7;0;0;2;1;1;A01
201800001849;1;7;0;0;2;3;1;B01
201800001850;1;7;0;0;0;2;1;B01
201800001850;0;7;0;0;0;3;15;A01
201800001851;2;7;0;16;0;9;13;A01
201800001852;1;7;0;7;0;1;1;A01
201800001853;1;7;0;12;0;1;1;A01
201800001854;0;7;0;7;0;2;2;A01
201800001854;0;7;0;12;0;6;1;B01
201800001855;1;3;0;0;2;3;9;A01
201800001855;2;7;0;0;2;1;1;B01
201800001855;1;7;0;0;2;3;1;C01
201800001856;1;7;0;0;2;2;15;A01
201800001856;2;2;0;0;2;1;18;B01
201800001857;1;34;0;0;2;1;1;B01
201800001857;1;7;0;0;2;5;9;A01
201800001858;2;7;0;0;2;3;17;A01
201800001858;1;15;0;0;2;3;1;B01
201800001859;1;7;0;0;1;3;1;A01
201800001860;0;7;0;0;2;2;1;B01
201800001860;0;7;0;0;2;2;13;A01
201800001861;1;7;0;0;2;3;15;A01
201800001861;1;7;0;0;2;2;17;B01
201800001862;1;33;0;0;2;8;1;A01
201800001862;0;7;0;0;2;8;1;B01
201800001863;0;33;0;0;2;8;1;A01
201800001863;0;7;0;0;2;1;15;B01
201800001864;0;7;0;0;0;9;1;A01
201800001865;2;7;0;0;0;8;19;A01
201800001865;1;7;0;0;2;3;1;B01
201800001866;0;7;0;8;0;3;1;A01
201800001867;2;7;0;0;0;4;0;A01
201800001867;2;7;0;0;2;0;0;B01
201800001868;2;7;0;13;0;1;1;A01
201800001869;1;7;0;13;0;1;16;A01
201800001870;1;7;0;13;2;1;5;A01
201800001870;2;7;0;0;2;7;1;B01
201800001871;1;7;0;0;2;1;1;A01
201800001871;1;7;0;0;0;4;1;B01
201800001872;1;7;0;0;2;3;15;B01
201800001872;2;7;0;6;2;2;1;A01
201800001873;2;7;0;0;2;3;13;A01
201800001873;1;7;0;0;2;3;1;B01
201800001874;1;7;0;0;2;1;1;B01
201800001874;2;7;0;0;2;1;1;A01
201800001875;1;7;0;13;0;2;1;A01
201800001876;0;7;0;0;2;2;0;A01
201800001876;0;7;0;0;2;1;1;B01
201800001877;1;33;0;0;2;1;15;A01
201800001877;2;33;0;0;2;1;2;B01
201800001878;0;33;0;0;2;1;15;B01
201800001878;0;7;0;0;2;7;15;A01
201800001879;2;7;0;0;2;3;1;B01
201800001879;1;7;0;0;2;3;1;A01
201800001880;1;33;0;0;0;1;0;B01
201800001880;1;7;0;0;0;6;0;A01
201800001881;2;7;0;0;2;3;15;A01
201800001881;1;31;0;0;2;1;1;B01
201800001882;1;33;0;0;2;0;0;A01
201800001882;2;10;0;0;2;3;1;B01
201800001883;2;7;0;0;2;3;13;A01
201800001883;1;7;0;0;2;1;1;B01
201800001884;2;7;0;0;2;3;1;A01
201800001884;1;7;0;0;2;1;1;B01
201800001885;0;7;0;0;2;1;1;A01
201800001885;0;10;0;0;0;7;1;B01
201800001886;0;7;0;0;2;1;1;A01
201800001886;0;1;0;0;2;8;1;B01
201800001887;2;7;0;0;2;1;1;B01
201800001887;1;33;0;0;2;1;1;A01
201800001888;1;7;0;16;0;0;1;A01
201800001889;1;7;0;0;2;3;15;A01
201800001889;1;2;0;0;2;2;17;B01
201800001890;2;7;0;2;0;1;1;A01
201800001891;0;7;0;2;0;3;1;A01
201800001892;2;33;0;0;0;7;1;A01
201800001893;1;7;0;7;0;3;1;A01
201800001894;1;7;0;7;2;3;1;A01
201800001894;2;7;0;0;2;2;11;B01
201800001895;0;7;0;2;0;1;1;A01
201800001896;1;7;0;0;1;1;1;A01
201800001897;1;7;0;0;2;7;19;A01
201800001897;2;7;0;0;2;1;1;B01
201800001898;0;7;0;0;2;2;9;A01
201800001898;0;2;0;0;2;1;1;B01
201800001899;1;7;0;6;0;1;1;A01
201800001900;1;7;0;0;2;2;19;A01
201800001900;2;33;0;0;2;3;1;B01
201800001901;0;33;0;0;1;1;17;A01
201800001902;0;7;0;0;1;3;1;A01
201800001903;2;7;0;0;2;3;2;A01
201800001903;2;7;0;0;0;4;23;B01
201800001904;1;7;0;0;2;3;11;A01
201800001904;1;33;0;0;2;7;3;B01
201800001905;0;7;0;0;2;2;1;B01
201800001905;0;3;0;0;0;3;15;A01
201800001906;0;33;0;0;0;9;14;A01