num_acc;senc;catv;occutc;obs;obsm;choc;manv;num_veh
201800001906;0;14;0;0;0;0;19;B01
201800001907;1;7;0;2;0;8;0;A01
201800001908;0;7;0;8;0;3;2;A01
201800001909;1;7;0;0;2;1;1;A01
201800001909;2;7;0;0;0;1;15;B01
201800001910;0;7;0;6;2;3;14;A01
201800001910;0;7;0;0;2;1;13;B01
201800001911;1;7;0;4;0;1;1;A01
201800001911;0;7;0;0;0;0;15;B01
201800001912;0;7;0;0;2;8;9;A01
201800001912;0;31;0;0;2;2;1;B01
201800001913;2;7;0;0;2;1;1;A01
201800001913;2;7;0;6;2;8;1;B01
201800001914;0;7;0;7;0;9;1;A01
201800001915;0;7;0;0;0;9;1;A01
201800001916;1;7;0;0;2;8;10;A01
201800001916;1;7;0;0;2;1;1;B01
201800001917;0;7;0;0;2;3;15;A01
201800001917;0;7;0;0;2;3;1;B01
201800001917;0;7;0;0;2;1;23;C01
201800001918;2;7;0;0;2;3;1;A01
201800001918;1;7;0;0;2;3;1;B01
201800001919;1;7;0;0;2;5;15;A01
201800001919;2;7;0;0;2;1;1;B01
201800001920;1;7;0;0;2;3;13;A01
201800001920;2;7;0;0;2;1;1;B01
201800001921;2;10;0;0;2;2;2;A01
201800001921;2;7;0;15;0;4;2;B01
201800001922;0;33;0;0;0;8;2;A01
201800001923;1;7;0;0;2;2;15;A01
201800001923;2;31;0;0;2;1;1;B01
201800001924;1;7;0;0;2;7;15;A01
201800001924;2;2;0;0;2;1;1;B01
201800001925;0;7;0;13;0;1;1;A01
201800001926;0;33;0;9;0;0;0;A01
201800001927;1;7;0;0;2;1;13;A01
201800001927;2;7;0;0;2;1;1;B01
201800001927;2;7;0;0;2;3;1;C01
201800001928;0;33;0;0;2;1;13;A01
201800001928;0;7;0;0;2;1;1;B01
201800001929;1;7;0;2;2;1;11;A01
201800001929;1;7;0;0;2;8;15;B01
201800001929;2;7;0;0;2;1;1;C01
201800001930;2;7;0;0;2;1;17;A01
201800001930;2;7;0;0;2;4;1;B01
201800001931;2;7;0;0;0;3;15;A01
201800001931;2;31;0;0;2;1;1;B01
201800001932;1;7;0;13;0;3;0;A01
201800001933;1;7;0;0;2;1;1;A01
201800001933;2;7;0;0;2;8;19;B01
201800001934;2;7;0;0;2;1;13;A01
201800001934;1;7;0;0;2;1;1;B01
201800001935;2;7;0;0;2;3;1;A01
201800001935;1;7;0;0;2;3;1;B01
201800001936;1;10;0;0;2;8;19;A01
201800001936;2;33;0;0;2;1;1;B01
201800001937;1;7;0;0;2;1;17;A01
201800001937;1;7;0;0;2;1;1;B01
201800001938;1;7;0;0;2;3;0;A01
201800001938;2;7;0;0;2;3;0;B01
201800001939;2;7;0;0;2;1;1;A01
201800001939;1;7;0;0;2;1;1;B01
201800001940;1;7;0;0;2;7;13;B01
201800001940;1;33;0;0;2;1;1;A01
201800001941;2;7;0;0;0;1;19;A01
201800001942;2;7;0;0;2;1;1;B01
201800001942;1;7;0;0;2;1;13;A01
201800001943;1;7;0;0;2;3;1;A01
201800001943;2;7;0;0;2;3;1;B01
201800001944;2;7;0;0;2;3;15;A01
201800001944;1;7;0;0;2;2;1;B01
201800001945;1;7;0;0;2;3;1;A01
201800001945;2;7;0;7;2;2;15;B01
201800001946;1;31;0;3;0;2;1;A01
201800001947;1;2;0;0;0;1;1;A01
201800001947;1;7;0;0;2;0;1;B01
201800001948;1;1;0;12;0;1;1;A01
201800001949;0;7;0;1;1;3;19;A01
201800001950;1;7;0;0;2;1;2;A01
201800001950;1;7;0;0;0;4;2;B01
201800001951;0;7;0;1;0;2;14;A01
201800001952;0;7;0;0;1;1;2;A01
201800001953;1;34;0;0;0;0;1;A01
201800001954;1;10;0;0;2;2;21;B01
201800001954;2;7;0;0;2;2;5;A01
201800001955;2;7;0;1;0;1;0;A01
201800001956;1;7;0;2;2;1;17;A01
201800001956;1;7;0;0;2;2;1;B01
201800001957;2;10;0;0;2;3;13;A01
201800001957;1;33;0;3;2;8;17;B01
201800001958;1;33;0;12;0;7;16;A01
201800001959;2;7;0;16;0;0;1;A01
201800001960;1;7;0;13;0;2;12;A01
201800001961;0;7;0;12;0;2;14;A01
201800001962;1;7;0;13;0;2;15;A01
201800001963;1;7;0;0;2;3;5;A01
201800001963;2;7;0;0;2;8;1;B01
201800001964;1;33;0;0;2;3;1;A01
201800001964;2;33;0;0;2;3;1;B01
201800001965;2;36;0;4;0;2;1;A01
201800001966;1;33;0;13;0;0;1;A01
201800001967;0;1;0;0;2;1;1;B01
201800001967;0;7;0;0;2;8;15;A01
201800001968;0;10;0;2;0;3;1;A01
201800001969;0;7;0;15;0;3;1;A01
201800001970;0;7;0;0;2;3;13;A01
201800001970;0;7;0;0;2;3;1;B01
201800001971;1;33;0;13;0;1;1;A01
201800001972;2;7;0;6;0;1;1;A01
201800001973;1;33;0;16;0;7;13;A01
201800001974;0;7;0;0;2;2;15;A01
201800001974;0;33;0;0;2;1;1;B01
201800001975;1;7;0;0;1;4;4;A01
201800001976;0;7;0;0;2;1;17;A01
201800001976;0;2;0;0;2;1;1;B01
201800001977;1;7;0;8;0;1;1;A01
201800001978;1;7;0;10;2;7;17;A01
201800001978;1;21;0;0;2;3;15;B01
201800001979;1;7;0;0;2;1;19;A01
201800001979;2;7;0;0;2;3;1;B01
201800001980;0;7;0;1;0;1;2;A01
201800001980;0;7;0;0;2;4;2;B01
201800001980;0;7;0;0;2;5;2;C01
201800001981;1;7;0;0;2;1;0;A01
201800001981;0;7;0;0;2;6;15;B01
201800001982;0;7;0;0;2;1;1;A01
201800001982;0;7;0;0;2;1;15;B01
201800001983;1;10;0;0;2;5;10;A01
201800001983;2;33;0;0;2;1;1;B01
201800001984;2;7;0;0;0;1;0;A01
201800001985;1;7;0;0;2;4;15;A01
201800001985;1;7;0;0;2;1;1;B01
201800001985;2;7;0;0;2;3;1;C01
201800001985;2;7;0;0;2;2;1;D01
201800001986;0;33;0;0;2;7;1;B01
201800001986;0;7;0;0;2;2;15;A01
201800001987;1;7;0;13;0;1;21;A01
201800001988;1;7;0;0;9;3;1;A01
201800001988;2;1;0;0;2;1;1;B01
201800001988;2;1;0;0;2;1;1;C01
201800001989;2;7;0;0;2;1;17;A01
201800001989;2;1;0;0;2;8;10;B01
201800001990;1;31;0;0;2;7;1;B01
201800001990;2;7;0;0;2;3;9;A01
201800001991;2;7;0;2;0;1;1;A01
201800001992;1;7;0;0;2;3;1;B01
201800001992;1;7;0;0;2;1;1;C01
201800001992;2;7;0;0;2;3;13;A01
201800001993;2;7;0;0;2;1;13;A01
201800001993;1;7;0;0;2;3;1;B01
201800001994;2;7;0;0;2;3;1;A01
201800001994;1;7;0;0;2;3;1;B01
201800001995;0;7;0;0;2;1;16;A01
201800001995;0;7;0;0;2;2;1;B01
201800001996;2;7;0;0;2;1;21;B01
201800001996;1;7;0;0;2;1;13;A01
201800001997;1;1;0;0;0;0;1;A01
201800001998;1;33;0;0;2;3;1;A01
201800001998;1;21;0;0;2;6;10;B01
201800001999;1;7;0;6;0;1;5;A01
201800002000;2;7;0;2;0;1;0;A01
201800002001;1;7;0;13;0;5;17;A01
201800002002;1;7;0;0;2;8;1;A01
201800002002;1;7;0;0;2;3;1;B01
201800002002;1;7;0;0;2;8;1;C01
201800002002;2;7;0;0;2;3;5;D01
201800002003;0;7;0;0;2;1;5;A01
201800002003;0;7;0;0;2;1;1;B01
201800002004;2;32;0;0;2;1;1;A01
201800002004;2;7;0;0;2;5;15;B01
201800002005;1;7;0;0;2;3;1;A01
201800002005;2;7;0;0;2;3;13;B01
201800002006;2;7;0;0;9;0;0;A01
201800002006;2;1;0;0;2;5;0;B01
201800002007;2;7;0;0;1;3;1;A01
201800002008;0;7;0;0;1;2;1;A01
201800002009;0;2;0;0;0;0;0;A01
201800002010;0;7;0;0;2;2;0;A01
201800002010;0;30;0;0;2;8;1;B01
201800002011;1;7;0;0;2;1;1;A01
201800002011;1;7;0;0;2;4;23;B01
201800002012;1;7;0;0;2;1;17;A01
201800002012;2;7;0;0;2;1;1;B01
201800002013;0;7;0;0;2;3;9;A01
201800002013;0;7;0;0;2;3;1;B01
201800002014;1;7;0;0;0;7;0;A01
201800002014;2;7;0;0;2;1;21;B01
201800002015;2;7;0;0;2;3;1;A01
201800002015;1;7;0;0;0;3;5;B01
201800002016;2;7;0;0;1;2;0;A01
201800002017;0;38;3;0;2;2;1;A01
201800002017;0;7;0;0;2;3;1;B01
201800002018;1;7;0;0;2;2;2;A01
201800002018;1;33;0;0;2;6;2;B01
201800002019;0;33;0;11;0;0;0;A01
201800002020;2;7;0;0;2;1;1;A01
201800002020;2;7;0;0;2;6;2;B01
201800002021;1;7;0;0;2;7;15;A01
201800002021;2;2;0;0;2;1;1;B01
201800002022;1;7;0;8;0;1;1;A01
201800002023;1;7;0;1;0;3;1;A01
201800002024;1;7;0;0;9;1;15;A01
201800002024;2;1;0;0;2;1;1;B01
201800002025;1;7;0;0;2;1;14;C01
201800002025;2;7;0;0;2;5;1;A01
201800002025;1;7;0;0;0;2;15;B01
201800002026;0;3;0;0;0;3;17;A01
201800002026;0;7;0;0;0;0;1;B01
201800002026;0;13;0;0;0;6;1;C01
201800002027;0;7;0;5;0;2;1;A01
201800002028;0;7;0;0;0;2;1;A01
201800002029;1;7;0;0;0;2;1;A01
201800002030;2;2;0;0;0;0;1;A01
201800002031;;7;0;0;1;5;4;A01
201800002032;0;7;0;0;1;2;1;A01
201800002033;2;10;0;8;0;3;1;A01
201800002034;2;7;0;0;2;2;13;A01
201800002034;1;7;0;0;2;1;1;B01
201800002035;1;7;0;0;2;3;0;A01
201800002035;1;7;0;0;2;1;1;B01
201800002036;0;7;0;0;2;1;1;A01
201800002036;0;10;0;0;0;4;1;B01
201800002037;2;1;0;0;2;1;1;B01
201800002037;1;7;0;0;9;3;1;A01
201800002038;0;10;0;0;0;3;1;A01
201800002038;0;7;0;0;2;3;13;B01
201800002039;0;7;0;0;2;1;19;A01
201800002039;2;7;0;0;0;5;0;B01
201800002040;0;7;0;0;0;1;13;A01
201800002041;1;7;0;0;2;1;1;B01
201800002041;2;33;0;5;2;1;1;A01
201800002042;0;7;0;0;2;1;2;B01
201800002042;0;7;0;0;0;4;16;A01
201800002043;0;7;0;2;0;1;13;A01
201800002044;0;1;0;0;2;1;1;A01
201800002044;0;7;0;0;2;3;1;B01
201800002045;0;33;0;0;0;2;1;A01
201800002046;2;33;0;0;0;4;2;B01
201800002046;2;33;0;0;2;1;2;C01
201800002046;2;33;0;0;0;0;15;A01
201800002047;1;31;0;0;0;8;1;A01
201800002048;2;7;0;0;2;3;1;A01
201800002048;1;7;0;0;2;8;1;C01
201800002048;1;14;0;0;2;3;1;B01
201800002049;0;7;0;6;0;3;16;A01
201800002050;0;7;0;0;1;3;1;A01
201800002051;1;7;0;0;2;3;2;A01
201800002051;1;33;0;0;2;4;23;B01
201800002052;0;7;0;15;0;1;1;A01
201800002053;1;2;0;0;0;8;2;A01
201800002054;0;7;0;0;2;3;9;B01
201800002054;0;7;0;0;0;7;1;A01
201800002055;0;33;0;0;2;3;1;A01
201800002055;0;10;0;0;2;8;1;B01
201800002056;2;34;0;14;0;8;1;A01
201800002057;1;32;0;0;2;1;1;A01
201800002057;2;7;0;0;2;3;1;B01
201800002058;1;10;0;0;2;7;5;A01
201800002058;2;7;0;0;2;1;1;B01
201800002059;0;7;0;0;1;2;15;A01
201800002060;0;7;0;6;0;1;1;A01
201800002061;0;33;0;6;0;7;1;A01
201800002062;2;33;0;0;2;3;13;A01
201800002062;1;32;0;0;2;3;1;B01
201800002063;0;1;0;0;2;8;1;A01
201800002064;2;7;0;0;1;2;1;A01
201800002065;2;7;0;13;2;3;13;A01
201800002065;1;7;0;0;2;1;1;B01
201800002066;2;7;0;0;2;3;19;A01
201800002066;2;7;0;11;0;8;1;B01
201800002067;2;7;0;0;2;2;19;A01
201800002067;1;7;0;6;2;3;1;B01
201800002067;2;1;0;0;2;0;15;C01
201800002067;2;1;0;0;2;1;15;D01
201800002068;1;7;0;0;2;4;1;A01
201800002068;1;1;0;0;2;1;1;B01
201800002069;2;7;0;0;2;7;14;A01
201800002069;2;31;0;0;2;8;18;B01
201800002070;2;33;0;0;2;1;1;A01
201800002070;0;7;0;0;0;7;19;B01
201800002071;2;7;0;0;2;2;15;A01
201800002071;1;33;0;0;2;1;1;B01
201800002072;1;7;0;0;9;7;0;A01
201800002072;1;1;0;0;2;8;0;B01
201800002073;1;7;0;13;0;0;14;A01
201800002074;2;2;0;0;2;8;15;A01
201800002074;1;7;0;0;2;2;1;B01
201800002075;2;7;0;2;0;8;0;A01
201800002076;1;2;0;13;0;3;1;A01
201800002077;2;7;0;0;2;3;1;A01
201800002077;0;7;0;0;2;8;15;B01
201800002078;0;7;0;0;1;1;1;A01
201800002079;1;10;0;0;2;1;1;A01
201800002079;0;7;0;0;2;8;23;C01
201800002079;0;10;0;0;2;7;19;B01
201800002080;1;7;0;6;2;2;9;A01
201800002080;1;7;0;6;2;8;1;B01
201800002081;1;7;0;2;0;3;1;A01
201800002082;1;33;0;0;0;0;1;A01
201800002083;1;7;0;0;2;8;9;A01
201800002083;2;7;0;0;2;1;1;B01
201800002084;1;7;0;0;1;1;0;A01
201800002085;2;7;0;0;2;3;13;A01
201800002085;1;7;0;0;2;3;1;B01
201800002086;1;7;0;0;2;1;1;A01
201800002086;2;7;0;3;2;1;1;B01
201800002087;0;7;0;0;0;0;0;A01
201800002088;0;7;0;8;0;1;1;A01
201800002089;1;7;0;0;2;1;15;A01
201800002089;2;2;0;0;2;1;1;B01
201800002090;1;7;0;0;2;2;2;A01
201800002090;1;7;0;6;2;4;2;B01
201800002091;0;7;0;8;0;1;0;A01
201800002092;0;1;0;0;2;7;15;A01
201800002092;0;7;0;0;9;3;0;B01
201800002093;1;7;0;13;0;9;1;A01
201800002094;1;7;0;13;0;1;17;A01
201800002095;1;2;0;13;0;0;14;A01
201800002096;0;7;0;0;1;6;4;A01
201800002097;2;33;0;0;2;3;1;A01
201800002097;1;7;0;0;2;3;17;B01
201800002098;1;7;0;9;0;1;0;A01
201800002099;2;7;0;0;1;3;1;A01
201800002100;2;7;0;0;2;3;1;A01
201800002100;1;2;0;0;2;1;13;B01
201800002101;0;1;0;0;0;0;1;A01
201800002102;1;7;0;8;0;2;1;A01
201800002103;0;7;0;0;1;3;2;A01
201800002104;1;7;0;8;0;1;0;A01
201800002105;2;33;0;0;2;1;1;B01
201800002105;1;7;0;0;2;6;19;A01
201800002106;1;31;0;0;2;0;1;B01
201800002106;1;7;0;0;0;0;10;A01
201800002107;0;33;0;0;2;6;17;B01
201800002107;1;7;0;0;2;2;17;A01
201800002108;0;7;0;0;1;4;4;A01
201800002109;1;7;0;0;1;2;16;A01
201800002110;1;7;0;0;2;3;1;A01
201800002110;1;1;0;0;2;5;19;B01
201800002111;2;2;0;0;2;1;13;A01
201800002111;1;37;1;0;2;3;0;B01
201800002112;1;7;0;0;2;1;15;A01
201800002112;2;2;0;0;2;3;1;B01
201800002113;2;31;0;0;2;1;1;B01
201800002113;1;7;0;0;2;2;15;A01
201800002114;0;7;0;0;1;4;0;A01
201800002115;1;7;0;0;1;3;15;A01
201800002116;1;7;0;0;2;7;15;A01
201800002116;2;2;0;0;2;1;1;B01
201800002117;2;7;0;8;0;9;1;A01
201800002118;1;33;0;2;0;2;18;A01
201800002119;1;33;0;0;0;7;1;A01
201800002120;1;7;0;0;1;7;10;B01
201800002120;2;7;0;0;2;1;21;A01
201800002121;1;7;0;0;2;1;1;A01
201800002121;2;7;0;0;2;1;13;B01
201800002122;2;32;0;0;2;1;19;A01
201800002122;1;7;0;0;2;2;1;B01
201800002123;0;7;0;2;2;3;1;A01
201800002123;0;7;0;9;2;2;9;B01
201800002124;0;7;0;6;0;3;1;A01
201800002125;0;2;0;0;2;1;2;A01
201800002125;0;7;0;0;0;4;2;B01
201800002126;0;10;0;0;2;3;10;A01
201800002126;0;33;0;0;2;2;17;B01
201800002127;0;33;0;0;0;0;0;A01
201800002128;2;33;0;0;0;4;1;A01
201800002128;2;33;0;0;2;1;1;B01
201800002129;0;10;0;0;2;1;1;A01
201800002129;0;2;0;0;2;1;1;B01
201800002130;1;7;0;0;2;3;1;A01
201800002130;2;7;0;0;2;3;1;B01
201800002131;0;7;0;10;0;2;1;A01
201800002132;1;7;0;0;0;1;1;A01
201800002133;1;7;0;12;0;3;0;A01
201800002134;1;7;0;0;2;1;15;A01
201800002134;2;33;0;0;2;8;0;B01
201800002135;1;7;0;2;0;1;13;A01
201800002136;2;7;0;0;2;1;2;A01
201800002136;2;7;0;0;0;4;2;B01
201800002137;1;7;0;0;2;3;1;B01
201800002137;2;7;0;0;2;3;13;A01
201800002138;0;7;0;0;2;1;9;A01
201800002138;0;7;0;0;2;1;1;B01
201800002139;1;33;0;0;0;7;0;A01
201800002140;1;2;0;0;2;1;2;A01
201800002140;1;7;0;0;0;4;2;B01
201800002140;2;10;0;0;2;1;1;C01
201800002141;0;33;0;14;0;1;1;A01
201800002142;2;33;0;0;2;8;1;B01
201800002142;1;7;0;0;2;1;1;A01
201800002143;1;31;0;6;2;1;13;A01
201800002143;2;7;0;0;2;2;1;B01
201800002144;1;1;0;0;0;4;0;B01
201800002144;1;7;0;0;9;1;0;A01
201800002145;1;7;0;7;0;1;1;A01
201800002146;2;7;0;0;1;2;1;A01
201800002147;1;7;0;0;0;8;9;A01
201800002147;1;1;0;0;2;1;1;B01
201800002148;2;7;0;0;9;6;24;A01
201800002148;2;1;0;1;0;1;1;B01
201800002149;1;10;0;0;1;1;1;A01
201800002150;1;17;0;2;0;1;1;A01
201800002151;2;14;0;0;2;2;13;A01
201800002151;1;7;0;2;2;2;21;B01
201800002152;2;17;0;0;0;3;23;A01
201800002152;2;7;0;1;0;2;2;B01
201800002153;1;13;0;0;0;0;1;A01
201800002153;2;33;0;0;9;1;1;B01
201800002154;1;7;0;0;2;1;9;A01
201800002154;1;15;0;0;0;6;1;B01
201800002155;2;14;0;0;2;1;2;A01
201800002155;2;14;0;0;2;4;23;B01
201800002155;2;37;31;0;0;4;23;C01
201800002155;2;7;0;0;2;1;2;D01
201800002155;2;10;0;0;0;4;0;E01
201800002156;1;17;0;0;2;8;1;A01
201800002156;2;10;0;0;2;3;1;B01
201800002157;1;7;0;0;1;3;9;A01
201800002158;2;7;0;8;0;2;14;A01
201800002159;2;31;0;0;2;2;21;B01
201800002159;1;7;0;0;2;2;15;A01
201800002160;1;7;0;0;1;1;15;A01
201800002161;2;30;0;0;2;1;16;A01
201800002161;1;7;0;0;2;3;1;B01
201800002162;1;7;0;0;2;1;1;B01
201800002162;1;1;0;0;2;0;19;A01
201800002163;0;30;0;0;1;1;0;A01
201800002164;1;7;0;0;1;2;1;A01
201800002165;1;7;0;3;0;1;13;A01
201800002166;0;7;0;0;1;2;1;A01
201800002167;1;7;0;6;0;2;1;A01
201800002168;1;21;0;0;2;6;1;A01
201800002168;1;33;0;0;2;1;3;B01
201800002169;2;7;0;0;1;1;1;A01
201800002170;1;2;0;0;1;1;1;A01
201800002171;0;7;0;0;2;0;2;D01
201800002171;0;7;0;0;2;1;1;C01
201800002171;0;7;0;0;2;4;2;B01
201800002171;0;7;0;7;2;9;0;A01
201800002172;1;7;0;0;1;2;1;A01
201800002173;1;33;0;0;2;1;1;B01
201800002173;1;7;0;0;2;8;10;A01
201800002174;2;7;0;0;1;2;1;A01
201800002175;1;7;0;0;1;2;16;A01
201800002176;1;7;0;0;1;2;1;A01
201800002177;2;7;0;13;2;1;1;B01
201800002177;1;7;0;0;2;1;5;A01
201800002178;1;7;0;0;1;1;1;A01
201800002179;0;7;0;0;2;2;1;B01
201800002179;0;7;0;0;2;5;4;A01
201800002180;0;7;0;0;1;2;15;A01
201800002181;2;7;0;0;0;6;10;A01
201800002181;2;33;0;0;0;1;2;B01
201800002182;1;30;0;0;0;0;0;A01
201800002183;2;7;0;0;1;1;15;A01
201800002184;0;7;0;4;2;3;1;A01
201800002184;0;7;0;0;2;6;21;B01
201800002185;2;7;0;0;9;2;0;A01
201800002185;0;1;0;0;0;8;19;B01
201800002186;0;7;0;0;2;3;17;A01
201800002186;0;7;0;0;2;3;14;B01
201800002187;0;7;0;0;2;2;15;A01
201800002187;0;7;0;0;2;1;0;B01
201800002188;0;7;0;0;2;2;1;A01
201800002188;0;7;0;15;0;6;9;B01
201800002189;0;33;0;6;0;1;15;A01
201800002190;2;7;0;0;2;3;0;A01
201800002190;2;33;0;0;2;1;1;B01
201800002191;1;33;0;0;2;1;1;A01
201800002191;2;7;0;0;2;8;15;B01
201800002192;1;7;0;0;2;2;16;A01
201800002192;0;1;0;0;2;3;9;B01
201800002193;0;7;0;16;0;0;13;A01
201800002194;2;7;0;0;2;5;1;A01
201800002194;2;7;0;0;2;3;1;B01
201800002195;2;7;0;0;2;1;17;A01
201800002195;1;7;0;0;2;1;1;B01
201800002196;1;32;0;0;0;8;18;A01
201800002196;1;15;0;0;0;5;16;B01
201800002197;2;7;0;15;0;3;1;A01
201800002198;0;7;0;13;0;2;1;A01
201800002199;1;14;0;13;0;3;1;A01
201800002200;2;7;0;10;0;0;0;A01
201800002201;2;7;0;0;2;3;15;B01
201800002201;2;33;0;0;2;7;9;A01
201800002202;1;33;0;13;0;1;21;A01
201800002203;1;7;0;0;2;1;13;A01
201800002203;2;10;0;0;2;3;1;B01
201800002203;1;7;0;0;2;1;1;C01
201800002204;1;33;0;6;0;3;1;A01
201800002205;2;7;0;8;2;3;1;B01
201800002205;2;7;0;0;2;3;16;A01
201800002206;1;33;0;0;0;7;1;A01
201800002207;1;31;0;13;0;0;13;A01
201800002208;2;33;0;16;0;9;1;A01
201800002209;1;7;0;8;0;2;14;A01
201800002210;1;1;0;0;2;3;1;A01
201800002210;1;2;0;0;2;3;1;B01
201800002211;0;31;0;0;0;5;1;A01
201800002212;1;7;0;1;0;4;23;A01
201800002212;1;7;0;1;0;4;23;B01
201800002212;1;7;0;1;0;1;1;C01
201800002213;2;7;0;4;0;3;1;A01
201800002214;1;33;0;11;0;7;1;A01
201800002215;2;33;0;0;0;7;17;A01
201800002216;2;7;0;6;0;7;1;A01
201800002217;1;7;0;13;0;0;1;A01
201800002218;2;31;0;0;1;1;18;A01
201800002219;0;1;0;0;9;1;0;A01
201800002219;0;1;0;0;9;1;0;B01
201800002220;2;7;0;0;2;1;17;A01
201800002220;1;37;5;0;2;3;1;B01
201800002220;2;7;0;0;2;8;1;C01
201800002221;0;1;0;0;2;1;1;A01
201800002221;0;1;0;0;2;1;17;B01
201800002222;2;7;0;5;0;7;1;A01
201800002223;0;7;0;0;1;0;15;A01
201800002224;0;10;0;0;2;3;15;A01
201800002224;0;33;0;0;2;1;1;B01
201800002225;0;1;0;0;2;5;2;B01
201800002225;0;7;0;0;2;3;2;A01
201800002226;2;2;0;0;2;1;1;B01
201800002226;1;7;0;0;2;8;16;A01
201800002227;0;7;0;0;2;5;17;A01
201800002227;0;1;0;0;2;8;1;B01
201800002228;0;1;0;0;2;4;0;B01
201800002228;0;7;0;0;2;1;9;A01
201800002229;1;10;0;6;0;1;2;A01
201800002230;0;7;0;13;0;2;1;A01
201800002231;0;7;0;0;2;1;13;A01
201800002231;0;7;0;0;2;1;1;B01
201800002231;0;7;0;0;2;8;1;C01
201800002232;1;7;0;0;1;3;1;A01
201800002233;1;38;49;0;2;5;1;A01
201800002233;1;1;0;0;2;3;1;B01
201800002234;1;7;0;0;2;2;15;A01
201800002234;1;33;0;0;2;7;17;B01
201800002235;0;30;0;0;0;0;1;A01
201800002236;2;7;0;0;9;2;15;A01
201800002236;1;1;0;0;2;1;1;B01
201800002237;2;7;0;7;0;1;1;A01
201800002238;1;7;0;0;0;0;14;A01
201800002239;1;7;0;1;0;2;19;A01
201800002240;0;33;0;0;2;1;0;A01
201800002240;0;7;0;0;2;1;0;B01
201800002241;2;33;0;0;2;2;17;A01
201800002241;2;7;0;14;0;6;13;B01
201800002241;1;15;0;16;0;0;1;C01
201800002242;0;7;0;0;2;3;1;A01
201800002242;0;30;0;0;2;1;0;B01
201800002243;1;7;0;0;2;1;1;B01
201800002243;1;7;0;0;2;3;9;A01
201800002244;1;7;0;0;0;9;1;A01
201800002245;2;7;0;0;2;1;1;B01
201800002245;1;2;0;0;2;7;1;A01
201800002246;0;1;0;12;0;0;0;A01
201800002247;2;33;0;0;0;3;1;A01
201800002248;0;7;0;0;2;2;10;A01
201800002248;0;33;0;0;2;3;1;B01
201800002249;0;7;0;0;1;3;1;A01
201800002250;2;33;0;0;2;3;15;A01
201800002250;2;7;0;0;2;2;12;B01
201800002251;2;32;0;0;2;2;12;A01
201800002251;2;7;0;0;2;3;1;B01
201800002252;1;7;0;0;2;1;1;A01
201800002252;1;7;0;0;2;4;2;B01
201800002252;1;7;0;0;2;4;2;C01
201800002253;1;7;0;0;2;9;14;A01
201800002253;1;33;0;0;2;8;2;B01
201800002253;1;7;0;0;2;8;1;C01
201800002254;1;7;0;0;2;1;14;A01
201800002254;1;1;0;0;2;4;1;B01
201800002255;1;7;0;0;2;8;1;A01
201800002255;2;7;0;0;2;8;13;B01
201800002255;0;1;0;0;2;1;2;C01
201800002256;1;7;0;0;2;1;2;A01
201800002256;1;30;0;0;0;4;2;B01
201800002257;2;7;0;15;2;1;1;A01
201800002257;2;7;0;0;2;1;1;B01
201800002258;2;33;0;0;2;3;1;A01
201800002258;2;7;0;0;2;2;15;B01
201800002259;2;7;0;0;2;3;1;A01
201800002259;1;7;0;0;2;3;1;B01
201800002260;0;7;0;0;2;1;0;A01
201800002260;0;1;0;0;2;7;19;B01
201800002261;2;7;0;13;0;1;1;A01
201800002262;2;7;0;0;2;1;5;A01
201800002262;1;7;0;0;2;1;1;B01
201800002263;0;33;0;2;0;0;1;A01
201800002264;2;7;0;0;2;8;15;A01
201800002264;1;33;0;0;2;1;2;B01
201800002265;1;7;0;0;4;7;19;A01
201800002265;1;39;52;0;2;2;1;B01
201800002266;1;7;0;0;0;5;15;A01
201800002266;1;31;0;0;2;2;18;B01
201800002267;1;7;0;0;2;2;1;A01
201800002267;2;33;0;0;2;1;1;B01
201800002268;2;7;0;2;0;1;1;A01
201800002269;2;7;0;0;0;7;16;A01
201800002269;2;1;0;0;2;1;1;B01
201800002270;1;7;0;0;0;6;23;A01
201800002270;1;33;0;0;2;2;21;B01
201800002271;2;7;0;0;2;3;13;A01
201800002271;1;7;0;0;2;3;1;B01
201800002272;1;7;0;1;0;2;1;A01
201800002273;2;7;0;2;2;8;13;A01
201800002273;1;32;0;0;2;1;1;B01
201800002274;2;7;0;0;2;3;15;A01
201800002274;1;7;0;0;2;5;18;B01
201800002274;2;33;0;0;2;1;17;C01
201800002275;1;33;0;0;2;1;5;A01
201800002275;2;7;0;0;2;3;15;B01
201800002276;1;7;0;1;0;1;21;A01
201800002277;2;33;0;0;2;1;2;A01
201800002277;2;7;0;0;2;4;2;B01
201800002278;1;7;0;0;2;1;13;A01
201800002278;2;7;0;0;2;1;1;B01
201800002279;2;34;0;0;2;3;1;A01
201800002279;1;7;0;0;2;1;1;B01
201800002280;1;7;0;0;2;7;15;A01
201800002280;2;33;0;0;2;1;1;B01
201800002281;0;7;0;0;2;7;15;A01
201800002281;0;1;0;0;2;1;1;B01
201800002282;0;3;0;9;0;7;15;A01
201800002283;2;7;0;0;0;4;2;B01
201800002283;1;7;0;0;0;8;2;C01
201800002283;2;33;0;0;2;1;2;A01
201800002284;0;7;0;0;2;2;1;A01
201800002284;0;7;0;0;2;3;15;B01
201800002285;0;2;0;8;9;3;1;A01
201800002286;0;33;0;0;2;9;0;A01
201800002286;0;7;0;13;2;8;21;B01
201800002287;1;2;0;0;2;1;0;A01