num_acc;senc;catv;occutc;obs;obsm;choc;manv;num_veh
201800003061;1;33;0;16;0;9;1;A01
201800003062;1;7;0;8;0;1;1;A01
201800003063;2;33;0;0;0;9;1;A01
201800003064;2;33;0;13;0;8;1;A01
201800003065;1;7;0;0;2;1;13;A01
201800003065;2;7;0;0;0;1;1;B01
201800003066;0;7;0;6;2;1;14;A01
201800003067;1;15;0;0;2;1;1;B01
201800003067;2;7;0;0;2;1;5;A01
201800003067;2;7;0;3;0;1;21;C01
201800003068;1;1;0;7;2;8;21;A01
201800003068;1;7;0;0;2;7;1;B01
201800003069;2;7;0;0;0;3;1;B01
201800003069;1;2;0;0;2;1;1;A01
201800003070;2;2;0;0;0;9;1;A01
201800003071;2;33;0;0;2;7;15;A01
201800003071;1;7;0;0;0;7;21;B01
201800003072;0;2;0;0;2;1;13;A01
201800003072;0;2;0;0;0;1;1;B01
201800003073;1;7;0;0;0;6;15;B01
201800003073;1;34;0;0;2;7;17;A01
201800003074;1;1;0;0;2;6;15;B01
201800003074;1;7;0;0;9;3;2;A01
201800003075;1;7;0;0;0;4;1;B01
201800003075;1;7;0;0;2;1;2;A01
201800003076;0;7;0;0;0;3;1;B01
201800003076;0;1;0;0;2;1;1;A01
201800003077;0;7;0;0;2;2;15;B01
201800003077;0;7;0;0;2;1;17;A01
201800003078;2;7;0;0;2;1;15;A01
201800003078;1;7;0;0;2;1;1;B01
201800003079;2;7;0;0;2;1;1;A01
201800003079;1;7;0;0;0;8;1;B01
201800003080;2;7;0;0;2;1;1;A01
201800003080;2;7;0;0;0;5;1;B01
201800003081;2;7;0;0;0;7;17;A01
201800003081;2;7;0;0;2;3;15;B01
201800003082;1;7;0;0;0;4;1;A01
201800003082;1;7;0;0;2;1;1;B01
201800003083;1;33;0;6;0;9;0;A01
201800003084;2;7;0;12;0;3;1;A01
201800003084;2;7;0;0;2;2;1;B01
201800003085;2;30;0;1;0;1;1;A01
201800003086;2;7;0;13;0;1;1;A01
201800003087;1;33;0;15;0;1;1;A01
201800003088;1;7;0;2;0;1;1;A01
201800003089;1;7;0;2;0;2;1;A01
201800003090;0;7;0;0;1;1;9;A01
201800003091;2;7;0;6;0;6;1;A01
201800003092;2;7;0;0;1;2;9;A01
201800003093;1;33;0;12;0;1;1;A01
201800003094;2;33;0;10;0;3;1;A01
201800003095;2;35;0;6;0;1;1;A01
201800003096;1;1;0;0;2;1;5;A01
201800003096;2;1;0;0;0;1;1;B01
201800003097;2;10;0;0;0;8;1;B01
201800003097;1;7;0;0;2;1;15;A01
201800003098;0;7;0;0;0;9;0;A01
201800003099;2;7;0;0;2;1;1;B01
201800003099;1;7;0;0;2;1;13;A01
201800003100;2;7;0;0;9;1;1;A01
201800003100;2;1;0;0;2;4;1;B01
201800003101;1;3;0;2;0;1;1;A01
201800003102;2;7;0;0;0;9;1;A01
201800003103;2;7;0;1;1;1;1;A01
201800003104;0;33;0;3;0;7;1;A01
201800003105;2;33;0;6;0;1;1;A01
201800003106;2;1;0;0;0;8;19;A01
201800003106;1;7;0;0;2;3;1;B01
201800003107;1;33;0;0;2;1;13;A01
201800003107;2;33;0;0;2;1;1;B01
201800003108;1;7;0;0;1;1;1;A01
201800003109;1;7;0;8;0;1;13;A01
201800003110;0;7;0;13;0;3;1;A01
201800003111;2;7;0;0;2;1;13;A01
201800003111;1;7;0;0;0;1;1;B01
201800003112;2;7;0;6;0;1;1;A01
201800003113;1;7;0;0;0;1;1;B01
201800003113;2;7;0;0;2;1;13;A01
201800003114;1;33;0;0;0;9;1;A01
201800003115;1;2;0;0;4;8;1;A01
201800003115;0;39;1;0;2;7;1;B01
201800003116;2;7;0;13;0;3;1;A01
201800003117;1;7;0;13;0;1;1;A01
201800003118;2;7;0;2;0;1;1;A01
201800003119;1;1;0;0;2;1;1;A01
201800003119;2;7;0;0;0;3;1;B01
201800003119;2;7;0;0;2;1;1;C01
201800003120;1;7;0;0;1;3;1;A01
201800003121;1;1;0;0;2;7;19;B01
201800003121;1;7;0;0;2;1;1;A01
201800003122;2;15;0;0;2;3;1;B01
201800003122;1;7;0;0;2;8;1;A01
201800003123;0;7;0;0;1;4;4;A01
201800003124;2;13;0;0;1;1;1;A01
201800003125;0;15;0;0;2;3;19;A01
201800003125;0;2;0;0;2;1;1;B01
201800003126;1;7;0;3;2;1;2;A01
201800003126;1;7;0;0;0;4;2;B01
201800003127;2;7;0;0;2;3;13;A01
201800003127;1;15;0;0;2;3;21;B01
201800003128;0;7;0;0;9;2;9;A01
201800003128;0;1;0;0;0;4;1;B01
201800003129;1;7;0;3;2;1;13;A01
201800003129;2;15;0;0;2;3;1;B01
201800003130;0;10;0;0;2;3;1;B01
201800003130;0;7;0;0;2;1;1;A01
201800003131;1;7;0;15;0;0;1;A01
201800003132;1;7;0;0;1;6;0;A01
201800003133;0;7;0;0;1;1;13;A01
201800003134;1;7;0;6;0;1;1;A01
201800003135;1;7;0;0;2;7;2;A01
201800003135;1;2;0;0;2;4;2;B01
201800003136;2;7;0;2;0;1;2;A01
201800003137;2;7;0;2;0;1;1;A01
201800003138;0;15;0;12;0;8;2;A01
201800003139;0;33;0;1;0;1;1;A01
201800003139;0;15;0;0;2;4;24;B01
201800003140;2;33;0;13;0;9;2;A01
201800003141;1;7;0;0;1;2;2;A01
201800003142;0;33;0;6;0;1;1;A01
201800003143;2;7;0;13;0;1;14;A01
201800003144;0;7;0;16;0;1;14;A01
201800003145;2;7;0;0;2;1;13;A01
201800003145;1;7;0;0;2;1;11;B01
201800003146;1;7;0;0;0;0;0;A01
201800003147;0;7;0;0;1;3;1;A01
201800003148;2;14;0;0;2;1;1;A01
201800003148;1;7;0;0;2;1;17;B01
201800003148;1;10;0;0;2;8;0;C01
201800003149;2;7;0;0;2;3;15;B01
201800003149;2;33;0;0;2;1;17;A01
201800003150;1;7;0;0;2;3;1;B01
201800003150;2;33;0;0;2;1;13;A01
201800003151;2;7;0;2;0;1;0;A01
201800003152;0;7;0;0;1;6;1;A01
201800003153;2;7;0;6;0;3;0;A01
201800003154;1;7;0;0;0;8;13;A01
201800003155;1;7;0;5;2;3;13;A01
201800003155;1;7;0;0;2;3;1;B01
201800003156;1;7;0;0;2;7;1;B01
201800003156;2;2;0;0;2;1;9;A01
201800003157;1;33;0;0;2;8;5;A01
201800003157;2;7;0;0;2;8;1;B01
201800003158;0;7;0;13;0;1;16;A01
201800003159;1;33;0;15;0;1;1;A01
201800003160;2;33;0;0;2;1;1;B01
201800003160;2;7;0;0;0;4;0;A01
201800003161;1;7;0;2;0;1;1;A01
201800003162;1;7;0;0;2;7;9;B01
201800003162;1;33;0;0;2;8;17;A01
201800003163;2;10;0;16;0;1;13;A01
201800003164;0;7;0;0;1;1;16;A01
201800003165;2;7;0;13;0;1;1;A01
201800003166;1;33;0;0;0;9;1;A01
201800003167;2;7;0;0;2;3;0;B01
201800003167;1;7;0;0;2;2;0;A01
201800003168;1;7;0;4;0;2;1;A01
201800003169;0;7;0;8;0;1;1;A01
201800003170;2;33;0;0;0;0;1;A01
201800003171;0;32;0;0;2;6;5;A01
201800003171;0;31;0;0;2;5;1;B01
201800003172;2;7;0;13;0;1;1;A01
201800003173;2;1;0;0;2;2;12;B01
201800003173;2;7;0;0;9;3;15;A01
201800003174;0;7;0;0;2;1;19;A01
201800003174;1;7;0;0;2;8;1;B01
201800003175;2;33;0;13;0;1;1;A01
201800003176;1;7;0;0;1;2;1;A01
201800003177;2;7;0;0;2;3;15;A01
201800003177;2;7;0;0;2;2;1;B01
201800003178;2;1;0;0;2;1;1;B01
201800003178;0;7;0;0;2;5;19;A01
201800003179;1;7;0;0;2;7;13;A01
201800003179;2;7;0;0;2;1;1;B01
201800003180;1;7;0;0;2;7;1;A01
201800003180;2;7;0;0;2;2;5;B01
201800003181;1;7;0;0;2;3;1;A01
201800003181;2;13;0;0;2;3;1;B01
201800003182;1;7;0;0;2;3;13;A01
201800003182;2;7;0;0;2;3;1;B01
201800003183;2;7;0;0;2;1;13;A01
201800003183;1;7;0;0;2;3;1;B01
201800003184;1;7;0;13;9;2;1;A01
201800003185;1;7;0;0;2;1;15;A01
201800003185;1;7;0;0;2;2;1;B01
201800003186;2;7;0;3;2;1;1;C01
201800003186;2;7;0;0;2;3;1;B01
201800003186;1;7;0;0;2;1;5;A01
201800003186;1;7;0;0;2;3;2;D01
201800003187;1;33;0;15;0;1;2;A01
201800003188;1;7;0;0;2;3;15;A01
201800003188;1;15;0;0;2;1;1;B01
201800003189;1;34;0;14;0;1;1;A01
201800003190;1;7;0;0;2;1;1;B01
201800003190;1;3;0;0;2;7;19;A01
201800003190;2;7;0;0;2;3;23;C01
201800003191;2;7;0;13;0;5;1;A01
201800003192;1;7;0;0;2;3;13;A01
201800003192;2;14;0;0;2;3;1;B01
201800003193;1;7;0;6;0;2;1;A01
201800003194;1;33;0;6;0;7;1;A01
201800003195;1;33;0;0;0;0;1;A01
201800003196;2;7;0;0;2;1;1;B01
201800003196;2;1;0;0;0;4;15;A01
201800003197;1;7;0;6;0;3;1;A01
201800003198;2;31;0;0;2;1;1;B01
201800003198;2;7;0;0;2;3;19;A01
201800003199;2;7;0;1;1;1;14;A01
201800003200;2;7;0;0;2;2;17;A01
201800003200;2;20;0;0;0;6;2;B01
201800003201;0;10;0;0;9;2;1;B01
201800003201;0;1;0;0;2;1;0;A01
201800003202;1;2;0;0;2;1;1;A01
201800003202;2;7;0;0;9;3;1;B01
201800003203;1;1;0;0;0;3;1;B01
201800003203;1;7;0;0;2;2;17;A01
201800003204;0;2;0;0;0;1;13;A01
201800003204;0;7;0;0;2;1;0;B01
201800003205;1;1;0;0;0;4;2;B01
201800003205;1;7;0;0;2;2;2;A01
201800003206;1;17;0;0;2;1;23;D01
201800003206;1;7;0;0;2;1;23;C01
201800003206;1;17;0;0;2;1;2;A01
201800003206;1;17;0;0;2;9;23;B01
201800003207;2;7;0;0;2;3;1;A01
201800003207;1;7;0;0;2;3;1;B01
201800003208;1;2;0;0;2;1;1;B01
201800003208;2;7;0;0;2;1;15;A01
201800003209;0;7;0;0;2;3;15;B01
201800003209;0;2;0;0;2;2;17;A01
201800003210;0;33;0;0;6;0;1;A01
201800003211;1;7;0;0;2;8;15;A01
201800003211;1;7;0;0;2;2;17;B01
201800003212;1;2;0;12;0;0;1;A01
201800003213;0;7;0;6;0;3;1;A01
201800003214;1;1;0;0;2;8;1;B01
201800003214;1;7;0;0;2;7;17;A01
201800003215;0;7;0;0;2;8;15;A01
201800003215;0;2;0;0;2;1;1;B01
201800003216;0;2;0;13;0;3;0;A01
201800003217;0;7;0;6;0;8;1;A01
201800003218;0;7;0;6;2;1;17;A01
201800003218;0;7;0;0;2;1;1;B01
201800003218;0;7;0;0;2;3;1;C01
201800003219;1;7;0;0;0;4;2;B01
201800003219;1;7;0;0;2;1;2;A01
201800003220;2;7;0;0;2;3;0;A01
201800003220;1;7;0;0;2;3;1;B01
201800003221;1;7;0;8;0;0;13;A01
201800003222;2;7;0;0;0;6;9;A01
201800003222;2;7;0;0;2;2;3;B01
201800003223;0;7;0;0;2;1;1;B01
201800003223;0;7;0;0;2;3;9;A01
201800003224;0;7;0;13;0;1;1;A01
201800003225;0;7;0;0;0;8;15;B01
201800003225;0;10;0;0;2;3;1;A01
201800003226;2;7;0;0;2;3;15;A01
201800003226;1;33;0;0;2;7;1;B01
201800003227;0;7;0;13;0;2;1;A01
201800003228;2;7;0;6;2;1;1;A01
201800003228;1;7;0;6;2;3;1;B01
201800003229;1;7;0;8;0;1;1;A01
201800003230;2;7;0;15;0;1;1;A01
201800003231;2;7;0;13;0;1;1;A01
201800003232;0;1;0;0;2;1;1;B01
201800003232;0;7;0;0;2;3;1;A01
201800003233;1;7;0;6;0;1;13;A01
201800003234;2;7;0;13;0;3;13;A01
201800003235;0;7;0;6;0;1;0;A01
201800003236;2;7;0;0;2;5;11;A01
201800003236;1;33;0;0;2;1;1;B01
201800003237;0;30;0;0;2;1;1;B01
201800003237;0;21;0;0;0;4;16;A01
201800003238;1;7;0;0;2;1;13;A01
201800003238;2;15;0;0;2;1;1;B01
201800003239;1;7;0;0;0;6;1;B01
201800003239;1;33;0;0;2;7;21;A01
201800003240;2;37;10;0;2;1;1;B01
201800003240;1;7;0;0;2;1;13;A01
201800003241;1;7;0;0;2;3;13;A01
201800003241;2;7;0;0;2;1;1;B01
201800003242;0;7;0;0;1;1;1;A01
201800003243;0;7;0;13;0;1;1;A01
201800003244;0;7;0;0;2;1;13;A01
201800003244;0;7;0;0;2;1;1;C01
201800003244;0;7;0;0;2;8;1;D01
201800003245;1;33;0;0;2;0;1;A01
201800003245;2;7;0;0;2;2;1;B01
201800003246;0;2;0;0;2;1;2;A01
201800003246;0;7;0;0;0;4;2;B01
201800003247;0;2;0;0;0;0;0;A01
201800003248;0;7;0;13;0;1;13;A01
201800003249;1;7;0;0;2;1;2;A01
201800003249;1;7;0;0;2;4;23;B01
201800003249;1;7;0;0;0;4;23;C01
201800003250;2;7;0;0;2;6;15;B01
201800003250;2;7;0;0;2;1;1;A01
201800003251;2;7;0;2;0;1;15;A01
201800003252;1;33;0;0;2;8;1;A01
201800003252;2;7;0;0;2;8;1;B01
201800003253;0;7;0;0;1;1;20;A01
201800003254;1;33;0;0;2;1;19;A01
201800003254;0;10;0;0;2;3;19;B01
201800003255;0;7;0;0;2;3;1;B01
201800003255;2;1;0;0;2;2;1;A01
201800003256;1;10;0;6;0;2;1;A01
201800003257;1;7;0;13;0;1;14;A01
201800003258;2;2;0;0;2;1;15;B01
201800003258;2;7;0;0;2;7;17;A01
201800003259;1;7;0;0;2;3;1;A01
201800003259;2;7;0;0;2;3;1;B01
201800003260;1;7;0;13;0;1;1;A01
201800003261;1;14;0;0;2;2;1;A01
201800003261;2;7;0;0;2;3;1;B01
201800003262;1;7;0;2;0;1;13;A01
201800003263;1;7;0;0;2;1;13;A01
201800003263;2;17;0;0;2;1;1;B01
201800003264;2;1;0;0;2;1;1;B01
201800003264;1;7;0;0;2;2;0;A01
201800003265;0;7;0;0;2;3;15;A01
201800003265;1;7;0;0;2;3;1;B01
201800003266;1;17;0;15;2;2;1;A01
201800003266;1;13;0;10;1;6;23;B01
201800003267;2;7;0;3;2;1;17;A01
201800003267;2;7;0;3;2;4;2;B01
201800003268;1;7;0;4;0;1;14;A01
201800003269;2;7;0;15;0;1;14;A01
201800003270;1;7;0;13;0;1;1;A01
201800003271;1;7;0;3;0;9;1;A01
201800003272;2;7;0;4;0;6;9;A01
201800003273;1;7;0;0;2;3;9;A01
201800003273;1;7;0;0;2;5;1;B01
201800003273;1;17;0;0;2;3;9;C01
201800003274;2;7;0;7;0;3;1;A01
201800003275;1;7;0;0;2;3;2;A01
201800003275;1;7;0;0;2;5;1;B01
201800003276;2;7;0;0;2;1;0;A01
201800003276;2;7;0;3;2;4;0;B01
201800003276;2;7;0;0;2;1;0;C01
201800003276;2;7;0;3;2;1;0;D01
201800003276;2;7;0;0;2;4;0;E01
201800003277;2;7;0;3;0;8;1;A01
201800003278;1;15;0;3;0;5;14;A01
201800003279;1;7;0;0;2;1;2;A01
201800003279;1;17;0;0;0;4;1;B01
201800003280;1;7;0;0;2;1;2;A01
201800003280;1;7;0;0;0;4;2;B01
201800003280;1;7;0;0;2;2;2;C01
201800003281;2;14;0;0;2;1;1;A01
201800003281;2;15;0;0;2;4;2;B01
201800003282;2;7;0;2;0;1;16;A01
201800003283;2;7;0;3;0;1;1;A01
201800003283;2;7;0;0;2;3;21;B01
201800003283;2;17;0;0;2;0;0;C01
201800003284;2;7;0;3;0;7;0;A01
201800003285;1;7;0;16;0;1;1;A01
201800003286;2;15;0;15;2;2;1;B01
201800003286;2;7;0;0;2;1;1;A01
201800003287;2;33;0;0;2;3;16;A01
201800003287;1;7;0;0;2;2;15;B01
201800003288;1;7;0;0;2;2;15;A01
201800003288;2;33;0;0;2;1;17;B01
201800003289;1;7;0;0;2;3;1;B01
201800003289;2;7;0;0;2;2;15;A01
201800003290;2;99;0;0;2;1;1;B01
201800003290;1;7;0;0;9;2;15;A01
201800003291;0;33;0;16;0;2;15;A01
201800003292;0;33;0;5;0;1;1;A01
201800003293;1;7;0;0;2;1;1;A01
201800003293;1;7;0;0;2;1;1;B01
201800003294;1;7;0;0;1;3;1;A01
201800003295;0;33;0;0;6;1;1;A01
201800003296;2;10;0;0;2;2;1;A01
201800003296;1;31;0;0;2;2;1;B01
201800003297;2;10;0;0;2;3;13;A01
201800003297;1;7;0;0;2;3;0;B01
201800003298;1;33;0;0;0;0;1;A01
201800003299;2;7;0;0;9;2;2;A01
201800003299;2;1;0;0;2;6;2;B01
201800003300;1;7;0;0;2;1;1;A01
201800003300;2;7;0;0;2;1;1;B01
201800003301;2;7;0;0;2;1;15;A01
201800003301;1;7;0;0;2;1;1;B01
201800003302;1;7;0;0;1;3;1;A01
201800003303;2;7;0;13;0;9;13;A01
201800003304;1;7;0;1;2;3;22;A01
201800003304;1;1;0;1;0;0;0;B01
201800003305;1;7;0;0;2;3;13;A01
201800003305;2;10;0;0;2;3;1;B01
201800003306;0;7;0;0;9;2;0;A01
201800003306;0;1;0;0;2;4;0;B01
201800003307;1;7;0;0;2;3;16;A01
201800003307;2;7;0;0;0;8;21;B01
201800003308;1;7;0;0;2;1;5;A01
201800003308;2;16;0;0;2;3;1;B01
201800003309;0;7;0;0;2;7;0;A01
201800003309;0;7;0;0;2;1;1;B01
201800003310;1;7;0;0;1;0;0;A01
201800003311;0;7;0;0;2;1;16;A01
201800003311;0;7;0;0;0;8;23;B01
201800003312;0;2;0;12;0;0;0;A01
201800003313;1;2;0;0;2;1;0;A01
201800003313;2;7;0;0;2;7;0;B01
201800003314;0;7;0;0;2;1;13;A01
201800003314;0;33;0;0;2;8;19;B01
201800003315;2;7;0;0;2;3;0;A01
201800003315;1;7;0;0;2;1;13;B01
201800003316;0;7;0;0;2;2;15;A01
201800003316;0;2;0;0;2;1;1;B01
201800003317;2;7;0;0;0;3;15;A01
201800003317;1;7;0;11;0;1;1;B01
201800003318;0;7;0;0;2;2;15;A01
201800003318;0;7;0;0;2;3;1;B01
201800003319;2;7;0;0;2;3;1;A01
201800003319;2;2;0;0;2;5;0;B01
201800003320;1;7;0;0;2;3;13;A01
201800003320;2;7;0;0;2;8;1;B01
201800003321;1;7;0;0;1;2;16;A01
201800003322;0;7;0;13;0;1;13;A01
201800003323;0;7;0;0;0;4;0;A01
201800003323;0;7;0;0;0;1;0;B01
201800003324;2;7;0;15;1;1;1;A01
201800003325;1;7;0;0;9;7;1;A01
201800003325;2;1;0;0;2;1;19;B01
201800003326;0;7;0;0;9;1;1;A01
201800003326;0;1;0;0;2;8;19;B01
201800003327;1;31;0;0;2;2;2;A01
201800003327;1;7;0;0;0;6;2;B01
201800003328;1;33;0;13;0;3;1;A01
201800003329;1;2;0;0;0;7;1;A01
201800003330;1;10;0;0;1;3;1;A01
201800003331;1;7;0;0;1;2;2;A01
201800003332;1;7;0;0;2;1;13;A01
201800003332;2;7;0;0;0;3;1;B01
201800003333;0;3;0;6;0;2;0;A01
201800003334;2;7;0;2;0;1;1;A01
201800003335;1;33;0;2;0;0;13;A01
201800003336;2;7;0;2;0;3;14;A01
201800003337;2;33;0;15;0;1;1;A01
201800003338;2;7;0;13;0;2;1;A01
201800003339;0;7;0;0;2;7;16;A01
201800003339;0;1;0;0;2;1;0;B01
201800003340;1;7;0;13;0;1;19;A01
201800003341;0;7;0;9;0;1;1;A01
201800003342;1;7;0;0;2;3;9;A01
201800003342;1;33;0;0;2;4;2;B01
201800003343;2;7;0;0;1;2;17;A01
201800003344;0;7;0;0;2;0;0;C01
201800003344;0;7;0;0;2;1;17;A01
201800003344;0;7;0;12;2;6;1;B01
201800003345;0;32;0;0;2;7;0;B01
201800003345;0;7;0;0;2;1;9;A01
201800003346;1;38;1;0;1;3;9;A01
201800003347;2;7;0;8;0;3;1;A01
201800003348;1;7;0;0;1;7;16;A01
201800003349;1;7;0;0;0;9;0;A01
201800003350;2;7;0;0;2;1;13;A01
201800003350;1;7;0;0;2;1;1;B01
201800003351;0;7;0;0;1;1;19;A01
201800003352;0;7;0;0;2;3;15;A01
201800003352;0;1;0;0;2;4;9;B01
201800003353;1;7;0;13;0;3;19;A01
201800003354;2;7;0;0;2;3;1;B01
201800003354;2;33;0;0;2;7;17;A01
201800003355;2;7;0;0;2;7;17;A01
201800003355;1;33;0;0;2;7;1;B01
201800003356;2;36;0;0;0;7;1;A01
201800003357;2;7;0;0;2;4;1;B01
201800003357;2;7;0;0;2;1;2;A01
201800003357;1;7;0;0;2;3;15;C01
201800003358;1;7;0;0;1;2;1;A01
201800003359;1;7;0;0;1;2;1;A01
201800003360;2;15;0;0;2;3;0;B01
201800003360;1;10;0;0;2;3;13;A01
201800003361;1;7;0;15;0;1;14;A01
201800003362;2;7;0;2;0;2;14;A01
201800003363;1;7;0;0;2;2;13;A01
201800003363;2;10;0;0;2;3;21;B01
201800003364;1;7;0;4;2;3;13;A01
201800003364;2;15;0;4;2;3;1;B01
201800003364;1;7;0;4;2;9;0;C01
201800003364;1;7;0;4;2;2;1;D01
201800003365;2;33;0;0;2;8;18;B01
201800003365;0;7;0;0;2;7;2;A01
201800003366;2;7;0;0;2;1;1;A01
201800003366;2;7;0;0;2;4;1;B01
201800003367;2;7;0;0;2;3;19;A01
201800003367;1;34;0;0;2;1;21;B01
201800003368;2;7;0;0;2;7;15;A01
201800003368;1;33;0;0;2;1;1;B01
201800003369;2;31;0;0;2;2;17;A01
201800003369;1;7;0;0;2;8;15;B01
201800003370;2;7;0;0;2;7;17;A01
201800003370;1;10;0;0;2;1;1;B01
201800003371;2;7;0;2;0;3;13;A01
201800003372;1;7;0;0;1;5;1;A01
201800003373;0;7;0;0;0;3;1;A01
201800003374;1;15;0;0;2;3;1;B01
201800003374;2;7;0;0;2;1;17;A01
201800003375;0;7;0;0;2;2;23;B01
201800003375;0;2;0;0;1;1;17;A01
201800003376;0;7;0;3;2;6;6;A01
201800003376;1;7;0;3;2;2;1;B01
201800003377;1;7;0;0;2;1;1;A01
201800003377;2;7;0;0;2;3;1;B01
201800003378;2;2;0;0;2;8;9;A01
201800003378;1;7;0;0;2;1;1;B01
201800003379;1;7;0;2;0;1;1;A01
201800003380;1;33;0;0;6;1;0;A01
201800003381;1;10;0;0;2;3;13;A01
201800003381;2;7;0;0;2;3;1;B01
201800003382;1;7;0;13;0;1;13;A01
201800003383;1;7;0;0;1;3;1;A01
201800003384;2;7;0;2;0;1;1;A01
201800003385;1;38;31;0;2;3;1;B01
201800003385;1;7;0;0;2;6;1;C01
201800003385;2;7;0;0;6;3;1;A01
201800003386;1;17;0;0;2;1;1;B01
201800003386;0;7;0;7;2;7;19;A01
201800003387;1;7;0;0;2;7;14;A01
201800003387;1;17;0;0;2;8;1;B01
201800003388;1;15;0;0;0;6;2;A01
201800003388;1;7;0;0;2;1;2;B01
201800003389;2;7;0;4;2;1;1;A01
201800003389;2;15;0;0;0;6;17;B01
201800003390;2;7;0;4;2;2;14;B01
201800003390;2;15;0;0;0;3;1;A01
201800003390;2;7;0;1;0;1;0;C01
201800003391;1;15;0;4;0;3;1;A01
201800003392;2;7;0;0;2;1;0;A01
201800003392;2;17;0;0;2;6;1;B01
201800003393;1;17;0;6;0;2;1;A01
201800003394;1;10;0;6;0;2;2;A01
201800003395;1;7;0;3;2;2;2;A01
201800003395;1;17;0;0;0;5;2;B01
201800003396;0;7;0;0;2;2;1;A01
201800003396;0;14;0;0;2;1;19;B01
201800003397;2;17;0;0;2;6;1;A01
201800003397;2;7;0;0;2;2;2;B01
201800003398;1;7;0;0;2;1;2;C01
201800003398;1;7;0;0;2;4;2;B01
201800003398;1;7;0;0;0;4;12;A01
201800003399;2;7;0;0;2;1;2;A01
201800003399;2;15;0;0;0;4;24;B01
201800003400;1;17;0;0;0;4;2;A01
201800003400;1;17;0;0;2;1;2;B01
201800003401;1;7;0;0;2;4;1;B01
201800003401;1;7;0;0;2;0;0;C01
201800003401;1;7;0;0;2;1;1;A01
201800003402;1;7;0;3;2;1;19;A01
201800003402;2;15;0;0;2;1;1;B01
201800003403;2;33;0;3;0;1;14;A01
201800003404;1;7;0;4;2;0;1;A01
201800003404;1;7;0;0;2;1;1;D01
201800003404;1;7;0;0;2;1;1;B01
201800003404;1;7;0;0;2;1;1;C01
201800003405;1;7;0;0;2;2;1;B01
201800003405;2;14;0;0;2;5;15;A01
201800003406;1;7;0;0;2;2;2;A01
201800003406;1;15;0;0;0;6;2;B01
201800003407;2;17;0;3;0;4;2;A01
201800003407;2;17;0;0;2;1;2;C01
201800003408;2;7;0;4;0;1;13;A01
201800003409;2;7;0;4;0;2;0;A01
201800003409;2;17;0;0;1;1;1;B01
201800003409;2;7;0;0;1;1;2;C01
201800003410;1;14;0;0;0;4;1;B01
201800003410;1;7;0;0;2;1;0;C01
201800003410;1;10;0;0;2;3;0;A01
201800003411;2;7;0;3;0;8;21;A01
201800003412;0;15;0;0;1;5;4;A01
201800003413;2;33;0;0;0;8;0;A01
201800003414;1;38;31;4;0;7;1;A01
201800003415;2;7;0;0;2;1;2;A01
201800003415;2;17;0;0;2;4;2;B01
201800003416;1;7;0;4;2;1;14;A01
201800003416;1;7;0;0;2;8;1;B01
201800003417;2;7;0;4;2;1;2;A01
201800003417;2;17;0;0;2;6;2;B01
201800003418;2;7;0;3;2;2;1;A01
201800003418;2;7;0;0;0;6;24;B01
201800003419;1;7;0;0;0;0;2;A01
201800003420;1;7;0;0;2;1;2;A01
201800003420;1;7;0;0;0;4;2;B01
201800003421;2;33;0;4;2;1;2;A01
201800003421;2;7;0;0;2;6;2;B01
201800003421;2;7;0;0;2;4;2;C01
201800003422;1;33;0;0;2;3;13;A01
201800003422;1;7;0;0;2;5;1;B01
201800003422;1;7;0;0;2;0;1;C01
201800003423;2;7;0;4;0;0;0;A01
201800003423;2;14;0;0;2;1;0;B01
201800003424;2;17;0;1;0;1;14;A01
201800003424;2;17;0;1;0;6;23;B01
201800003425;2;7;0;0;2;5;1;C01
201800003425;2;7;0;4;0;6;1;B01
201800003425;2;7;0;0;2;9;18;A01
201800003426;1;7;0;4;0;3;13;A01
201800003427;2;7;0;0;0;6;0;B01
201800003427;2;7;0;14;0;0;2;A01
201800003428;1;7;0;3;0;2;0;A01
201800003429;2;7;0;0;2;1;1;A01
201800003429;1;7;0;0;2;1;1;B01
201800003430;1;33;0;3;0;0;1;A01
201800003431;0;7;0;0;2;1;1;A01
201800003431;0;7;0;6;2;6;0;B01
201800003432;0;33;0;0;2;1;18;B01
201800003432;0;7;0;0;0;5;16;A01
201800003433;0;7;0;0;2;5;19;A01
201800003433;0;33;0;0;2;1;1;C01
201800003433;0;7;0;0;2;1;1;B01
201800003433;0;33;0;0;2;1;21;D01
201800003434;0;33;0;0;2;7;17;A01
201800003434;0;7;0;0;2;0;13;B01
201800003435;0;33;0;0;0;1;1;A01
201800003436;1;7;0;0;2;1;9;A01
201800003436;2;7;0;0;2;9;0;B01
201800003437;0;7;0;0;1;3;1;A01
201800003438;0;7;0;13;0;2;0;A01
201800003439;0;7;0;0;1;2;16;A01
201800003440;0;13;0;0;1;5;15;A01
201800003441;1;7;0;2;0;1;14;A01
201800003442;1;7;0;2;0;1;14;A01
201800003443;1;7;0;2;0;1;13;A01
201800003444;0;1;0;0;9;3;13;B01
201800003444;0;33;0;0;9;3;1;A01
201800003445;2;33;0;0;2;1;0;B01
201800003445;1;7;0;2;2;2;1;A01
201800003446;1;33;0;0;2;1;13;B01
201800003446;2;7;0;0;2;1;1;D01
201800003446;2;7;0;0;2;3;1;C01
201800003446;2;7;0;0;2;3;1;A01
201800003447;2;33;0;0;2;2;17;B01