num_acc;senc;catv;occutc;obs;obsm;choc;manv;num_veh
201800003447;2;7;0;0;2;8;15;A01
201800003448;0;7;0;0;0;6;2;A01
201800003448;0;10;0;0;2;2;2;B01
201800003449;1;7;0;0;2;1;1;B01
201800003449;2;7;0;0;2;3;17;A01
201800003450;1;7;0;0;2;8;13;A01
201800003450;2;7;0;3;2;8;1;B01
201800003451;1;7;0;0;2;8;17;B01
201800003451;1;7;0;2;2;2;17;A01
201800003452;1;33;0;0;2;1;1;B01
201800003452;2;7;0;0;2;1;15;A01
201800003453;1;7;0;0;1;2;1;A01
201800003454;2;7;0;0;2;1;15;A01
201800003454;1;7;0;0;2;1;15;B01
201800003455;0;7;0;0;2;1;1;B01
201800003455;0;13;0;0;2;4;9;A01
201800003456;0;7;0;0;1;7;1;A01
201800003457;0;2;0;12;0;1;1;A01
201800003458;0;7;0;0;0;4;23;B01
201800003458;0;15;0;0;2;1;1;A01
201800003459;0;2;0;0;2;1;1;A01
201800003459;0;7;0;0;2;3;15;B01
201800003460;1;10;0;0;2;2;2;A01
201800003460;1;1;0;0;0;4;2;B01
201800003461;0;31;0;0;6;1;1;A01
201800003462;2;7;0;0;2;8;15;A01
201800003462;1;31;0;0;2;1;1;B01
201800003463;0;7;0;2;0;7;1;A01
201800003464;0;7;0;0;2;1;19;A01
201800003464;0;7;0;0;2;8;1;B01
201800003465;1;7;0;0;2;2;1;B01
201800003465;0;7;0;0;2;3;19;A01
201800003465;2;7;0;0;2;2;1;C01
201800003466;2;7;0;2;0;2;13;A01
201800003467;2;7;0;0;2;1;13;B01
201800003467;1;7;0;0;2;3;1;C01
201800003467;1;7;0;0;2;1;1;A01
201800003468;2;7;0;0;2;2;14;A01
201800003468;2;1;0;0;0;4;1;B01
201800003469;2;3;0;8;2;3;11;A01
201800003469;2;7;0;0;2;9;1;B01
201800003470;1;7;0;13;0;9;0;A01
201800003471;2;7;0;8;0;1;14;A01
201800003472;0;7;0;0;2;5;15;A01
201800003472;0;33;0;0;2;1;1;B01
201800003473;0;7;0;13;0;1;1;A01
201800003474;0;7;0;0;2;2;15;B01
201800003474;0;33;0;0;2;1;1;A01
201800003475;0;7;0;7;0;1;2;A01
201800003476;1;7;0;1;0;3;1;B01
201800003476;1;10;0;0;2;1;1;C01
201800003476;1;13;0;0;0;4;23;A01
201800003477;0;7;0;0;0;4;2;B01
201800003477;0;7;0;0;0;1;2;A01
201800003478;0;7;0;13;0;9;16;A01
201800003479;0;33;0;7;0;1;1;A01
201800003480;0;7;0;13;9;2;1;A01
201800003481;1;7;0;0;2;1;1;A01
201800003481;0;99;0;0;2;7;1;B01
201800003482;1;33;0;0;2;1;17;B01
201800003482;1;7;0;0;2;3;15;A01
201800003483;0;1;0;0;2;1;9;B01
201800003483;0;7;0;0;2;6;9;A01
201800003484;0;32;0;11;0;3;17;A01
201800003485;1;1;0;0;2;1;1;B01
201800003485;1;7;0;0;9;7;1;A01
201800003486;0;7;0;2;0;1;1;B01
201800003486;0;7;0;0;0;1;15;A01
201800003487;0;7;0;0;2;2;15;A01
201800003487;0;33;0;0;2;1;1;B01
201800003488;1;2;0;0;2;1;1;A01
201800003488;1;7;0;0;0;5;1;B01
201800003489;1;7;0;0;2;8;13;B01
201800003489;1;2;0;0;2;1;17;A01
201800003490;1;7;0;0;2;1;1;B01
201800003490;2;7;0;0;0;8;10;A01
201800003491;2;7;0;0;2;3;1;B01
201800003491;1;7;0;0;2;3;13;A01
201800003492;0;33;0;0;0;7;1;A01
201800003493;1;7;0;5;0;1;1;A01
201800003494;1;7;0;13;0;1;13;A01
201800003495;0;7;0;13;0;1;1;A01
201800003496;0;7;0;0;2;1;1;B01
201800003496;0;7;0;0;0;8;15;A01
201800003497;1;14;0;0;0;4;2;B01
201800003497;1;17;0;0;2;1;2;A01
201800003498;0;10;0;13;0;1;1;A01
201800003499;2;7;0;0;2;8;1;B01
201800003499;1;7;0;0;2;8;1;A01
201800003500;0;7;0;13;0;3;1;A01
201800003501;0;1;0;0;2;1;16;A01
201800003501;0;7;0;0;9;8;15;B01
201800003502;1;7;0;0;2;1;19;A01
201800003502;1;7;0;0;2;7;1;B01
201800003503;1;7;0;0;2;4;2;B01
201800003503;1;16;0;0;2;1;2;A01
201800003504;1;7;0;0;2;2;1;A01
201800003504;2;7;0;0;2;2;1;B01
201800003504;2;7;0;0;2;1;1;C01
201800003505;0;7;0;1;0;1;0;A01
201800003505;0;7;0;0;0;6;24;B01
201800003506;1;7;0;0;2;1;1;B01
201800003506;1;7;0;0;2;8;13;A01
201800003507;1;13;0;0;0;7;1;B01
201800003507;0;7;0;0;2;1;19;A01
201800003508;2;7;0;0;0;1;1;A01
201800003509;0;3;0;8;0;2;1;A01
201800003510;2;7;0;6;0;1;1;A01
201800003511;0;7;0;0;1;1;1;A01
201800003512;2;7;0;2;0;2;1;A01
201800003513;0;7;0;2;0;2;1;A01
201800003514;0;7;0;0;2;3;1;A01
201800003514;0;7;0;0;2;3;13;B01
201800003515;1;7;0;0;0;4;0;B01
201800003515;1;7;0;0;2;1;1;A01
201800003516;2;10;0;0;2;1;1;A01
201800003516;2;31;0;0;2;4;1;B01
201800003517;1;7;0;0;2;2;1;B01
201800003517;0;7;0;0;2;3;19;A01
201800003518;2;7;0;0;2;1;0;A01
201800003518;1;7;0;0;2;1;0;C01
201800003518;1;7;0;0;2;9;1;B01
201800003519;0;33;0;0;2;1;1;B01
201800003519;0;7;0;0;2;2;15;A01
201800003520;0;7;0;0;2;8;13;B01
201800003520;0;7;0;0;2;8;1;A01
201800003521;2;7;0;2;0;3;1;A01
201800003522;0;7;0;0;1;0;20;A01
201800003523;1;7;0;0;2;1;13;A01
201800003523;2;7;0;0;2;1;1;B01
201800003524;2;7;0;0;2;1;13;A01
201800003524;1;7;0;0;2;1;1;B01
201800003525;2;33;0;0;2;1;0;A01
201800003525;2;7;0;0;0;8;15;B01
201800003526;2;33;0;0;2;7;1;A01
201800003526;1;7;0;0;2;1;1;B01
201800003527;2;10;0;0;2;1;1;B01
201800003527;1;10;0;0;2;1;13;A01
201800003528;1;7;0;0;9;3;1;B01
201800003528;2;1;0;0;2;1;5;A01
201800003529;1;7;0;0;9;3;1;A01
201800003529;2;33;0;0;2;1;13;B01
201800003530;1;3;0;2;0;0;2;A01
201800003531;0;7;0;7;0;1;1;A01
201800003532;2;2;0;14;0;1;1;A01
201800003533;1;15;0;0;2;3;1;B01
201800003533;2;1;0;0;2;1;13;A01
201800003534;1;33;0;0;0;0;1;A01
201800003535;1;7;0;0;0;7;14;A01
201800003536;1;33;0;6;0;0;0;A01
201800003537;1;33;0;0;2;1;13;A01
201800003537;2;7;0;0;2;3;15;B01
201800003538;1;99;0;0;2;1;10;A01
201800003538;1;33;0;0;2;1;13;B01
201800003539;1;32;0;0;2;1;1;B01
201800003539;2;32;0;0;2;1;13;A01
201800003540;0;7;0;7;2;2;15;A01
201800003540;0;33;0;0;0;8;16;B01
201800003541;1;33;0;0;0;0;1;A01
201800003542;2;10;0;0;2;3;15;A01
201800003542;2;33;0;0;2;1;1;B01
201800003543;2;33;0;5;0;8;16;A01
201800003544;2;7;0;0;2;1;1;B01
201800003544;1;7;0;0;2;1;17;A01
201800003545;0;10;0;0;1;6;4;A01
201800003546;1;34;0;0;0;7;1;A01
201800003547;2;2;0;0;0;0;1;A01
201800003548;1;33;0;0;2;3;1;B01
201800003548;2;7;0;0;2;3;13;A01
201800003549;0;7;0;0;2;2;1;B01
201800003549;0;33;0;0;2;1;1;A01
201800003550;2;7;0;13;0;1;1;A01
201800003551;0;1;0;0;2;2;1;B01
201800003551;0;7;0;0;9;2;15;A01
201800003552;0;7;0;15;1;7;1;B01
201800003552;0;10;0;0;2;1;15;A01
201800003553;0;7;0;0;1;1;1;A01
201800003554;0;7;0;0;1;2;17;A01
201800003555;0;2;0;0;2;5;16;B01
201800003555;0;7;0;0;2;1;1;A01
201800003556;1;7;0;0;2;1;1;A01
201800003556;2;7;0;0;2;1;13;B01
201800003557;1;10;0;0;1;1;2;A01
201800003558;1;2;0;3;0;0;0;A01
201800003559;1;7;0;2;2;2;17;B01
201800003559;1;7;0;0;0;8;1;A01
201800003560;2;7;0;0;2;1;13;B01
201800003560;1;7;0;0;2;1;1;A01
201800003561;1;33;0;0;0;7;21;A01
201800003562;0;7;0;0;2;2;1;A01
201800003562;0;1;0;0;2;1;19;B01
201800003563;1;34;0;0;2;1;1;B01
201800003563;2;7;0;0;2;2;15;A01
201800003564;1;33;0;0;2;7;2;A01
201800003564;2;7;0;0;2;6;1;B01
201800003565;1;31;0;0;2;1;0;A01
201800003565;2;7;0;0;0;3;23;B01
201800003566;1;33;0;13;0;0;1;A01
201800003567;0;33;0;12;0;1;1;A01
201800003568;1;7;0;0;9;3;15;A01
201800003568;2;1;0;0;2;4;1;B01
201800003569;0;7;0;0;1;6;4;A01
201800003570;0;34;0;0;2;1;0;B01
201800003570;0;7;0;0;2;4;1;A01
201800003571;1;7;0;0;2;1;13;A01
201800003571;2;7;0;0;2;1;1;B01
201800003571;1;7;0;0;2;1;1;C01
201800003572;1;33;0;2;0;1;1;A01
201800003573;1;7;0;0;2;3;1;A01
201800003573;1;33;0;0;2;1;17;B01
201800003574;2;2;0;0;2;1;17;B01
201800003574;2;7;0;0;2;8;17;A01
201800003575;1;7;0;0;0;4;15;B01
201800003575;1;7;0;0;2;1;2;A01
201800003576;2;7;0;0;2;1;1;B01
201800003576;2;7;0;14;2;1;1;C01
201800003576;2;7;0;0;2;8;15;A01
201800003577;1;7;0;0;2;1;0;A01
201800003577;2;7;0;0;2;1;1;B01
201800003578;1;7;0;0;2;3;19;B01
201800003578;2;33;0;0;2;1;1;A01
201800003579;2;7;0;0;2;3;1;B01
201800003579;1;7;0;0;2;3;0;A01
201800003580;0;7;0;2;0;1;0;A01
201800003581;0;7;0;0;2;1;1;B01
201800003581;0;7;0;0;2;1;13;A01
201800003582;0;33;0;0;2;1;1;A01
201800003582;0;7;0;0;2;3;9;B01
201800003583;0;7;0;0;2;1;1;A01
201800003583;0;7;0;0;2;6;19;B01
201800003584;0;7;0;0;2;3;1;B01
201800003584;0;7;0;0;2;1;1;A01
201800003585;1;33;0;0;2;3;1;A01
201800003585;2;7;0;0;2;2;0;B01
201800003586;0;36;0;2;0;1;21;A01
201800003587;1;7;0;0;2;3;15;B01
201800003587;1;7;0;13;2;2;17;A01
201800003588;2;35;0;0;0;9;21;A01
201800003589;0;7;0;1;0;1;0;A01
201800003589;0;7;0;0;2;4;23;B01
201800003590;2;36;0;15;0;1;1;A01
201800003591;0;2;0;0;1;0;1;A01
201800003592;2;10;0;0;2;2;15;A01
201800003592;1;33;0;0;2;1;1;B01
201800003593;0;39;1;0;2;3;1;B01
201800003593;0;7;0;0;4;6;1;A01
201800003594;0;7;0;0;2;2;1;C01
201800003594;0;10;0;0;2;5;1;B01
201800003594;0;14;0;0;0;5;15;D01
201800003594;0;10;0;0;2;1;2;A01
201800003595;1;7;0;6;2;3;23;C01
201800003595;1;7;0;6;2;1;1;B01
201800003595;0;7;0;0;2;1;1;A01
201800003596;2;7;0;0;1;1;1;A01
201800003597;0;7;0;0;2;3;15;A01
201800003597;0;7;0;0;2;1;1;B01
201800003598;1;7;0;13;0;2;1;A01
201800003599;2;7;0;0;2;2;15;A01
201800003599;1;7;0;0;2;3;1;B01
201800003600;0;7;0;8;0;1;6;A01
201800003601;2;7;0;0;2;7;1;B01
201800003601;1;7;0;0;2;1;9;A01
201800003602;2;7;0;0;2;3;9;A01
201800003602;2;33;0;0;2;1;1;B01
201800003603;0;7;0;0;2;1;17;A01
201800003603;0;7;0;9;0;8;15;B01
201800003604;1;7;0;0;0;4;23;B01
201800003604;1;7;0;0;0;4;23;C01
201800003604;1;7;0;0;0;1;2;A01
201800003605;1;1;0;0;2;4;1;B01
201800003605;1;7;0;0;9;3;9;A01
201800003606;0;33;0;8;0;1;13;A01
201800003607;1;7;0;0;0;0;1;A01
201800003608;2;7;0;0;2;8;15;A01
201800003608;2;33;0;0;2;1;17;C01
201800003608;2;33;0;0;2;2;17;B01
201800003609;2;7;0;0;9;5;15;A01
201800003609;2;1;0;0;2;1;1;B01
201800003610;2;7;0;0;2;1;0;A01
201800003610;1;13;0;0;2;3;0;B01
201800003611;0;1;0;0;0;0;1;A01
201800003612;0;7;0;6;0;7;1;A01
201800003613;1;7;0;0;0;6;24;B01
201800003613;0;7;0;1;1;2;14;A01
201800003614;2;7;0;0;2;8;21;B01
201800003614;2;7;0;0;2;1;0;C01
201800003614;1;7;0;0;2;1;19;A01
201800003615;1;2;0;0;0;7;1;A01
201800003616;1;7;0;0;2;1;1;B01
201800003616;2;36;0;0;2;7;6;A01
201800003617;0;7;0;0;1;8;20;A01
201800003618;1;7;0;0;2;9;13;A01
201800003618;2;10;0;0;2;1;1;B01
201800003619;1;10;0;13;0;9;0;A01
201800003620;2;7;0;0;1;3;1;A01
201800003621;1;7;0;0;2;1;1;A01
201800003621;2;7;0;0;2;1;1;B01
201800003622;1;7;0;0;1;2;1;A01
201800003623;1;7;0;13;0;1;1;A01
201800003624;2;33;0;0;0;6;23;B01
201800003624;2;33;0;1;0;1;2;A01
201800003624;2;33;0;0;0;6;23;C01
201800003624;2;33;0;0;0;4;23;D01
201800003625;1;7;0;2;0;3;1;A01
201800003626;2;33;0;0;0;3;1;A01
201800003627;2;33;0;5;2;1;1;A01
201800003627;1;33;0;0;2;3;1;B01
201800003628;1;33;0;0;0;3;1;A01
201800003629;1;33;0;0;2;1;1;A01
201800003629;1;7;0;0;2;4;16;B01
201800003630;1;33;0;0;0;7;1;A01
201800003631;1;34;0;3;0;1;1;A01
201800003632;2;33;0;3;0;2;1;A01
201800003633;2;33;0;13;0;3;1;A01
201800003634;1;33;0;0;0;0;0;A01
201800003635;1;33;0;13;0;1;1;A01
201800003636;1;33;0;13;0;2;1;A01
201800003637;1;33;0;3;0;2;1;A01
201800003638;1;33;0;3;0;1;17;A01
201800003639;1;33;0;16;0;7;1;A01
201800003640;0;10;0;0;1;4;20;A01
201800003641;1;33;0;0;2;3;1;B01
201800003641;2;38;1;0;2;3;13;A01
201800003642;2;7;0;2;0;3;21;A01
201800003643;1;33;0;0;0;8;1;A01
201800003644;2;33;0;0;2;3;13;A01
201800003644;1;7;0;0;2;3;13;B01
201800003645;1;7;0;2;0;1;1;A01
201800003646;2;7;0;0;2;1;1;A01
201800003646;2;7;0;0;2;2;1;B01
201800003647;1;33;0;3;0;1;1;A01
201800003648;1;7;0;4;0;2;1;A01
201800003649;1;34;0;2;0;1;1;A01
201800003650;2;33;0;13;0;1;1;A01
201800003651;2;33;0;13;0;2;17;B01
201800003651;2;7;0;0;0;0;17;A01
201800003652;0;7;0;2;0;2;1;A01
201800003653;0;7;0;10;0;1;1;A01
201800003654;1;10;0;0;2;3;13;A01
201800003654;2;7;0;0;2;6;1;B01
201800003655;2;7;0;7;0;2;1;A01
201800003656;2;2;0;0;2;1;1;B01
201800003656;0;7;0;0;2;3;16;A01
201800003657;1;38;10;0;2;1;19;B01
201800003657;0;10;0;0;2;3;1;A01
201800003658;1;10;0;0;2;2;13;A01
201800003658;2;7;0;0;2;2;1;B01
201800003659;1;7;0;3;0;1;0;A01
201800003660;2;33;0;0;2;5;1;B01
201800003660;0;7;0;0;2;3;19;A01
201800003661;2;33;0;4;2;7;0;A01
201800003661;1;7;0;0;2;2;2;B01
201800003662;1;7;0;8;0;1;1;A01
201800003663;2;7;0;0;1;1;1;A01
201800003664;1;7;0;7;0;8;1;A01
201800003665;2;7;0;0;1;7;1;A01
201800003666;1;33;0;0;0;2;23;A01
201800003667;1;7;0;0;2;7;17;A01
201800003667;1;7;0;0;2;8;15;B01
201800003668;1;33;0;3;0;1;16;A01
201800003669;2;33;0;13;0;8;1;A01
201800003670;1;33;0;0;1;7;0;A01
201800003671;1;7;0;13;0;3;13;A01
201800003672;1;7;0;0;2;3;1;A01
201800003672;2;38;4;0;2;3;1;B01
201800003673;1;7;0;0;9;1;13;A01
201800003673;2;1;0;0;2;1;0;B01
201800003674;2;7;0;0;2;3;9;A01
201800003674;2;7;0;0;2;3;1;B01
201800003675;2;7;0;3;0;8;13;A01
201800003675;1;7;0;0;0;3;1;B01
201800003676;1;7;0;0;0;0;9;A01
201800003676;1;2;0;0;0;0;13;B01
201800003677;1;7;0;0;2;2;9;A01
201800003677;1;33;0;3;2;3;1;B01
201800003678;1;7;0;0;2;3;17;A01
201800003678;2;33;0;7;2;3;1;B01
201800003679;1;34;0;0;2;1;13;A01
201800003679;2;7;0;0;2;3;1;B01
201800003680;1;33;0;0;2;3;13;A01
201800003680;2;7;0;0;2;3;1;B01
201800003681;1;33;0;0;0;0;1;A01
201800003682;2;1;0;0;2;1;1;A01
201800003682;1;7;0;0;9;3;15;B01
201800003683;1;7;0;0;2;3;1;A01
201800003683;2;7;0;0;2;1;13;B01
201800003684;2;7;0;0;2;1;1;A01
201800003684;1;10;0;0;2;3;1;B01
201800003685;2;33;0;0;2;1;13;A01
201800003685;1;10;0;0;2;2;1;B01
201800003686;1;33;0;0;0;5;1;A01
201800003686;1;33;0;13;2;3;21;B01
201800003687;2;7;0;0;2;7;19;A01
201800003687;1;1;0;0;2;1;1;B01
201800003688;2;1;0;0;2;1;16;A01
201800003688;1;7;0;0;9;8;1;B01
201800003689;1;7;0;0;2;3;1;A01
201800003689;2;7;0;0;2;1;1;B01
201800003690;1;33;0;0;2;1;1;A01
201800003690;1;7;0;0;0;3;13;B01
201800003691;1;7;0;4;2;3;1;A01
201800003691;2;7;0;2;2;1;13;B01
201800003692;2;7;0;0;2;2;1;A01
201800003692;1;33;0;0;2;1;13;B01
201800003693;1;7;0;13;0;3;1;A01
201800003694;2;7;0;4;0;1;14;A01
201800003695;2;7;0;0;2;1;1;A01
201800003695;1;7;0;4;2;6;1;B01
201800003696;1;33;0;13;0;3;1;A01
201800003697;1;7;0;8;0;1;1;A01
201800003698;1;33;0;0;2;0;5;A01
201800003698;2;13;0;0;2;8;1;B01
201800003699;2;7;0;6;0;2;1;A01
201800003700;1;7;0;0;1;1;1;A01
201800003701;2;7;0;1;1;2;1;A01
201800003702;1;7;0;2;0;1;1;A01
201800003703;2;33;0;12;0;7;1;A01
201800003704;1;7;0;15;0;2;1;A01
201800003705;2;7;0;13;0;9;1;A01
201800003706;0;1;0;0;0;0;0;A01
201800003707;1;7;0;0;2;1;13;A01
201800003707;2;7;0;0;2;1;1;B01
201800003708;1;2;0;1;0;2;1;A01
201800003709;0;2;0;1;0;0;0;A01
201800003710;0;7;0;0;2;3;1;A01
201800003710;0;2;0;0;2;1;13;B01
201800003711;2;7;0;13;0;0;1;A01
201800003712;1;33;0;2;0;1;17;A01
201800003713;1;7;0;0;0;0;1;A01
201800003714;0;33;0;10;0;9;1;A01
201800003715;2;33;0;0;2;1;1;A01
201800003715;1;7;0;0;2;8;15;B01
201800003716;2;7;0;0;0;5;23;A01
201800003716;2;33;0;0;0;3;2;B01
201800003717;2;7;0;13;0;1;1;A01
201800003718;0;33;0;0;0;0;0;A01
201800003719;0;33;0;0;2;3;21;A01
201800003719;0;33;0;0;0;5;1;B01
201800003720;0;7;0;0;9;3;22;A01
201800003720;2;1;0;1;0;1;2;B01
201800003721;0;7;0;0;2;3;9;A01
201800003721;0;33;0;0;2;2;1;B01
201800003722;1;7;0;0;0;6;17;A01
201800003722;1;33;0;0;2;2;17;B01
201800003723;0;10;0;0;2;3;4;A01
201800003723;1;2;0;0;2;1;1;B01
201800003724;0;7;0;2;0;3;13;A01
201800003725;2;7;0;0;2;3;15;A01
201800003725;1;1;0;0;2;8;1;B01
201800003726;0;34;0;0;0;5;1;A01
201800003726;1;7;0;0;0;5;15;B01
201800003727;2;1;0;0;0;1;2;A01
201800003727;2;1;0;0;0;1;2;B01
201800003727;2;1;0;0;0;0;2;C01
201800003728;2;33;0;13;2;0;17;A01
201800003728;1;7;0;13;2;1;21;B01
201800003729;0;1;0;13;0;0;1;A01
201800003730;0;7;0;0;1;2;2;A01
201800003731;1;33;0;0;2;1;5;A01
201800003731;2;7;0;0;2;1;1;B01
201800003732;2;1;0;13;0;7;1;A01
201800003733;0;10;0;0;9;1;6;A01
201800003733;0;1;0;0;2;1;1;B01
201800003734;2;33;0;0;0;7;1;A01
201800003735;2;1;0;4;0;1;16;A01
201800003736;1;7;0;0;2;3;1;A01
201800003736;2;7;0;0;2;3;13;B01
201800003737;1;33;0;3;9;7;1;A01
201800003738;0;10;0;4;0;2;1;A01
201800003739;1;7;0;0;2;8;1;A01
201800003739;1;33;0;0;2;2;1;B01
201800003740;1;10;0;0;2;3;1;A01
201800003740;1;7;0;3;0;5;16;B01
201800003741;0;1;0;0;0;0;0;A01
201800003742;2;7;0;2;0;1;1;A01
201800003743;2;7;0;0;2;1;17;A01
201800003743;1;7;0;0;2;1;1;B01
201800003743;1;7;0;0;2;1;1;C01
201800003744;2;33;0;0;2;1;2;B01
201800003744;2;7;0;0;0;5;16;A01
201800003745;1;10;0;0;0;4;2;B01
201800003745;1;2;0;0;2;1;2;A01
201800003746;2;7;0;0;2;1;9;A01
201800003746;2;30;0;0;0;7;1;B01
201800003747;2;7;0;0;0;5;2;B01
201800003747;2;2;0;6;2;1;2;A01
201800003748;2;2;0;0;2;1;17;B01
201800003748;2;7;0;0;2;3;1;A01
201800003749;2;7;0;4;0;1;1;A01
201800003750;1;34;0;8;0;1;13;A01
201800003751;1;7;0;3;0;1;0;A01
201800003752;2;7;0;0;2;3;1;B01
201800003752;1;31;0;0;2;1;5;A01
201800003753;2;7;0;3;0;7;1;A01
201800003754;1;33;0;5;0;3;1;A01
201800003755;1;33;0;0;0;8;14;A01
201800003756;1;33;0;0;0;1;14;A01
201800003757;1;7;0;0;0;0;0;A01
201800003758;1;7;0;2;0;1;13;A01
201800003759;2;33;0;0;2;1;17;A01
201800003759;2;7;0;0;0;8;15;B01
201800003760;2;7;0;0;2;3;13;A01
201800003760;1;33;0;0;2;1;1;B01
201800003761;2;33;0;0;0;2;1;A01
201800003762;1;7;0;0;2;3;1;B01
201800003762;2;7;0;0;2;3;13;A01
201800003763;2;1;0;14;0;1;2;A01
201800003763;2;7;0;0;0;4;23;B01
201800003764;2;7;0;0;2;3;1;B01
201800003764;1;33;0;0;2;1;13;A01
201800003765;0;7;0;0;1;1;19;A01
201800003766;1;7;0;7;2;1;13;A01
201800003766;2;7;0;0;2;1;13;B01
201800003767;1;7;0;0;1;1;1;A01
201800003768;1;7;0;0;2;3;13;A01
201800003768;2;13;0;0;2;6;1;B01
201800003769;1;7;0;0;0;0;0;A01
201800003770;1;7;0;2;0;1;1;A01
201800003771;1;7;0;0;2;3;15;B01
201800003771;2;2;0;0;2;1;1;A01
201800003772;2;7;0;1;1;1;0;A01
201800003773;2;7;0;0;2;1;1;B01
201800003773;1;33;0;0;2;7;15;A01
201800003774;0;1;0;0;2;3;9;B01
201800003774;1;7;0;0;9;7;1;A01
201800003775;1;1;0;0;2;8;19;B01
201800003775;2;7;0;0;9;1;2;A01
201800003776;1;34;0;0;2;1;17;A01
201800003776;2;7;0;0;2;3;23;B01
201800003777;1;7;0;0;2;8;5;B01
201800003777;1;7;0;0;2;3;5;A01
201800003778;1;7;0;0;2;8;10;A01
201800003778;1;33;0;0;2;7;17;B01
201800003779;1;7;0;0;1;3;1;A01
201800003780;1;7;0;0;2;3;13;A01
201800003780;2;7;0;0;2;6;1;B01
201800003781;0;7;0;0;1;2;1;A01
201800003782;1;7;0;6;0;2;1;A01
201800003783;2;7;0;0;0;1;1;B01
201800003783;1;7;0;0;2;1;13;A01
201800003784;1;7;0;0;2;1;5;A01
201800003784;2;7;0;0;0;1;0;B01
201800003785;1;21;0;0;2;8;1;B01
201800003785;2;33;0;0;2;8;1;A01
201800003786;1;7;0;2;0;1;1;A01
201800003787;1;33;0;0;2;1;1;B01
201800003787;2;7;0;0;2;1;15;A01
201800003788;2;7;0;0;0;5;11;B01
201800003788;2;7;0;0;2;3;2;A01
201800003789;2;1;0;0;0;4;2;B01
201800003789;2;7;0;0;2;2;14;A01
201800003790;1;14;0;0;9;2;15;C01
201800003790;1;7;0;0;2;8;1;D01
201800003790;2;33;0;0;2;7;1;A01
201800003790;1;7;0;0;2;5;15;B01
201800003791;1;2;0;0;2;1;15;A01
201800003791;2;7;0;0;2;1;1;B01
201800003792;0;7;0;0;2;3;19;A01
201800003792;1;2;0;0;2;7;1;B01
201800003793;2;7;0;0;2;4;1;A01
201800003793;2;7;0;0;2;1;2;B01
201800003794;2;7;0;3;0;7;14;A01
201800003795;1;7;0;3;2;3;13;B01
201800003795;2;33;0;0;2;1;13;A01
201800003796;2;7;0;0;2;1;13;A01
201800003796;1;7;0;0;2;3;1;B01
201800003797;1;33;0;13;0;1;13;A01
201800003798;2;7;0;8;0;1;14;A01
201800003799;1;7;0;6;0;1;1;A01
201800003800;2;15;0;0;2;3;1;B01
201800003800;1;7;0;0;2;1;13;A01
201800003801;2;7;0;2;0;1;14;A01
201800003802;2;33;0;0;2;1;13;A01
201800003802;1;38;12;0;2;1;1;B01
201800003803;2;7;0;4;0;2;1;A01
201800003804;0;10;0;0;1;3;1;A01
201800003805;2;34;0;0;2;1;1;B01
201800003805;2;7;0;0;2;2;15;A01
201800003806;2;10;0;0;2;1;1;B01
201800003806;1;10;0;0;2;1;5;A01
201800003807;1;34;0;5;0;9;1;A01
201800003808;1;7;0;0;2;1;9;A01
201800003808;1;2;0;0;0;5;19;B01
201800003809;1;7;0;0;2;1;15;A01
201800003809;2;33;0;0;2;1;1;B01
201800003810;2;33;0;0;2;1;2;B01
201800003810;2;7;0;0;0;4;2;A01
201800003811;0;33;0;0;2;9;1;A01
201800003811;2;7;0;0;2;3;15;B01
201800003812;1;2;0;0;2;1;2;A01
201800003812;1;7;0;0;0;4;2;B01
201800003813;1;7;0;0;2;4;1;B01
201800003813;1;7;0;0;2;1;1;A01
201800003814;0;7;0;13;0;0;0;A01
201800003815;1;7;0;2;0;1;1;A01
201800003816;0;7;0;0;2;1;17;B01
201800003816;0;7;0;0;2;3;1;A01
201800003817;0;1;0;0;2;4;2;B01
201800003817;0;7;0;0;2;2;2;A01
201800003818;2;33;0;0;2;1;17;A01
201800003818;2;7;0;0;0;8;15;B01
201800003819;0;32;0;13;0;1;1;A01
201800003820;0;34;0;0;2;8;1;B01
201800003820;0;7;0;0;2;1;15;A01
201800003821;0;7;0;2;0;3;1;A01
201800003822;2;7;0;0;2;1;1;A01
201800003822;1;7;0;0;2;1;1;B01
201800003823;1;7;0;0;0;6;9;A01
201800003823;2;1;0;0;2;7;1;B01
201800003824;2;2;0;0;2;1;1;A01
201800003824;2;7;0;0;2;5;1;B01
201800003825;1;7;0;0;2;5;1;B01
201800003825;1;2;0;12;2;1;1;A01
201800003826;1;7;0;0;2;1;1;B01
201800003826;0;7;0;0;2;9;19;A01
201800003826;0;7;0;0;2;1;23;C01
201800003827;0;7;0;0;1;1;0;A01
201800003828;0;7;0;0;1;3;5;A01
201800003829;1;2;0;0;2;1;1;B01
201800003829;0;7;0;0;2;3;9;A01
201800003830;1;2;0;0;2;1;1;B01
201800003830;0;7;0;0;2;2;19;A01
201800003831;2;30;0;4;0;1;13;A01
201800003832;1;7;0;2;0;1;14;A01
201800003833;2;1;0;0;2;4;2;B01
201800003833;2;7;0;0;9;2;2;A01
201800003834;1;10;0;0;2;1;13;A01
201800003834;2;33;0;0;2;1;1;B01
201800003835;1;7;0;0;2;1;23;D01
201800003835;1;33;0;1;1;1;3;A01
201800003836;2;33;0;0;2;1;17;B01
201800003836;2;7;0;0;2;3;10;A01