num_acc;senc;catv;occutc;obs;obsm;choc;manv;num_veh
201800004218;2;7;0;0;2;3;13;A01
201800004218;1;99;0;0;2;8;0;B01
201800004219;2;33;0;0;0;7;16;A01
201800004220;1;33;0;13;0;2;1;A01
201800004221;1;33;0;0;0;8;1;A01
201800004222;1;7;0;0;2;1;13;A01
201800004222;2;7;0;0;0;2;0;B01
201800004223;1;7;0;13;0;3;13;A01
201800004224;1;33;0;4;0;9;0;A01
201800004225;1;7;0;0;2;3;15;B01
201800004225;1;33;0;0;2;1;17;A01
201800004226;0;31;0;0;2;7;17;A01
201800004226;0;7;0;0;0;8;15;B01
201800004227;1;7;0;4;2;3;13;A01
201800004227;2;7;0;0;2;3;1;B01
201800004228;1;7;0;1;0;4;0;C01
201800004228;1;7;0;0;2;8;15;B01
201800004228;2;33;0;1;2;1;17;A01
201800004229;0;7;0;0;1;2;1;A01
201800004230;1;7;0;13;0;3;13;A01
201800004231;2;7;0;0;2;3;9;A01
201800004231;2;7;0;0;2;2;21;B01
201800004232;0;7;0;0;2;8;13;B01
201800004232;0;33;0;0;2;8;13;A01
201800004233;0;1;0;0;2;8;0;B01
201800004233;0;7;0;0;2;3;14;A01
201800004234;1;10;0;0;2;3;1;B01
201800004234;1;2;0;0;0;1;1;A01
201800004235;1;33;0;0;2;1;0;A01
201800004235;1;10;0;0;0;6;1;B01
201800004236;0;7;0;0;2;1;1;A01
201800004236;0;7;0;0;2;2;19;B01
201800004237;0;7;0;0;2;1;1;B01
201800004237;0;2;0;0;2;8;1;A01
201800004238;0;7;0;2;0;1;1;A01
201800004239;1;7;0;0;1;1;16;A01
201800004240;0;7;0;0;2;3;15;B01
201800004240;0;2;0;0;2;1;1;A01
201800004241;1;7;0;0;2;1;2;A01
201800004241;1;10;0;0;0;4;2;B01
201800004242;1;33;0;0;2;8;2;B01
201800004242;1;7;0;0;0;7;2;A01
201800004243;1;7;0;0;2;1;13;A01
201800004243;2;7;0;0;2;1;1;B01
201800004244;1;7;0;2;0;1;1;A01
201800004245;2;7;0;0;2;2;13;A01
201800004245;2;7;0;0;2;2;13;B01
201800004246;1;7;0;0;1;1;1;A01
201800004247;2;7;0;0;2;1;1;B01
201800004247;2;15;0;0;0;6;16;A01
201800004248;2;7;0;0;2;1;0;B01
201800004248;2;7;0;14;2;0;21;A01
201800004248;2;7;0;0;6;1;21;C01
201800004249;0;7;0;0;1;2;2;A01
201800004250;2;7;0;0;1;0;0;A01
201800004251;0;7;0;13;0;0;0;A01
201800004252;0;7;0;0;0;1;0;B01
201800004252;0;2;0;0;2;7;0;A01
201800004253;2;7;0;0;2;7;17;A01
201800004253;2;7;0;0;2;8;13;B01
201800004254;0;7;0;2;0;1;13;A01
201800004255;1;1;0;0;2;1;1;A01
201800004255;1;7;0;0;9;3;1;B01
201800004256;0;33;0;12;0;0;1;A01
201800004257;0;7;0;0;2;1;1;B01
201800004257;0;7;0;0;2;1;13;A01
201800004258;1;7;0;0;2;3;17;A01
201800004258;1;7;0;0;2;3;1;B01
201800004259;0;20;0;0;0;0;10;A01
201800004260;0;7;0;0;1;3;1;A01
201800004261;0;32;0;12;0;0;1;A01
201800004262;0;7;0;0;2;1;0;B01
201800004262;0;7;0;0;0;7;1;A01
201800004263;0;33;0;2;0;3;1;A01
201800004264;1;7;0;13;0;1;1;A01
201800004265;0;7;0;0;1;0;1;A01
201800004266;0;7;0;0;0;8;0;A01
201800004266;0;2;0;0;0;1;1;B01
201800004267;2;7;0;0;0;1;1;B01
201800004267;1;7;0;0;0;1;13;A01
201800004268;1;7;0;2;0;2;1;A01
201800004269;0;1;0;0;0;0;0;A01
201800004270;1;10;0;8;0;1;14;A01
201800004271;2;7;0;0;2;3;1;B01
201800004271;1;7;0;0;2;3;13;A01
201800004272;2;7;0;0;2;3;1;A01
201800004272;1;7;0;0;2;3;1;B01
201800004273;1;7;0;4;0;1;13;A01
201800004274;2;14;0;0;2;1;1;B01
201800004274;1;7;0;0;2;1;17;A01
201800004275;2;7;0;0;1;2;1;A01
201800004276;2;7;0;0;2;1;1;A01
201800004276;1;7;0;0;2;1;1;B01
201800004277;1;1;0;0;2;2;1;B01
201800004277;1;7;0;0;2;3;9;A01
201800004278;1;7;0;13;0;1;14;A01
201800004279;1;1;0;0;2;3;1;B01
201800004279;2;7;0;0;2;3;17;A01
201800004280;2;7;0;0;2;3;10;A01
201800004280;2;33;0;0;2;1;17;B01
201800004281;0;7;0;0;2;5;15;A01
201800004281;0;33;0;0;2;1;21;B01
201800004282;1;7;0;13;0;1;13;A01
201800004283;1;33;0;0;2;1;1;B01
201800004283;2;7;0;0;2;8;15;A01
201800004284;2;7;0;13;0;3;1;A01
201800004285;1;7;0;0;9;8;9;B01
201800004285;1;1;0;0;2;1;2;A01
201800004286;0;7;0;0;1;2;2;A01
201800004287;1;2;0;0;2;4;2;B01
201800004287;1;7;0;0;2;0;2;A01
201800004288;1;7;0;0;2;2;14;A01
201800004288;1;2;0;0;2;8;18;B01
201800004289;2;7;0;0;2;3;6;B01
201800004289;1;7;0;0;2;3;2;A01
201800004290;0;7;0;0;9;2;1;A01
201800004290;0;1;0;0;2;1;15;B01
201800004291;0;7;0;0;2;1;15;B01
201800004291;0;33;0;0;2;7;1;A01
201800004292;2;7;0;3;0;2;0;A01
201800004293;2;7;0;3;0;3;2;A01
201800004294;0;7;0;0;2;7;1;A01
201800004294;0;7;0;0;2;2;1;B01
201800004295;0;7;0;0;2;2;15;B01
201800004295;2;7;0;0;2;1;1;A01
201800004296;1;10;0;6;0;3;13;A01
201800004297;2;7;0;0;2;6;14;A01
201800004297;2;10;0;0;2;2;13;B01
201800004297;2;7;0;0;0;0;0;C01
201800004298;1;7;0;0;2;3;13;A01
201800004298;2;7;0;0;2;3;1;B01
201800004299;2;33;0;0;2;1;17;A01
201800004299;2;7;0;0;0;3;15;B01
201800004300;2;7;0;0;6;3;1;A01
201800004301;2;7;0;2;0;1;1;A01
201800004302;1;2;0;0;2;1;1;A01
201800004302;2;7;0;0;2;7;15;B01
201800004303;1;7;0;0;9;2;1;A01
201800004303;1;1;0;0;9;4;1;B01
201800004304;1;7;0;0;2;1;17;A01
201800004304;1;7;0;0;0;6;17;B01
201800004305;1;7;0;0;0;8;1;A01
201800004305;1;31;0;0;0;9;17;B01
201800004306;1;7;0;0;2;8;1;A01
201800004306;2;7;0;0;2;3;1;B01
201800004307;1;7;0;0;2;3;1;A01
201800004307;1;7;0;0;2;1;15;B01
201800004308;2;7;0;6;2;6;15;A01
201800004308;2;7;0;8;2;1;1;B01
201800004309;1;7;0;1;1;1;0;A01
201800004310;1;7;0;2;0;1;21;A01
201800004311;1;7;0;0;0;8;15;A01
201800004311;1;7;0;0;2;1;17;B01
201800004312;1;7;0;0;2;8;13;A01
201800004312;2;7;0;0;0;8;1;B01
201800004312;2;7;0;0;0;3;1;C01
201800004313;1;33;0;0;2;1;2;A01
201800004313;1;13;0;0;0;6;1;B01
201800004314;2;7;0;6;0;1;1;A01
201800004315;1;7;0;0;2;2;15;A01
201800004315;2;33;0;0;2;1;1;B01
201800004316;1;7;0;0;2;1;13;A01
201800004316;2;38;1;0;2;3;1;B01
201800004317;2;31;0;6;0;1;1;A01
201800004318;2;7;0;0;2;2;15;A01
201800004318;1;32;0;0;2;1;1;B01
201800004319;2;7;0;0;2;3;1;A01
201800004319;1;7;0;0;2;3;1;B01
201800004320;1;17;0;1;1;5;1;A01
201800004321;2;2;0;0;2;1;17;A01
201800004321;2;7;0;0;2;3;9;B01
201800004322;0;7;0;6;0;1;1;A01
201800004323;2;7;0;0;0;5;15;A01
201800004323;2;33;0;0;2;3;21;B01
201800004324;2;7;0;7;0;1;13;A01
201800004325;1;7;0;0;2;1;1;A01
201800004325;1;7;0;0;2;4;23;B01
201800004325;1;7;0;0;0;4;23;C01
201800004326;1;7;0;0;2;8;9;A01
201800004326;2;2;0;0;2;1;1;B01
201800004327;2;7;0;0;0;4;15;A01
201800004327;2;10;0;0;2;1;2;B01
201800004328;2;7;0;2;0;7;1;A01
201800004329;1;7;0;0;2;1;1;A01
201800004329;1;7;0;0;0;4;2;B01
201800004330;1;7;0;0;2;8;15;A01
201800004330;1;31;0;0;2;1;17;B01
201800004331;1;7;0;14;0;1;1;A01
201800004332;1;7;0;0;0;3;15;A01
201800004332;2;33;0;0;2;1;1;B01
201800004333;1;7;0;0;2;3;13;A01
201800004333;2;7;0;0;2;3;1;B01
201800004334;1;7;0;13;0;9;1;A01
201800004335;1;7;0;0;2;3;13;A01
201800004335;2;7;0;0;2;3;1;B01
201800004336;2;7;0;0;2;1;10;A01
201800004336;1;7;0;0;2;3;1;B01
201800004337;2;33;0;0;2;1;1;A01
201800004337;2;7;0;0;0;4;21;B01
201800004338;1;7;0;0;2;3;15;A01
201800004338;2;7;0;0;0;3;1;B01
201800004339;1;7;0;2;0;1;13;A01
201800004340;0;33;0;3;2;0;17;A01
201800004340;0;7;0;0;2;3;2;B01
201800004341;1;7;0;0;2;4;2;A01
201800004341;2;7;0;0;2;1;2;B01
201800004342;2;7;0;0;2;1;1;B01
201800004342;1;7;0;0;2;1;13;A01
201800004343;1;7;0;0;2;1;13;A01
201800004343;2;14;0;0;2;3;1;B01
201800004344;0;7;0;0;1;1;1;A01
201800004345;2;7;0;0;2;1;1;A01
201800004345;2;7;0;0;2;4;23;B01
201800004345;1;7;0;0;2;8;1;C01
201800004346;0;7;0;6;0;2;14;A01
201800004347;2;33;0;0;2;7;17;B01
201800004347;2;7;0;0;2;8;15;A01
201800004348;2;7;0;0;0;4;1;B01
201800004348;2;7;0;0;2;1;1;A01
201800004349;2;10;0;0;2;6;9;A01
201800004349;1;33;0;0;2;2;1;B01
201800004350;1;7;0;3;0;1;14;A01
201800004351;0;7;0;0;2;1;1;A01
201800004351;0;7;0;0;0;8;19;B01
201800004352;0;7;0;0;2;3;1;B01
201800004352;0;7;0;0;2;3;13;A01
201800004353;0;7;0;0;0;3;1;A01
201800004353;0;7;0;0;2;1;13;B01
201800004354;2;7;0;0;9;8;1;D01
201800004354;1;13;0;0;2;3;1;B01
201800004354;1;7;0;0;9;2;1;C01
201800004354;1;7;0;3;2;3;13;A01
201800004355;0;7;0;0;1;2;20;A01
201800004356;2;7;0;0;1;2;1;A01
201800004357;1;1;0;15;0;2;1;A01
201800004358;1;10;0;0;2;8;13;A01
201800004358;2;7;0;0;2;8;13;B01
201800004359;1;7;0;0;2;3;13;A01
201800004359;2;7;0;0;2;3;1;B01
201800004360;0;36;0;0;0;7;1;A01
201800004361;2;2;0;4;0;1;14;A01
201800004362;2;7;0;6;2;8;1;A01
201800004362;1;15;0;0;2;8;13;B01
201800004363;2;3;0;0;2;3;15;A01
201800004363;1;33;0;0;2;3;21;B01
201800004364;1;2;0;6;0;0;13;A01
201800004365;1;7;0;0;2;1;13;A01
201800004365;2;7;0;0;2;3;1;B01
201800004366;2;7;0;1;0;1;14;A01
201800004366;2;7;0;0;2;6;24;B01
201800004367;2;7;0;0;2;1;15;A01
201800004367;1;1;0;0;2;1;1;B01
201800004368;0;36;0;0;0;0;1;A01
201800004369;1;32;0;9;0;9;1;A01
201800004370;2;7;0;0;1;1;15;A01
201800004371;0;7;0;13;0;2;14;A01
201800004372;1;7;0;13;0;3;1;A01
201800004373;1;7;0;0;1;3;1;A01
201800004374;1;7;0;2;0;9;1;A01
201800004375;2;7;0;1;1;0;1;A01
201800004376;1;31;0;0;2;1;2;A01
201800004376;1;7;0;0;0;5;2;B01
201800004377;2;7;0;0;2;6;2;A01
201800004377;2;2;0;0;2;1;2;B01
201800004378;1;33;0;0;0;9;1;A01
201800004379;1;7;0;0;2;1;21;A01
201800004379;2;2;0;0;2;1;21;B01
201800004380;2;7;0;0;2;7;5;A01
201800004380;1;7;0;0;2;3;1;B01
201800004381;1;33;0;0;2;2;1;A01
201800004381;2;7;0;0;2;3;15;B01
201800004382;1;7;0;0;2;2;15;A01
201800004382;1;2;0;0;2;1;1;B01
201800004383;1;7;0;0;2;5;0;A01
201800004383;1;7;0;0;2;3;1;B01
201800004384;2;7;0;0;2;1;13;A01
201800004384;1;17;0;0;2;8;21;B01
201800004384;2;7;0;0;2;6;2;C01
201800004384;2;7;0;0;2;8;21;D01
201800004384;2;7;0;0;2;1;2;E01
201800004385;2;7;0;0;2;7;13;A01
201800004385;1;10;0;0;2;1;1;B01
201800004386;2;7;0;0;2;7;15;A01
201800004386;1;7;0;0;2;1;1;B01
201800004387;2;33;0;0;5;1;1;A01
201800004388;2;7;0;16;0;0;0;A01
201800004389;2;7;0;16;0;2;14;A01
201800004390;1;7;0;0;2;1;2;A01
201800004390;1;7;0;0;2;4;15;B01
201800004391;2;7;0;13;0;1;1;A01
201800004392;2;33;0;0;2;8;13;A01
201800004392;1;7;0;0;2;2;13;B01
201800004393;1;33;0;0;1;1;1;A01
201800004394;1;7;0;0;2;3;13;A01
201800004394;2;7;0;0;2;3;1;B01
201800004395;2;7;0;10;0;1;14;A01
201800004396;1;7;0;0;2;5;17;A01
201800004396;2;7;0;0;2;3;1;B01
201800004397;1;7;0;2;0;1;13;A01
201800004398;1;33;0;0;2;1;1;B01
201800004398;1;10;0;0;2;3;9;A01
201800004399;1;7;0;0;2;1;1;A01
201800004399;2;7;0;0;2;3;15;B01
201800004400;2;7;0;0;2;3;13;A01
201800004400;1;7;0;0;2;3;1;B01
201800004401;1;7;0;2;0;3;16;A01
201800004402;2;10;0;0;6;2;0;A01
201800004403;1;10;0;2;2;3;1;A01
201800004403;2;10;0;0;2;3;17;B01
201800004403;2;15;0;0;2;8;2;C01
201800004404;1;10;0;15;0;3;0;A01
201800004405;1;10;0;0;2;1;2;C01
201800004405;1;7;0;13;2;1;1;B01
201800004405;2;7;0;0;2;1;13;A01
201800004406;0;7;0;0;2;3;13;B01
201800004406;0;7;0;0;2;3;13;A01
201800004407;1;1;0;0;0;9;23;A01
201800004408;1;7;0;0;2;2;15;A01
201800004408;1;2;0;0;2;1;17;B01
201800004409;1;7;0;0;2;2;13;A01
201800004409;2;7;0;0;2;1;1;B01
201800004410;2;7;0;0;1;2;14;Z01
201800004411;1;7;0;0;2;1;1;A01
201800004411;1;7;0;0;2;6;1;B01
201800004411;1;7;0;0;2;4;2;C01
201800004411;1;7;0;0;2;4;2;D01
201800004412;0;7;0;10;0;1;0;A01
201800004413;0;7;0;0;1;4;23;A01
201800004414;2;10;0;9;0;1;1;A01
201800004415;1;7;0;4;0;1;14;A01
201800004416;1;7;0;0;1;1;1;A01
201800004417;1;1;0;1;0;1;14;A01
201800004418;2;1;0;0;2;1;1;A01
201800004418;2;7;0;0;2;6;23;B01
201800004419;1;36;0;0;2;1;2;A01
201800004419;1;7;0;0;2;4;23;B01
201800004420;2;33;0;8;0;1;0;A01
201800004421;1;7;0;0;1;1;16;A01
201800004422;2;7;0;0;2;7;1;B01
201800004422;1;7;0;0;2;1;9;A01
201800004423;2;7;0;0;2;2;1;B01
201800004423;1;7;0;0;2;3;9;A01
201800004424;1;10;0;0;2;2;0;A01
201800004424;2;7;0;0;2;1;1;B01
201800004425;2;7;0;6;0;1;16;A01
201800004426;2;7;0;0;2;4;23;A01
201800004426;2;7;0;0;2;2;2;B01
201800004427;1;7;0;0;1;2;20;A01
201800004428;2;7;0;0;2;2;9;A01
201800004428;2;7;0;0;2;8;1;B01
201800004428;1;7;0;0;2;8;1;C01
201800004429;1;7;0;0;1;1;16;A01
201800004430;1;3;0;0;1;7;1;A01
201800004431;2;31;0;0;2;2;1;B01
201800004431;1;7;0;0;2;3;1;A01
201800004432;2;7;0;0;1;4;4;A01
201800004433;2;7;0;0;2;4;23;A01
201800004433;2;7;0;0;2;1;1;B01
201800004434;1;7;0;0;0;9;1;A01
201800004435;2;7;0;0;2;3;9;A01
201800004435;0;31;0;0;2;1;1;B01
201800004436;1;7;0;0;1;1;1;A01
201800004437;1;7;0;0;2;2;1;A01
201800004437;2;7;0;0;2;3;1;B01
201800004438;1;7;0;0;1;1;15;A01
201800004439;1;2;0;0;2;1;2;A01
201800004439;1;7;0;0;2;5;1;B01
201800004440;2;7;0;0;2;1;13;A01
201800004440;1;7;0;0;2;3;1;B01
201800004441;2;7;0;7;0;1;0;A01
201800004442;1;10;0;0;1;7;1;A01
201800004443;2;7;0;0;2;3;13;A01
201800004443;1;7;0;0;2;3;1;B01
201800004444;2;7;0;0;2;3;1;A01
201800004444;1;30;0;0;2;3;1;B01
201800004445;1;7;0;0;2;8;1;B01
201800004445;2;10;0;0;2;2;1;A01
201800004445;1;38;1;0;2;3;23;C01
201800004446;2;7;0;0;2;1;2;A01
201800004446;2;7;0;0;2;6;1;B01
201800004447;2;7;0;2;0;1;1;A01
201800004448;2;7;0;0;0;9;1;A01
201800004449;1;30;0;12;0;1;15;A01
201800004450;2;7;0;0;0;0;1;A01
201800004451;1;7;0;0;2;6;1;B01
201800004451;2;7;0;0;2;1;1;A01
201800004452;1;7;0;0;2;1;2;A01
201800004452;1;7;0;0;2;4;1;B01
201800004453;1;7;0;0;2;3;9;A01
201800004453;1;1;0;0;2;1;1;B01
201800004454;1;7;0;0;2;2;1;B01
201800004454;1;7;0;0;2;3;19;A01
201800004455;1;7;0;0;2;1;17;A01
201800004455;1;7;0;0;2;1;1;B01
201800004456;1;10;0;0;2;3;2;A01
201800004456;1;1;0;0;2;2;2;B01
201800004457;2;33;0;0;5;1;1;A01
201800004458;1;33;0;0;6;1;1;A01
201800004459;1;7;0;0;2;1;2;A01
201800004459;1;7;0;0;2;4;2;B01
201800004459;1;7;0;0;2;4;2;C01
201800004460;2;7;0;0;2;1;2;A01
201800004460;2;7;0;0;2;4;1;B01
201800004461;1;7;0;13;0;2;1;A01
201800004462;1;7;0;0;2;1;1;A01
201800004462;1;7;0;0;2;4;1;B01
201800004462;1;7;0;0;2;4;1;C01
201800004463;2;2;0;0;0;0;17;A01
201800004463;1;7;0;0;2;3;9;B01
201800004464;1;10;0;0;1;1;1;A01
201800004465;2;7;0;0;2;2;17;A01
201800004465;2;10;0;0;2;6;15;B01
201800004466;2;7;0;0;2;3;9;A01
201800004466;1;1;0;0;2;2;1;B01
201800004467;2;7;0;1;2;3;9;A01
201800004467;2;7;0;9;2;2;1;B01
201800004468;2;32;0;0;2;1;17;A01
201800004468;2;7;0;0;2;6;1;B01
201800004469;2;33;0;13;0;1;1;A01
201800004470;2;7;0;0;2;1;13;A01
201800004470;1;1;0;0;2;1;1;B01
201800004471;1;7;0;0;2;1;2;A01
201800004471;1;30;0;0;2;4;23;B01
201800004472;2;7;0;1;;1;14;A01
201800004473;1;1;0;3;0;8;1;A01
201800004474;1;7;0;0;2;1;2;A01
201800004474;1;21;0;0;2;4;2;B01
201800004475;2;7;0;0;1;3;1;A01
201800004476;1;33;0;0;2;0;1;A01
201800004476;2;7;0;0;2;3;15;B01
201800004477;1;7;0;0;2;5;17;A01
201800004477;1;1;0;0;2;8;1;B01
201800004478;1;7;0;0;2;1;2;A01
201800004478;1;7;0;0;2;4;23;B01
201800004479;2;7;0;0;2;1;2;A01
201800004479;2;7;0;0;2;4;2;B01
201800004480;2;7;0;0;0;1;1;A01
201800004481;2;7;0;0;0;7;1;A01
201800004482;2;7;0;0;1;3;1;A01
201800004483;2;7;0;0;2;3;13;A01
201800004483;1;10;0;0;2;3;1;B01
201800004484;2;7;0;2;0;2;1;A01
201800004485;1;33;0;0;2;8;0;A01
201800004485;2;7;0;0;2;3;1;B01
201800004486;2;7;0;0;2;6;1;B01
201800004486;2;7;0;0;2;1;1;A01
201800004487;0;17;0;0;2;2;10;A01
201800004487;0;7;0;0;2;8;9;B01
201800004488;2;7;0;1;0;2;1;A01
201800004488;2;7;0;0;2;6;24;B01
201800004489;2;7;0;0;2;1;1;A01
201800004489;2;7;0;0;2;4;2;B01
201800004489;2;7;0;0;2;4;2;C01
201800004490;2;1;0;0;2;1;1;B01
201800004490;0;10;0;0;2;2;9;A01
201800004491;2;7;0;0;2;3;9;A01
201800004491;1;1;0;0;2;1;1;B01
201800004492;2;7;0;2;0;7;1;A01
201800004493;2;7;0;0;1;2;1;A01
201800004494;2;7;0;0;0;9;1;A01
201800004495;2;7;0;0;2;1;1;B01
201800004495;0;2;0;0;2;1;10;A01
201800004496;1;7;0;0;2;1;1;A01
201800004496;1;32;0;0;2;4;1;B01
201800004496;1;7;0;0;2;4;23;C01
201800004497;2;7;0;0;1;3;1;A01
201800004498;2;33;0;0;0;0;21;A01
201800004499;0;1;0;0;2;6;19;B01
201800004499;2;7;0;0;2;1;15;A01
201800004500;2;14;0;4;0;7;1;A01
201800004501;1;7;0;0;2;1;1;B01
201800004501;1;30;0;0;2;3;1;A01
201800004502;0;7;0;0;1;1;1;A01
201800004503;2;7;0;12;0;1;1;A01
201800004504;2;1;0;8;0;1;1;A01
201800004505;1;7;0;0;2;1;1;A01
201800004505;1;7;0;0;2;4;23;B01
201800004505;1;33;0;0;2;4;23;C01
201800004506;1;7;0;0;2;2;2;A01
201800004506;1;99;0;0;2;6;1;B01
201800004507;2;7;0;2;0;2;1;A01
201800004508;2;7;0;0;2;1;2;A01
201800004508;2;7;0;0;2;4;1;B01
201800004509;2;7;0;0;2;1;1;A01
201800004509;2;7;0;0;2;4;23;B01
201800004509;2;7;0;0;2;4;23;C01
201800004510;2;33;0;0;2;2;17;A01
201800004510;2;7;0;0;2;8;15;B01
201800004511;2;7;0;0;2;3;15;A01
201800004511;2;32;0;0;2;5;17;B01
201800004512;1;7;0;0;2;1;1;A01
201800004512;1;1;0;0;2;7;19;B01
201800004513;2;10;0;0;2;1;2;A01
201800004513;2;7;0;0;2;4;2;B01
201800004514;0;7;0;0;2;4;0;A01
201800004514;0;7;0;0;2;5;1;B01
201800004515;1;33;0;0;2;2;1;B01
201800004515;2;7;0;0;2;1;9;A01
201800004516;1;7;0;0;2;2;15;A01
201800004516;2;7;0;0;2;3;1;B01
201800004517;1;7;0;0;1;1;1;A01
201800004518;1;7;0;0;2;1;1;A01
201800004518;2;1;0;0;2;7;1;B01
201800004519;2;7;0;12;0;7;1;A01
201800004520;1;7;0;0;1;2;1;A01
201800004521;2;17;0;0;2;6;1;A01
201800004521;1;7;0;0;2;8;0;B01
201800004522;2;7;0;2;0;2;1;A01
201800004523;2;7;0;0;2;3;9;A01
201800004523;2;7;0;0;2;7;1;B01
201800004524;2;7;0;0;2;3;9;A01
201800004524;1;1;0;0;2;7;1;B01
201800004525;1;2;0;0;2;1;2;A01
201800004525;1;7;0;0;2;6;1;B01
201800004526;1;7;0;0;2;1;1;A01
201800004526;1;7;0;0;2;4;1;B01
201800004526;1;7;0;0;2;4;1;C01
201800004527;1;7;0;0;1;1;9;A01
201800004528;1;7;0;0;2;4;1;A01
201800004528;1;7;0;0;2;4;1;B01
201800004528;1;10;0;0;2;1;2;C01
201800004529;2;7;0;0;2;1;9;A01
201800004529;1;33;0;0;2;7;1;B01
201800004530;2;7;0;0;1;1;1;A01
201800004531;1;2;0;0;2;2;17;A01
201800004531;1;7;0;0;2;3;15;B01
201800004532;2;7;0;0;2;1;2;A01
201800004532;2;7;0;0;2;4;23;B01
201800004533;1;7;0;0;2;1;2;A01
201800004533;1;7;0;0;2;4;23;B01
201800004534;1;7;0;0;2;3;13;A01
201800004534;2;7;0;0;2;8;1;B01
201800004535;2;10;0;0;2;3;15;A01
201800004535;1;7;0;0;2;3;1;B01
201800004536;2;7;0;6;0;1;1;A01
201800004537;1;7;0;14;1;7;9;A01
201800004538;2;7;0;0;2;3;10;A01
201800004538;2;33;0;0;2;1;21;B01
201800004539;1;30;0;0;2;1;2;A01
201800004539;1;7;0;0;2;3;16;B01
201800004540;1;7;0;0;1;3;1;A01
201800004541;2;7;0;8;0;2;14;A01
201800004542;2;7;0;0;2;1;2;A01
201800004542;2;7;0;0;2;4;2;B01
201800004543;1;7;0;0;2;5;12;A01
201800004543;2;7;0;0;2;3;9;B01
201800004544;1;1;0;0;2;1;2;A01
201800004544;1;10;0;0;2;5;1;B01
201800004545;0;7;0;0;1;4;4;A01
201800004546;1;7;0;0;1;1;1;A01
201800004547;2;7;0;0;1;1;1;A01
201800004548;2;7;0;4;0;0;1;A01
201800004549;2;7;0;3;0;0;1;A01
201800004550;2;7;0;4;0;3;12;A01
201800004551;2;7;0;3;0;2;0;A01
201800004552;2;14;0;0;0;1;1;B01
201800004552;2;7;0;0;0;4;12;A01
201800004553;2;7;0;13;0;1;2;A01
201800004554;2;7;0;0;0;3;1;B01
201800004554;2;7;0;3;2;1;1;A01
201800004554;2;7;0;2;0;4;1;C01
201800004555;1;10;0;0;2;1;1;C01
201800004555;1;7;0;0;2;3;21;D01
201800004555;1;7;0;0;2;1;1;B01
201800004555;1;7;0;0;0;4;1;A01
201800004556;1;7;0;6;9;1;16;A01
201800004557;2;7;0;0;1;2;1;A01
201800004558;2;7;0;12;2;2;15;B01
201800004558;1;7;0;0;2;2;1;A01
201800004559;0;33;0;0;2;1;1;A01
201800004559;0;7;0;0;2;6;15;B01
201800004560;2;7;0;0;2;3;0;B01
201800004560;1;13;0;0;2;1;13;A01
201800004561;2;10;0;0;1;2;1;A01
201800004561;2;7;0;0;1;1;21;B01
201800004562;1;7;0;0;2;1;17;B01
201800004562;1;7;0;0;2;8;15;A01
201800004563;2;7;0;0;2;1;1;B01
201800004563;1;7;0;0;2;1;13;A01
201800004563;2;10;0;0;2;1;1;C01
201800004564;2;7;0;0;2;2;5;A01
201800004564;1;7;0;0;2;3;1;B01
201800004565;0;2;0;6;0;2;0;A01
201800004566;2;7;0;0;1;3;15;A01
201800004567;2;7;0;0;1;2;1;A01
201800004568;2;7;0;0;2;1;1;C01
201800004568;2;7;0;0;2;6;23;A01
201800004568;2;7;0;0;2;4;23;B01
201800004569;1;21;0;0;1;3;1;A01
201800004570;2;33;0;0;0;1;1;A01
201800004571;1;33;0;2;0;1;2;A01
201800004572;1;7;0;8;0;1;1;A01
201800004573;1;7;0;6;0;1;1;A01
201800004574;0;7;0;2;0;2;0;A01
201800004575;2;7;0;0;0;1;1;A01
201800004575;1;7;0;0;2;1;15;B01
201800004576;0;10;0;0;1;4;4;A01
201800004577;1;33;0;0;0;0;1;A01
201800004578;1;7;0;1;0;1;1;A01
201800004578;0;7;0;0;0;1;0;B01
201800004579;2;3;0;4;0;4;1;A01
201800004579;2;7;0;0;2;1;2;B01
201800004580;1;7;0;0;2;3;1;A01
201800004580;2;7;0;13;2;3;1;B01
201800004580;2;7;0;0;2;3;1;C01
201800004581;2;31;0;0;0;9;11;A01
201800004582;2;7;0;0;0;0;2;B01
201800004582;2;7;0;13;0;1;2;A01
201800004583;1;7;0;0;9;1;2;A01
201800004583;0;1;0;0;2;4;2;B01
201800004584;2;7;0;7;0;5;6;A01
201800004584;1;7;0;0;0;2;1;B01
201800004585;1;7;0;0;2;1;1;B01
201800004585;2;7;0;0;2;1;13;A01
201800004586;1;33;0;0;0;8;21;A01
201800004586;2;7;0;0;0;2;1;B01
201800004587;2;31;0;12;0;0;1;A01
201800004588;2;1;0;0;9;0;2;B01
201800004588;2;1;0;0;9;0;2;A01
201800004589;2;7;0;2;0;1;14;A01
201800004590;2;7;0;2;0;1;1;A01
201800004591;2;33;0;0;0;9;1;A01
201800004592;1;34;0;3;0;2;0;A01
201800004593;1;7;0;6;0;8;13;A01
201800004594;2;7;0;0;2;8;1;C01
201800004594;1;33;0;0;2;2;17;A01
201800004594;2;15;0;0;2;5;15;B01
201800004595;2;7;0;0;2;3;13;A01
201800004595;1;7;0;0;2;3;1;B01
201800004596;0;33;0;16;0;0;0;A01
201800004597;1;7;0;12;0;7;1;A01
201800004597;2;7;0;0;0;1;1;B01
201800004598;0;33;0;0;0;0;1;A01
201800004599;2;7;0;0;1;4;20;A01
201800004600;0;7;0;15;9;2;1;B01