num_acc;senc;catv;occutc;obs;obsm;choc;manv;num_veh
201800006770;2;17;0;0;2;3;2;A01
201800006770;2;7;0;0;2;3;0;C01
201800006770;2;7;0;0;2;5;2;B01
201800006771;1;17;0;3;9;1;1;A01
201800006772;1;10;0;0;2;6;1;B01
201800006772;1;7;0;0;2;2;12;A01
201800006773;2;7;0;0;0;5;24;C01
201800006773;2;7;0;1;0;2;14;A01
201800006773;2;7;0;0;1;6;24;B01
201800006774;2;7;0;0;2;3;2;A01
201800006774;2;7;0;0;2;5;2;B01
201800006775;0;1;0;0;2;1;1;B01
201800006775;0;3;0;11;9;1;15;A01
201800006776;2;7;0;13;0;2;1;A01
201800006777;2;7;0;0;2;3;15;A01
201800006777;1;2;0;0;2;8;1;B01
201800006778;1;32;0;0;0;7;21;A01
201800006779;1;10;0;6;0;2;1;A01
201800006780;1;14;0;0;0;5;1;B01
201800006780;1;1;0;0;2;3;13;A01
201800006781;2;10;0;0;2;1;2;A01
201800006781;2;7;0;0;0;6;1;B01
201800006782;2;7;0;5;0;3;1;A01
201800006783;1;7;0;0;2;4;2;A01
201800006783;1;7;0;0;2;1;2;B01
201800006784;1;7;0;0;2;1;2;A01
201800006784;1;7;0;0;2;4;24;B01
201800006785;1;7;0;13;0;4;4;A01
201800006786;1;7;0;0;2;3;19;A01
201800006786;1;33;0;0;2;3;1;B01
201800006787;1;7;0;0;2;3;13;A01
201800006787;2;7;0;0;2;3;1;B01
201800006788;1;7;0;0;0;4;23;A01
201800006788;1;7;0;0;2;1;1;B01
201800006789;0;7;0;0;2;7;19;B01
201800006789;0;1;0;0;2;7;19;A01
201800006790;1;7;0;0;2;2;1;B01
201800006790;1;3;0;0;2;1;1;A01
201800006790;2;7;0;10;2;1;6;C01
201800006791;0;7;0;9;1;2;1;A01
201800006792;2;7;0;0;0;2;1;B01
201800006792;2;7;0;0;0;8;1;C01
201800006792;1;10;0;0;0;1;19;A01
201800006792;2;7;0;0;0;1;1;D01
201800006793;0;1;0;0;2;1;1;B01
201800006793;0;7;0;0;9;1;0;A01
201800006794;1;33;0;0;2;1;1;A01
201800006794;2;7;0;0;2;3;15;B01
201800006795;0;10;0;0;1;4;4;A01
201800006796;1;2;0;0;2;1;17;A01
201800006796;1;7;0;0;2;3;15;B01
201800006797;1;33;0;10;0;2;15;A01
201800006798;0;1;0;0;2;1;1;B01
201800006798;0;7;0;0;9;1;11;A01
201800006799;1;7;0;0;1;4;4;A01
201800006800;0;33;0;12;0;0;1;A01
201800006801;1;7;0;6;0;9;0;A01
201800006802;0;7;0;0;1;1;1;A01
201800006803;0;33;0;0;0;0;1;A01
201800006804;0;31;0;12;0;1;1;A01
201800006805;2;7;0;0;1;2;1;A01
201800006806;0;30;0;0;0;0;1;A01
201800006807;0;7;0;0;1;1;1;A01
201800006808;2;7;0;0;1;2;1;A01
201800006809;1;7;0;0;1;1;1;A01
201800006810;2;7;0;0;2;7;1;A01
201800006810;2;17;0;0;2;1;1;B01
201800006811;2;33;0;0;2;2;13;A01
201800006811;1;14;0;0;2;2;1;B01
201800006812;2;7;0;0;2;1;1;A01
201800006812;2;17;0;0;2;4;1;B01
201800006813;1;7;0;0;0;9;0;A01
201800006814;1;15;0;0;0;0;2;A01
201800006814;1;31;0;0;0;0;2;B01
201800006815;2;7;0;0;2;7;1;B01
201800006815;2;7;0;3;2;1;1;A01
201800006816;1;7;0;0;0;1;1;A01
201800006817;1;7;0;0;0;1;1;A01
201800006818;1;7;0;3;2;8;1;B01
201800006818;1;7;0;3;2;2;14;A01
201800006819;2;7;0;0;2;3;1;B01
201800006819;2;17;0;0;0;5;2;A01
201800006820;2;7;0;4;0;1;1;A01
201800006821;2;10;0;0;2;2;1;A01
201800006821;2;15;0;0;0;4;1;B01
201800006821;2;7;0;0;0;7;1;D01
201800006821;2;7;0;0;0;8;1;E01
201800006821;2;7;0;0;0;5;1;F01
201800006821;2;7;0;0;0;5;1;G01
201800006821;1;7;0;0;9;2;1;H01
201800006822;2;7;0;3;0;3;1;A01
201800006823;1;10;0;3;0;3;12;A01
201800006824;1;7;0;4;0;9;2;A01
201800006825;2;7;0;7;0;1;2;A01
201800006826;2;14;0;1;0;1;21;A01
201800006826;2;16;0;0;0;0;23;C01
201800006827;2;7;0;0;2;2;12;A01
201800006827;2;17;0;0;0;6;1;B01
201800006828;2;15;0;0;2;3;1;B01
201800006828;2;7;0;0;2;8;9;A01
201800006829;2;10;0;0;0;6;2;B01
201800006829;2;31;0;14;2;1;2;A01
201800006830;2;7;0;0;2;4;2;B01
201800006830;2;30;0;0;2;1;2;A01
201800006831;1;33;0;4;0;7;9;A01
201800006832;1;7;0;0;2;8;13;A01
201800006832;1;33;0;0;2;7;2;B01
201800006833;1;7;0;0;2;1;1;A01
201800006833;1;7;0;0;1;4;23;B01
201800006834;1;10;0;6;2;0;0;A01
201800006834;2;7;0;0;2;8;1;B01
201800006835;2;7;0;0;6;8;15;B01
201800006835;2;2;0;0;2;1;2;A01
201800006836;2;10;0;3;0;8;9;A01
201800006837;1;33;0;0;9;1;5;A01
201800006837;2;1;0;0;2;1;1;B01
201800006838;1;7;0;0;2;7;13;A01
201800006838;2;7;0;0;2;1;1;B01
201800006839;2;7;0;0;2;3;1;A01
201800006839;1;31;0;0;2;8;1;B01
201800006840;1;7;0;0;1;6;4;A01
201800006841;2;7;0;0;2;3;15;A01
201800006841;1;32;0;0;2;1;1;B01
201800006842;1;10;0;0;1;4;0;A01
201800006843;2;33;0;0;2;1;1;B01
201800006843;2;10;0;0;2;7;19;A01
201800006844;2;7;0;0;2;2;1;A01
201800006844;2;7;0;0;2;3;23;C01
201800006844;2;33;0;0;2;1;1;B01
201800006845;1;7;0;1;0;1;19;A01
201800006846;1;7;0;0;1;3;1;A01
201800006847;1;7;0;13;0;1;1;A01
201800006848;2;7;0;0;2;1;2;A01
201800006848;2;17;0;0;2;6;2;B01
201800006849;2;7;0;3;0;1;1;A01
201800006850;0;15;0;2;0;1;14;A01
201800006851;1;7;0;1;0;2;0;A01
201800006851;1;7;0;0;2;6;24;B01
201800006852;1;7;0;1;0;8;2;A01
201800006852;1;7;0;1;0;1;2;B01
201800006852;1;7;0;3;0;4;1;C01
201800006853;2;7;0;0;9;3;1;E01
201800006853;2;7;0;0;9;0;1;F01
201800006853;2;7;0;0;9;3;1;C01
201800006853;2;7;0;0;9;1;1;D01
201800006853;1;15;0;13;2;5;1;A01
201800006854;1;33;0;3;0;0;1;A01
201800006855;2;7;0;13;9;2;1;A01
201800006856;2;7;0;0;2;1;2;A01
201800006856;2;7;0;0;2;4;2;B01
201800006857;2;14;0;0;0;9;1;A01
201800006858;2;7;0;2;0;4;2;B01
201800006858;2;7;0;0;2;2;2;A01
201800006859;0;13;0;0;2;2;15;A01
201800006859;0;17;0;0;2;3;1;B01
201800006860;1;99;0;3;0;1;1;A01
201800006861;2;7;0;0;2;1;1;C01
201800006861;2;7;0;0;2;4;1;A01
201800006861;2;7;0;0;2;1;1;B01
201800006862;2;38;1;0;2;2;0;B01
201800006862;2;7;0;2;0;7;14;A01
201800006863;2;7;0;3;0;8;0;A01
201800006864;1;17;0;0;2;1;2;A01
201800006864;1;17;0;0;0;4;2;B01
201800006865;2;7;0;0;2;3;15;A01
201800006865;2;33;0;0;2;1;1;B01
201800006865;1;7;0;0;2;2;1;C01
201800006866;2;17;0;0;0;4;2;A01
201800006866;2;10;0;3;2;1;2;B01
201800006867;1;10;0;0;0;4;23;B01
201800006867;1;7;0;0;2;1;12;A01
201800006868;1;7;0;8;0;0;17;A01
201800006869;2;7;0;0;2;8;1;B01
201800006869;2;10;0;0;2;2;14;A01
201800006870;2;7;0;0;2;1;2;B01
201800006870;2;15;0;0;0;6;2;A01
201800006871;2;17;0;0;0;4;23;A01
201800006871;2;17;0;0;2;1;1;B01
201800006872;1;7;0;2;0;0;0;A01
201800006873;1;7;0;0;2;1;1;C01
201800006873;1;33;0;0;2;1;13;A01
201800006873;2;15;0;0;2;1;1;B01
201800006874;2;7;0;3;2;6;11;B01
201800006874;2;7;0;3;2;2;1;A01
201800006875;1;7;0;0;2;3;2;A01
201800006875;1;7;0;0;2;4;23;B01
201800006875;1;7;0;0;0;6;23;C01
201800006876;2;7;0;13;0;1;14;A01
201800006877;1;7;0;0;0;1;1;A01
201800006878;2;34;0;16;0;2;0;A01
201800006879;1;7;0;0;2;4;2;B01
201800006879;1;7;0;0;2;4;2;C01
201800006879;1;7;0;0;2;1;2;A01
201800006879;1;7;0;0;0;4;2;D01
201800006880;1;17;0;13;0;1;1;A01
201800006881;2;17;0;0;2;6;23;B01
201800006881;2;7;0;0;2;1;11;A01
201800006882;2;10;0;0;2;1;2;A01
201800006882;2;17;0;0;2;4;1;B01
201800006883;2;7;0;13;0;1;0;A01
201800006884;1;33;0;0;0;2;1;A01
201800006885;2;7;0;13;0;1;1;A01
201800006886;1;7;0;3;2;1;11;A01
201800006886;1;7;0;0;2;5;1;B01
201800006887;1;33;0;6;0;6;17;A01
201800006888;2;33;0;0;9;1;0;A01
201800006889;2;33;0;0;0;7;1;A01
201800006890;2;15;0;0;0;7;2;A01
201800006891;1;7;0;16;;1;13;A01
201800006892;2;7;0;0;2;7;17;A01
201800006892;2;7;0;0;2;8;1;B01
201800006893;1;7;0;0;0;4;6;A01
201800006893;1;10;0;0;2;1;1;B01
201800006894;2;7;0;4;2;2;11;A01
201800006894;2;7;0;13;2;3;1;B01
201800006895;2;7;0;0;2;3;19;A01
201800006895;1;10;0;0;2;3;1;B01
201800006896;2;7;0;4;2;6;17;B01
201800006896;2;17;0;0;2;2;2;A01
201800006897;1;10;0;0;2;3;13;A01
201800006897;1;14;0;0;2;3;1;B01
201800006898;1;7;0;16;0;9;6;A01
201800006899;2;7;0;4;0;3;1;A01
201800006900;2;7;0;4;0;3;0;A01
201800006901;0;14;0;0;1;5;4;A01
201800006902;1;7;0;0;0;0;14;A01
201800006903;1;7;0;0;2;1;2;B01
201800006903;1;7;0;0;2;4;2;A01
201800006903;1;7;0;0;2;1;2;C01
201800006904;2;7;0;13;0;1;14;A01
201800006905;2;7;0;0;0;0;14;A01
201800006906;2;7;0;15;0;9;2;D01
201800006907;1;7;0;0;0;3;1;B01
201800006907;1;2;0;0;0;5;9;A01
201800006908;2;7;0;0;0;0;13;A01
201800006909;2;7;0;0;2;1;2;A01
201800006909;2;7;0;0;2;4;2;B01
201800006909;2;7;0;0;0;4;1;C01
201800006910;1;10;0;0;2;1;1;A01
201800006910;1;7;0;0;2;4;23;B01
201800006910;1;7;0;0;0;4;23;C01
201800006911;2;10;0;0;2;1;1;A01
201800006911;2;7;0;0;2;4;23;B01
201800006911;2;7;0;0;2;4;23;C01
201800006911;2;7;0;0;2;4;23;D01
201800006911;2;7;0;0;0;4;23;E01
201800006912;1;7;0;3;2;1;17;A01
201800006912;1;7;0;0;0;4;1;B01
201800006912;1;7;0;0;0;6;1;C01
201800006912;1;7;0;0;0;6;1;D01
201800006913;2;10;0;0;0;9;17;A01
201800006914;2;7;0;0;2;1;2;A01
201800006914;2;7;0;0;0;4;1;B01
201800006915;2;7;0;3;0;2;21;A01
201800006916;1;7;0;0;0;9;1;A01
201800006917;2;33;0;0;0;9;17;A01
201800006918;1;7;0;3;0;9;16;A01
201800006919;1;7;0;15;0;9;0;A01
201800006920;2;7;0;0;0;4;1;B01
201800006920;2;7;0;3;2;1;2;A01
201800006921;2;17;0;0;0;4;23;C01
201800006921;2;15;0;0;2;1;9;A01
201800006921;2;17;0;0;0;8;23;D01
201800006921;2;10;0;0;2;4;23;B01
201800006922;2;7;0;0;2;4;2;C01
201800006922;2;7;0;0;0;4;2;F01
201800006922;2;7;0;0;2;4;2;B01
201800006922;2;7;0;0;2;4;2;E01
201800006922;2;7;0;0;2;1;2;A01
201800006922;2;7;0;0;2;1;2;D01
201800006923;1;7;0;3;0;9;1;A01
201800006924;1;15;0;0;2;1;2;A01
201800006924;1;7;0;0;0;4;2;B01
201800006925;1;7;0;2;0;0;0;A01
201800006926;1;7;0;0;2;2;0;A01
201800006926;1;7;0;0;0;6;0;B01
201800006927;1;7;0;0;0;0;1;A01
201800006928;2;7;0;0;0;4;0;A01
201800006928;2;7;0;0;2;1;1;B01
201800006928;2;7;0;0;2;1;0;C01
201800006929;2;7;0;3;0;8;1;A01
201800006930;2;7;0;0;2;2;16;A01
201800006930;2;7;0;0;2;3;1;B01
201800006931;2;7;0;0;2;1;2;C01
201800006931;2;15;0;0;2;4;17;D01
201800006931;2;7;0;3;0;7;17;A01
201800006931;2;15;0;0;0;4;1;B01
201800006931;2;7;0;0;2;1;17;E01
201800006932;1;7;0;3;0;8;1;A01
201800006932;1;7;0;3;2;3;1;B01
201800006933;1;33;0;0;2;1;1;A01
201800006933;1;33;0;0;0;4;2;B01
201800006934;1;33;0;0;6;1;19;A01
201800006935;1;7;0;0;0;9;0;A01
201800006936;1;7;0;4;0;2;1;A01
201800006937;1;15;0;0;2;4;2;B01
201800006937;1;7;0;0;2;1;2;A01
201800006938;1;7;0;0;2;3;13;A01
201800006938;2;17;0;0;2;3;1;B01
201800006939;2;7;0;3;0;2;1;A01
201800006940;1;7;0;0;0;9;2;A01
201800006941;1;7;0;0;2;1;1;A01
201800006941;1;14;0;0;0;6;1;B01
201800006942;2;33;0;0;0;7;2;A01
201800006943;2;33;0;3;0;2;1;A01
201800006944;2;7;0;0;2;1;2;B01
201800006944;2;17;0;0;0;4;1;A01
201800006945;2;7;0;0;2;7;23;B01
201800006945;2;38;50;0;2;8;24;C01
201800006945;2;17;0;0;2;8;18;A01
201800006946;2;17;0;0;2;2;2;A01
201800006946;2;10;0;0;2;6;2;B01
201800006947;1;7;0;0;2;1;1;B01
201800006947;1;10;0;0;2;4;1;C01
201800006947;1;7;0;3;2;2;1;A01
201800006948;2;7;0;3;0;3;1;A01
201800006949;2;7;0;0;2;1;2;B01
201800006949;2;7;0;0;0;4;1;A01
201800006950;1;7;0;3;0;3;11;A01
201800006951;1;14;0;1;0;2;1;A01
201800006951;1;10;0;0;0;3;24;B01
201800006951;1;15;0;1;0;2;1;C01
201800006952;1;7;0;0;2;2;17;A01
201800006952;1;7;0;0;2;8;1;B01
201800006953;1;7;0;3;0;4;21;A01
201800006953;1;7;0;0;2;1;2;B01
201800006953;1;7;0;0;2;2;2;C01
201800006953;2;7;0;0;9;3;0;D01
201800006954;1;15;0;0;2;0;23;A01
201800006954;0;99;0;0;2;0;0;R01
201800006955;1;17;0;0;2;6;1;D01
201800006955;1;7;0;0;2;1;1;A01
201800006956;2;17;0;0;2;8;1;B01
201800006956;1;7;0;0;2;3;13;A01
201800006957;2;13;0;0;0;3;1;B01
201800006957;2;7;0;0;2;2;15;A01
201800006958;1;7;0;0;2;1;17;A01
201800006958;1;7;0;0;2;4;1;B01
201800006958;2;7;0;3;2;8;1;C01
201800006958;2;7;0;13;2;8;1;D01
201800006959;2;7;0;0;2;2;2;A01
201800006959;2;15;0;0;2;6;1;B01
201800006960;2;33;0;0;2;5;1;A01
201800006960;1;7;0;0;2;5;11;B01
201800006961;1;33;0;0;2;1;1;B01
201800006961;2;7;0;0;2;3;13;A01
201800006962;1;34;0;0;0;2;3;A01
201800006962;2;7;0;0;0;2;19;B01
201800006963;1;2;0;0;0;3;1;A01
201800006963;2;7;0;0;0;0;15;B01
201800006964;0;7;0;0;2;3;13;A01
201800006964;0;13;0;0;2;8;1;B01
201800006965;0;33;0;0;0;0;1;A01
201800006966;1;7;0;0;1;3;1;A01
201800006967;2;7;0;7;2;2;2;A01
201800006967;0;31;0;0;2;8;1;B01
201800006968;0;2;0;0;2;1;1;A01
201800006968;0;7;0;0;2;8;1;B01
201800006969;0;33;0;0;0;0;1;A01
201800006970;1;7;0;0;9;2;9;A01
201800006970;2;1;0;0;2;1;1;B01
201800006971;2;34;0;0;1;1;17;A01
201800006972;0;7;0;0;2;4;2;A01
201800006972;0;2;0;0;2;1;2;B01
201800006973;1;1;0;3;0;1;16;A01
201800006973;2;7;0;0;0;0;0;B01
201800006974;0;7;0;0;2;3;9;A01
201800006974;0;33;0;0;2;3;1;B01
201800006975;2;7;0;0;2;3;15;A01
201800006975;1;2;0;0;2;1;17;B01
201800006976;2;7;0;0;2;7;13;A01
201800006976;1;7;0;0;2;1;1;B01
201800006977;2;7;0;0;1;2;1;A01
201800006978;0;7;0;0;2;3;1;B01
201800006978;0;7;0;0;2;3;13;A01
201800006979;1;7;0;0;2;7;13;A01
201800006979;1;7;0;0;2;1;1;B01
201800006980;1;7;0;0;2;8;1;B01
201800006980;1;2;0;0;2;8;3;A01
201800006980;1;7;0;0;2;7;1;C01
201800006981;2;7;0;16;0;0;6;A01
201800006982;1;7;0;0;0;8;1;B01
201800006982;1;1;0;0;2;1;19;A01
201800006983;1;33;0;0;2;8;1;B01
201800006983;1;10;0;0;2;7;12;A01
201800006984;2;7;0;2;2;1;0;B01
201800006984;1;7;0;0;2;3;13;A01
201800006985;2;7;0;13;0;1;13;A01
201800006986;2;7;0;0;2;2;19;A01
201800006986;1;30;0;0;2;1;1;B01
201800006987;1;7;0;0;2;3;15;A01
201800006987;2;33;0;0;2;1;1;B01
201800006988;1;1;0;0;0;6;1;A01
201800006988;1;7;0;0;9;2;2;B01
201800006989;1;33;0;0;2;1;1;A01
201800006989;0;7;0;0;2;3;9;B01
201800006990;1;7;0;0;2;1;1;C01
201800006990;2;7;0;0;2;3;13;A01
201800006990;1;7;0;0;2;8;1;B01
201800006991;2;31;0;0;2;8;13;A01
201800006991;1;7;0;0;2;7;13;B01
201800006992;1;7;0;0;2;3;15;A01
201800006992;2;7;0;0;2;1;1;B01
201800006992;1;7;0;0;2;2;1;C01
201800006993;0;7;0;0;9;7;16;A01
201800006993;0;1;0;0;2;1;1;B01
201800006994;1;7;0;0;2;2;1;B01
201800006994;2;7;0;6;2;1;5;A01
201800006995;0;33;0;0;2;1;1;B01
201800006995;1;7;0;0;2;3;1;A01
201800006996;0;7;0;4;0;3;12;A01
201800006997;2;7;0;0;0;0;21;A01
201800006998;0;7;0;0;1;2;1;A01
201800006999;2;17;0;0;2;2;2;A01
201800006999;2;37;19;0;2;6;1;B01
201800007000;1;7;0;2;0;1;14;A01
201800007001;1;15;0;0;0;0;23;B01
201800007001;1;7;0;0;2;3;12;A01
201800007002;2;7;0;0;0;0;0;B01
201800007002;2;7;0;4;0;9;13;A01
201800007003;2;7;0;4;0;1;16;A01
201800007004;1;2;0;0;0;4;2;B01
201800007004;1;7;0;0;2;2;2;A01
201800007005;2;7;0;0;0;5;23;C01
201800007005;2;7;0;0;2;1;12;B01
201800007005;2;7;0;0;2;4;12;A01
201800007006;2;17;0;0;0;5;2;B01
201800007006;2;10;0;0;2;1;2;A01
201800007007;2;7;0;4;0;2;1;A01
201800007008;2;7;0;0;0;5;1;B01
201800007008;2;7;0;0;2;3;11;A01
201800007009;2;7;0;0;2;5;2;B01
201800007009;2;33;0;0;2;1;2;A01
201800007009;2;7;0;0;0;4;2;C01
201800007010;2;7;0;0;2;4;2;E01
201800007010;2;7;0;0;2;4;2;C01
201800007010;2;7;0;0;2;4;0;D01
201800007010;2;7;0;0;2;4;2;A01
201800007010;2;7;0;0;2;4;2;F01
201800007010;2;7;0;0;2;4;2;B01
201800007011;2;17;0;0;0;4;2;B01
201800007011;2;7;0;0;2;1;2;A01
201800007012;2;7;0;3;0;1;1;A01
201800007012;2;7;0;1;0;1;2;B01
201800007013;2;17;0;13;0;2;2;A01
201800007014;2;7;0;4;2;3;2;A01
201800007014;2;7;0;0;2;5;2;B01
201800007015;2;17;0;0;2;2;2;A01
201800007015;2;15;0;0;0;6;1;B01
201800007015;2;7;0;0;0;6;23;C01
201800007016;1;7;0;0;1;2;1;A01
201800007017;0;7;0;0;1;2;1;A01
201800007018;2;7;0;0;1;2;16;A01
201800007019;0;2;0;0;2;7;17;B01
201800007019;0;7;0;0;2;8;15;A01
201800007020;2;7;0;0;2;3;13;A01
201800007020;1;33;0;0;2;8;17;B01
201800007021;0;10;0;0;1;0;16;A01
201800007022;2;2;0;0;2;3;1;B01
201800007022;1;33;0;0;2;1;16;A01
201800007023;1;7;0;0;2;1;19;A01
201800007023;2;33;0;0;2;1;1;B01
201800007024;0;1;0;0;2;1;0;A01
201800007024;0;7;0;0;9;6;1;B01
201800007025;2;7;0;4;2;2;17;A01
201800007025;2;17;0;0;0;6;2;B01
201800007026;2;7;0;1;0;1;2;B01
201800007026;2;7;0;9;0;6;23;A01
201800007027;2;7;0;0;2;6;2;B01
201800007027;2;7;0;0;2;2;2;A01
201800007028;2;14;0;0;2;2;1;B01
201800007028;1;7;0;0;2;3;16;A01
201800007029;1;7;0;0;2;3;13;A01
201800007029;2;17;0;0;2;6;1;B01
201800007030;2;15;0;0;2;1;2;A01
201800007030;2;7;0;0;0;4;2;B01
201800007031;1;7;0;4;0;9;12;A01
201800007032;2;17;0;0;2;2;1;A01
201800007032;2;7;0;0;2;3;0;B01
201800007033;1;7;0;0;2;2;2;A01
201800007033;1;7;0;0;2;6;2;B01
201800007033;2;7;0;0;1;2;1;C01
201800007034;1;7;0;4;0;3;0;A01
201800007035;2;7;0;3;2;3;1;A01
201800007035;2;17;0;0;0;5;1;B01
201800007036;0;32;0;4;0;1;13;A01
201800007037;1;17;0;2;0;2;2;A01
201800007038;1;13;0;0;2;3;2;B01
201800007038;1;7;0;0;2;4;2;A01
201800007039;2;10;0;0;2;1;1;A01
201800007039;2;17;0;0;0;6;1;B01
201800007040;0;13;0;0;2;2;1;A01
201800007040;0;7;0;0;2;8;1;B01
201800007041;1;7;0;0;2;6;2;A01
201800007041;1;7;0;0;2;6;2;B01
201800007041;2;99;0;0;2;0;5;C01
201800007042;2;7;0;0;2;6;0;I01
201800007042;2;7;0;0;2;7;12;E01
201800007042;2;7;0;0;2;1;0;D01
201800007042;2;7;0;4;2;4;0;G01
201800007042;2;7;0;0;2;1;0;J01
201800007042;2;7;0;0;2;1;0;C01
201800007042;2;7;0;4;2;3;0;B01
201800007042;2;13;0;0;2;0;0;K01
201800007042;2;7;0;0;2;0;0;H01
201800007042;2;7;0;4;2;5;0;F01
201800007042;2;7;0;0;2;0;0;L01
201800007042;2;10;0;0;2;3;1;A01
201800007043;2;7;0;0;2;2;2;A01
201800007043;2;7;0;0;2;4;2;B01
201800007044;0;7;0;0;2;4;11;A01
201800007044;1;7;0;0;2;1;1;B01
201800007045;1;7;0;3;2;6;1;A01
201800007045;1;15;0;0;2;0;12;B01
201800007046;2;15;0;0;2;1;1;B01
201800007046;1;7;0;0;0;8;19;A01
201800007047;2;7;0;13;0;9;13;A01
201800007048;2;7;0;0;0;8;1;B01
201800007048;1;7;0;0;0;8;1;A01
201800007049;0;21;0;0;2;1;1;B01
201800007049;0;7;0;15;2;1;1;A01
201800007050;0;7;0;6;0;3;0;A01
201800007051;1;7;0;0;2;5;19;A01
201800007051;1;2;0;0;2;1;1;B01
201800007052;0;7;0;6;2;7;1;B01
201800007052;0;7;0;0;2;1;19;A01
201800007053;1;7;0;6;0;9;0;A01
201800007054;1;7;0;0;0;1;1;A01
201800007054;1;7;0;0;0;4;20;B01
201800007055;1;7;0;0;2;1;1;A01
201800007055;2;10;0;0;2;1;1;B01
201800007056;2;33;0;13;2;1;1;A01
201800007056;1;7;0;0;2;8;15;B01
201800007057;0;13;0;0;2;3;1;B01
201800007057;0;13;0;0;2;6;1;A01
201800007058;2;2;0;0;0;0;16;A01
201800007059;2;33;0;0;0;0;17;A01
201800007060;0;17;0;0;2;2;9;A01
201800007060;1;33;0;0;2;1;1;B01
201800007061;1;7;0;8;0;7;13;A01
201800007062;1;33;0;0;2;1;1;A01
201800007062;1;7;0;0;2;6;11;B01
201800007063;0;7;0;0;1;3;1;A01
201800007064;1;33;0;0;1;0;0;A01
201800007065;0;33;0;0;2;7;3;A01
201800007065;0;7;0;0;2;3;11;B01
201800007066;2;7;0;0;2;3;1;B01
201800007066;1;34;0;0;2;1;13;A01
201800007067;0;7;0;0;2;8;19;A01
201800007067;1;31;0;0;2;1;1;B01
201800007068;0;7;0;0;0;4;1;A01
201800007068;0;2;0;0;2;1;1;B01
201800007069;1;2;0;0;2;4;0;A01
201800007069;1;7;0;0;2;1;1;B01
201800007069;2;7;0;0;2;3;1;C01
201800007070;2;7;0;0;2;3;19;A01
201800007070;1;33;0;0;2;1;1;B01
201800007071;0;7;0;0;1;1;1;A01
201800007072;2;7;0;0;2;1;14;A01
201800007072;2;7;0;0;2;8;1;B01
201800007073;0;10;0;0;2;6;4;A01
201800007073;0;34;0;0;2;2;1;B01
201800007074;0;7;0;12;0;7;1;A01
201800007075;1;33;0;0;0;2;16;A01
201800007076;1;1;0;0;9;2;1;A01
201800007076;2;1;0;0;9;1;1;B01
201800007077;1;32;0;8;0;8;1;A01
201800007078;0;33;0;0;2;1;1;A01
201800007078;0;7;0;0;2;1;13;B01
201800007079;0;37;1;0;2;1;1;B01
201800007079;0;7;0;0;2;1;9;A01
201800007080;1;7;0;0;2;1;13;A01
201800007080;2;13;0;0;2;1;1;B01
201800007081;0;7;0;15;0;1;1;A01
201800007082;0;2;0;0;0;2;0;A01
201800007083;0;7;0;0;2;3;17;A01
201800007083;0;32;0;0;2;7;17;B01
201800007084;0;32;0;0;0;8;2;A01
201800007085;0;7;0;0;0;0;19;A01
201800007085;0;34;0;6;0;7;21;B01
201800007086;0;7;0;8;0;2;13;A01
201800007087;0;33;0;0;1;1;1;A01
201800007088;2;33;0;0;2;7;17;A01
201800007088;2;7;0;0;2;3;15;B01
201800007089;0;7;0;0;1;1;1;A01
201800007090;0;7;0;0;1;1;1;A01
201800007091;0;7;0;8;0;9;0;A01
201800007092;0;7;0;0;1;1;15;A01
201800007093;0;7;0;0;2;3;9;A01
201800007093;0;1;0;0;0;4;2;B01
201800007094;2;7;0;6;0;1;1;A01
201800007095;0;7;0;8;0;8;6;A01
201800007096;0;7;0;0;2;3;15;A01
201800007096;0;33;0;0;2;1;1;B01
201800007097;0;7;0;0;2;3;13;A01
201800007097;0;33;0;0;2;7;17;B01
201800007098;0;7;0;0;9;1;15;A01
201800007098;0;1;0;0;2;7;1;B01
201800007099;0;7;0;0;1;1;1;A01
201800007100;1;33;0;0;2;1;13;A01
201800007100;2;7;0;0;2;1;1;B01
201800007101;1;7;0;0;2;2;15;A01
201800007101;2;33;0;0;2;1;1;B01
201800007102;2;7;0;0;0;0;10;B01
201800007102;2;2;0;0;0;0;1;A01
201800007103;0;7;0;0;2;3;15;A01
201800007103;0;2;0;0;2;1;1;B01
201800007104;0;7;0;0;1;2;1;A01
201800007105;0;10;0;0;2;3;19;A01
201800007105;0;10;0;0;2;2;19;B01
201800007106;0;2;0;0;2;1;1;A01
201800007106;0;7;0;0;2;2;15;B01
201800007107;2;7;0;0;2;2;15;A01
201800007107;1;33;0;0;2;1;1;B01
201800007108;1;2;0;0;2;1;1;A01
201800007108;2;7;0;0;2;8;1;B01
201800007109;1;33;0;0;2;1;1;B01
201800007109;2;7;0;0;2;2;15;A01
201800007110;0;7;0;0;2;7;1;B01
201800007110;0;1;0;0;2;1;19;A01
201800007111;1;7;0;0;2;3;1;B01
201800007111;2;33;0;0;2;1;17;A01
201800007112;2;31;0;0;1;2;1;A01
201800007113;0;7;0;0;2;3;1;A01
201800007113;0;32;0;0;2;2;1;B01
201800007114;0;7;0;0;0;2;14;A01
201800007115;2;7;0;0;2;7;15;A01
201800007115;1;33;0;0;2;1;1;B01
201800007116;1;7;0;0;2;2;15;A01
201800007116;1;1;0;0;2;1;1;B01
201800007116;1;1;0;0;2;1;1;C01
201800007116;1;1;0;0;0;1;1;D01
201800007117;2;7;0;0;0;3;5;A01
201800007117;1;7;0;0;2;1;1;B01