num_acc;senc;catv;occutc;obs;obsm;choc;manv;num_veh
201800007480;0;7;0;4;0;5;1;A01
201800007481;1;1;0;0;2;1;16;A01
201800007481;2;7;0;0;2;1;15;B01
201800007482;2;7;0;8;2;8;19;A01
201800007482;1;7;0;0;2;1;1;B01
201800007483;0;7;0;4;0;2;18;A01
201800007484;0;7;0;0;1;1;1;A01
201800007485;0;7;0;4;0;5;14;A01
201800007486;0;7;0;0;2;4;23;C01
201800007486;0;7;0;0;2;9;23;B01
201800007486;0;7;0;0;2;1;2;A01
201800007487;0;7;0;0;2;1;1;A01
201800007487;0;35;0;0;2;7;1;B01
201800007488;1;7;0;0;2;4;1;B01
201800007488;1;30;0;0;2;1;1;A01
201800007489;1;7;0;0;2;6;15;A01
201800007489;1;1;0;0;2;6;0;B01
201800007490;0;7;0;0;2;4;1;B01
201800007490;0;7;0;0;2;1;1;A01
201800007491;2;7;0;0;0;4;1;B01
201800007491;2;7;0;0;2;1;1;A01
201800007492;1;7;0;2;0;1;1;A01
201800007493;0;7;0;15;2;3;13;A01
201800007493;0;15;0;0;2;8;1;B01
201800007494;0;1;0;0;1;0;0;A01
201800007495;0;2;0;0;0;0;0;A01
201800007496;1;33;0;0;2;1;0;A01
201800007496;2;7;0;0;2;2;15;B01
201800007497;0;2;0;14;0;1;1;A01
201800007498;0;31;0;12;0;2;21;A01
201800007499;0;7;0;0;2;3;5;A01
201800007499;0;7;0;0;2;1;15;B01
201800007500;0;99;0;0;1;0;1;A01
201800007501;1;1;0;0;2;1;1;A01
201800007501;2;7;0;0;9;2;16;B01
201800007502;0;7;0;0;0;0;22;A01
201800007502;0;1;0;0;0;0;21;B01
201800007503;0;1;0;0;2;2;1;B01
201800007503;0;10;0;0;2;6;4;A01
201800007504;0;33;0;0;0;6;0;B01
201800007504;2;7;0;0;2;3;9;A01
201800007505;1;7;0;0;2;3;1;A01
201800007505;1;7;0;0;2;3;1;B01
201800007506;0;7;0;0;2;7;1;A01
201800007506;0;7;0;0;2;2;23;B01
201800007507;2;33;0;0;2;1;13;B01
201800007507;2;7;0;0;2;6;10;A01
201800007508;0;7;0;0;1;2;1;A01
201800007509;1;10;0;0;2;3;1;A01
201800007509;2;30;0;0;2;1;5;B01
201800007510;0;2;0;0;2;1;18;A01
201800007510;1;7;0;0;2;7;16;B01
201800007511;0;7;0;0;1;2;1;A01
201800007512;2;7;0;0;2;8;10;A01
201800007512;2;33;0;0;2;2;17;B01
201800007513;0;33;0;0;2;2;1;B01
201800007513;0;7;0;0;2;5;15;A01
201800007514;0;7;0;0;0;6;15;A01
201800007514;0;2;0;0;2;1;2;B01
201800007515;2;10;0;0;2;8;9;A01
201800007515;1;1;0;0;2;1;1;B01
201800007516;2;7;0;0;2;3;13;A01
201800007516;1;7;0;0;2;8;1;B01
201800007517;1;7;0;0;2;1;13;A01
201800007517;2;7;0;0;2;1;1;B01
201800007518;0;7;0;0;1;2;1;A01
201800007519;0;7;0;0;9;2;16;A01
201800007519;0;1;0;0;2;1;23;B01
201800007520;0;7;0;0;1;3;1;A01
201800007521;1;10;0;0;1;1;1;A01
201800007522;0;7;0;0;2;3;17;A01
201800007522;0;7;0;0;2;8;1;B01
201800007523;1;7;0;3;0;2;2;A01
201800007524;1;33;0;0;0;1;14;A01
201800007525;1;33;0;0;2;3;21;A01
201800007526;2;7;0;0;2;3;1;A01
201800007526;1;17;0;0;2;0;1;C01
201800007526;1;15;0;0;2;8;1;B01
201800007527;2;7;0;0;2;1;1;A01
201800007527;2;15;0;0;0;4;2;B01
201800007528;2;7;0;13;0;1;1;A01
201800007529;1;31;0;14;0;9;15;A01
201800007530;1;2;0;0;2;1;2;A01
201800007530;1;7;0;0;0;4;1;B01
201800007531;1;7;0;0;2;6;9;A01
201800007531;2;2;0;0;2;1;2;B01
201800007532;0;10;0;0;1;5;4;A01
201800007533;1;17;0;0;1;0;1;A01
201800007534;1;7;0;2;0;1;1;A01
201800007535;1;7;0;0;2;2;1;A01
201800007535;1;15;0;0;2;6;1;B01
201800007536;1;7;0;0;2;1;1;B01
201800007536;2;7;0;10;2;1;1;A01
201800007537;1;7;0;0;2;3;17;A01
201800007537;1;17;0;0;2;6;1;C01
201800007537;1;7;0;3;2;7;17;B01
201800007538;1;33;0;4;0;2;1;A01
201800007539;1;37;25;0;0;6;1;B01
201800007539;1;7;0;5;2;2;2;A01
201800007540;1;7;0;13;0;9;13;A01
201800007541;0;7;0;0;2;2;9;A01
201800007541;0;7;0;0;2;1;1;B01
201800007542;0;7;0;0;1;3;1;A01
201800007543;1;7;0;0;1;1;1;A01
201800007544;0;7;0;2;0;4;0;A01
201800007544;0;13;0;0;2;1;0;B01
201800007545;1;2;0;0;0;0;1;A01
201800007546;1;7;0;0;2;1;1;A01
201800007546;1;7;0;0;1;4;23;B01
201800007547;2;7;0;0;2;1;2;A01
201800007547;2;7;0;0;2;4;2;B01
201800007547;2;7;0;0;2;7;1;C01
201800007548;2;7;0;0;2;7;17;A01
201800007548;2;7;0;0;0;6;1;B01
201800007549;2;7;0;13;0;1;0;A01
201800007550;2;7;0;13;0;2;2;A01
201800007551;1;32;0;0;0;1;1;A01
201800007552;1;7;0;0;0;8;22;A01
201800007552;1;15;0;1;0;2;1;B01
201800007553;2;10;0;3;0;9;14;A01
201800007554;1;7;0;5;0;2;1;A01
201800007555;1;7;0;13;0;2;0;A01
201800007556;1;7;0;0;0;7;12;B01
201800007556;1;31;0;0;2;1;3;A01
201800007557;2;30;0;12;0;1;1;A01
201800007558;1;7;0;13;0;2;1;A01
201800007559;1;7;0;0;0;4;1;C01
201800007559;1;7;0;0;2;1;1;B01
201800007559;1;7;0;16;0;9;14;A01
201800007560;2;7;0;0;2;6;2;B01
201800007560;2;7;0;0;2;1;2;C01
201800007560;2;7;0;0;2;2;17;A01
201800007561;1;33;0;0;2;1;1;A01
201800007561;0;7;0;0;2;8;15;B01
201800007562;1;7;0;0;2;1;2;B01
201800007562;1;7;0;3;0;4;2;A01
201800007563;1;7;0;13;0;3;1;A01
201800007564;2;7;0;0;2;1;2;B01
201800007564;2;17;0;0;0;4;1;A01
201800007565;1;7;0;15;0;0;1;A01
201800007566;2;7;0;0;2;8;1;B01
201800007566;1;7;0;0;2;1;1;A01
201800007567;1;7;0;0;1;1;2;A01
201800007568;1;7;0;3;2;4;23;B01
201800007568;1;7;0;0;2;1;1;A01
201800007568;1;7;0;0;2;4;23;C01
201800007569;1;31;0;0;0;8;1;A01
201800007570;1;7;0;0;2;1;2;A01
201800007570;1;7;0;0;2;9;2;C01
201800007570;1;7;0;0;2;4;2;D01
201800007570;1;7;0;0;2;9;2;B01
201800007571;1;7;0;0;2;3;1;B01
201800007571;1;7;0;0;2;2;1;A01
201800007572;1;7;0;0;2;3;15;B01
201800007572;1;30;0;0;2;1;17;A01
201800007573;1;2;0;0;2;5;2;B01
201800007573;1;7;0;0;2;2;2;A01
201800007574;1;7;0;0;2;1;2;A01
201800007574;1;7;0;0;2;4;2;B01
201800007575;1;7;0;0;2;1;2;A01
201800007575;1;7;0;0;2;4;2;B01
201800007576;1;7;0;0;2;4;2;C01
201800007576;1;7;0;0;2;1;2;B01
201800007576;1;7;0;0;2;1;2;A01
201800007577;1;7;0;1;2;8;20;A01
201800007577;1;2;0;0;2;7;2;B01
201800007578;1;7;0;0;2;2;19;A01
201800007578;1;7;0;0;2;3;1;B01
201800007578;1;7;0;0;2;1;23;C01
201800007579;1;7;0;0;0;9;1;A01
201800007580;1;7;0;0;1;2;2;A01
201800007581;1;7;0;0;2;2;1;B01
201800007581;2;7;0;0;2;1;19;A01
201800007582;2;33;0;0;2;3;1;B01
201800007582;2;17;0;0;2;2;16;A01
201800007583;2;2;0;0;2;6;19;A01
201800007583;1;7;0;0;2;1;1;B01
201800007584;1;2;0;0;2;1;1;B01
201800007584;2;7;0;0;2;3;15;A01
201800007585;1;7;0;0;2;1;2;A01
201800007585;1;7;0;0;2;4;2;B01
201800007586;1;7;0;0;2;2;13;A01
201800007586;2;33;0;0;2;1;2;B01
201800007587;2;7;0;1;0;2;14;A01
201800007588;1;7;0;0;1;2;2;A01
201800007589;2;7;0;0;0;9;13;A01
201800007590;1;30;0;0;2;1;1;B01
201800007590;1;7;0;0;2;3;13;A01
201800007591;1;7;0;0;2;3;1;B01
201800007591;1;7;0;0;2;1;13;A01
201800007592;1;2;0;0;0;0;1;A01
201800007593;1;7;0;0;2;2;11;A01
201800007593;1;33;0;0;2;1;1;B01
201800007594;1;7;0;0;0;1;14;A01
201800007595;0;32;0;6;0;1;0;A01
201800007596;1;7;0;0;2;1;2;B01
201800007596;1;37;1;0;2;1;2;A01
201800007596;1;7;0;0;2;4;2;C01
201800007597;1;33;0;0;0;7;1;A01
201800007598;1;7;0;2;0;2;14;A01
201800007599;1;33;0;0;0;9;1;A01
201800007600;1;32;0;0;0;1;1;A01
201800007601;1;7;0;0;2;4;2;B01
201800007601;1;7;0;0;2;1;2;A01
201800007602;1;7;0;0;1;0;1;A01
201800007603;1;33;0;0;0;0;1;A01
201800007604;0;33;0;8;0;7;13;A01
201800007605;1;7;0;0;2;2;1;B01
201800007605;1;7;0;0;2;3;19;A01
201800007606;1;7;0;0;2;2;15;A01
201800007606;2;30;0;0;2;3;1;B01
201800007607;0;7;0;0;2;3;9;A01
201800007607;0;7;0;0;2;2;1;B01
201800007608;1;7;0;0;1;0;1;A01
201800007609;1;7;0;0;2;4;1;B01
201800007609;0;30;0;0;2;1;1;A01
201800007610;0;7;0;0;2;3;16;B01
201800007610;1;33;0;0;2;1;1;A01
201800007611;2;7;0;0;2;3;15;B01
201800007611;1;7;0;0;2;3;1;A01
201800007612;0;7;0;0;2;1;15;A01
201800007612;0;7;0;0;2;1;1;B01
201800007613;1;30;0;0;0;8;15;A01
201800007614;2;7;0;0;2;3;1;B01
201800007614;1;7;0;0;2;1;1;A01
201800007615;1;7;0;0;2;1;6;A01
201800007615;1;7;0;0;2;5;1;B01
201800007615;1;7;0;0;2;7;1;C01
201800007616;0;7;0;0;2;1;1;A01
201800007616;0;7;0;0;2;4;1;B01
201800007617;1;7;0;0;0;9;1;A01
201800007618;0;7;0;0;2;4;1;B01
201800007618;0;99;0;0;2;1;1;A01
201800007619;0;10;0;0;2;4;1;B01
201800007619;0;7;0;0;2;1;1;A01
201800007620;1;7;0;0;2;3;13;A01
201800007620;1;7;0;0;2;2;1;B01
201800007621;1;1;0;0;2;4;11;B01
201800007621;1;7;0;0;2;2;11;A01
201800007622;1;7;0;0;2;4;0;B01
201800007622;1;7;0;0;2;1;2;A01
201800007623;1;1;0;0;2;4;2;B01
201800007623;1;7;0;0;2;1;2;A01
201800007624;2;7;0;0;2;3;19;A01
201800007624;1;7;0;0;2;1;1;B01
201800007625;2;7;0;0;2;2;19;B01
201800007625;1;2;0;0;2;1;1;A01
201800007626;0;33;0;0;2;1;1;B01
201800007626;0;7;0;0;2;4;4;A01
201800007627;2;10;0;0;2;4;1;B01
201800007627;2;7;0;0;2;1;1;A01
201800007628;1;7;0;0;2;8;10;A01
201800007628;1;31;0;0;2;1;1;B01
201800007629;1;2;0;0;2;1;1;B01
201800007629;2;7;0;0;2;3;0;A01
201800007630;2;33;0;0;0;9;21;A01
201800007631;1;33;0;0;0;7;1;A01
201800007632;2;37;10;0;0;0;1;A01
201800007633;0;7;0;0;2;3;1;A01
201800007633;0;7;0;0;2;5;1;B01
201800007634;0;7;0;0;2;4;2;B01
201800007634;1;10;0;0;2;2;2;A01
201800007635;1;1;0;0;0;7;1;A01
201800007636;2;7;0;0;2;5;0;B01
201800007636;2;7;0;0;2;1;1;A01
201800007637;0;30;0;0;0;7;1;A01
201800007638;1;10;0;1;0;2;1;A01
201800007638;1;7;0;0;2;6;0;B01
201800007639;1;31;0;0;2;8;16;A01
201800007639;1;7;0;0;2;8;1;C01
201800007639;1;7;0;0;2;8;1;B01
201800007640;1;7;0;0;2;8;1;B01
201800007640;2;7;0;0;2;8;13;A01
201800007641;1;7;0;0;0;9;1;A01
201800007642;0;30;0;0;0;7;1;A01
201800007643;1;7;0;0;2;1;2;A01
201800007643;1;7;0;0;2;4;1;B01
201800007644;0;7;0;0;0;3;1;A01
201800007645;1;1;0;0;2;1;0;B01
201800007645;1;7;0;0;2;2;17;A01
201800007646;1;7;0;2;0;1;13;A01
201800007647;0;7;0;0;2;4;2;C01
201800007647;0;7;0;0;2;4;2;B01
201800007647;0;14;0;0;2;3;2;A01
201800007648;1;7;0;13;0;2;14;A01
201800007649;0;2;0;0;2;1;1;B01
201800007649;0;7;0;0;2;3;15;A01
201800007650;1;33;0;0;2;8;17;A01
201800007650;2;7;0;0;2;8;1;B01
201800007650;1;7;0;0;6;3;1;C01
201800007651;1;7;0;0;2;3;13;A01
201800007651;2;7;0;0;2;1;1;B01
201800007652;1;33;0;0;2;4;1;A01
201800007652;1;1;0;0;2;4;1;B01
201800007653;2;7;0;1;2;6;11;A01
201800007653;2;33;0;0;2;2;0;B01
201800007654;2;2;0;0;2;8;1;A01
201800007655;1;7;0;0;0;1;16;A01
201800007656;1;7;0;0;2;7;1;B01
201800007656;1;7;0;0;2;3;13;A01
201800007657;1;7;0;3;0;1;1;A01
201800007658;1;7;0;0;2;4;1;C01
201800007658;1;7;0;0;2;1;2;A01
201800007658;1;7;0;0;2;9;1;B01
201800007659;2;33;0;0;0;1;1;A01
201800007660;1;7;0;0;2;2;2;A01
201800007660;0;33;0;0;2;7;2;B01
201800007661;1;10;0;0;1;2;1;A01
201800007662;1;7;0;0;2;4;1;A01
201800007662;1;7;0;0;2;1;1;B01
201800007663;0;7;0;0;2;1;1;A01
201800007663;0;7;0;0;2;3;1;B01
201800007664;2;7;0;13;0;1;13;A01
201800007665;1;7;0;0;2;8;1;B01
201800007665;1;30;0;0;2;1;1;A01
201800007666;1;7;0;0;2;1;1;B01
201800007666;2;7;0;0;2;8;0;C01
201800007666;2;7;0;0;2;2;19;A01
201800007667;1;7;0;0;2;4;2;B01
201800007667;1;7;0;0;2;1;2;A01
201800007668;1;30;0;0;0;7;1;A01
201800007669;2;1;0;1;0;6;2;A01
201800007669;2;7;0;0;2;6;23;Z01
201800007670;1;7;0;0;2;1;19;A01
201800007670;1;7;0;0;2;6;1;B01
201800007671;2;31;0;3;0;9;13;A01
201800007672;2;10;0;0;2;1;13;A01
201800007672;1;7;0;0;2;3;1;B01
201800007673;0;7;0;0;2;1;19;A01
201800007673;2;7;0;0;2;8;1;B01
201800007674;1;7;0;0;2;1;1;A01
201800007674;1;7;0;0;2;9;1;B01
201800007674;1;7;0;0;2;1;1;C01
201800007675;1;21;0;0;0;7;16;A01
201800007676;2;7;0;0;2;4;2;B01
201800007676;2;2;0;0;2;1;1;A01
201800007677;1;33;0;0;1;1;1;A01
201800007678;2;7;0;0;1;2;1;A01
201800007679;1;7;0;0;2;0;0;B01
201800007679;1;7;0;1;2;1;20;A01
201800007679;1;7;0;0;2;4;1;C01
201800007680;2;7;0;0;2;6;2;B01
201800007680;2;7;0;0;2;2;1;A01
201800007681;0;7;0;0;2;3;13;A01
201800007681;0;2;0;0;2;1;1;B01
201800007682;1;7;0;0;2;4;2;B01
201800007682;1;7;0;0;2;2;1;A01
201800007683;0;7;0;1;2;9;1;A01
201800007683;1;7;0;0;2;9;1;F01
201800007683;1;3;0;0;2;9;1;B01
201800007683;1;7;0;0;2;8;24;E01
201800007684;0;7;0;12;0;9;6;A01
201800007685;1;7;0;0;1;3;1;A01
201800007686;1;7;0;0;2;1;2;A01
201800007686;1;7;0;0;2;4;1;B01
201800007687;1;7;0;0;2;8;1;B01
201800007687;1;7;0;0;2;1;19;A01
201800007688;1;7;0;0;2;4;1;C01
201800007688;1;7;0;0;2;1;1;A01
201800007688;1;7;0;0;2;4;2;B01
201800007688;1;7;0;0;2;4;2;D01
201800007689;1;7;0;0;1;2;1;A01
201800007690;0;30;0;0;0;0;1;A01
201800007691;2;2;0;0;2;7;0;B01
201800007691;2;7;0;0;2;1;9;A01
201800007692;2;30;0;0;1;1;1;A01
201800007693;2;7;0;2;0;6;1;A01
201800007694;1;7;0;0;2;1;1;A01
201800007694;1;7;0;0;2;9;1;B01
201800007694;1;7;0;0;2;4;1;C01
201800007695;2;7;0;0;2;4;2;B01
201800007695;2;7;0;0;2;1;2;A01
201800007696;1;7;0;0;1;1;1;A01
201800007697;1;7;0;0;0;1;1;A01
201800007698;2;7;0;0;0;9;1;A01
201800007699;0;7;0;0;2;2;2;A01
201800007699;0;99;0;0;2;4;1;B01
201800007700;;7;0;0;1;4;4;A01
201800007701;1;7;0;1;1;1;1;A01
201800007702;1;2;0;0;0;7;1;A01
201800007703;2;7;0;0;1;1;1;A01
201800007704;1;7;0;2;0;2;14;A01
201800007705;2;7;0;0;2;7;15;A01
201800007705;2;33;0;0;2;8;1;B01
201800007706;2;7;0;0;2;2;2;A01
201800007706;2;7;0;0;2;1;2;B01
201800007706;2;7;0;3;2;1;2;E01
201800007706;2;17;0;0;2;6;2;C01
201800007706;2;7;0;0;2;1;2;D01
201800007707;1;7;0;4;0;1;21;A01
201800007708;2;7;0;0;2;1;1;B01
201800007708;2;15;0;0;0;4;1;A01
201800007709;1;7;0;2;0;1;1;A01
201800007710;2;15;0;0;2;4;1;B01
201800007710;2;15;0;0;2;1;1;A01
201800007711;1;7;0;4;0;2;1;A01
201800007712;0;37;54;0;2;2;8;B01
201800007712;0;7;0;0;2;3;19;A01
201800007713;2;13;0;0;2;8;1;C01
201800007713;2;7;0;3;2;4;0;B01
201800007713;2;7;0;3;2;1;0;A01
201800007714;1;17;0;0;0;3;1;A01
201800007715;1;7;0;0;2;3;2;B01
201800007715;1;7;0;4;0;2;1;A01
201800007716;2;7;0;1;0;1;1;A01
201800007717;2;15;0;0;0;4;2;B01
201800007717;2;33;0;0;2;1;2;A01
201800007718;2;17;0;0;0;6;2;B01
201800007718;2;7;0;0;2;2;2;A01
201800007719;1;14;0;0;2;3;20;A01
201800007719;2;33;0;13;2;1;1;B01
201800007720;0;13;0;0;1;2;1;A01
201800007721;1;17;0;14;2;1;1;B01
201800007721;1;7;0;0;0;4;23;A01
201800007722;1;10;0;16;0;9;1;A01
201800007723;1;17;0;15;0;1;0;A01
201800007724;2;10;0;0;2;1;2;A01
201800007724;2;15;0;0;2;4;2;B01
201800007725;2;7;0;3;0;2;1;A01
201800007726;2;7;0;0;0;1;12;A01
201800007727;1;7;0;13;0;1;13;A01
201800007728;2;7;0;0;0;0;1;A01
201800007729;1;99;0;0;2;3;1;A01
201800007729;1;7;0;3;2;2;1;B01
201800007730;1;1;0;0;2;1;2;A01
201800007730;1;7;0;0;2;4;2;B01
201800007731;1;7;0;0;2;5;12;A01
201800007731;1;7;0;0;2;3;1;B01
201800007732;1;7;0;0;2;4;2;B01
201800007732;1;7;0;0;2;1;2;A01
201800007733;1;7;0;0;2;4;2;B01
201800007733;1;7;0;0;2;1;2;A01
201800007734;1;33;0;0;2;3;2;B01
201800007734;1;7;0;0;2;2;2;A01
201800007735;1;2;0;0;2;1;2;A01
201800007735;2;7;0;0;2;5;10;B01
201800007736;1;7;0;0;1;0;0;A01
201800007737;1;7;0;0;1;3;2;A01
201800007738;1;7;0;4;0;1;0;A01
201800007739;1;33;0;0;2;1;2;B01
201800007739;1;7;0;0;2;1;2;A01
201800007740;1;7;0;0;9;3;2;B01
201800007740;1;1;0;0;2;1;2;A01
201800007741;1;7;0;0;1;8;2;A01
201800007742;1;7;0;0;2;2;1;B01
201800007742;1;30;0;0;2;3;16;A01
201800007743;2;7;0;0;2;1;13;A01
201800007743;1;7;0;0;2;1;1;B01
201800007744;2;10;0;0;2;1;2;A01
201800007744;2;10;0;0;2;4;23;B01
201800007744;2;7;0;0;2;4;23;C01
201800007745;2;7;0;0;2;6;2;A01
201800007745;1;2;0;0;2;1;2;B01
201800007746;1;7;0;0;1;0;1;A01
201800007747;1;7;0;0;1;0;2;A01
201800007748;1;7;0;0;1;1;2;A01
201800007749;1;7;0;0;2;0;2;B01
201800007749;1;33;0;0;2;7;2;A01
201800007750;1;7;0;0;2;4;2;B01
201800007750;1;7;0;0;2;1;2;A01
201800007751;1;7;0;0;2;7;2;B01
201800007751;1;36;0;0;2;1;2;A01
201800007752;2;7;0;0;2;1;13;A01
201800007752;2;7;0;0;2;1;1;B01
201800007753;1;7;0;0;6;0;0;A01
201800007754;1;7;0;0;2;0;2;B01
201800007754;1;7;0;0;2;0;2;A01
201800007755;1;7;0;0;2;1;1;B01
201800007755;1;31;0;0;2;0;0;A01
201800007756;1;33;0;0;2;1;2;A01
201800007756;1;7;0;0;2;4;2;B01
201800007757;1;1;0;0;2;0;2;B01
201800007757;1;7;0;0;2;0;2;A01
201800007758;1;7;0;0;0;4;2;B01
201800007758;1;7;0;0;0;4;2;C01
201800007758;1;14;0;0;2;1;2;A01
201800007759;1;7;0;0;1;1;1;A01
201800007760;1;7;0;0;2;3;2;B01
201800007760;1;33;0;0;2;1;2;A01
201800007761;1;7;0;0;2;0;2;A01
201800007761;1;7;0;0;2;0;2;B01
201800007762;1;33;0;0;2;1;2;A01
201800007763;1;7;0;0;2;1;2;A01
201800007763;1;7;0;0;2;2;2;B01
201800007764;1;7;0;0;2;1;2;A01
201800007764;1;7;0;0;2;4;2;B01
201800007764;1;7;0;0;2;4;2;C01
201800007765;2;33;0;0;2;1;1;A01
201800007765;0;7;0;0;2;1;1;B01
201800007766;1;7;0;0;2;3;1;B01
201800007766;1;7;0;0;2;2;9;A01
201800007767;2;7;0;0;2;1;1;A01
201800007767;2;7;0;0;2;4;1;B01
201800007768;1;7;0;0;2;6;1;C01
201800007768;1;32;0;0;2;8;15;A01
201800007769;1;7;0;0;2;4;2;B01
201800007769;1;7;0;0;2;1;2;A01
201800007770;1;33;0;0;2;7;2;A01
201800007770;1;7;0;0;2;6;2;B01
201800007771;1;1;0;0;2;0;2;B01
201800007771;1;7;0;0;2;2;2;A01
201800007772;0;7;0;0;2;4;1;B01
201800007772;0;7;0;0;2;1;1;A01
201800007773;1;10;0;0;2;1;1;A01
201800007773;2;7;0;0;2;4;23;B01
201800007773;1;7;0;0;2;8;1;C01
201800007774;1;7;0;0;2;1;19;A01
201800007774;2;7;0;0;2;7;0;B01
201800007775;0;7;0;0;2;3;1;B01
201800007775;0;33;0;0;2;1;1;A01
201800007776;1;7;0;0;2;1;2;A01
201800007776;1;7;0;0;2;0;2;B01
201800007777;1;31;0;0;0;4;0;A01
201800007778;1;7;0;0;2;5;0;A01
201800007778;1;2;0;0;2;7;2;B01
201800007779;1;7;0;0;2;1;2;A01
201800007779;1;7;0;0;2;4;2;B01
201800007780;1;7;0;0;0;0;2;B01
201800007780;1;7;0;0;6;0;2;A01
201800007781;2;10;0;0;2;3;1;B01
201800007781;1;7;0;0;2;3;1;A01
201800007782;1;7;0;0;2;4;2;B01
201800007782;1;7;0;0;2;1;2;A01
201800007783;1;7;0;0;2;0;0;A01
201800007783;1;7;0;0;2;0;0;B01
201800007784;1;7;0;0;1;1;1;A01
201800007785;0;7;0;0;1;1;1;A01
201800007786;1;7;0;0;1;1;1;A01
201800007787;1;1;0;0;2;0;2;B01
201800007787;1;7;0;0;2;2;2;A01
201800007788;1;7;0;0;2;0;2;B01
201800007788;1;7;0;0;2;0;2;A01
201800007789;1;7;0;7;0;1;14;A01
201800007790;1;37;1;0;2;2;1;B01
201800007790;1;10;0;0;2;3;9;A01
201800007791;0;7;0;0;2;1;1;A01
201800007791;0;1;0;0;2;0;0;D01
201800007791;1;7;0;0;2;0;0;C01
201800007791;0;7;0;0;2;8;1;B01
201800007792;1;7;0;0;2;6;20;B01
201800007792;2;7;0;0;2;2;14;A01
201800007793;1;31;0;0;2;4;2;B01
201800007793;1;7;0;0;2;0;2;A01
201800007794;1;7;0;0;2;1;2;A01
201800007794;1;7;0;0;2;6;2;C01
201800007794;1;7;0;0;2;7;2;B01
201800007795;1;32;0;0;2;1;0;A01
201800007795;1;7;0;0;2;1;0;B01
201800007796;1;7;0;0;1;0;2;A01
201800007797;2;32;0;0;2;2;1;B01
201800007797;2;7;0;0;2;3;15;A01
201800007798;2;7;0;0;2;3;9;A01
201800007798;1;7;0;0;2;1;0;B01
201800007799;2;7;0;8;2;5;1;B01
201800007799;1;7;0;0;2;1;15;A01
201800007800;1;30;0;0;1;1;1;A01
201800007801;1;34;0;0;2;0;2;B01
201800007801;1;7;0;0;2;0;2;A01
201800007802;0;7;0;0;2;1;1;A01
201800007802;0;7;0;0;2;4;0;B01
201800007803;2;7;0;0;2;1;1;B01
201800007803;2;7;0;0;2;6;20;A01
201800007804;2;33;0;12;0;1;1;A01
201800007805;1;7;0;0;2;7;1;B01
201800007805;1;7;0;0;2;1;1;A01
201800007806;1;33;0;0;2;3;1;B01
201800007806;1;7;0;0;2;7;9;A01
201800007807;2;7;0;0;1;2;1;A01
201800007808;1;7;0;0;2;2;15;A01
201800007808;2;30;0;0;2;1;1;B01
201800007809;1;30;0;0;1;0;2;A01
201800007810;1;33;0;8;0;0;0;A01
201800007811;1;7;0;0;1;1;1;Z01
201800007812;1;7;0;0;2;1;1;B01
201800007812;1;7;0;0;2;1;16;A01
201800007813;1;7;0;0;6;1;1;A01
201800007814;1;7;0;0;1;0;1;A01
201800007815;1;37;1;0;2;7;1;B01
201800007815;0;1;0;1;2;1;19;A01
201800007816;0;1;0;0;2;7;1;B01
201800007816;1;7;0;0;2;1;1;A01
201800007817;1;7;0;0;2;4;1;B01
201800007817;1;7;0;0;2;1;1;A01
201800007818;1;7;0;0;2;4;2;C01
201800007818;1;7;0;0;2;4;2;B01
201800007818;1;7;0;0;2;1;2;A01
201800007819;1;7;0;0;2;4;2;B01
201800007819;1;32;0;0;2;1;2;A01
201800007820;2;10;0;13;0;7;1;A01
201800007821;2;7;0;3;0;1;1;A01
201800007821;2;7;0;3;2;2;1;B01
201800007822;1;17;0;8;0;8;1;A01
201800007823;1;7;0;0;2;4;23;B01
201800007823;1;7;0;1;2;1;1;A01
201800007824;1;31;0;16;0;4;1;A01
201800007825;2;7;0;0;2;1;2;A01
201800007825;2;17;0;0;0;4;2;B01
201800007826;1;7;0;13;0;9;2;A01
201800007827;2;7;0;0;2;3;1;B01
201800007827;2;33;0;0;2;7;3;A01
201800007828;1;7;0;0;0;4;2;B01
201800007828;1;7;0;0;2;1;2;A01
201800007829;0;7;0;0;1;3;1;A01
201800007830;0;10;0;0;1;2;4;A01
201800007831;1;7;0;0;2;1;1;B01
201800007831;2;7;0;0;2;1;1;A01
201800007832;1;7;0;2;2;2;17;A01
201800007832;1;7;0;0;2;0;0;B01
201800007833;1;7;0;0;2;1;2;A01
201800007833;1;7;0;0;0;4;2;B01
201800007834;2;7;0;14;0;1;1;A01
201800007835;2;7;0;0;2;3;15;A01
201800007835;1;2;0;0;2;1;17;B01
201800007836;2;7;0;13;0;1;2;A01
201800007837;2;15;0;3;0;7;1;A01
201800007838;2;33;0;0;0;1;2;A01
201800007839;2;33;0;0;2;8;17;A01
201800007839;1;7;0;0;2;3;1;B01
201800007840;1;7;0;2;0;1;14;A01
201800007841;2;7;0;0;2;2;13;A01
201800007841;1;7;0;0;2;3;1;B01
201800007842;1;7;0;0;1;3;0;A01
201800007842;1;7;0;0;1;1;0;B01
201800007843;2;7;0;0;0;4;15;B01
201800007843;2;7;0;0;2;1;2;A01
201800007844;0;33;0;0;2;7;17;A01
201800007844;0;33;0;0;2;6;0;B01
201800007845;2;7;0;0;2;1;13;A01
201800007845;1;15;0;0;2;1;1;B01
201800007846;2;7;0;0;1;2;1;A01
201800007847;0;7;0;0;2;3;15;B01
201800007847;0;33;0;0;2;2;17;A01
201800007848;1;7;0;0;2;3;13;A01
201800007848;1;7;0;0;2;3;1;B01
201800007849;1;7;0;0;2;1;13;A01
201800007849;2;13;0;0;2;3;1;B01
201800007850;0;7;0;1;0;3;13;A01