num_acc;senc;catv;occutc;obs;obsm;choc;manv;num_veh
201800007851;1;38;1;13;0;2;14;A01
201800007852;2;7;0;0;2;1;2;A01
201800007852;2;7;0;0;2;6;2;B01
201800007853;2;7;0;0;2;1;2;A01
201800007853;2;15;0;0;0;4;2;B01
201800007854;2;7;0;0;2;2;1;C01
201800007854;2;7;0;0;2;4;2;B01
201800007854;2;7;0;0;2;4;1;E01
201800007854;2;7;0;0;0;4;1;F01
201800007854;2;7;0;0;2;4;1;D01
201800007854;2;7;0;0;2;1;2;A01
201800007855;0;14;0;0;2;1;13;A01
201800007855;0;7;0;0;2;1;1;B01
201800007856;1;7;0;0;2;1;1;B01
201800007856;1;7;0;0;2;1;23;A01
201800007857;1;33;0;0;6;1;0;A01
201800007858;1;7;0;0;0;0;0;A01
201800007859;0;15;0;0;2;3;9;A01
201800007859;0;31;0;0;2;2;17;B01
201800007860;2;7;0;15;0;1;0;A01
201800007861;2;7;0;0;2;6;2;D01
201800007861;2;7;0;3;2;5;2;B01
201800007861;2;7;0;0;2;3;2;A01
201800007861;2;7;0;0;2;2;2;C01
201800007862;2;7;0;0;2;3;1;B01
201800007862;1;37;20;0;2;8;1;C01
201800007862;1;7;0;0;2;3;17;A01
201800007863;2;7;0;0;2;2;12;B01
201800007863;2;7;0;0;9;4;1;F01
201800007863;2;33;0;0;2;8;3;A01
201800007863;2;7;0;0;2;6;1;E01
201800007863;2;7;0;0;2;7;1;D01
201800007863;2;7;0;0;2;7;1;C01
201800007864;2;7;0;0;0;0;1;A01
201800007865;1;7;0;0;2;1;2;B01
201800007865;1;7;0;0;0;4;0;A01
201800007866;1;7;0;5;0;1;1;A01
201800007867;2;7;0;0;2;3;1;A01
201800007867;2;17;0;0;2;2;12;B01
201800007868;1;33;0;3;0;8;1;A01
201800007869;1;7;0;13;0;9;21;A01
201800007870;1;7;0;0;2;1;0;B01
201800007870;1;17;0;14;0;1;2;D01
201800007870;1;7;0;0;2;2;0;A01
201800007870;1;7;0;4;0;6;0;C01
201800007871;2;7;0;3;0;2;17;A01
201800007872;2;17;0;4;0;3;1;A01
201800007873;2;17;0;0;2;4;4;A01
201800007873;2;33;0;0;0;1;1;B01
201800007874;1;7;0;0;2;8;10;A01
201800007874;1;10;0;0;2;1;1;B01
201800007875;2;15;0;3;0;7;2;A01
201800007876;2;7;0;0;2;1;13;A01
201800007876;1;15;0;0;2;1;1;B01
201800007877;1;7;0;1;0;1;2;B01
201800007877;1;7;0;3;0;7;1;A01
201800007877;1;7;0;0;2;4;2;C01
201800007877;1;7;0;0;2;8;2;D01
201800007878;2;7;0;15;0;1;1;A01
201800007879;1;38;1;0;2;6;2;C01
201800007879;1;7;0;0;2;4;1;B01
201800007879;1;7;0;0;2;1;1;A01
201800007880;0;17;0;12;0;7;1;A01
201800007881;1;37;18;13;0;7;14;A01
201800007882;2;7;0;16;0;0;17;A01
201800007883;2;7;0;13;0;2;0;A01
201800007884;1;7;0;13;0;2;1;A01
201800007885;2;7;0;3;0;3;0;A01
201800007886;2;7;0;13;0;1;13;A01
201800007887;1;7;0;3;0;9;13;A01
201800007888;0;37;10;0;1;7;16;A01
201800007889;2;7;0;1;2;3;11;A01
201800007889;1;13;0;0;0;3;23;B01
201800007890;1;17;0;0;1;1;1;A01
201800007891;1;7;0;0;2;1;13;A01
201800007891;2;17;0;0;2;1;1;B01
201800007892;0;7;0;0;2;1;1;A01
201800007892;0;15;0;0;2;5;19;B01
201800007893;1;7;0;0;2;1;13;A01
201800007893;2;17;0;0;2;3;1;B01
201800007894;1;7;0;3;0;3;0;A01
201800007895;1;7;0;0;2;1;0;A01
201800007895;1;15;0;0;2;6;1;B01
201800007896;1;7;0;0;2;3;5;A01
201800007896;2;7;0;0;2;3;1;B01
201800007897;1;33;0;3;0;7;9;A01
201800007898;1;7;0;0;0;0;0;A01
201800007899;1;7;0;3;0;3;1;A01
201800007900;1;7;0;4;0;3;1;A01
201800007901;1;7;0;0;0;1;2;A01
201800007902;2;7;0;4;0;3;1;A01
201800007903;1;10;0;0;2;2;2;B01
201800007903;1;15;0;0;2;5;2;C01
201800007903;1;7;0;13;2;1;2;A01
201800007904;2;7;0;4;0;3;2;A01
201800007905;2;7;0;3;0;9;1;A01
201800007906;2;7;0;0;2;3;17;A01
201800007906;1;14;0;0;2;1;1;B01
201800007907;2;7;0;3;0;8;13;A01
201800007908;1;10;0;3;0;2;2;A01
201800007909;1;15;0;13;2;3;1;B01
201800007909;2;7;0;0;2;1;13;A01
201800007910;0;33;0;6;0;1;0;A01
201800007911;0;31;0;0;0;0;0;A01
201800007912;2;7;0;14;2;2;21;A01
201800007912;1;2;0;0;2;8;23;B01
201800007913;2;30;0;0;2;8;13;A01
201800007913;1;10;0;0;2;8;1;B01
201800007914;1;7;0;0;2;2;21;A01
201800007914;1;1;0;0;2;4;0;B01
201800007915;2;7;0;0;2;1;1;A01
201800007915;1;7;0;0;2;7;13;B01
201800007916;2;7;0;0;1;1;0;A01
201800007917;1;7;0;0;1;3;13;A01
201800007918;0;7;0;0;2;1;15;A01
201800007918;0;33;0;0;2;1;1;B01
201800007919;1;30;0;0;2;8;19;A01
201800007919;2;7;0;0;2;1;1;B01
201800007919;1;7;0;0;2;1;1;C01
201800007920;0;10;0;0;1;1;0;A01
201800007921;2;33;0;0;0;8;1;A01
201800007921;1;7;0;0;0;3;15;B01
201800007922;1;10;0;8;0;1;16;A01
201800007923;2;7;0;0;1;1;12;A01
201800007924;0;31;0;14;0;0;19;A01
201800007925;2;10;0;0;2;1;13;A01
201800007925;1;7;0;0;2;1;2;B01
201800007925;1;7;0;0;2;1;2;C01
201800007925;1;7;0;0;2;1;2;D01
201800007926;2;10;0;0;2;3;13;A01
201800007926;1;33;0;4;2;1;1;B01
201800007927;0;33;0;14;0;2;6;A01
201800007928;0;7;0;0;1;1;1;A01
201800007929;1;7;0;8;2;2;15;A01
201800007929;0;7;0;0;2;2;1;B01
201800007930;0;7;0;0;1;2;1;A01
201800007931;1;7;0;13;6;3;17;A01
201800007931;1;1;0;0;2;1;2;B01
201800007932;1;30;0;15;0;1;1;A01
201800007933;0;7;0;0;2;4;2;B01
201800007933;0;7;0;0;2;1;2;A01
201800007934;1;7;0;0;2;3;13;A01
201800007934;2;14;0;0;2;3;1;B01
201800007935;1;13;0;7;0;1;1;A01
201800007936;0;7;0;0;2;8;15;A01
201800007936;0;32;0;0;2;1;1;B01
201800007937;0;7;0;0;6;7;12;A01
201800007937;0;1;0;0;2;6;1;B01
201800007938;0;7;0;0;1;4;4;A01
201800007939;0;7;0;0;1;2;2;A01
201800007940;1;2;0;0;1;1;17;A01
201800007941;1;2;0;0;2;1;2;A01
201800007942;1;7;0;0;2;1;2;A01
201800007942;1;7;0;0;2;4;1;B01
201800007943;1;32;0;0;0;0;0;A01
201800007944;2;2;0;0;2;2;12;A01
201800007944;1;7;0;0;2;8;1;B01
201800007945;0;7;0;0;1;1;11;A01
201800007946;0;7;0;0;1;1;1;A01
201800007947;1;7;0;0;1;4;20;A01
201800007948;1;7;0;0;1;2;9;A01
201800007949;1;7;0;0;0;9;13;A01
201800007950;1;7;0;2;0;1;14;A01
201800007951;0;33;0;0;6;1;13;A01
201800007951;0;1;0;0;2;1;1;B01
201800007952;2;7;0;0;2;1;1;A01
201800007952;2;7;0;0;2;4;23;B01
201800007953;2;7;0;0;1;3;13;A01
201800007954;1;7;0;9;2;6;20;B01
201800007954;1;7;0;0;2;2;2;A01
201800007955;0;7;0;0;2;1;1;A01
201800007955;0;7;0;0;2;4;1;B01
201800007956;0;7;0;0;2;1;1;A01
201800007956;0;7;0;0;2;4;2;B01
201800007957;2;2;0;0;2;4;12;B01
201800007957;1;7;0;0;2;1;9;A01
201800007958;1;7;0;2;0;1;14;A01
201800007959;2;10;0;0;1;1;2;A01
201800007960;1;7;0;8;0;1;13;A01
201800007961;1;10;0;0;2;2;2;A01
201800007961;1;7;0;0;2;4;23;B01
201800007962;0;7;0;0;1;1;15;A01
201800007963;1;7;0;0;2;1;2;A01
201800007963;1;7;0;0;2;4;0;B01
201800007964;2;7;0;0;1;3;2;A01
201800007965;0;7;0;0;1;1;1;A01
201800007966;1;7;0;0;2;1;1;A01
201800007966;1;7;0;0;2;4;0;B01
201800007967;0;7;0;0;1;1;16;A01
201800007968;2;17;0;0;1;2;1;A01
201800007969;1;15;0;0;0;4;1;B01
201800007969;1;7;0;0;2;1;2;A01
201800007970;2;15;0;0;2;1;1;A01
201800007970;1;7;0;0;2;1;13;B01
201800007971;1;7;0;0;2;1;13;A01
201800007971;2;15;0;0;2;1;1;B01
201800007971;1;10;0;0;2;1;1;C01
201800007972;1;7;0;3;0;2;1;A01
201800007973;1;30;0;0;2;1;1;A01
201800007973;2;15;0;0;2;3;1;B01
201800007974;1;33;0;4;0;5;13;A01
201800007975;1;7;0;3;2;1;5;A01
201800007975;2;7;0;0;2;1;21;B01
201800007976;2;7;0;3;0;3;13;A01
201800007977;1;14;0;0;1;4;4;A01
201800007978;2;17;0;3;0;7;14;A01
201800007979;2;7;0;13;0;0;14;A01
201800007980;2;7;0;4;0;1;17;A01
201800007980;2;7;0;4;0;1;21;B02
201800007981;1;15;0;0;0;4;1;B01
201800007981;1;10;0;0;2;1;1;A01
201800007982;1;10;0;13;6;1;0;A01
201800007983;2;7;0;0;1;3;1;A01
201800007984;2;33;0;0;2;2;21;A01
201800007984;1;7;0;0;0;6;2;B01
201800007985;1;33;0;0;2;3;1;A01
201800007985;2;7;0;0;2;3;17;B01
201800007985;2;7;0;0;9;6;1;C01
201800007986;1;33;0;0;2;1;1;A01
201800007986;2;7;0;0;2;3;1;B01
201800007987;1;7;0;0;2;1;17;A01
201800007987;2;7;0;6;2;1;1;B01
201800007987;1;7;0;0;2;8;1;C01
201800007988;1;7;0;14;2;3;6;A01
201800007988;2;7;0;0;2;3;1;B01
201800007989;0;7;0;2;0;3;1;A01
201800007990;1;7;0;0;1;1;1;A01
201800007991;2;7;0;0;1;1;1;B01
201800007992;2;7;0;0;2;3;13;A01
201800007992;1;33;0;0;0;3;13;B01
201800007993;1;7;0;0;0;0;13;A01
201800007993;2;33;0;0;0;0;1;B01
201800007994;1;7;0;0;2;1;1;A01
201800007994;1;14;0;0;0;7;15;B01
201800007995;1;17;0;0;2;2;17;A01
201800007995;1;7;0;0;0;8;15;B01
201800007996;2;7;0;0;2;3;13;A01
201800007996;1;17;0;0;2;3;1;B01
201800007997;2;14;0;0;2;1;1;B01
201800007997;0;7;0;0;2;8;9;A01
201800007998;1;7;0;0;2;3;1;B01
201800007998;2;7;0;0;2;3;13;A01
201800007998;1;7;0;0;2;1;1;C01
201800007999;2;14;0;0;0;4;23;B01
201800007999;2;33;0;0;2;1;1;A01
201800008000;2;7;0;1;1;1;1;B01
201800008000;2;7;0;3;0;7;1;C01
201800008001;0;33;0;11;0;7;16;A01
201800008002;2;7;0;4;0;1;1;A01
201800008003;2;17;0;0;0;4;1;B01
201800008003;2;7;0;0;2;1;2;A01
201800008004;2;17;0;14;0;1;1;A01
201800008005;1;7;0;0;2;2;15;A01
201800008005;0;17;0;0;2;6;1;B01
201800008006;2;7;0;16;0;9;1;A01
201800008007;1;7;0;0;2;1;2;A01
201800008007;1;15;0;0;2;4;2;B01
201800008008;2;7;0;3;0;9;1;A01
201800008009;2;10;0;0;2;1;17;A01
201800008009;2;10;0;0;2;4;17;B01
201800008009;2;7;0;0;2;1;1;D01
201800008009;2;17;0;0;0;6;1;C01
201800008010;1;7;0;0;2;3;9;A01
201800008010;1;7;0;0;2;5;1;B01
201800008011;0;7;0;0;2;1;1;A01
201800008011;0;7;0;0;2;1;15;B01
201800008012;2;17;0;0;2;8;15;B01
201800008012;1;33;0;0;2;2;1;A01
201800008013;1;7;0;0;2;3;21;B01
201800008013;1;7;0;15;2;2;17;A01
201800008014;2;7;0;0;1;2;2;A01
201800008015;2;7;0;0;2;1;1;A01
201800008015;2;7;0;0;2;3;15;B01
201800008016;2;7;0;8;0;2;1;A01
201800008017;2;7;0;15;0;8;0;A01
201800008018;1;99;0;0;2;0;1;B01
201800008018;1;7;0;3;2;1;0;A01
201800008019;1;31;0;11;0;1;1;A01
201800008020;2;31;0;0;2;1;1;B01
201800008020;1;7;0;0;2;3;15;A01
201800008021;1;10;0;0;2;1;0;A01
201800008021;1;10;0;0;2;4;0;B01
201800008022;2;33;0;0;2;1;1;A01
201800008022;1;7;0;0;2;5;15;B01
201800008023;1;7;0;13;0;2;1;A01
201800008024;1;33;0;0;2;1;17;A01
201800008024;2;7;0;0;2;3;15;B01
201800008025;1;7;0;0;1;1;19;A01
201800008026;0;7;0;0;2;0;0;B01
201800008026;0;33;0;0;2;1;0;A01
201800008027;0;31;0;0;2;1;1;B01
201800008027;0;10;0;0;2;3;15;A01
201800008028;1;10;0;0;2;3;1;B01
201800008028;2;7;0;0;2;3;17;A01
201800008029;2;7;0;4;2;1;0;A01
201800008029;2;7;0;0;2;4;1;B01
201800008030;0;33;0;0;2;1;21;A01
201800008030;0;14;0;0;2;1;1;B01
201800008031;0;33;0;0;1;1;1;A01
201800008032;1;13;0;0;2;3;13;A01
201800008032;2;7;0;0;2;3;1;B01
201800008033;0;32;0;0;1;1;8;A01
201800008034;1;10;0;13;0;1;13;A01
201800008035;1;20;0;0;2;4;23;A01
201800008035;1;20;0;0;0;0;0;B01
201800008036;0;7;0;0;2;4;1;B01
201800008036;2;7;0;0;2;1;1;A01
201800008037;1;10;0;0;2;3;1;A01
201800008037;1;33;0;0;2;1;1;B01
201800008038;1;7;0;0;2;8;1;A01
201800008038;2;7;0;0;2;7;1;B01
201800008039;0;31;0;0;2;6;0;A01
201800008039;0;7;0;0;2;6;23;B01
201800008040;0;32;0;0;2;1;0;B01
201800008040;0;1;0;0;2;7;19;A01
201800008041;1;33;0;0;2;3;0;B01
201800008041;1;7;0;0;2;2;15;A01
201800008042;1;34;0;0;2;1;1;B01
201800008042;1;7;0;0;2;8;15;A01
201800008043;2;31;0;0;2;1;18;B01
201800008043;1;7;0;0;2;3;15;A01
201800008044;0;30;0;8;0;1;0;A01
201800008045;2;7;0;0;2;3;15;A01
201800008045;2;33;0;0;2;1;17;B01
201800008046;0;33;0;0;2;3;13;A01
201800008046;0;7;0;0;2;3;21;B01
201800008047;1;10;0;0;1;3;1;A01
201800008048;1;2;0;0;2;8;1;B01
201800008048;1;7;0;0;2;2;14;A01
201800008049;0;7;0;0;2;4;0;A01
201800008049;0;10;0;0;2;1;2;Z01
201800008050;1;7;0;0;1;2;19;A01
201800008050;2;33;0;0;2;1;2;B01
201800008051;1;33;0;0;2;1;1;B01
201800008051;1;7;0;0;2;5;20;A01
201800008052;1;7;0;0;2;1;1;B01
201800008052;2;30;0;0;2;0;0;A01
201800008053;1;30;0;1;0;1;18;A01
201800008053;1;7;0;0;2;5;23;B01
201800008054;0;10;0;0;2;7;1;B01
201800008054;0;7;0;0;2;7;9;A01
201800008055;1;10;0;0;2;1;21;A01
201800008055;2;10;0;0;0;0;0;C01
201800008055;2;32;0;0;2;1;0;B01
201800008056;1;32;0;0;2;2;17;B01
201800008056;1;7;0;0;2;3;15;A01
201800008057;2;7;0;4;2;6;1;B01
201800008057;2;7;0;4;2;2;17;A01
201800008058;0;7;0;0;2;2;14;A01
201800008058;0;7;0;0;2;6;1;B01
201800008059;1;7;0;0;1;6;0;A01
201800008060;0;7;0;0;2;1;1;B01
201800008060;0;7;0;0;2;1;0;A01
201800008061;1;10;0;0;1;4;4;A01
201800008062;2;7;0;0;1;7;2;A01
201800008063;0;7;0;0;1;1;18;A01
201800008064;2;31;0;4;0;8;0;A01
201800008065;0;10;0;0;1;1;1;A01
201800008066;2;7;0;0;0;0;9;A01
201800008066;2;32;0;0;0;0;0;B01
201800008067;1;7;0;0;2;8;11;A01
201800008067;1;33;0;0;2;1;1;B01
201800008068;1;7;0;6;0;1;9;A01
201800008069;2;10;0;0;2;1;1;B01
201800008069;1;10;0;0;2;1;13;A01
201800008070;2;7;0;0;2;2;9;B01
201800008070;1;32;0;0;2;1;7;A01
201800008071;1;7;0;0;1;3;2;A01
201800008072;2;7;0;15;0;1;1;A01
201800008073;0;33;0;0;2;1;13;B01
201800008073;0;7;0;0;2;3;0;A01
201800008074;1;7;0;0;2;1;1;B01
201800008074;2;10;0;0;2;1;13;A01
201800008075;1;10;0;0;2;1;2;D01
201800008075;0;7;0;0;2;4;2;A01
201800008075;1;10;0;0;2;1;2;C01
201800008075;0;7;0;0;2;1;2;B01
201800008076;1;7;0;1;0;1;15;A01
201800008076;1;15;0;0;2;4;0;B01
201800008077;2;10;0;15;0;0;0;A01
201800008078;1;7;0;0;2;7;15;A01
201800008078;2;1;0;0;2;1;1;B01
201800008079;0;7;0;0;1;3;16;A01
201800008080;1;7;0;1;2;7;20;A01
201800008080;1;38;9;1;2;1;1;B01
201800008081;0;7;0;0;2;3;15;B01
201800008081;0;7;0;0;2;3;16;A01
201800008082;1;2;0;0;1;1;14;A01
201800008083;0;7;0;0;1;1;15;A01
201800008084;1;7;0;0;1;3;1;A01
201800008085;1;7;0;0;2;6;9;A01
201800008085;1;7;0;0;2;1;1;B01
201800008086;2;33;0;0;2;3;0;B01
201800008086;2;7;0;0;2;3;15;A01
201800008087;1;7;0;0;2;2;12;B01
201800008087;1;33;0;1;2;1;7;A01
201800008088;0;33;0;0;2;1;1;B01
201800008088;0;7;0;0;2;1;5;A01
201800008089;2;30;0;0;2;1;13;A01
201800008089;2;2;0;0;2;3;13;B01
201800008090;1;10;0;0;2;7;1;B01
201800008090;1;7;0;0;2;1;16;A01
201800008091;1;10;0;13;0;2;1;A01
201800008092;1;7;0;3;0;1;0;A01
201800008093;1;7;0;0;1;2;21;A01
201800008094;0;2;0;0;2;1;1;B01
201800008094;0;10;0;0;2;2;15;A01
201800008095;1;7;0;15;0;1;0;A01
201800008096;0;7;0;14;0;1;0;A01
201800008097;2;1;0;0;1;1;1;A01
201800008098;2;7;0;0;2;3;15;B01
201800008098;2;33;0;0;2;1;1;A01
201800008099;2;7;0;0;2;1;2;B01
201800008099;2;7;0;0;2;1;13;A01
201800008100;1;33;0;0;2;1;1;A01
201800008100;2;7;0;0;2;3;15;B01
201800008101;2;30;0;0;0;0;0;A01
201800008102;1;7;0;0;2;3;1;A01
201800008102;2;7;0;0;2;3;17;B01
201800008103;0;7;0;0;2;3;1;B01
201800008103;0;7;0;0;2;1;13;A01
201800008104;2;7;0;4;0;3;1;A01
201800008105;2;7;0;4;0;3;1;A01
201800008106;0;10;0;0;2;3;9;A01
201800008106;0;10;0;0;2;0;1;B01
201800008107;1;10;0;2;0;1;1;A01
201800008108;2;14;0;0;2;1;1;B01
201800008108;1;7;0;0;2;7;13;A01
201800008109;1;33;0;0;2;1;21;A01
201800008109;2;7;0;0;2;2;15;B01
201800008110;2;7;0;0;2;0;15;Z01
201800008110;2;7;0;1;2;1;13;A01
201800008110;2;7;0;0;2;1;20;C01
201800008111;2;7;0;0;1;4;4;Z01
201800008112;0;14;0;0;2;2;1;B01
201800008112;0;7;0;0;2;8;9;A01
201800008113;1;10;0;0;2;8;21;B01
201800008113;1;7;0;3;2;1;13;A01
201800008114;2;17;0;0;2;8;1;B01
201800008114;1;10;0;0;2;1;13;A01
201800008114;2;7;0;0;2;1;1;C01
201800008115;1;15;0;0;2;1;14;A01
201800008115;2;7;0;0;2;3;0;B01
201800008116;2;7;0;0;2;3;1;B01
201800008116;2;7;0;7;2;5;15;A01
201800008117;1;31;0;0;2;1;13;A01
201800008117;1;7;0;0;2;6;2;B01
201800008118;2;7;0;0;1;1;15;A01
201800008119;1;7;0;0;1;8;15;A01
201800008120;0;10;0;0;1;1;1;A01
201800008121;0;7;0;0;2;1;1;B01
201800008121;0;7;0;0;2;3;13;A01
201800008122;2;7;0;0;2;8;13;Z01
201800008122;2;33;0;0;2;0;21;A01
201800008123;1;10;0;0;1;8;1;A01
201800008124;2;7;0;0;2;2;1;B01
201800008124;1;7;0;0;2;6;19;A01
201800008125;0;2;0;0;2;6;15;A01
201800008125;0;7;0;0;2;6;15;B01
201800008126;2;7;0;0;0;9;13;A01
201800008127;2;10;0;0;2;3;1;B01
201800008127;1;30;0;0;2;1;13;A01
201800008128;2;7;0;0;1;1;1;A01
201800008129;1;7;0;0;2;1;1;B01
201800008129;1;7;0;0;2;4;4;A01
201800008130;1;7;0;0;2;3;1;B01
201800008130;1;7;0;0;2;3;17;A01
201800008131;2;10;0;0;1;7;2;A01
201800008132;1;33;0;0;2;1;17;B01
201800008132;1;7;0;0;2;3;15;A01
201800008133;1;7;0;0;2;2;0;A01
201800008133;1;7;0;0;2;4;0;B01
201800008134;1;7;0;0;2;3;15;B01
201800008134;1;2;0;0;2;1;17;A01
201800008135;2;7;0;0;1;1;15;A01
201800008136;2;7;0;0;1;1;1;A01
201800008137;1;7;0;0;1;3;0;A01
201800008137;1;7;0;0;1;1;17;Z01
201800008138;2;7;0;0;2;2;1;B01
201800008138;1;31;0;0;2;1;15;A01
201800008139;2;7;0;0;1;3;1;A01
201800008140;1;7;0;0;1;3;15;A01
201800008141;2;7;0;0;2;7;15;A01
201800008141;1;31;0;0;2;1;1;B01
201800008142;2;33;0;0;2;1;1;B01
201800008142;1;7;0;0;2;3;15;A01
201800008143;1;7;0;0;2;1;15;A01
201800008143;2;7;0;0;2;1;1;B01
201800008144;1;7;0;0;1;1;1;A01
201800008145;0;7;0;0;2;3;1;B01
201800008145;0;7;0;0;2;6;15;A01
201800008146;1;7;0;0;2;2;1;B01
201800008146;1;7;0;4;2;3;13;A01
201800008147;1;10;0;0;1;4;4;A01
201800008148;1;31;0;8;0;0;0;A01
201800008149;1;7;0;0;2;2;9;A01
201800008149;2;7;0;0;2;1;1;B01
201800008150;1;7;0;0;2;2;19;A01
201800008150;1;33;0;15;2;1;1;B01
201800008151;1;7;0;0;2;3;1;B01
201800008151;1;7;0;0;2;1;1;A01
201800008152;1;7;0;0;2;2;15;A01
201800008152;2;31;0;0;2;1;1;B01
201800008153;2;7;0;0;2;8;0;B01
201800008153;1;7;0;0;2;1;13;A01
201800008154;1;7;0;0;2;2;15;A01
201800008154;2;7;0;0;2;1;1;B01
201800008155;2;1;0;0;2;1;1;B01
201800008155;1;7;0;0;2;2;15;A01
201800008156;2;31;0;0;2;7;1;B01
201800008156;2;7;0;0;2;1;19;A01
201800008157;1;33;0;0;2;1;1;B01
201800008157;2;7;0;0;2;3;19;A01
201800008158;1;30;0;0;2;1;0;B01
201800008158;1;7;0;0;2;8;9;A01
201800008159;1;7;0;0;2;8;1;A01
201800008159;2;33;0;0;2;1;1;B01
201800008160;1;7;0;0;2;1;1;B01
201800008160;2;14;0;0;2;3;11;A01
201800008161;1;7;0;0;1;2;15;A01
201800008162;0;33;0;4;0;0;1;A01
201800008163;0;38;48;0;1;2;1;A01
201800008164;1;7;0;0;2;3;0;A01
201800008164;1;31;0;0;2;2;0;B01
201800008165;1;7;0;0;2;6;1;B01
201800008165;1;32;0;0;2;1;2;A01
201800008166;1;7;0;0;2;6;9;A01
201800008166;1;33;0;0;2;2;1;B01
201800008167;1;7;0;0;0;8;15;B01
201800008167;1;31;0;0;0;1;17;A01
201800008168;1;7;0;0;2;1;2;A01
201800008168;1;7;0;0;2;4;2;B01
201800008169;2;32;0;8;0;1;15;A01
201800008170;1;7;0;0;2;8;15;B01
201800008170;1;33;0;0;2;1;17;A01
201800008171;2;7;0;0;2;5;5;A01
201800008171;1;7;0;0;2;3;1;B01
201800008172;1;7;0;15;0;1;1;A01
201800008173;2;36;0;1;0;1;1;A01
201800008174;2;7;0;0;2;1;1;A01
201800008174;1;37;1;0;2;3;11;B01
201800008175;2;7;0;1;0;1;1;A01
201800008176;1;7;0;8;0;3;1;A01
201800008177;2;33;0;0;2;1;17;A01
201800008177;2;10;0;0;2;0;15;B01
201800008178;1;7;0;0;2;3;1;B01
201800008178;1;7;0;0;2;3;13;A01
201800008179;1;7;0;0;2;5;15;A01
201800008179;2;7;0;0;2;1;1;B01
201800008180;2;33;0;11;0;1;1;A01
201800008181;2;31;0;0;2;2;17;A01
201800008181;2;14;0;0;2;6;15;B01
201800008182;1;7;0;0;2;4;23;B01
201800008182;0;7;0;0;2;1;0;A01
201800008183;2;10;0;0;2;3;1;A01
201800008183;2;7;0;0;2;8;9;B01
201800008184;1;33;0;0;2;1;1;B01
201800008184;2;10;0;0;2;8;23;C01
201800008184;0;10;0;0;2;5;15;A01
201800008185;1;7;0;0;2;3;1;B01
201800008185;1;7;0;0;2;5;12;A01
201800008186;1;7;0;0;2;7;15;A01
201800008186;1;2;0;0;2;7;17;B01
201800008187;0;7;0;0;2;8;0;A01
201800008187;0;7;0;0;2;8;0;B01
201800008188;0;32;0;0;2;1;1;A01
201800008188;0;7;0;0;2;2;15;B01
201800008189;1;7;0;0;1;1;1;A01
201800008190;1;33;0;1;1;1;1;A01
201800008191;2;7;0;9;0;4;15;A01
201800008191;2;30;0;0;2;1;2;B01
201800008192;1;7;0;0;2;0;0;A01
201800008192;1;1;0;0;2;1;1;B01
201800008193;1;7;0;0;2;4;15;B01
201800008193;0;32;0;0;2;1;17;A01
201800008194;1;7;0;0;2;1;0;B01
201800008194;1;7;0;0;2;8;19;A01
201800008195;1;7;0;0;1;1;1;A01
201800008196;2;99;0;0;1;3;1;Z01
201800008197;1;7;0;0;1;2;1;A01
201800008198;1;7;0;0;2;4;2;B01
201800008198;1;7;0;0;2;1;2;A01
201800008199;1;7;0;0;2;3;2;B01
201800008199;1;2;0;0;2;3;17;A01
201800008200;1;10;0;0;2;1;1;A01
201800008200;2;10;0;0;2;1;0;B01
201800008201;1;7;0;0;2;4;1;A01
201800008201;1;7;0;0;2;1;2;Z01
201800008202;2;17;0;0;2;3;1;C01
201800008202;1;10;0;0;2;8;1;B01
201800008202;2;10;0;1;2;8;5;A01
201800008203;0;7;0;0;2;1;1;A01
201800008203;0;7;0;0;2;4;23;B01
201800008204;2;7;0;8;0;1;1;A01
201800008205;1;10;0;0;1;2;16;A01
201800008206;2;30;0;12;0;7;14;A01
201800008207;2;7;0;0;9;8;20;A01
201800008207;2;1;0;0;2;1;1;B01
201800008208;2;31;0;0;2;8;17;B01
201800008208;1;7;0;0;2;2;15;A01
201800008209;1;31;0;0;2;1;1;B01
201800008209;1;7;0;0;2;7;15;A01
201800008210;1;10;0;0;2;4;20;A01
201800008210;1;30;0;0;2;1;0;B01
201800008211;2;7;0;0;2;8;1;B01
201800008211;2;7;0;0;2;7;17;A01
201800008212;1;7;0;0;2;8;15;B01
201800008212;1;34;0;0;2;2;17;A01
201800008213;1;1;0;0;2;5;19;B01
201800008213;1;30;0;0;2;0;0;Z01
201800008214;1;7;0;0;2;3;1;B01
201800008214;1;7;0;0;2;3;13;A01
201800008215;0;10;0;0;2;3;15;B01
201800008215;1;7;0;0;2;1;24;C01
201800008215;2;34;0;0;2;3;17;A01
201800008216;0;7;0;12;2;1;21;B01
201800008216;0;14;0;0;0;0;15;A01
201800008217;1;7;0;0;1;3;1;A01
201800008218;1;1;0;0;2;8;1;B01
201800008218;1;7;0;0;2;7;1;A01
201800008219;2;1;0;0;2;4;1;B01
201800008219;2;7;0;0;2;2;9;A01
201800008220;1;10;0;0;2;2;1;A01
201800008220;1;7;0;0;2;4;23;B01
201800008221;1;7;0;0;2;1;15;A01
201800008221;2;33;0;0;2;2;21;B01
201800008222;1;10;0;0;2;8;22;A01
201800008222;1;30;0;1;0;1;18;B01
201800008223;0;33;0;12;0;8;15;B01
201800008223;0;7;0;0;2;2;16;A01
201800008224;2;7;0;0;2;3;20;B01