num_acc;senc;catv;occutc;obs;obsm;choc;manv;num_veh
201800010806;2;7;0;7;2;6;1;A01
201800010806;1;7;0;0;2;1;1;B01
201800010807;2;7;0;13;0;9;14;A01
201800010808;2;7;0;0;2;2;17;A01
201800010808;1;33;0;0;2;1;1;B01
201800010809;2;10;0;2;0;2;13;A01
201800010810;2;7;0;0;2;2;11;A01
201800010810;2;1;0;0;2;3;2;B01
201800010811;2;17;0;3;0;8;11;A01
201800010812;0;7;0;0;2;7;13;A01
201800010812;0;7;0;0;2;8;14;B01
201800010813;1;7;0;0;2;2;17;A01
201800010813;1;7;0;0;0;8;15;B01
201800010814;1;7;0;8;0;3;0;A01
201800010815;0;1;0;10;0;1;21;A01
201800010815;0;7;0;0;0;0;1;B01
201800010816;1;31;0;0;2;1;13;A01
201800010816;2;7;0;0;2;3;14;B01
201800010817;1;7;0;0;2;3;13;A01
201800010817;2;14;0;0;2;3;14;B01
201800010818;1;7;0;0;0;4;15;B01
201800010818;1;10;0;0;2;1;2;A01
201800010819;1;7;0;0;1;2;1;A01
201800010820;1;7;0;13;0;1;1;A01
201800010821;2;14;0;5;0;2;1;A01
201800010822;0;31;0;0;2;1;1;B01
201800010822;2;7;0;0;2;3;16;A01
201800010823;1;7;0;16;0;0;1;A01
201800010824;2;7;0;0;2;1;1;C01
201800010824;1;33;0;0;2;1;1;A01
201800010824;2;7;0;0;2;1;1;B01
201800010825;2;30;0;0;2;8;15;B01
201800010825;2;33;0;0;2;1;1;A01
201800010826;1;7;0;0;2;1;1;A01
201800010826;2;33;0;0;2;1;1;B01
201800010827;0;33;0;0;9;1;1;A01
201800010828;2;7;0;0;2;2;13;A01
201800010828;1;7;0;0;2;1;1;B01
201800010829;1;7;0;0;1;4;4;A01
201800010830;1;33;0;0;0;0;1;A01
201800010831;1;7;0;0;0;2;1;A01
201800010832;2;33;0;16;0;0;1;A01
201800010833;2;7;0;16;0;9;0;A01
201800010834;2;33;0;0;0;0;1;A01
201800010834;1;33;0;0;0;0;1;B01
201800010835;2;33;0;16;0;7;1;A01
201800010836;1;7;0;0;2;4;23;B01
201800010836;1;1;0;1;0;1;1;A01
201800010837;1;31;0;13;9;0;1;A01
201800010838;2;33;0;13;0;0;1;A01
201800010839;1;33;0;13;0;1;1;A01
201800010840;2;33;0;10;0;1;1;A01
201800010841;2;33;0;0;0;8;0;A01
201800010842;1;7;0;0;0;0;2;A01
201800010843;2;7;0;2;0;8;1;A01
201800010844;2;7;0;0;1;3;1;A01
201800010845;1;14;0;0;9;7;1;A01
201800010845;1;1;0;0;2;1;18;B01
201800010846;2;7;0;13;0;7;1;A01
201800010847;1;33;0;0;0;0;1;A01
201800010848;2;33;0;5;0;1;1;A01
201800010849;2;7;0;0;2;3;13;A01
201800010849;1;10;0;0;2;3;1;B01
201800010850;2;7;0;0;2;2;15;B01
201800010850;1;7;0;0;2;2;1;A01
201800010851;2;7;0;16;0;9;0;A01
201800010852;2;7;0;0;2;1;2;B01
201800010852;1;7;0;0;2;2;15;A01
201800010853;1;7;0;0;2;1;1;A01
201800010853;1;21;0;0;0;5;16;B01
201800010854;2;7;0;0;2;8;1;A01
201800010854;1;7;0;0;2;6;1;B01
201800010855;1;2;0;0;0;8;13;A01
201800010856;1;7;0;14;0;0;1;A01
201800010857;2;7;0;13;0;9;1;A01
201800010858;2;7;0;9;0;2;21;A01
201800010859;1;7;0;2;0;1;0;A01
201800010860;2;7;0;0;2;1;13;A01
201800010860;1;7;0;0;2;1;1;B01
201800010861;1;33;0;0;0;0;14;A01
201800010862;0;7;0;2;0;2;0;A01
201800010863;0;7;0;0;1;1;15;A01
201800010864;0;7;0;13;0;2;1;A01
201800010865;0;7;0;13;0;1;1;A01
201800010866;1;15;0;0;2;1;1;B01
201800010866;0;7;0;0;0;8;19;A01
201800010867;0;7;0;13;0;2;1;A01
201800010868;2;7;0;13;0;0;1;A01
201800010869;2;7;0;0;0;8;19;B01
201800010869;2;10;0;0;2;1;1;A01
201800010870;1;7;0;0;2;1;1;C01
201800010870;2;34;0;0;2;8;13;A01
201800010870;1;7;0;0;2;8;1;B01
201800010871;1;31;0;0;2;1;2;B01
201800010871;1;7;0;0;2;3;10;A01
201800010872;0;7;0;0;1;2;1;A01
201800010873;2;7;0;7;0;8;1;A01
201800010874;2;1;0;13;0;0;1;A01
201800010875;0;33;0;13;0;1;1;A01
201800010876;2;7;0;13;0;3;0;A01
201800010877;1;7;0;0;2;1;13;A01
201800010877;2;7;0;0;2;3;1;B01
201800010878;2;34;0;0;6;3;1;A01
201800010879;1;33;0;13;0;1;1;A01
201800010880;1;7;0;4;0;2;0;A01
201800010881;1;7;0;0;2;3;15;B01
201800010881;1;33;0;0;2;1;17;A01
201800010882;2;7;0;15;0;1;13;A01
201800010883;2;7;0;0;2;3;1;B01
201800010883;1;7;0;0;2;1;15;A01
201800010884;1;7;0;0;1;7;2;A01
201800010885;0;7;0;1;0;7;1;A01
201800010886;0;14;0;0;2;3;1;A01
201800010886;0;7;0;0;2;3;13;B01
201800010887;1;33;0;13;0;1;1;A01
201800010888;0;7;0;0;1;2;1;A01
201800010889;2;7;0;4;2;4;1;A01
201800010889;1;33;0;13;2;1;1;B01
201800010890;0;7;0;0;0;3;9;A01
201800010890;2;32;0;0;0;7;1;B01
201800010891;1;7;0;0;2;6;0;D01
201800010891;1;31;0;0;2;1;1;B01
201800010891;1;7;0;0;2;2;13;A01
201800010891;1;7;0;0;2;8;1;C01
201800010892;2;7;0;0;2;5;13;B01
201800010892;0;33;0;0;2;8;1;A01
201800010893;2;33;0;13;0;0;19;A01
201800010894;2;33;0;13;0;0;1;A01
201800010895;2;7;0;0;2;1;0;B01
201800010895;1;7;0;0;2;1;13;A01
201800010896;1;7;0;0;2;3;1;A01
201800010896;2;7;0;0;2;3;19;B01
201800010897;1;7;0;0;2;1;15;A01
201800010897;1;7;0;1;0;3;1;B01
201800010898;0;7;0;0;2;5;23;A01
201800010898;0;7;0;0;0;3;23;B01
201800010899;1;7;0;7;0;0;1;A01
201800010900;1;7;0;13;0;1;1;A01
201800010901;0;7;0;0;2;1;15;A01
201800010901;0;31;0;0;2;1;1;B01
201800010902;0;7;0;2;0;3;0;A01
201800010903;2;7;0;6;0;1;1;A01
201800010904;1;7;0;0;2;3;13;A01
201800010904;2;7;0;0;2;3;1;B01
201800010905;1;33;0;13;0;1;1;A01
201800010906;2;2;0;0;2;1;1;B01
201800010906;2;7;0;0;2;3;15;A01
201800010907;0;1;0;0;5;1;1;A01
201800010908;0;2;0;0;2;7;17;A01
201800010908;0;7;0;0;2;8;15;B01
201800010909;2;7;0;0;2;1;2;C01
201800010909;1;7;0;0;2;1;13;A01
201800010909;2;7;0;0;2;3;2;B01
201800010910;2;33;0;0;0;8;0;A01
201800010911;1;31;0;0;9;0;1;B01
201800010911;2;15;0;0;0;0;1;A01
201800010912;0;7;0;0;0;0;0;A01
201800010912;0;2;0;0;0;7;0;B01
201800010913;1;7;0;13;0;1;14;A01
201800010914;1;10;0;0;2;2;2;A01
201800010914;1;30;0;3;0;4;2;B01
201800010915;0;7;0;0;2;3;19;A01
201800010915;0;7;0;8;2;1;1;B01
201800010916;1;7;0;0;2;2;1;A01
201800010916;2;14;0;0;2;3;1;B01
201800010917;2;7;0;0;2;3;1;B01
201800010917;1;7;0;0;2;3;15;A01
201800010918;1;31;0;0;0;7;2;B01
201800010918;1;7;0;0;2;3;15;A01
201800010919;2;7;0;0;2;1;13;A01
201800010919;1;7;0;0;2;3;1;C01
201800010919;1;7;0;0;2;8;1;B01
201800010920;1;15;0;0;2;1;1;B01
201800010920;2;7;0;0;2;3;13;A01
201800010921;1;33;0;2;0;1;1;A01
201800010922;2;7;0;1;1;2;1;A01
201800010923;2;7;0;0;2;2;1;C01
201800010923;1;7;0;0;2;1;13;A01
201800010923;2;7;0;0;2;1;1;B01
201800010924;2;7;0;0;2;1;1;B01
201800010924;1;7;0;0;2;1;15;A01
201800010925;2;7;0;7;0;1;2;A01
201800010926;1;7;0;0;2;1;1;A01
201800010926;2;7;0;0;2;1;1;B01
201800010927;2;7;0;0;0;6;15;B01
201800010927;1;33;0;0;2;1;1;A01
201800010928;1;33;0;14;0;1;13;A01
201800010929;2;7;0;0;2;1;13;A01
201800010929;1;7;0;0;2;1;1;B01
201800010930;2;7;0;0;2;3;13;A01
201800010930;1;7;0;0;2;6;1;B01
201800010930;1;7;0;0;2;3;1;C01
201800010931;1;7;0;2;0;3;13;A01
201800010932;1;7;0;13;2;3;13;A01
201800010932;2;14;0;13;2;3;1;B01
201800010933;2;7;0;2;0;2;0;A01
201800010934;1;7;0;6;0;1;1;A01
201800010935;1;33;0;0;2;1;15;A01
201800010935;1;7;0;0;0;2;17;B01
201800010936;0;33;0;0;2;2;17;A01
201800010936;1;7;0;0;2;8;15;B01
201800010937;1;15;0;3;0;3;1;A01
201800010938;2;7;0;0;2;6;1;B01
201800010938;0;7;0;0;2;1;19;A01
201800010939;1;32;0;0;6;1;0;A01
201800010940;1;7;0;0;2;5;1;B01
201800010940;0;7;0;0;2;1;19;A01
201800010941;1;7;0;2;0;8;1;B01
201800010941;2;7;0;0;2;1;1;A01
201800010942;2;7;0;0;2;1;1;C01
201800010942;1;7;0;0;2;3;1;A01
201800010942;2;7;0;0;2;8;1;B01
201800010943;0;7;0;0;1;2;1;A01
201800010944;0;10;0;0;0;3;1;A01
201800010944;0;10;0;0;0;3;1;B01
201800010944;0;7;0;0;2;1;1;C01
201800010945;1;33;0;0;0;7;1;A01
201800010946;2;33;0;7;0;1;17;A01
201800010947;0;36;0;0;0;0;0;A01
201800010948;1;33;0;16;0;1;16;A01
201800010949;2;33;0;13;0;8;15;A01
201800010950;2;7;0;0;2;1;1;B01
201800010950;1;7;0;0;2;1;5;A01
201800010951;2;33;0;0;2;1;2;C01
201800010951;2;33;0;0;2;4;2;A01
201800010951;2;33;0;0;2;1;2;B01
201800010952;1;33;0;0;0;7;1;A01
201800010953;0;33;0;0;0;0;0;A01
201800010954;1;7;0;13;0;1;14;A01
201800010955;1;7;0;2;0;7;14;A01
201800010956;2;2;0;0;2;1;13;A01
201800010956;1;7;0;0;2;1;1;B01
201800010957;2;31;0;0;2;1;1;B01
201800010957;0;7;0;0;2;5;19;A01
201800010958;0;7;0;2;0;7;1;A01
201800010959;0;7;0;0;0;0;1;A01
201800010960;1;33;0;0;2;3;1;A01
201800010960;2;10;0;0;0;5;0;B01
201800010961;1;7;0;13;0;2;2;A01
201800010962;0;7;0;0;2;3;15;A01
201800010962;0;33;0;0;2;7;17;B01
201800010963;0;2;0;0;2;1;1;B01
201800010963;0;7;0;0;0;4;1;A01
201800010964;2;7;0;0;2;1;1;B01
201800010964;1;7;0;0;2;3;15;A01
201800010965;2;34;0;0;1;1;1;A01
201800010966;2;10;0;0;2;1;1;A01
201800010966;1;10;0;0;2;1;15;B01
201800010967;0;7;0;0;2;1;19;B01
201800010967;0;7;0;6;0;3;1;A01
201800010968;0;7;0;0;2;1;21;B01
201800010968;0;7;0;0;2;1;13;A01
201800010969;0;7;0;0;2;1;1;B01
201800010969;0;7;0;0;2;3;19;A01
201800010970;0;33;0;0;0;6;19;B01
201800010970;1;7;0;0;2;2;19;A01
201800010971;2;7;0;2;0;1;0;A01
201800010972;0;7;0;0;2;5;19;A01
201800010972;0;33;0;0;2;1;1;B01
201800010973;2;7;0;0;2;1;1;B01
201800010973;1;7;0;0;2;1;13;A01
201800010974;0;7;0;0;2;1;1;A01
201800010974;0;7;0;0;2;1;1;B01
201800010975;1;7;0;0;2;3;1;B01
201800010975;2;7;0;0;2;3;13;A01
201800010976;0;33;0;0;0;0;2;A01
201800010977;2;7;0;13;0;1;14;A01
201800010978;2;34;0;0;2;2;13;A01
201800010978;1;7;0;0;2;3;1;B01
201800010979;0;7;0;13;2;3;1;B01
201800010979;0;7;0;13;2;3;13;A01
201800010979;0;7;0;13;2;3;1;C01
201800010980;0;7;0;0;2;3;1;A01
201800010980;0;7;0;0;2;3;1;B01
201800010981;0;7;0;2;0;7;16;A01
201800010982;2;7;0;7;0;3;0;A01
201800010983;2;7;0;0;2;1;1;B01
201800010983;1;10;0;0;2;1;5;A01
201800010983;2;7;0;0;2;1;2;C01
201800010984;2;7;0;0;2;3;0;C01
201800010984;1;7;0;0;2;3;0;A01
201800010984;1;7;0;0;2;1;0;B01
201800010985;0;7;0;9;2;4;24;B01
201800010985;1;7;0;1;0;1;13;A01
201800010986;1;7;0;5;0;3;5;A01
201800010987;0;7;0;0;2;1;16;B01
201800010987;0;7;0;0;2;8;15;A01
201800010988;0;1;0;0;2;3;2;B01
201800010988;0;3;0;0;9;6;16;A01
201800010989;1;7;0;0;2;3;13;A01
201800010989;2;7;0;0;2;1;21;B01
201800010989;2;7;0;0;2;1;21;C01
201800010990;0;7;0;0;1;3;1;A01
201800010991;2;7;0;0;1;2;1;A01
201800010992;0;99;0;0;0;0;1;A01
201800010993;2;7;0;0;2;3;1;B01
201800010993;1;7;0;0;2;3;13;A01
201800010994;1;33;0;0;2;5;17;B01
201800010994;1;7;0;0;2;3;10;A01
201800010995;1;7;0;0;0;8;1;A01
201800010995;2;7;0;0;2;1;1;B01
201800010996;0;7;0;0;1;4;4;A01
201800010997;2;7;0;0;9;2;1;A01
201800010997;2;1;0;0;0;4;2;B01
201800010998;0;33;0;0;2;1;1;B01
201800010998;0;33;0;0;2;6;10;A01
201800010999;2;7;0;0;2;3;1;A01
201800010999;2;37;4;0;2;8;15;B01
201800011000;2;7;0;0;2;3;1;B01
201800011000;1;7;0;0;2;3;0;A01
201800011001;1;7;0;0;2;6;0;A01
201800011001;2;10;0;0;2;3;1;B01
201800011002;0;33;0;0;0;8;3;A01
201800011002;0;7;0;0;9;7;0;B01
201800011003;2;1;0;0;2;1;19;A01
201800011003;1;7;0;0;2;8;1;B01
201800011004;1;34;0;11;0;1;0;A01
201800011005;0;1;0;0;0;0;0;A01
201800011005;0;99;0;0;2;3;19;B01
201800011006;0;7;0;0;1;1;17;A01
201800011007;2;7;0;8;0;1;1;A01
201800011008;2;7;0;0;2;3;6;A01
201800011008;1;1;0;0;2;1;19;B01
201800011009;0;7;0;0;1;1;15;A01
201800011010;0;7;0;0;2;8;1;A01
201800011010;0;33;0;0;0;7;1;B01
201800011011;1;7;0;15;0;9;2;A01
201800011012;1;7;0;0;1;2;1;A01
201800011013;0;7;0;0;2;3;9;A01
201800011013;0;33;0;8;2;2;9;B01
201800011014;0;7;0;0;2;3;19;A01
201800011014;0;20;0;0;2;2;7;B01
201800011015;2;7;0;0;9;7;17;A01
201800011015;2;1;0;0;0;8;1;B01
201800011016;2;7;0;10;2;2;0;A01
201800011016;2;7;0;10;2;8;1;B01
201800011017;0;7;0;0;0;3;1;A01
201800011017;0;33;0;0;2;1;1;B01
201800011018;0;7;0;0;2;2;15;A01
201800011018;0;7;0;0;2;1;2;B01
201800011019;0;7;0;0;1;3;1;A01
201800011020;2;7;0;0;0;5;10;A01
201800011020;1;33;0;0;2;1;1;B01
201800011021;0;7;0;0;1;3;15;A01
201800011022;1;7;0;0;2;1;1;A01
201800011022;1;7;0;0;0;4;1;B01
201800011023;2;7;0;0;2;1;1;A01
201800011023;1;7;0;0;2;1;1;B01
201800011024;0;7;0;0;1;3;1;A01
201800011025;1;10;0;0;2;1;2;A01
201800011025;1;7;0;0;2;4;2;B01
201800011026;0;7;0;0;2;3;1;B01
201800011026;0;7;0;0;2;2;19;A01
201800011026;0;7;0;0;2;1;23;C01
201800011027;1;7;0;0;2;3;13;A01
201800011027;2;7;0;0;2;3;1;B01
201800011027;2;7;0;0;2;3;1;C01
201800011028;2;7;0;0;2;1;5;A01
201800011028;1;7;0;0;2;1;1;B01
201800011029;0;2;0;0;0;0;1;A01
201800011030;2;33;0;0;0;1;1;A01
201800011031;1;7;0;0;2;3;13;A01
201800011031;2;7;0;0;2;3;1;B01
201800011032;1;7;0;13;0;2;14;A01
201800011033;0;7;0;0;9;2;1;A01
201800011033;0;1;0;0;2;8;1;B01
201800011034;2;7;0;0;0;5;1;A01
201800011034;2;33;0;0;2;1;1;B01
201800011035;2;7;0;13;0;1;1;A01
201800011036;1;7;0;0;2;1;13;A01
201800011036;2;15;0;0;2;8;1;B01
201800011037;2;33;0;2;0;1;0;A01
201800011038;0;2;0;12;0;1;1;A01
201800011039;0;33;0;16;0;1;1;A01
201800011040;1;13;0;0;1;0;2;A01
201800011041;0;7;0;8;0;0;0;A01
201800011042;2;33;0;0;6;1;1;A01
201800011043;0;7;0;13;0;1;1;A01
201800011044;1;2;0;12;0;0;1;A01
201800011045;0;36;0;8;0;1;1;A01
201800011046;0;7;0;0;2;1;5;A01
201800011046;0;10;0;0;2;1;5;B01
201800011047;2;7;0;2;0;1;1;A01
201800011048;0;7;0;0;1;1;1;A01
201800011049;1;7;0;4;2;1;1;A01
201800011049;1;7;0;0;2;6;1;B01
201800011050;0;7;0;0;2;2;9;A01
201800011050;0;32;0;0;2;2;0;B01
201800011051;1;1;0;0;2;3;1;B01
201800011051;2;7;0;0;9;3;15;A01
201800011052;2;7;0;0;2;1;1;A01
201800011052;1;7;0;0;2;3;1;B01
201800011052;1;7;0;0;2;1;1;C01
201800011053;2;7;0;13;0;1;1;A01
201800011053;2;7;0;7;0;5;19;B01
201800011054;0;7;0;0;1;1;1;A01
201800011055;1;33;0;0;2;1;13;B01
201800011055;0;7;0;0;0;6;15;A01
201800011056;1;7;0;6;1;2;0;A01
201800011056;2;7;0;0;2;2;0;B01
201800011057;1;2;0;12;0;7;0;A01
201800011058;0;7;0;13;0;1;1;A01
201800011059;0;7;0;2;0;9;9;A01
201800011060;0;7;0;0;1;3;15;A01
201800011061;0;7;0;0;9;1;15;A01
201800011061;0;1;0;0;2;8;1;B01
201800011062;2;14;0;0;2;8;19;A01
201800011062;1;7;0;0;2;1;1;B01
201800011063;1;2;0;0;2;7;17;A01
201800011063;1;7;0;0;2;3;15;B01
201800011064;2;7;0;2;0;2;14;A01
201800011065;1;7;0;12;2;3;1;A01
201800011065;2;7;0;12;2;2;15;B01
201800011066;2;2;0;0;2;1;1;B01
201800011066;0;7;0;0;2;3;15;A01
201800011067;0;7;0;0;0;3;1;A01
201800011068;0;33;0;0;0;0;1;A01
201800011069;1;2;0;14;0;1;16;A01
201800011070;1;99;0;6;0;1;1;A01
201800011071;1;2;0;1;0;1;14;A01
201800011072;2;7;0;0;2;2;10;A01
201800011072;2;30;0;0;2;1;1;B01
201800011073;0;7;0;0;2;2;15;A01
201800011073;0;7;0;0;2;1;1;B01
201800011074;2;2;0;0;2;1;1;B01
201800011074;2;7;0;0;2;6;16;A01
201800011075;1;7;0;1;0;2;14;A01
201800011076;0;7;0;0;1;2;1;A01
201800011077;2;7;0;2;0;1;1;A01
201800011078;2;7;0;0;1;1;1;A01
201800011079;1;7;0;0;2;4;0;B01
201800011079;1;7;0;0;2;1;0;A01
201800011080;1;7;0;0;2;8;15;A01
201800011080;0;1;0;0;2;1;1;B01
201800011081;1;7;0;8;0;3;13;A01
201800011082;1;13;0;0;2;5;1;B01
201800011082;1;17;0;0;2;2;17;A01
201800011083;1;2;0;0;2;2;1;A01
201800011083;1;7;0;0;2;2;10;B01
201800011084;0;1;0;16;0;1;0;A01
201800011085;2;1;0;16;0;0;0;A01
201800011086;2;7;0;0;1;3;0;A01
201800011087;1;7;0;13;0;1;0;A01
201800011088;0;7;0;16;0;1;19;A01
201800011089;2;7;0;0;2;1;2;A01
201800011089;1;7;0;0;2;4;2;B01
201800011090;2;10;0;0;2;7;15;A01
201800011090;1;30;0;0;2;8;1;B01
201800011091;1;7;0;0;1;1;1;A01
201800011092;1;7;0;0;1;1;1;A01
201800011093;1;7;0;0;2;1;2;A01
201800011093;1;2;0;0;2;4;1;B01
201800011094;1;7;0;0;1;7;1;A01
201800011095;1;15;0;0;2;7;17;A01
201800011095;1;7;0;0;2;8;1;B01
201800011096;1;10;0;0;1;1;1;A01
201800011097;2;7;0;0;1;3;1;A01
201800011098;2;7;0;0;2;2;1;B01
201800011098;2;7;0;0;2;8;11;A01
201800011099;2;7;0;0;1;1;9;A01
201800011100;0;7;0;6;0;1;1;A01
201800011101;1;34;0;0;2;1;1;B01
201800011101;1;10;0;0;2;7;19;A01
201800011102;2;33;0;0;5;1;1;A01
201800011103;1;7;0;0;0;0;0;A01
201800011104;0;33;0;0;2;7;5;A01
201800011104;0;14;0;0;2;3;21;B01
201800011105;1;7;0;2;0;1;16;A01
201800011106;0;33;0;0;0;0;1;A01
201800011107;2;7;0;13;0;1;1;A01
201800011108;1;7;0;1;0;3;1;A01
201800011109;0;33;0;16;0;7;1;A01
201800011110;2;7;0;1;2;3;1;A01
201800011110;1;7;0;0;2;3;13;B01
201800011111;0;7;0;16;0;7;19;A01
201800011111;2;7;0;0;2;1;1;B01
201800011112;1;7;0;0;2;1;5;A01
201800011112;2;7;0;0;2;1;1;B01
201800011112;2;10;0;0;2;8;1;C01
201800011112;2;7;0;0;2;8;1;D01
201800011113;2;7;0;0;0;1;13;A01
201800011114;1;7;0;0;2;1;5;A01
201800011114;2;7;0;0;2;2;1;B01
201800011115;1;33;0;0;2;1;17;A01
201800011115;2;7;0;0;2;1;1;B01
201800011116;2;1;0;0;2;3;16;A01
201800011116;0;7;0;0;2;2;1;B01
201800011117;0;7;0;0;2;3;0;A01
201800011117;0;2;0;0;2;1;0;B01
201800011118;2;7;0;0;2;3;9;A01
201800011118;2;31;0;0;2;1;2;B01
201800011119;0;7;0;13;0;3;1;A01
201800011120;0;7;0;0;2;6;9;A01
201800011120;0;31;0;0;2;1;1;B01
201800011121;2;33;0;0;0;7;1;A01
201800011122;1;7;0;0;1;1;16;A01
201800011123;2;7;0;0;2;7;13;A01
201800011123;1;7;0;0;2;1;1;B01
201800011124;1;7;0;13;0;1;1;A01
201800011125;1;7;0;16;0;1;1;A01
201800011126;2;7;0;6;0;1;1;A01
201800011127;2;7;0;0;2;2;2;A01
201800011127;2;7;0;0;0;6;16;B01
201800011128;1;7;0;3;2;1;1;A01
201800011128;2;7;0;0;2;1;1;B01
201800011129;0;7;0;0;2;1;15;A01
201800011129;2;33;0;0;2;1;1;B01
201800011130;0;1;0;0;0;1;1;A01
201800011131;1;2;0;8;0;2;1;A01
201800011132;2;7;0;0;2;2;0;A01
201800011132;2;2;0;0;2;4;1;B01
201800011133;1;7;0;0;2;1;1;A01
201800011133;1;7;0;0;0;4;15;B01
201800011134;1;7;0;0;2;7;2;A01
201800011134;1;1;0;0;2;6;1;B01
201800011135;0;7;0;0;9;2;2;A01
201800011135;0;1;0;0;0;0;2;B01
201800011135;0;1;0;0;0;0;2;C01
201800011136;0;7;0;0;2;1;17;A01
201800011136;0;7;0;0;2;1;1;B01
201800011136;0;7;0;0;2;1;1;C01
201800011137;0;7;0;0;1;4;4;A01
201800011138;2;7;0;13;0;2;1;A01
201800011139;2;7;0;13;0;1;1;A01
201800011140;2;7;0;13;0;7;13;A01
201800011141;1;7;0;2;0;1;17;A01
201800011142;1;7;0;0;9;8;2;B01
201800011142;2;7;0;0;2;1;19;A01
201800011143;1;7;0;3;0;2;0;A01
201800011144;0;7;0;0;1;3;13;A01
201800011145;0;7;0;6;0;0;1;A01
201800011146;2;7;0;8;0;9;2;A01
201800011147;2;7;0;0;2;3;13;A01
201800011147;1;7;0;0;2;3;1;B01
201800011148;0;7;0;0;1;4;4;A01
201800011149;2;2;0;0;0;3;0;A01
201800011150;1;7;0;0;2;1;1;B01
201800011150;0;7;0;7;0;7;1;A01
201800011151;1;7;0;13;0;2;2;A01
201800011152;1;7;0;13;0;1;16;A01
201800011153;0;7;0;0;2;3;19;A01
201800011153;2;7;0;0;2;2;1;B01
201800011154;0;30;0;0;0;7;1;A01
201800011155;0;10;0;0;2;8;1;A01
201800011155;0;2;0;0;2;2;1;B01
201800011156;2;7;0;0;2;7;13;A01
201800011156;1;7;0;0;2;1;1;B01
201800011157;1;7;0;0;2;3;16;A01
201800011157;2;7;0;0;2;3;1;B01
201800011158;1;7;0;6;0;1;1;A01
201800011159;1;7;0;13;0;2;14;A01
201800011160;0;7;0;0;2;3;13;A01
201800011160;0;7;0;0;2;3;1;B01
201800011161;1;7;0;0;2;2;2;A01
201800011161;1;2;0;0;0;4;2;B01
201800011162;2;7;0;0;2;7;13;A01
201800011162;1;7;0;0;2;1;1;B01
201800011163;2;7;0;0;9;3;9;A01
201800011163;1;1;0;0;2;1;1;B01
201800011164;0;1;0;0;0;4;0;A01
201800011165;0;7;0;0;2;1;1;A01
201800011165;0;31;0;12;2;7;1;B01
201800011166;1;31;0;0;2;1;1;A01
201800011166;0;7;0;0;2;6;19;B01
201800011167;0;7;0;0;2;1;15;A01
201800011167;0;30;0;0;2;1;1;B01
201800011168;1;7;0;0;1;1;1;A01
201800011169;1;7;0;3;0;3;13;A01
201800011170;0;2;0;1;0;1;0;A01
201800011171;1;7;0;0;0;9;13;A01
201800011172;1;2;0;0;2;1;1;A01
201800011172;2;7;0;0;2;7;15;B01
201800011173;0;1;0;0;2;1;15;A01
201800011173;0;7;0;0;9;2;1;B01
201800011174;1;7;0;0;2;1;1;B01
201800011174;0;7;0;0;2;8;1;A01
201800011175;2;2;0;0;2;1;1;A01
201800011175;1;7;0;0;2;1;1;B01
201800011176;1;7;0;0;2;3;15;A01
201800011176;2;7;0;0;2;2;1;B01
201800011177;1;33;0;2;0;1;1;A01
201800011178;0;1;0;0;0;0;1;A01
201800011179;1;33;0;0;0;8;1;A01
201800011180;2;33;0;0;2;1;1;B01
201800011180;1;10;0;0;2;7;15;A01
201800011181;2;10;0;0;0;1;1;B01
201800011181;1;1;0;0;2;8;1;A01
201800011182;1;7;0;2;0;8;14;A01
201800011183;2;7;0;2;0;1;1;A01
201800011184;1;10;0;0;2;2;1;B01
201800011184;1;7;0;0;2;2;0;A01
201800011185;2;10;0;2;0;1;13;A01
201800011186;1;14;0;2;0;1;1;A01
201800011187;1;7;0;0;2;1;1;C01
201800011187;1;7;0;0;2;6;1;B01
201800011187;2;7;0;0;2;1;1;A01
201800011188;2;7;0;0;0;9;0;A01
201800011189;1;7;0;6;0;9;1;A01
201800011190;2;7;0;0;0;3;15;B01
201800011190;2;33;0;0;2;1;2;A01
201800011191;2;7;0;0;2;1;1;B01
201800011191;0;7;0;0;2;8;19;A01
201800011192;1;7;0;0;1;2;1;A01
201800011193;2;7;0;0;2;4;2;A01
201800011193;2;7;0;0;2;1;2;B01
201800011194;1;2;0;6;0;2;1;A01
201800011195;0;7;0;14;0;2;1;A01
201800011196;1;21;0;0;0;0;0;A01
201800011197;1;7;0;0;1;3;1;A01
201800011198;1;7;0;0;0;0;21;A01
201800011199;0;7;0;0;1;2;16;A01
201800011200;1;32;0;3;0;2;1;A01
201800011201;2;7;0;0;2;7;1;B01
201800011201;1;33;0;0;2;0;0;A01
201800011202;2;7;0;0;2;1;1;B01
201800011202;2;31;0;0;2;1;1;C01
201800011202;1;10;0;0;0;8;15;A01
201800011203;1;7;0;3;0;0;0;A01
201800011204;2;7;0;0;2;3;1;B01
201800011204;1;33;0;0;2;1;5;A01
201800011205;1;33;0;0;2;1;1;A01
201800011205;2;10;0;0;2;3;1;B01
201800011206;1;2;0;0;2;3;1;A01
201800011206;2;7;0;0;2;3;1;B02
201800011207;1;7;0;0;2;3;13;A01
201800011207;2;7;0;0;2;6;1;B01
201800011208;2;33;0;0;0;1;0;A01
201800011209;0;7;0;0;2;3;13;A01
201800011209;0;7;0;0;2;3;1;B01
201800011210;1;7;0;0;1;3;1;A01
201800011211;2;7;0;0;2;1;5;A01
201800011211;1;15;0;0;2;1;1;B01
201800011212;2;7;0;10;0;7;0;A01