num_acc;senc;catv;occutc;obs;obsm;choc;manv;num_veh
201800012839;0;33;0;0;5;1;1;A01
201800012840;2;7;0;0;2;3;1;B01
201800012840;0;7;0;0;2;2;9;A01
201800012840;0;21;0;0;2;3;23;C01
201800012841;1;7;0;0;2;1;17;A01
201800012841;1;7;0;0;2;8;15;B01
201800012842;1;7;0;6;0;6;1;A01
201800012843;1;7;0;0;2;3;1;C01
201800012843;1;7;0;0;2;6;1;B01
201800012843;2;7;0;0;2;3;1;A01
201800012844;2;7;0;0;2;4;23;C01
201800012844;2;7;0;0;2;2;2;A01
201800012844;2;7;0;0;2;6;23;B01
201800012845;2;7;0;0;2;3;15;B01
201800012845;2;2;0;0;2;8;1;A01
201800012846;1;7;0;0;2;1;1;B01
201800012846;2;7;0;3;2;1;5;A01
201800012847;0;34;0;0;0;1;1;B01
201800012847;0;10;0;0;0;2;15;A01
201800012848;2;7;0;0;2;5;1;A01
201800012848;2;7;0;0;2;1;1;B01
201800012849;1;7;0;13;0;1;1;A01
201800012850;1;34;0;0;6;1;1;A01
201800012851;1;7;0;6;0;2;1;A01
201800012851;1;7;0;0;9;7;2;B01
201800012852;2;2;0;0;2;1;1;B01
201800012852;0;10;0;0;2;3;19;A01
201800012853;0;7;0;8;0;1;1;A01
201800012854;2;33;0;0;0;0;21;A01
201800012854;2;7;0;0;0;0;9;B01
201800012855;1;7;0;0;1;1;1;A01
201800012856;2;33;0;0;2;1;1;A01
201800012856;0;10;0;0;2;6;15;B01
201800012857;1;33;0;2;0;1;1;A01
201800012858;0;7;0;0;1;1;9;A01
201800012859;0;31;0;0;2;4;10;A01
201800012859;0;7;0;0;2;1;2;Z01
201800012860;2;7;0;13;0;3;21;A01
201800012861;2;7;0;0;1;2;1;A01
201800012862;1;7;0;0;2;6;15;A01
201800012862;1;2;0;0;2;1;1;B01
201800012863;2;7;0;6;0;3;1;A01
201800012864;0;10;0;0;9;3;1;A01
201800012864;0;1;0;0;2;1;1;B01
201800012865;2;7;0;16;0;0;0;A01
201800012866;2;1;0;0;2;7;2;B01
201800012866;1;7;0;0;2;3;9;A01
201800012867;0;7;0;9;0;1;0;A01
201800012868;2;34;0;0;2;1;1;B01
201800012868;1;7;0;0;2;5;15;A01
201800012869;1;7;0;0;0;1;15;B01
201800012869;1;1;0;0;0;4;18;A01
201800012870;1;2;0;0;2;1;1;A01
201800012870;1;7;0;0;2;2;9;B01
201800012871;1;7;0;6;0;1;1;A01
201800012872;1;7;0;8;0;1;1;A01
201800012873;0;7;0;0;0;3;0;B01
201800012873;0;2;0;0;0;7;0;A01
201800012874;0;7;0;0;2;1;1;A01
201800012874;0;7;0;0;2;8;1;B01
201800012875;1;7;0;0;2;1;13;A01
201800012875;2;7;0;0;2;1;13;B01
201800012876;2;1;0;0;2;7;1;B01
201800012876;0;7;0;0;9;1;19;A01
201800012877;2;7;0;0;2;2;1;B01
201800012877;1;7;0;0;2;2;13;A01
201800012878;1;33;0;0;2;8;1;B01
201800012878;2;7;0;0;2;3;15;A01
201800012879;1;7;0;6;0;1;1;A01
201800012880;1;10;0;3;2;8;0;A01
201800012880;2;10;0;3;2;8;0;B01
201800012881;1;7;0;0;1;1;2;A01
201800012882;1;7;0;14;1;3;1;A01
201800012883;2;7;0;0;2;1;1;B01
201800012883;1;7;0;13;2;7;13;A01
201800012884;1;7;0;0;2;8;0;A01
201800012884;2;31;0;0;2;8;0;B01
201800012885;1;7;0;0;2;3;1;B01
201800012885;2;7;0;0;2;3;1;A01
201800012886;2;7;0;0;2;1;15;A01
201800012886;1;33;0;0;2;1;1;B01
201800012887;1;7;0;15;0;0;1;A01
201800012888;2;7;0;0;2;1;1;B01
201800012888;1;1;0;0;2;0;13;A01
201800012889;1;14;0;13;0;2;14;A01
201800012890;0;7;0;0;1;4;4;A01
201800012891;0;2;0;0;2;1;13;A01
201800012891;0;10;0;0;2;2;1;B01
201800012892;2;7;0;0;2;3;13;A01
201800012892;1;10;0;0;2;8;1;B01
201800012893;1;7;0;0;2;2;1;A01
201800012893;2;7;0;0;2;3;1;B01
201800012894;2;7;0;0;2;3;1;B01
201800012894;1;2;0;0;2;8;17;A01
201800012895;2;34;0;0;2;1;1;B01
201800012895;1;7;0;0;0;7;15;A01
201800012896;1;7;0;0;2;1;1;B01
201800012896;2;36;0;0;2;1;13;A01
201800012897;1;33;0;0;0;8;1;A01
201800012898;2;33;0;8;0;2;1;A01
201800012899;0;2;0;0;2;1;13;A01
201800012899;0;7;0;0;2;3;1;B01
201800012900;1;33;0;0;2;1;2;A01
201800012900;1;7;0;0;9;3;11;B01
201800012901;1;7;0;0;2;2;15;A01
201800012901;2;2;0;0;2;1;1;B01
201800012902;2;1;0;0;2;8;1;A01
201800012902;2;1;0;0;2;8;1;B01
201800012902;2;99;0;0;2;5;17;C01
201800012903;2;7;0;0;2;1;1;B01
201800012903;1;7;0;0;2;1;15;A01
201800012904;0;7;0;0;2;3;1;A01
201800012904;0;7;0;0;2;1;1;B01
201800012905;2;7;0;0;1;1;1;A01
201800012906;1;33;0;0;2;2;2;A01
201800012906;1;7;0;0;2;3;2;B01
201800012907;1;7;0;2;0;9;1;A01
201800012908;1;2;0;0;2;1;2;A01
201800012908;1;7;0;0;0;5;23;B01
201800012909;1;7;0;0;1;2;1;A01
201800012910;0;7;0;2;0;1;1;A01
201800012911;0;2;0;12;0;1;1;A01
201800012912;0;7;0;0;2;1;16;A01
201800012912;0;30;0;0;2;1;15;B01
201800012913;1;7;0;0;2;1;1;B01
201800012913;0;2;0;0;2;7;0;A01
201800012914;1;7;0;7;0;3;1;A01
201800012915;1;7;0;0;2;8;13;A01
201800012915;2;7;0;0;2;8;1;B01
201800012916;2;2;0;0;2;3;1;B01
201800012916;1;7;0;0;2;3;13;A01
201800012917;2;99;0;0;1;1;1;A01
201800012918;1;2;0;0;0;7;1;B01
201800012918;0;7;0;0;0;0;15;A01
201800012919;1;33;0;0;0;8;1;D01
201800012919;2;7;0;0;2;1;1;C01
201800012919;2;7;0;0;2;4;1;B01
201800012919;2;7;0;0;0;5;1;A01
201800012920;2;2;0;0;2;1;13;A01
201800012920;1;7;0;0;2;1;1;B01
201800012921;2;7;0;0;0;1;13;A01
201800012921;1;7;0;0;0;3;1;B01
201800012922;2;10;0;0;2;8;1;B01
201800012922;1;33;0;0;2;8;13;A01
201800012923;1;7;0;0;2;3;13;A01
201800012923;2;10;0;0;2;3;1;B01
201800012924;2;33;0;13;0;2;1;A01
201800012925;2;7;0;0;1;1;2;A01
201800012926;2;7;0;8;0;7;14;A01
201800012927;1;7;0;0;2;3;13;B01
201800012927;2;33;0;0;2;0;1;A01
201800012928;1;7;0;0;2;1;1;B01
201800012928;2;1;0;0;2;1;1;A01
201800012929;2;1;0;0;2;1;1;B01
201800012929;1;7;0;0;2;3;9;A01
201800012930;0;21;0;0;0;9;0;A01
201800012931;0;2;0;0;2;1;1;B01
201800012931;0;7;0;0;2;3;15;A01
201800012932;1;7;0;13;0;3;13;A01
201800012933;0;7;0;0;1;2;1;A01
201800012934;2;33;0;0;0;7;1;A01
201800012935;2;33;0;13;0;1;1;A01
201800012936;2;7;0;0;2;1;9;A01
201800012936;2;7;0;0;2;2;1;B01
201800012937;2;7;0;13;0;3;16;A01
201800012938;2;33;0;0;2;1;1;B01
201800012938;0;7;0;0;2;3;15;A01
201800012939;2;33;0;0;0;8;1;A01
201800012940;1;10;0;0;9;2;2;B01
201800012940;1;1;0;0;0;8;1;A01
201800012941;1;33;0;0;0;8;1;A01
201800012942;1;33;0;0;0;0;15;A01
201800012943;1;7;0;0;0;2;14;A01
201800012944;1;7;0;13;0;1;13;A01
201800012945;1;7;0;0;2;1;1;B01
201800012945;2;7;0;0;2;1;13;A01
201800012946;0;7;0;0;0;9;1;A01
201800012947;1;7;0;0;2;2;17;A01
201800012947;2;7;0;0;2;1;1;B01
201800012948;0;2;0;0;2;8;13;A01
201800012948;0;10;0;0;2;6;1;B01
201800012949;2;7;0;0;0;1;1;B01
201800012949;2;7;0;0;0;8;9;A01
201800012950;2;33;0;5;0;1;1;A01
201800012950;1;7;0;0;0;0;13;B01
201800012951;1;31;0;0;0;0;1;A01
201800012952;0;1;0;0;0;0;1;A01
201800012953;1;7;0;0;1;7;1;A01
201800012954;1;7;0;4;0;0;1;A01
201800012955;1;7;0;0;2;3;13;A01
201800012955;2;15;0;0;2;3;0;B01
201800012956;1;7;0;0;2;2;11;B01
201800012956;2;7;0;0;2;1;11;A01
201800012957;1;31;0;0;9;7;1;B01
201800012957;1;1;0;0;2;8;1;A01
201800012958;1;7;0;13;0;1;0;A01
201800012959;1;15;0;0;9;7;13;A01
201800012959;0;20;0;0;2;4;0;B01
201800012960;0;2;0;14;0;2;0;A01
201800012961;0;7;0;2;0;0;0;A01
201800012962;2;33;0;0;2;1;17;B01
201800012962;2;7;0;0;2;8;15;A01
201800012963;1;7;0;3;0;1;14;A01
201800012964;0;7;0;13;0;1;1;A01
201800012965;1;33;0;5;0;1;1;A01
201800012966;2;7;0;2;0;1;1;A01
201800012967;1;7;0;0;2;3;1;B01
201800012967;2;7;0;0;2;3;1;A01
201800012968;2;7;0;0;2;3;1;B01
201800012968;1;7;0;0;2;2;1;A01
201800012969;1;7;0;2;0;1;1;A01
201800012970;1;33;0;0;2;3;19;B01
201800012970;1;7;0;0;2;2;1;A01
201800012971;1;2;0;16;0;0;1;A01
201800012972;1;7;0;6;0;3;1;A01
201800012973;2;7;0;0;2;3;17;A01
201800012973;1;14;0;0;2;3;1;B01
201800012974;1;7;0;0;1;3;1;A01
201800012975;0;1;0;1;0;1;1;A01
201800012976;0;7;0;0;2;3;13;A01
201800012976;0;7;0;0;2;3;1;B01
201800012977;0;7;0;0;2;1;0;A01
201800012977;0;7;0;0;0;1;0;B01
201800012978;2;33;0;13;0;0;1;A01
201800012979;1;7;0;8;0;1;13;A01
201800012980;1;33;0;0;2;1;13;A01
201800012980;1;7;0;0;2;3;1;B01
201800012980;1;7;0;13;2;2;1;C01
201800012981;2;7;0;2;0;8;1;A01
201800012982;1;7;0;0;9;3;2;A01
201800012982;1;1;0;0;0;4;1;B01
201800012983;0;7;0;0;2;3;0;B01
201800012983;0;7;0;0;2;3;0;A01
201800012984;1;7;0;16;0;1;1;A01
201800012985;1;7;0;0;2;2;19;A01
201800012985;1;33;0;0;2;1;1;B01
201800012986;1;1;0;0;0;0;0;A01
201800012987;2;7;0;0;2;3;5;A01
201800012987;1;7;0;0;2;3;1;B01
201800012988;1;33;0;13;0;1;14;A01
201800012989;1;7;0;13;0;6;13;A01
201800012990;2;2;0;0;6;1;2;A01
201800012991;2;10;0;0;2;2;17;A01
201800012991;2;1;0;0;2;8;2;B01
201800012992;0;7;0;0;2;1;1;B01
201800012992;0;7;0;0;2;2;15;A01
201800012993;0;7;0;2;0;3;0;A01
201800012994;2;1;0;0;0;0;1;A01
201800012995;2;7;0;6;0;3;0;A01
201800012996;2;7;0;13;0;1;14;A01
201800012997;1;7;0;0;0;9;2;A01
201800012998;2;10;0;2;0;1;0;A01
201800012999;1;10;0;13;0;0;0;A01
201800013000;1;31;0;0;2;1;2;A01
201800013000;1;7;0;0;0;5;23;B01
201800013001;0;7;0;0;2;1;1;B01
201800013001;0;7;0;0;2;7;19;A01
201800013002;2;7;0;13;0;2;16;A01
201800013003;2;7;0;0;2;1;13;A01
201800013003;1;17;0;0;2;2;1;B01
201800013004;0;33;0;8;0;1;0;A01
201800013005;0;33;0;0;0;8;0;A01
201800013006;1;10;0;0;0;2;5;A01
201800013007;2;7;0;0;2;2;2;A01
201800013007;2;1;0;0;0;4;1;B01
201800013008;2;38;47;0;2;8;1;B01
201800013008;1;10;0;0;2;8;1;A01
201800013009;1;7;0;0;2;3;13;A01
201800013009;1;7;0;0;2;3;1;B01
201800013010;1;7;0;2;0;3;1;A01
201800013011;1;7;0;13;0;1;1;A01
201800013012;2;7;0;16;0;9;1;A01
201800013013;1;10;0;13;0;1;1;A01
201800013014;1;7;0;0;1;1;1;A01
201800013015;1;7;0;0;9;1;17;A01
201800013015;1;1;0;0;0;6;1;B01
201800013016;1;10;0;0;2;1;19;A01
201800013016;1;7;0;0;2;8;1;B01
201800013017;1;7;0;0;2;1;5;A01
201800013017;2;7;0;0;2;1;1;B01
201800013018;2;7;0;13;0;6;1;A01
201800013019;1;7;0;0;0;3;19;A01
201800013019;1;7;0;0;2;2;1;B01
201800013020;1;7;0;6;0;2;1;A01
201800013021;2;7;0;2;0;3;14;A01
201800013022;1;7;0;0;2;1;13;A01
201800013022;2;17;0;0;2;1;1;B01
201800013023;1;7;0;13;0;6;1;A01
201800013024;1;7;0;0;2;2;5;A01
201800013024;1;7;0;0;2;2;21;B01
201800013025;2;17;0;0;0;8;1;B01
201800013025;1;7;0;0;2;8;5;A01
201800013025;2;17;0;0;0;8;1;C01
201800013026;1;2;0;0;0;0;0;A01
201800013027;0;7;0;0;2;6;19;A01
201800013027;0;33;0;0;2;1;1;B01
201800013028;1;7;0;0;0;2;1;A01
201800013029;1;7;0;6;0;1;1;A01
201800013030;2;7;0;8;0;6;1;A01
201800013031;1;2;0;7;0;3;21;A01
201800013032;1;7;0;0;2;1;13;A01
201800013032;1;7;0;0;2;3;1;B01
201800013033;1;7;0;0;2;8;1;B01
201800013033;0;7;0;0;2;1;19;A01
201800013034;0;7;0;0;2;1;1;B01
201800013034;0;7;0;0;2;1;15;A01
201800013035;0;31;0;0;0;0;0;A01
201800013036;0;7;0;0;1;4;4;A01
201800013037;1;33;0;0;2;1;1;A01
201800013037;1;7;0;0;0;5;1;B01
201800013038;2;34;0;8;0;7;1;A01
201800013039;1;2;0;0;2;2;21;B01
201800013039;0;7;0;0;2;2;19;A01
201800013040;1;7;0;0;1;1;1;A01
201800013041;2;7;0;16;0;9;0;A01
201800013042;1;7;0;0;2;3;13;A01
201800013042;2;38;57;0;2;3;1;B01
201800013043;0;33;0;0;2;2;15;A01
201800013043;0;33;0;0;0;8;15;B01
201800013044;2;7;0;6;0;1;1;A01
201800013045;2;33;0;16;0;0;0;A01
201800013046;2;7;0;7;0;3;1;A01
201800013047;1;7;0;0;2;1;13;B01
201800013047;2;7;0;0;2;1;1;C01
201800013047;0;7;0;0;0;0;16;A01
201800013048;0;2;0;0;2;1;1;A01
201800013048;0;7;0;0;2;7;16;B01
201800013049;1;10;0;0;1;3;1;A01
201800013050;0;7;0;13;0;1;1;A01
201800013051;2;7;0;0;2;3;1;B01
201800013051;1;7;0;0;2;3;15;A01
201800013052;2;7;0;0;2;4;2;C01
201800013052;2;7;0;0;2;4;2;B01
201800013052;2;7;0;0;2;1;2;A01
201800013053;0;7;0;6;0;2;1;A01
201800013054;0;7;0;0;1;4;20;A01
201800013055;0;33;0;0;2;1;17;B01
201800013055;0;33;0;0;2;1;17;C01
201800013055;0;20;0;0;0;8;15;A01
201800013056;1;33;0;0;2;1;1;B01
201800013056;;7;0;0;0;2;15;A01
201800013057;0;10;0;0;0;8;1;B01
201800013057;0;7;0;0;2;3;1;A01
201800013058;0;33;0;7;0;1;1;B01
201800013058;0;7;0;0;0;0;15;A01
201800013059;0;2;0;6;0;1;15;A01
201800013060;0;7;0;13;0;2;1;A01
201800013061;0;2;0;13;0;4;1;A01
201800013062;2;7;0;0;2;3;11;B01
201800013062;1;33;0;0;2;3;1;A01
201800013063;0;36;0;0;0;6;0;B01
201800013063;0;33;0;0;0;7;1;A01
201800013064;0;33;0;0;2;1;2;A01
201800013064;0;10;0;0;0;4;2;B01
201800013065;0;2;0;3;0;2;0;A01
201800013066;0;7;0;0;2;2;0;A01
201800013066;0;1;0;0;2;0;0;B01
201800013067;1;1;0;0;9;1;1;A01
201800013068;0;7;0;2;0;2;13;A01
201800013069;0;15;0;0;2;1;9;A01
201800013069;0;7;0;15;2;7;0;B01
201800013070;0;7;0;0;2;4;2;B01
201800013070;0;7;0;0;2;1;2;A01
201800013071;0;7;0;2;0;7;1;A01
201800013072;0;7;0;0;2;1;2;A01
201800013072;0;7;0;0;0;4;23;B01
201800013073;0;7;0;13;0;1;1;A01
201800013074;0;10;0;0;1;3;1;A01
201800013075;1;7;0;12;0;3;9;A01
201800013076;1;7;0;0;2;3;1;A01
201800013076;0;7;0;0;2;2;1;B01
201800013077;1;33;0;15;0;1;1;A01
201800013078;0;33;0;12;0;7;5;A01
201800013079;1;7;0;6;0;3;13;A01
201800013080;0;7;0;8;0;1;16;A01
201800013081;0;7;0;0;2;2;5;A01
201800013081;0;7;0;0;2;3;1;B01
201800013082;1;7;0;0;2;3;1;B01
201800013082;2;7;0;0;2;3;13;A01
201800013083;2;7;0;0;2;5;1;B01
201800013083;2;7;0;0;2;1;9;A01
201800013084;0;7;0;0;1;1;15;A01
201800013085;0;2;0;0;2;0;16;A01
201800013085;0;7;0;0;2;1;1;B01
201800013086;1;7;0;3;0;5;1;B01
201800013086;1;7;0;3;2;3;18;A01
201800013087;1;7;0;0;2;3;13;A01
201800013087;2;15;0;0;2;3;0;B01
201800013088;2;7;0;0;2;1;13;A01
201800013088;2;7;0;0;2;1;1;C01
201800013088;1;7;0;0;2;1;1;B01
201800013089;0;7;0;0;2;7;13;A01
201800013089;0;7;0;0;2;1;1;B01
201800013090;2;7;0;0;2;3;19;A01
201800013090;2;33;0;0;2;1;1;B01
201800013091;1;7;0;0;2;6;2;B01
201800013091;1;7;0;0;2;2;2;A01
201800013092;1;7;0;2;0;2;1;A01
201800013093;1;33;0;2;0;7;1;A01
201800013094;0;7;0;0;2;1;1;A01
201800013094;0;7;0;0;2;3;1;B02
201800013095;1;1;0;0;2;4;1;C01
201800013095;1;1;0;0;2;4;1;B01
201800013095;1;14;0;0;2;1;1;A01
201800013096;1;7;0;0;2;1;2;B01
201800013096;1;7;0;0;0;6;15;A01
201800013097;2;7;0;6;0;8;1;A01
201800013098;0;7;0;13;0;0;0;A01
201800013099;0;10;0;0;0;1;1;B01
201800013099;0;7;0;0;0;2;15;A01
201800013100;1;7;0;0;2;3;1;B01
201800013100;2;7;0;0;2;7;1;A01
201800013101;1;7;0;13;0;1;1;A01
201800013102;0;7;0;16;0;4;1;A01
201800013102;0;7;0;0;0;1;1;B01
201800013103;0;7;0;7;0;5;15;B01
201800013103;0;7;0;0;2;3;2;A01
201800013104;1;7;0;2;0;9;1;A01
201800013105;0;2;0;0;2;1;19;B01
201800013105;0;7;0;0;2;1;1;A01
201800013106;0;33;0;14;0;8;1;A01
201800013107;0;7;0;13;0;1;1;A01
201800013108;0;33;0;0;2;1;1;A01
201800013108;0;7;0;0;2;3;15;B01
201800013109;2;7;0;0;0;8;15;A01
201800013109;1;15;0;0;2;1;1;B01
201800013110;2;10;0;0;2;3;0;B01
201800013110;1;33;0;0;0;4;0;A01
201800013111;0;7;0;2;0;1;19;A01
201800013112;0;7;0;0;1;1;15;A01
201800013113;0;7;0;1;0;2;2;A01
201800013113;0;1;0;0;0;4;2;B01
201800013114;2;7;0;0;2;8;15;A01
201800013114;0;33;0;0;2;1;1;B01
201800013115;2;2;0;0;2;1;1;B01
201800013115;1;7;0;0;2;3;11;A01
201800013116;0;7;0;6;0;1;1;A01
201800013117;1;10;0;0;2;3;1;A01
201800013117;2;7;0;0;2;3;1;B01
201800013118;2;2;0;0;1;0;1;A01
201800013119;2;13;0;0;0;1;2;B01
201800013119;2;7;0;0;0;4;15;A01
201800013120;2;7;0;0;1;2;0;A01
201800013121;0;7;0;6;1;1;0;A01
201800013122;2;7;0;0;2;1;15;A01
201800013122;2;7;0;0;2;2;1;B01
201800013123;0;30;0;16;0;8;1;A01
201800013124;0;7;0;13;0;3;1;A01
201800013125;2;33;0;0;2;3;1;B01
201800013125;1;7;0;0;2;3;17;A01
201800013126;0;1;0;12;0;0;0;A01
201800013127;2;7;0;0;1;1;1;A01
201800013128;2;2;0;0;2;7;17;B01
201800013128;2;21;0;0;0;6;15;A01
201800013129;0;7;0;0;2;8;15;A01
201800013129;0;33;0;0;2;1;17;B01
201800013130;0;21;0;0;2;3;1;B01
201800013130;0;7;0;0;2;1;13;A01
201800013131;2;33;0;7;2;8;19;A01
201800013131;0;7;0;0;2;1;1;B01
201800013132;1;7;0;2;0;1;13;A01
201800013133;0;7;0;0;0;9;0;A01
201800013134;0;30;0;0;0;8;1;B01
201800013134;0;7;0;0;2;1;1;A01
201800013135;0;10;0;0;2;2;2;A01
201800013135;0;1;0;0;2;4;2;B01
201800013136;1;7;0;0;1;2;1;A01
201800013137;0;7;0;0;0;0;1;A01
201800013138;1;7;0;6;0;8;1;A01
201800013139;0;33;0;0;2;0;1;A01
201800013139;0;17;0;0;2;1;1;B01
201800013140;0;2;0;12;0;0;20;A01
201800013141;1;2;0;1;0;0;1;A01
201800013142;0;1;0;0;2;1;1;A01
201800013142;0;7;0;0;2;1;15;B01
201800013143;1;7;0;4;0;2;0;A01
201800013144;2;15;0;6;2;1;13;A01
201800013144;1;15;0;0;0;1;1;B01
201800013145;2;30;0;0;2;1;6;B01
201800013145;0;15;0;0;2;8;1;A01
201800013146;2;7;0;0;0;8;10;B01
201800013146;2;33;0;0;2;1;15;A01
201800013147;2;7;0;13;2;1;0;B01
201800013147;1;7;0;13;2;7;0;A01
201800013148;1;7;0;0;2;1;13;A01
201800013148;2;7;0;0;2;3;1;B01
201800013149;2;7;0;3;0;8;13;A01
201800013150;0;2;0;0;2;8;19;B01
201800013150;0;7;0;0;2;2;1;A01
201800013151;0;1;0;12;0;1;15;A01
201800013152;0;7;0;13;0;6;1;A01
201800013153;2;33;0;0;0;2;1;A01
201800013154;0;1;0;0;0;4;1;B01
201800013154;0;2;0;0;2;4;1;A01
201800013155;0;20;0;3;2;3;5;A01
201800013155;0;10;0;0;2;1;5;B01
201800013156;0;1;0;0;2;4;1;B01
201800013156;0;7;0;0;2;2;1;A01
201800013157;0;2;0;0;2;1;3;A01
201800013157;0;7;0;0;2;6;1;B01
201800013158;0;32;0;0;2;1;1;B01
201800013158;0;38;2;0;2;3;13;A01
201800013159;2;2;0;0;2;1;1;A01
201800013159;1;7;0;0;2;2;15;B01
201800013160;0;7;0;0;2;5;17;A01
201800013160;0;2;0;0;2;8;1;B01
201800013161;0;3;0;0;1;1;1;A01
201800013162;0;7;0;0;0;1;0;A01
201800013162;0;1;0;0;0;1;0;B01
201800013163;0;7;0;0;2;3;0;A01
201800013163;0;7;0;0;2;3;0;B01
201800013164;0;33;0;0;0;0;1;A01
201800013165;2;7;0;0;2;1;1;B01
201800013165;0;7;0;0;2;3;19;A01
201800013166;2;33;0;0;2;8;1;B01
201800013166;1;7;0;0;2;2;19;A01
201800013167;1;7;0;0;2;3;9;A01
201800013167;1;33;0;0;2;2;0;B01
201800013168;0;2;0;12;0;1;1;A01
201800013169;0;33;0;0;2;1;5;A01
201800013169;0;33;0;0;2;1;1;B01
201800013170;0;1;0;0;2;1;1;B01
201800013170;0;7;0;0;9;8;1;A01
201800013171;1;15;0;0;1;2;2;A01
201800013172;0;36;0;5;0;1;1;A01
201800013173;0;7;0;0;2;2;1;A01
201800013173;0;2;0;0;2;0;2;B01
201800013174;2;7;0;2;0;3;1;A01
201800013175;0;31;0;0;2;2;1;B01
201800013175;0;7;0;0;2;3;9;A01
201800013176;0;7;0;0;1;3;1;A01
201800013177;0;7;0;0;1;2;1;A01
201800013178;0;7;0;0;1;0;0;A01
201800013179;2;7;0;0;2;3;5;A01
201800013179;1;7;0;0;2;3;1;C01
201800013179;1;7;0;0;2;8;1;B01
201800013180;1;33;0;0;2;2;1;A01
201800013180;2;7;0;0;2;1;1;B01
201800013181;1;7;0;0;2;1;1;B01
201800013181;2;33;0;0;2;1;17;A01
201800013182;2;33;0;0;2;1;17;A01
201800013182;1;7;0;0;2;3;1;B01
201800013183;1;33;0;3;0;0;1;A01
201800013184;1;7;0;0;2;3;13;A01
201800013184;2;7;0;0;2;2;1;B01
201800013185;2;7;0;13;2;5;14;B01
201800013185;1;2;0;0;2;1;1;A01
201800013186;2;7;0;0;2;1;17;A01
201800013186;2;7;0;0;2;1;1;B01
201800013187;0;7;0;1;0;2;1;A01
201800013188;0;30;0;0;2;1;16;B01
201800013188;0;21;0;0;2;8;15;A01
201800013189;1;7;0;0;2;1;13;A01
201800013189;2;7;0;0;2;1;1;B01
201800013190;1;7;0;0;2;1;15;A01
201800013190;2;7;0;0;2;1;1;B01
201800013191;1;33;0;0;2;1;13;A01
201800013191;2;7;0;0;2;1;1;B01
201800013192;1;7;0;13;0;9;1;A01
201800013193;1;7;0;16;0;0;1;A01
201800013194;2;7;0;8;0;1;14;A01
201800013195;2;7;0;0;2;1;15;A01
201800013195;1;7;0;0;2;1;1;B01
201800013196;2;31;0;0;2;1;13;A01
201800013196;2;7;0;0;2;2;1;B01
201800013197;1;7;0;13;0;1;11;A01
201800013198;2;7;0;0;2;3;1;B01
201800013198;2;7;0;0;2;3;1;A01
201800013199;2;7;0;0;2;3;13;A01
201800013199;1;7;0;0;2;3;1;B01
201800013200;2;7;0;2;0;0;2;A01
201800013201;1;7;0;0;2;6;2;B01
201800013201;2;7;0;0;2;1;17;A01
201800013201;2;7;0;0;2;3;1;C01
201800013202;2;7;0;0;2;7;13;A01
201800013202;1;7;0;0;2;3;1;B01
201800013203;1;10;0;2;0;8;1;A01
201800013204;1;33;0;0;2;1;1;B01
201800013204;2;7;0;0;2;1;15;A01
201800013205;0;7;0;0;2;8;19;A01
201800013205;1;33;0;0;2;1;1;B01
201800013206;2;7;0;0;2;5;19;A01
201800013206;1;7;0;0;2;3;1;B01
201800013207;2;33;0;2;0;1;1;A01
201800013208;1;7;0;0;2;3;1;B01
201800013208;2;7;0;0;2;2;9;A01
201800013209;2;7;0;4;2;8;15;A01
201800013209;2;7;0;4;2;7;17;B01
201800013210;1;33;0;0;0;0;13;A01
201800013211;2;21;0;0;2;3;13;B01
201800013211;2;7;0;0;2;1;17;A01
201800013212;2;2;0;0;9;0;19;A01
201800013212;1;1;0;0;9;4;1;B01
201800013212;1;1;0;0;2;1;0;C01
201800013213;2;7;0;0;0;0;1;A01
201800013214;2;7;0;0;2;4;13;A01
201800013214;1;7;0;0;2;8;1;B01
201800013214;1;7;0;0;2;1;1;C01
201800013215;2;7;0;0;2;1;1;A01
201800013215;1;7;0;0;2;1;1;B01
201800013216;1;7;0;2;0;1;1;A01
201800013217;2;1;0;3;0;1;1;A01
201800013218;1;7;0;0;2;5;15;A01
201800013218;2;33;0;0;2;1;1;B01
201800013219;2;14;0;0;1;3;1;A01
201800013220;2;7;0;0;2;8;19;A01
201800013220;1;7;0;0;2;1;1;B01
201800013221;2;33;0;0;2;1;13;B01
201800013221;1;7;0;0;2;3;1;A01
201800013222;2;33;0;3;0;1;16;A01
201800013223;1;7;0;0;2;1;1;B01
201800013223;2;7;0;5;2;7;5;A01
201800013224;2;7;0;0;2;3;13;B01
201800013224;1;33;0;0;2;1;3;A01
201800013225;2;7;0;0;2;3;2;A01
201800013225;1;33;0;0;2;1;1;C01
201800013225;2;7;0;0;0;4;15;B01
201800013226;1;33;0;0;2;8;0;A01
201800013226;2;7;0;0;2;3;1;B01
201800013227;1;7;0;0;0;8;15;A01
201800013227;1;34;0;0;2;1;18;B01
201800013228;1;7;0;2;0;8;0;A01
201800013229;1;10;0;0;0;7;10;A01
201800013229;2;7;0;0;2;1;1;B01
201800013230;0;14;0;0;2;3;1;B01
201800013230;0;7;0;0;2;1;17;A01
201800013231;2;17;0;3;2;3;1;B01
201800013231;1;10;0;3;2;3;13;A01
201800013232;1;7;0;2;0;2;1;A01
201800013233;1;7;0;2;0;1;16;A01
201800013234;1;33;0;16;0;9;16;A01
201800013235;0;7;0;0;2;3;17;A01
201800013235;0;7;0;0;2;3;1;B01
201800013236;1;7;0;2;0;3;1;A01