num_acc;senc;catv;occutc;obs;obsm;choc;manv;num_veh
201800013237;2;33;0;13;0;1;13;A01
201800013238;1;2;0;0;0;8;1;A01
201800013239;1;33;0;6;0;1;1;A01
201800013240;1;33;0;13;0;7;1;A01
201800013241;1;33;0;13;0;7;0;A01
201800013242;1;1;0;13;0;0;1;A01
201800013243;2;1;0;0;9;4;13;B01
201800013243;2;33;0;0;9;1;17;A01
201800013244;2;1;0;0;2;1;9;C01
201800013244;2;1;0;0;2;2;1;A01
201800013244;2;1;0;0;2;1;1;B01
201800013245;2;1;0;0;0;0;13;A01
201800013246;1;1;0;0;0;0;1;A01
201800013247;1;7;0;0;0;1;1;A01
201800013248;1;7;0;0;2;2;15;A01
201800013248;2;31;0;0;2;1;1;B01
201800013249;2;7;0;0;2;1;15;A01
201800013249;1;7;0;0;2;3;1;B01
201800013250;0;7;0;2;0;1;2;A01
201800013251;2;33;0;0;0;8;1;A01
201800013252;1;7;0;2;0;1;1;A01
201800013253;0;10;0;0;1;1;1;A01
201800013254;1;7;0;3;0;1;1;A01
201800013255;2;7;0;0;2;3;9;A01
201800013255;2;7;0;0;2;2;21;B01
201800013256;1;2;0;0;2;1;13;A01
201800013256;2;10;0;0;2;3;1;B01
201800013257;1;7;0;0;0;8;0;A01
201800013257;1;1;0;0;2;1;1;B01
201800013258;1;1;0;0;2;1;0;A01
201800013258;2;7;0;0;2;2;1;B01
201800013259;0;99;0;13;0;0;1;A01
201800013260;1;7;0;15;0;2;14;A01
201800013261;2;7;0;0;1;4;4;A01
201800013262;0;7;0;0;2;8;16;A01
201800013262;0;7;0;0;2;2;1;B01
201800013262;0;7;0;0;2;2;1;C01
201800013263;1;7;0;0;0;7;15;A01
201800013263;2;33;0;0;2;1;1;B01
201800013264;0;7;0;0;2;1;1;A01
201800013264;0;7;0;0;0;7;1;B01
201800013265;1;33;0;0;0;0;1;A01
201800013266;0;7;0;0;2;3;19;A01
201800013266;0;7;0;0;2;2;1;B01
201800013267;2;33;0;0;2;1;1;A01
201800013267;1;7;0;0;0;6;15;B01
201800013268;2;99;0;0;0;0;9;B01
201800013268;2;2;0;0;0;0;1;A01
201800013269;0;2;0;0;0;8;1;A01
201800013270;1;7;0;0;2;7;19;A01
201800013270;2;33;0;0;2;9;1;B01
201800013271;0;2;0;0;2;1;5;A01
201800013271;0;10;0;0;2;1;1;B01
201800013272;1;7;0;0;1;2;1;A01
201800013273;0;7;0;0;1;2;1;A01
201800013274;1;7;0;0;2;5;15;B01
201800013274;1;33;0;0;2;1;1;A01
201800013274;2;7;0;0;2;3;1;C01
201800013275;2;10;0;0;2;1;15;A01
201800013275;2;10;0;0;2;6;1;B01
201800013276;0;10;0;0;2;3;13;A01
201800013276;0;7;0;6;2;5;17;B01
201800013277;1;7;0;0;0;1;1;A01
201800013278;2;14;0;0;2;2;1;B01
201800013278;0;7;0;0;2;8;19;A01
201800013279;0;2;0;0;1;0;1;A01
201800013280;0;7;0;0;2;1;19;A01
201800013280;0;7;0;0;2;1;1;B01
201800013281;2;7;0;13;0;1;1;A01
201800013282;0;7;0;9;0;2;0;A01
201800013283;1;10;0;0;2;1;1;A01
201800013283;0;7;0;0;2;3;19;B01
201800013284;2;7;0;8;0;7;19;A01
201800013284;1;38;1;0;2;3;1;B01
201800013285;1;7;0;0;1;2;1;A01
201800013286;0;7;0;16;0;2;1;A01
201800013287;0;7;0;0;0;0;14;A01
201800013288;2;17;0;16;2;8;13;A01
201800013288;0;7;0;0;2;3;1;B01
201800013289;1;7;0;0;1;6;4;A01
201800013290;0;7;0;0;2;1;15;A01
201800013290;0;7;0;0;2;1;1;B01
201800013291;0;7;0;0;2;1;19;A01
201800013291;2;7;0;0;2;8;1;B01
201800013292;1;10;0;0;2;3;13;A01
201800013292;2;7;0;0;2;3;1;B01
201800013293;1;7;0;0;1;2;1;A01
201800013294;0;7;0;15;0;1;15;A01
201800013295;1;7;0;6;2;5;17;A01
201800013295;1;7;0;0;2;6;1;B01
201800013296;1;7;0;0;2;1;2;A01
201800013296;1;21;0;0;0;0;2;B01
201800013297;0;7;0;9;0;1;1;A01
201800013298;0;33;0;0;2;1;1;B01
201800013298;0;7;0;0;2;2;15;A01
201800013299;2;7;0;2;0;7;1;A01
201800013300;0;7;0;0;1;1;1;A01
201800013301;0;2;0;0;2;4;1;A01
201800013301;0;7;0;0;2;1;2;B01
201800013302;0;7;0;2;0;9;1;A01
201800013303;0;33;0;0;0;8;1;A01
201800013304;0;7;0;0;2;3;16;A01
201800013304;0;7;0;0;2;7;1;B01
201800013305;1;7;0;0;1;3;1;A01
201800013306;0;7;0;0;2;1;1;A01
201800013306;0;35;0;0;2;1;1;B01
201800013307;0;7;0;0;2;1;1;A01
201800013307;0;7;0;0;0;5;15;B01
201800013308;1;1;0;0;2;5;0;A01
201800013308;0;7;0;0;0;0;0;B01
201800013309;0;15;0;0;2;1;2;A01
201800013309;0;7;0;0;2;4;2;B01
201800013309;0;7;0;0;2;4;2;C01
201800013309;0;7;0;0;2;7;2;D01
201800013309;0;7;0;0;0;4;2;E01
201800013310;0;36;0;0;0;2;15;A01
201800013311;2;7;0;0;2;1;2;A01
201800013311;2;21;0;0;0;4;15;B01
201800013312;0;7;0;0;1;0;1;A01
201800013313;0;2;0;0;2;1;1;B01
201800013313;0;14;0;0;2;2;19;A01
201800013314;0;7;0;0;1;1;1;A01
201800013315;0;33;0;0;2;1;14;A01
201800013315;0;10;0;0;2;1;23;B01
201800013316;0;31;0;0;2;2;18;A01
201800013316;0;7;0;0;2;8;1;B01
201800013317;0;7;0;0;1;2;15;A01
201800013318;2;7;0;0;1;2;1;A01
201800013319;0;7;0;0;6;3;13;A01
201800013319;0;7;0;0;2;3;1;B01
201800013320;2;1;0;0;2;1;2;A01
201800013320;2;7;0;0;9;5;1;B01
201800013321;0;7;0;0;1;2;16;A01
201800013322;2;33;0;0;2;1;17;A01
201800013322;1;7;0;0;9;1;1;B01
201800013323;2;7;0;0;2;3;13;A01
201800013323;1;7;0;0;2;3;1;B01
201800013324;1;33;0;0;0;4;1;A01
201800013325;0;21;0;0;2;1;15;A01
201800013325;0;7;0;0;2;3;1;B01
201800013326;0;1;0;0;2;8;5;A01
201800013326;0;10;0;0;2;2;1;B01
201800013327;0;7;0;13;0;3;0;A01
201800013328;0;33;0;0;2;1;1;A01
201800013328;0;10;0;0;2;5;15;B01
201800013329;0;7;0;6;2;7;1;B01
201800013329;1;7;0;0;2;1;1;A01
201800013330;2;7;0;0;2;2;15;A01
201800013330;1;2;0;0;2;1;1;B01
201800013331;0;2;0;15;0;1;0;A01
201800013332;1;7;0;0;2;3;1;A01
201800013332;0;1;0;0;2;6;19;B01
201800013333;0;33;0;0;0;8;1;A01
201800013334;0;10;0;0;2;8;15;A01
201800013334;0;2;0;0;2;1;17;B01
201800013335;2;99;0;0;0;4;1;A01
201800013335;2;7;0;0;2;1;1;B01
201800013336;0;7;0;0;2;3;13;A01
201800013336;0;7;0;0;2;3;1;B01
201800013337;0;7;0;0;2;1;0;A01
201800013337;0;7;0;0;2;1;0;B01
201800013338;2;7;0;0;2;3;1;A01
201800013338;1;7;0;0;2;3;13;B01
201800013339;0;3;0;0;2;3;16;A01
201800013339;2;7;0;0;2;2;1;B01
201800013340;;7;0;7;0;9;1;A01
201800013341;0;2;0;1;0;1;0;A01
201800013342;1;3;0;0;2;1;1;A01
201800013342;2;7;0;0;2;1;1;B01
201800013343;0;1;0;8;0;1;0;A01
201800013344;1;7;0;13;0;2;1;A01
201800013345;1;2;0;0;2;2;2;A01
201800013345;1;7;0;0;0;8;23;B01
201800013345;2;7;0;0;2;3;1;C01
201800013346;0;3;0;0;2;2;15;A01
201800013346;0;7;0;0;2;1;1;B01
201800013346;0;7;0;0;2;3;21;C01
201800013347;0;33;0;0;2;1;1;A01
201800013347;0;16;0;0;0;6;1;B01
201800013348;2;33;0;0;0;1;1;A01
201800013349;2;7;0;6;0;1;15;A01
201800013350;0;10;0;0;1;5;4;A01
201800013351;0;36;0;13;0;1;17;A01
201800013352;2;2;0;8;0;1;0;A01
201800013353;0;7;0;0;2;1;1;A01
201800013353;0;7;0;7;2;3;1;B01
201800013354;2;33;0;13;0;0;1;A01
201800013355;0;2;0;15;0;2;1;A01
201800013356;1;33;0;0;2;1;17;A01
201800013356;1;7;0;0;2;6;15;B01
201800013357;2;2;0;0;2;1;1;B01
201800013357;2;7;0;0;2;3;1;A01
201800013358;0;2;0;0;2;7;1;C01
201800013358;0;7;0;0;2;1;19;A01
201800013358;0;7;0;0;2;1;23;B01
201800013359;2;7;0;13;2;1;13;A01
201800013359;1;7;0;13;2;3;13;B01
201800013360;0;31;0;16;0;8;1;A01
201800013361;0;7;0;0;2;1;5;A01
201800013361;0;7;0;0;2;1;1;B01
201800013362;0;7;0;6;1;1;19;A01
201800013363;0;33;0;0;2;2;2;A01
201800013363;0;7;0;0;2;5;15;B01
201800013364;0;7;0;13;0;2;14;A01
201800013365;0;7;0;0;2;1;1;A01
201800013365;0;7;0;0;2;2;1;B01
201800013366;0;2;0;0;0;0;1;A01
201800013367;0;7;0;13;0;1;1;A01
201800013368;2;7;0;0;2;2;;A01
201800013368;1;7;0;0;2;1;1;B01
201800013369;0;10;0;13;0;2;1;A01
201800013370;0;7;0;6;0;2;1;A01
201800013371;0;7;0;13;0;1;14;A01
201800013372;0;1;0;0;0;0;1;A01
201800013373;0;33;0;13;0;1;21;A01
201800013374;0;7;0;0;2;2;15;A01
201800013374;0;2;0;0;2;1;1;B01
201800013375;0;1;0;0;2;8;1;B01
201800013375;0;7;0;0;2;1;15;A01
201800013376;0;7;0;0;2;8;20;A01
201800013376;0;33;0;0;2;1;1;B01
201800013377;0;1;0;0;2;7;1;A01
201800013377;0;7;0;0;2;1;1;B01
201800013378;0;2;0;16;0;2;14;A01
201800013379;0;7;0;13;0;2;0;A01
201800013380;0;7;0;0;9;1;2;A01
201800013380;0;1;0;0;0;4;2;B01
201800013381;0;7;0;0;1;1;1;A01
201800013381;0;7;0;0;1;2;1;B01
201800013382;0;7;0;0;2;3;13;A01
201800013382;0;7;0;0;2;8;1;B01
201800013382;0;7;0;0;2;3;1;C01
201800013383;0;1;0;0;2;1;1;B01
201800013383;0;7;0;0;2;6;19;A01
201800013384;1;7;0;2;0;1;14;A01
201800013385;1;7;0;0;2;2;19;A01
201800013385;1;7;0;0;2;1;1;B01
201800013386;2;7;0;0;0;5;1;A01
201800013386;2;2;0;0;2;1;2;B01
201800013386;1;7;0;0;9;1;1;C01
201800013387;0;7;0;0;2;6;4;A01
201800013387;0;1;0;0;2;0;1;B01
201800013388;1;7;0;13;0;1;1;A01
201800013389;0;7;0;0;0;8;0;A01
201800013389;0;7;0;0;2;1;0;B01
201800013390;0;7;0;0;2;6;1;A01
201800013390;0;7;0;0;2;1;19;B01
201800013391;0;7;0;0;2;1;1;A01
201800013391;0;7;0;0;0;4;1;B01
201800013391;0;7;0;0;2;4;15;C01
201800013391;0;7;0;0;0;8;19;D01
201800013392;1;33;0;12;0;1;1;A01
201800013393;2;33;0;13;0;0;0;A01
201800013394;1;7;0;0;2;6;13;A01
201800013394;1;33;0;0;2;1;17;B01
201800013395;0;7;0;0;2;1;1;A01
201800013395;0;7;0;0;2;1;5;B01
201800013396;2;2;0;0;2;7;1;B01
201800013396;2;7;0;0;2;1;1;A01
201800013397;2;21;0;0;9;0;14;A01
201800013398;1;7;0;0;2;2;1;B01
201800013398;0;2;0;0;2;1;9;A01
201800013399;2;33;0;0;2;1;2;A01
201800013399;2;7;0;0;2;8;15;B01
201800013400;1;7;0;0;2;3;13;A01
201800013400;2;7;0;0;2;3;1;B01
201800013401;0;2;0;1;0;1;1;A01
201800013402;0;7;0;2;0;1;13;A01
201800013403;2;33;0;0;2;3;17;A01
201800013403;1;7;0;0;2;3;1;B01
201800013404;2;7;0;6;0;8;14;A01
201800013405;0;7;0;0;0;1;15;A01
201800013405;0;33;0;0;0;1;1;B01
201800013406;1;2;0;0;2;1;13;A01
201800013406;1;7;0;0;2;1;1;B01
201800013407;0;17;0;0;2;3;21;A01
201800013407;0;2;0;0;2;1;13;B01
201800013408;0;33;0;0;0;7;13;A01
201800013409;0;7;0;0;0;4;15;A01
201800013409;0;7;0;0;2;1;2;B01
201800013410;0;7;0;0;1;1;1;A01
201800013411;1;21;0;0;2;8;13;A01
201800013411;2;1;0;0;2;1;1;B01
201800013412;0;33;0;0;2;1;13;A01
201800013412;0;7;0;0;2;8;15;B01
201800013413;0;2;0;0;2;7;19;A01
201800013413;0;7;0;0;2;1;1;B01
201800013414;0;7;0;7;0;1;1;A01
201800013415;0;7;0;0;1;3;1;A01
201800013416;0;7;0;6;0;1;1;A01
201800013417;0;10;0;0;2;3;1;A01
201800013417;0;7;0;0;2;1;1;B01
201800013417;0;7;0;0;0;4;1;C01
201800013417;0;7;0;0;2;1;1;D01
201800013418;1;7;0;0;2;3;13;A01
201800013418;1;7;0;0;2;3;1;B01
201800013418;1;7;0;0;2;3;1;C01
201800013419;2;7;0;13;2;7;17;A01
201800013419;2;7;0;0;2;3;15;B01
201800013420;;7;0;13;0;1;6;A01
201800013421;0;33;0;0;0;8;1;A01
201800013422;0;7;0;0;2;2;9;B01
201800013422;0;7;0;0;2;2;1;A01
201800013423;0;7;0;0;2;2;19;A01
201800013423;0;7;0;0;2;1;1;B01
201800013424;1;31;0;0;2;3;9;A01
201800013424;2;7;0;0;2;2;21;B01
201800013424;1;7;0;0;2;1;1;C01
201800013425;2;7;0;0;2;2;17;A01
201800013425;2;30;0;0;2;8;15;B01
201800013426;2;10;0;0;2;3;1;A01
201800013426;2;7;0;0;2;1;9;B01
201800013427;2;31;0;1;0;1;14;A01
201800013428;2;7;0;0;2;8;15;A01
201800013428;2;31;0;0;2;1;1;B01
201800013429;1;33;0;0;0;1;0;A01
201800013429;2;7;0;0;2;1;13;B01
201800013430;1;7;0;0;2;1;13;A01
201800013430;2;7;0;0;2;1;1;B01
201800013431;0;7;0;0;2;3;13;A01
201800013431;0;7;0;0;2;3;1;B01
201800013431;0;7;0;0;2;3;1;C01
201800013432;0;7;0;0;1;3;1;A01
201800013433;1;7;0;0;2;1;2;A01
201800013433;1;7;0;0;2;4;2;B01
201800013433;1;7;0;0;0;4;15;C01
201800013434;2;7;0;0;1;2;2;A01
201800013435;0;7;0;0;0;3;0;A01
201800013436;0;2;0;0;0;3;9;A01
201800013436;0;10;0;0;0;2;1;B01
201800013437;1;7;0;2;0;2;1;A01
201800013438;1;33;0;0;2;2;13;A01
201800013438;2;7;0;0;2;2;1;B01
201800013439;2;7;0;0;2;1;13;A01
201800013439;1;7;0;0;2;6;1;B01
201800013439;1;7;0;0;2;1;1;C01
201800013440;1;31;0;0;2;1;14;A01
201800013440;0;21;0;0;2;3;0;B01
201800013441;1;7;0;13;0;9;2;A01
201800013442;2;10;0;0;9;1;1;B01
201800013442;2;1;0;0;2;8;1;A01
201800013443;1;7;0;0;2;1;0;A01
201800013444;1;7;0;0;0;0;1;A01
201800013445;2;7;0;2;0;8;13;A01
201800013446;2;7;0;8;0;3;1;A01
201800013447;1;33;0;3;0;2;2;A01
201800013448;1;7;0;0;9;7;2;A01
201800013448;1;1;0;0;0;6;2;B01
201800013448;1;1;0;0;0;4;2;C01
201800013449;2;33;0;13;0;0;0;A01
201800013450;2;7;0;8;0;1;0;A01
201800013451;2;33;0;13;0;1;14;A01
201800013452;1;33;0;7;0;0;1;A01
201800013453;0;36;0;13;0;2;16;A01
201800013454;0;36;0;2;0;2;1;A01
201800013455;1;2;0;0;0;1;13;A01
201800013456;1;7;0;6;0;2;1;A01
201800013457;2;7;0;2;0;1;17;A01
201800013458;2;7;0;0;2;1;13;B01
201800013458;1;7;0;0;2;8;13;A01
201800013459;1;7;0;8;0;2;1;A01
201800013459;2;99;0;0;0;0;19;B01
201800013460;2;7;0;2;0;1;1;A01
201800013461;1;7;0;0;2;1;1;B01
201800013461;1;7;0;0;2;1;9;A01
201800013462;2;31;0;0;2;1;1;B01
201800013462;0;10;0;0;2;2;19;A01
201800013463;2;99;0;0;2;3;15;B01
201800013463;2;33;0;0;2;7;17;A01
201800013464;0;7;0;0;2;3;1;A01
201800013464;0;33;0;0;2;3;1;B01
201800013465;2;7;0;13;0;3;13;A01
201800013466;1;15;0;0;2;3;2;A01
201800013466;1;7;0;0;2;4;2;B01
201800013466;2;7;0;0;2;1;1;C01
201800013467;2;2;0;0;2;1;1;A01
201800013467;1;7;0;0;2;8;15;B01
201800013468;2;7;0;6;0;1;1;A01
201800013469;2;7;0;13;0;1;17;A01
201800013470;2;7;0;0;2;1;13;A01
201800013470;1;7;0;0;2;3;1;B01
201800013471;2;7;0;8;0;0;0;A01
201800013472;1;7;0;0;0;1;1;A01
201800013473;2;15;0;0;0;7;1;A01
201800013474;1;33;0;0;2;9;2;A01
201800013474;1;7;0;0;0;4;2;B01
201800013475;2;7;0;0;2;1;1;B01
201800013475;2;7;0;0;2;7;15;A01
201800013476;2;7;0;0;2;3;1;A01
201800013476;1;7;0;0;2;3;1;B01
201800013476;1;7;0;0;2;3;1;C01
201800013477;1;7;0;0;2;1;1;B01
201800013477;2;7;0;0;2;2;1;C01
201800013477;1;7;0;0;2;3;9;A01
201800013478;2;7;0;0;2;3;1;A01
201800013478;1;7;0;0;2;3;1;B01
201800013478;1;7;0;0;2;8;1;C01
201800013479;2;3;0;0;2;1;13;A01
201800013479;1;33;0;0;2;1;1;B01
201800013479;1;10;0;0;2;1;1;C01
201800013480;1;33;0;13;0;2;1;A01
201800013481;2;10;0;0;0;2;16;A01
201800013481;2;33;0;0;2;3;18;B01
201800013482;2;2;0;0;2;7;1;A01
201800013482;0;7;0;0;2;1;9;B01
201800013483;1;7;0;1;1;1;0;A01
201800013484;2;7;0;0;1;3;1;A01
201800013485;1;7;0;6;2;8;17;A01
201800013485;1;7;0;0;2;1;1;B01
201800013486;1;7;0;0;2;3;0;A01
201800013486;2;7;0;0;2;3;0;B01
201800013487;2;7;0;13;0;9;1;A01
201800013488;2;7;0;5;0;1;14;A01
201800013489;1;7;0;0;2;3;1;A01
201800013489;0;99;0;0;2;3;19;B01
201800013490;2;7;0;0;2;3;10;A01
201800013490;2;7;0;0;2;2;1;B01
201800013491;0;7;0;13;0;1;1;A01
201800013492;2;7;0;0;1;2;1;A01
201800013493;2;33;0;9;2;1;1;A01
201800013493;1;7;0;0;0;7;24;B01
201800013494;0;7;0;6;1;1;23;A01
201800013495;1;31;0;3;0;7;21;A01
201800013495;2;7;0;0;0;0;13;B01
201800013496;1;7;0;2;0;0;19;A01
201800013497;1;7;0;0;0;4;23;A01
201800013497;1;7;0;14;0;1;1;B01
201800013498;1;7;0;0;0;6;23;A01
201800013498;1;33;0;0;2;1;21;B01
201800013498;2;7;0;0;2;3;21;C01
201800013498;1;33;0;0;2;8;1;D01
201800013499;0;7;0;0;0;4;23;A01
201800013499;0;7;0;0;2;4;2;B01
201800013500;1;7;0;0;2;1;1;B01
201800013500;0;1;0;0;2;7;19;A01
201800013501;2;2;0;0;2;8;1;A01
201800013501;1;7;0;0;2;8;1;B01
201800013502;0;7;0;0;9;8;15;B01
201800013502;0;2;0;0;2;1;1;A01
201800013503;2;7;0;0;2;1;1;B01
201800013503;0;7;0;0;2;8;19;A01
201800013504;2;7;0;13;0;9;13;A01
201800013505;1;33;0;13;5;1;1;A01
201800013506;1;7;0;0;2;1;1;B01
201800013506;1;7;0;0;2;7;19;A01
201800013507;1;7;0;0;2;1;5;A01
201800013507;2;7;0;0;2;1;1;B01
201800013508;1;7;0;0;2;3;13;A01
201800013508;2;7;0;0;2;3;1;B01
201800013509;2;7;0;0;2;1;13;A01
201800013509;1;7;0;0;2;1;1;B01
201800013510;2;7;0;0;1;2;1;A01
201800013511;0;7;0;0;2;1;16;A01
201800013511;0;7;0;6;2;2;1;B01
201800013512;2;7;0;13;0;3;1;A01
201800013513;0;1;0;0;0;0;0;B01
201800013513;0;21;0;0;0;0;1;A01
201800013514;0;32;0;0;0;9;2;A01
201800013515;0;7;0;0;2;1;1;B01
201800013515;0;33;0;0;2;1;13;A01
201800013516;1;7;0;0;2;3;17;B01
201800013516;2;7;0;0;0;6;15;A01
201800013517;2;2;0;0;2;1;17;A01
201800013517;1;7;0;0;2;1;1;B01
201800013518;1;33;0;13;0;1;1;A01
201800013519;1;33;0;8;0;1;1;A01
201800013520;1;1;0;0;0;1;1;A01
201800013521;2;7;0;10;0;1;1;A01
201800013522;2;33;0;13;0;1;1;A01
201800013523;1;7;0;0;2;3;11;A01
201800013523;2;2;0;0;2;1;1;B01
201800013524;2;7;0;2;0;1;1;A01
201800013525;2;31;0;0;2;1;21;B01
201800013525;0;7;0;0;2;3;19;A01
201800013526;2;33;0;0;6;1;1;A01
201800013527;0;7;0;0;1;1;1;A01
201800013528;2;7;0;0;1;2;17;A01
201800013529;1;7;0;6;0;1;1;A01
201800013530;2;7;0;13;2;1;1;B01
201800013530;1;7;0;7;2;1;13;A01
201800013531;1;2;0;0;0;8;1;A01
201800013532;1;7;0;0;0;0;0;A01
201800013532;1;30;0;0;0;0;2;B01
201800013533;0;7;0;0;2;1;1;A01
201800013533;0;7;0;0;2;9;19;B01
201800013534;2;7;0;0;2;2;1;B01
201800013534;0;7;0;0;2;7;15;A01
201800013535;2;7;0;6;0;1;13;A01
201800013536;0;7;0;0;2;2;1;A01
201800013536;0;30;0;0;2;2;13;B01
201800013537;1;7;0;0;2;8;1;B01
201800013537;1;33;0;0;2;1;19;A01
201800013538;1;7;0;0;0;1;13;A01
201800013539;1;2;0;1;0;1;1;A01
201800013539;1;14;0;0;0;4;23;B01
201800013540;0;7;0;0;0;1;1;A01
201800013541;0;7;0;0;2;7;1;A01
201800013541;0;7;0;0;2;1;19;B01
201800013542;0;10;0;6;0;1;1;A01
201800013543;0;2;0;0;2;1;1;A01
201800013543;0;7;0;0;2;3;15;B01
201800013544;1;7;0;0;1;1;1;A01
201800013545;2;7;0;0;2;1;1;B01
201800013545;0;7;0;0;2;2;19;A01
201800013546;1;7;0;0;2;2;1;A01
201800013546;1;2;0;0;2;4;16;B01
201800013547;2;7;0;8;0;1;14;A01
201800013548;1;33;0;3;0;1;1;A01
201800013549;0;7;0;0;2;3;15;A01
201800013549;0;7;0;0;2;3;16;B01
201800013550;1;7;0;0;2;8;5;A01
201800013550;2;7;0;0;2;8;1;B01
201800013551;1;1;0;0;2;3;23;B01
201800013551;1;7;0;0;2;5;17;A01
201800013552;0;7;0;0;0;9;14;A01
201800013553;0;2;0;16;0;2;1;A01
201800013554;2;7;0;0;2;2;1;B01
201800013554;1;7;0;2;0;3;17;A01
201800013555;1;7;0;0;2;7;1;A01
201800013555;0;7;0;0;2;3;19;B01
201800013556;2;7;0;2;0;3;17;A01
201800013557;1;33;0;0;0;7;1;A01
201800013558;2;7;0;0;2;3;15;B01
201800013558;2;7;0;0;2;1;1;A01
201800013559;2;7;0;2;0;1;1;A01
201800013560;0;33;0;0;2;1;1;B01
201800013560;0;7;0;0;2;2;20;A01
201800013561;1;7;0;0;2;7;15;A01
201800013561;2;10;0;0;2;1;1;B01
201800013562;1;7;0;0;2;1;13;A01
201800013562;2;2;0;0;2;8;1;B01
201800013563;1;7;0;0;1;1;1;A01
201800013564;2;7;0;0;2;3;1;D01
201800013564;2;15;0;0;2;6;1;C01
201800013564;1;7;0;0;2;8;1;B01
201800013564;1;7;0;0;2;3;17;A01
201800013565;1;7;0;0;0;0;19;A01
201800013565;2;33;0;0;0;0;21;B01
201800013566;1;7;0;0;1;1;1;A01
201800013567;1;33;0;0;2;8;1;B01
201800013567;2;7;0;0;2;3;19;A01
201800013568;1;7;0;13;0;2;13;A01
201800013569;2;7;0;6;0;1;2;A01
201800013570;2;33;0;13;0;1;1;A01
201800013571;1;7;0;6;0;0;0;A01
201800013572;1;7;0;8;0;1;1;A01
201800013573;1;7;0;0;2;1;1;B01
201800013573;2;2;0;0;2;1;13;A01
201800013574;2;7;0;0;2;7;15;A01
201800013574;1;33;0;0;2;1;1;B01
201800013575;1;7;0;0;2;3;1;B01
201800013575;2;7;0;0;2;3;13;A01
201800013576;1;7;0;13;0;1;0;A01
201800013577;1;7;0;2;0;1;13;A01
201800013578;2;7;0;0;1;2;1;A01
201800013579;1;7;0;0;2;1;13;A01
201800013579;2;7;0;0;2;1;1;B01
201800013580;2;7;0;0;2;3;10;A01
201800013580;2;33;0;0;2;1;1;B01
201800013581;1;7;0;2;0;1;13;A01
201800013582;1;33;0;0;0;0;1;A01
201800013583;1;7;0;0;2;1;2;A01
201800013583;1;7;0;0;0;6;15;B01
201800013584;1;7;0;0;2;3;1;B01
201800013584;2;7;0;0;2;3;13;A01
201800013585;0;7;0;13;0;3;17;A01
201800013586;1;10;0;0;2;5;15;A01
201800013586;2;33;0;0;2;7;1;B01
201800013587;1;31;0;8;0;1;2;A01
201800013588;2;1;0;0;0;4;15;B01
201800013588;2;10;0;0;2;2;17;A01
201800013589;2;7;0;0;0;7;17;A01
201800013589;2;1;0;0;0;8;1;B01
201800013590;1;7;0;0;2;1;1;B01
201800013590;2;7;0;0;2;7;15;A01
201800013591;2;14;0;0;2;1;1;B01
201800013591;1;7;0;0;2;1;11;A01
201800013592;1;7;0;0;2;3;13;A01
201800013592;2;7;0;0;2;3;1;B01
201800013593;1;10;0;16;0;1;21;A01
201800013594;2;7;0;7;0;9;1;A01
201800013595;2;33;0;1;0;7;1;B01
201800013595;2;33;0;1;2;1;1;A01
201800013596;2;33;0;2;0;1;1;A01
201800013597;2;7;0;0;2;1;15;A01
201800013597;1;7;0;8;2;1;1;B01
201800013598;1;2;0;0;2;1;1;B01
201800013598;1;7;0;0;2;1;1;A01
201800013599;2;7;0;13;0;7;10;A01
201800013600;1;7;0;0;2;8;15;B01
201800013600;1;2;0;0;0;1;17;A01
201800013601;2;7;0;13;0;9;1;A01
201800013602;1;7;0;6;0;2;21;A01
201800013603;1;2;0;0;2;1;1;A01
201800013603;1;7;0;0;2;4;1;B01
201800013604;2;33;0;3;0;2;14;A01
201800013605;2;34;0;1;0;1;21;A01
201800013606;2;2;0;0;0;0;21;A01
201800013607;0;2;0;0;0;2;1;A01
201800013608;1;7;0;13;0;3;13;A01
201800013609;1;33;0;0;0;1;1;A01
201800013610;0;2;0;8;0;0;1;A01
201800013611;2;7;0;13;0;5;1;A01
201800013612;0;33;0;0;2;1;1;A01
201800013612;0;21;0;0;2;1;1;B01
201800013613;0;33;0;0;2;1;1;A01
201800013613;0;7;0;0;2;6;15;B01
201800013614;1;31;0;16;0;8;13;A01
201800013615;1;33;0;13;0;8;1;A01
201800013616;1;33;0;2;0;1;1;A01
201800013617;1;7;0;13;0;3;21;A01
201800013618;0;10;0;0;1;2;15;A01
201800013619;1;7;0;0;2;6;2;B01
201800013619;1;7;0;2;2;2;17;A01
201800013620;1;7;0;6;0;1;1;A01
201800013621;1;2;0;0;2;3;10;A01
201800013621;1;7;0;0;2;5;17;B01
201800013622;1;7;0;0;9;2;15;A01
201800013622;2;1;0;0;2;1;1;B01
201800013623;2;7;0;0;2;3;1;B01
201800013623;1;7;0;0;2;3;13;A01
201800013624;1;7;0;0;2;1;1;B01
201800013624;2;7;0;0;2;3;15;A01
201800013625;1;7;0;0;2;1;1;B01
201800013625;1;7;0;0;2;8;10;A01
201800013626;2;7;0;0;1;4;4;A01
201800013627;1;7;0;0;2;8;13;A01
201800013627;2;7;0;0;2;1;1;B01
201800013627;1;17;0;0;2;2;17;C01
201800013628;1;7;0;6;0;1;14;A01
201800013629;2;7;0;0;9;6;23;C01
201800013629;2;1;0;0;2;6;1;B01
201800013629;1;7;0;0;9;1;15;A01