num_acc;senc;catv;occutc;obs;obsm;choc;manv;num_veh
201800013630;1;33;0;0;0;7;16;A01
201800013631;0;7;0;6;0;2;1;A01
201800013632;1;7;0;0;0;3;16;A01
201800013632;1;2;0;0;2;1;1;B01
201800013633;1;7;0;0;2;6;15;B01
201800013633;1;33;0;0;2;1;17;A01
201800013634;1;7;0;8;0;1;13;A01
201800013635;2;7;0;0;2;2;17;A01
201800013635;2;2;0;0;2;4;15;B01
201800013636;1;2;0;0;2;1;1;B01
201800013636;2;7;0;0;2;2;15;A01
201800013637;1;7;0;0;0;4;23;B01
201800013637;1;7;0;0;2;1;2;A01
201800013638;2;7;0;0;2;2;13;B01
201800013638;2;7;0;0;2;2;13;A01
201800013639;1;7;0;0;9;1;1;C01
201800013639;2;10;0;0;2;3;13;A01
201800013639;1;7;0;0;2;3;1;B01
201800013640;2;7;0;13;0;1;21;A01
201800013641;0;31;0;0;0;7;1;A01
201800013642;1;7;0;13;0;1;1;A01
201800013643;2;7;0;0;2;1;13;A01
201800013643;1;7;0;0;2;1;1;B01
201800013644;1;2;0;0;0;1;1;A01
201800013645;0;7;0;2;0;2;1;A01
201800013646;2;33;0;16;0;0;1;A01
201800013647;2;21;0;0;0;4;16;B01
201800013647;2;17;0;0;2;4;2;A01
201800013648;1;33;0;0;0;0;1;A01
201800013649;2;33;0;0;2;1;13;A01
201800013649;1;7;0;0;2;5;4;B01
201800013650;1;7;0;2;0;2;1;A01
201800013651;1;2;0;6;0;1;14;A01
201800013652;1;7;0;0;2;7;23;A01
201800013652;1;33;0;1;0;8;18;B01
201800013653;2;7;0;0;2;6;1;A01
201800013653;2;7;0;13;2;2;17;B01
201800013654;1;7;0;0;0;9;1;A01
201800013655;2;7;0;0;2;1;9;A01
201800013655;1;1;0;0;2;4;2;B01
201800013656;2;7;0;0;1;3;15;A01
201800013657;1;7;0;0;2;3;1;B01
201800013657;2;7;0;0;2;2;19;A01
201800013658;2;2;0;0;0;0;2;A01
201800013659;1;7;0;8;0;3;13;A01
201800013660;1;7;0;7;2;7;19;A01
201800013660;1;7;0;0;2;1;1;B01
201800013661;1;7;0;6;0;3;13;A01
201800013662;1;2;0;0;0;1;1;A01
201800013663;0;7;0;0;2;1;1;A01
201800013663;0;34;0;0;2;7;19;B01
201800013664;0;7;0;0;2;5;1;A01
201800013664;0;7;0;0;2;1;15;B01
201800013665;2;7;0;0;2;1;13;A01
201800013665;1;33;0;0;2;1;13;B01
201800013666;2;30;0;0;2;1;13;A01
201800013666;1;7;0;0;2;3;1;B01
201800013667;0;7;0;0;2;3;5;A01
201800013667;1;33;0;4;2;2;1;B01
201800013668;1;15;0;0;2;6;1;D01
201800013668;1;15;0;0;2;6;1;C01
201800013668;2;7;0;0;2;1;1;B01
201800013668;1;7;0;0;2;1;5;A01
201800013669;0;7;0;0;9;8;9;A01
201800013669;0;1;0;0;2;8;1;B01
201800013670;0;7;0;8;0;9;0;A01
201800013671;0;7;0;0;2;1;17;A01
201800013671;0;7;0;0;2;1;1;B01
201800013672;2;34;0;0;2;2;5;A01
201800013673;0;7;0;0;1;2;1;A01
201800013674;0;7;0;0;1;2;1;A01
201800013675;0;7;0;4;2;1;2;A01
201800013675;0;7;0;0;2;1;13;B01
201800013676;0;33;0;14;0;8;1;A01
201800013677;0;7;0;0;2;7;16;A01
201800013677;0;32;0;0;2;1;1;B01
201800013678;2;33;0;0;2;2;18;A01
201800013678;1;7;0;0;2;7;15;B01
201800013679;0;7;0;0;1;3;1;A01
201800013680;0;7;0;0;2;3;13;A01
201800013680;0;7;0;0;2;3;1;B01
201800013681;0;2;0;0;2;8;1;A01
201800013681;0;2;0;0;2;7;1;B01
201800013682;0;37;3;0;2;3;23;A01
201800013682;0;7;0;0;0;4;23;B01
201800013683;0;7;0;0;9;3;1;A01
201800013683;0;1;0;0;0;4;1;B01
201800013684;0;10;0;0;2;2;0;A01
201800013684;0;34;0;0;2;4;0;B01
201800013684;0;7;0;0;2;4;0;C01
201800013685;0;7;0;0;2;6;9;A01
201800013685;0;34;0;0;2;1;2;B01
201800013686;0;7;0;0;2;3;1;A01
201800013686;0;32;0;0;2;1;13;B01
201800013687;2;7;0;0;9;7;16;A01
201800013687;2;1;0;0;2;8;2;B01
201800013688;0;33;0;0;2;8;0;A01
201800013688;0;7;0;0;2;3;5;B01
201800013689;1;2;0;0;2;1;5;A01
201800013689;1;7;0;0;2;8;0;B01
201800013690;1;3;0;0;1;3;1;A01
201800013691;0;7;0;0;2;3;17;A01
201800013691;0;2;0;0;2;1;1;B01
201800013692;2;2;0;0;1;2;1;A01
201800013693;1;7;0;0;2;8;10;A01
201800013693;2;30;0;0;2;1;2;B01
201800013694;0;7;0;0;9;1;15;A01
201800013694;0;1;0;0;2;1;1;B01
201800013695;1;7;0;0;2;1;1;A01
201800013695;1;7;0;0;0;4;15;B01
201800013695;2;7;0;0;0;3;1;C01
201800013696;0;33;0;0;2;1;1;A01
201800013696;0;10;0;0;2;5;15;B01
201800013697;1;33;0;0;0;7;1;A01
201800013698;1;7;0;0;1;0;1;A01
201800013699;0;7;0;0;2;2;13;A01
201800013699;0;7;0;0;2;2;1;B01
201800013700;1;33;0;0;2;3;1;A01
201800013700;2;7;0;0;2;8;1;B01
201800013701;0;7;0;0;2;3;9;A01
201800013701;0;34;0;0;2;2;1;B01
201800013702;2;31;0;0;5;0;1;A01
201800013703;2;1;0;0;2;0;1;A01
201800013703;0;20;0;0;2;0;15;B01
201800013704;1;7;0;0;9;3;15;A01
201800013704;2;1;0;0;2;8;1;B01
201800013705;2;2;0;0;1;1;1;A01
201800013706;0;1;0;0;0;0;1;A01
201800013706;0;13;0;0;0;0;9;B01
201800013707;2;33;0;0;2;1;1;A01
201800013707;2;7;0;0;0;6;1;B01
201800013708;2;7;0;13;0;9;1;A01
201800013709;0;7;0;0;0;2;15;A01
201800013709;0;1;0;0;2;1;0;B01
201800013710;2;31;0;0;2;1;1;A01
201800013710;1;17;0;0;2;3;1;B01
201800013711;1;32;0;0;2;1;2;A01
201800013711;1;7;0;0;2;6;15;B01
201800013712;2;7;0;6;0;1;1;A01
201800013713;0;7;0;0;2;1;17;A01
201800013713;0;7;0;0;2;8;15;B01
201800013714;1;7;0;0;2;1;5;A01
201800013714;2;7;0;0;2;1;1;B01
201800013715;1;7;0;0;2;3;0;A01
201800013715;2;34;0;0;2;1;1;B01
201800013716;2;33;0;0;0;3;1;A01
201800013717;0;1;0;6;0;1;1;A01
201800013718;0;7;0;0;2;3;0;A01
201800013718;0;7;0;0;2;8;0;B01
201800013719;1;7;0;1;2;3;13;A01
201800013719;2;7;0;0;2;3;1;B01
201800013720;2;7;0;0;2;3;0;A01
201800013720;1;33;0;0;2;2;17;B01
201800013721;1;7;0;0;2;3;1;A01
201800013721;2;33;0;0;2;1;5;B01
201800013722;2;7;0;0;1;1;6;A01
201800013723;1;33;0;3;0;2;0;A01
201800013724;0;7;0;9;0;2;14;A01
201800013725;2;33;0;0;0;3;0;A01
201800013726;1;7;0;0;2;5;1;A01
201800013726;2;7;0;0;2;1;1;B01
201800013727;2;7;0;6;0;1;1;A01
201800013728;2;33;0;0;2;1;17;A01
201800013728;1;7;0;0;2;1;1;B01
201800013729;0;7;0;15;0;2;14;A01
201800013730;0;7;0;0;2;3;1;A01
201800013731;1;33;0;0;2;1;2;A01
201800013731;1;33;0;0;2;1;2;B01
201800013731;2;7;0;0;9;1;1;C01
201800013732;0;7;0;13;0;3;1;A01
201800013733;0;7;0;0;2;3;1;A01
201800013733;0;7;0;0;2;3;1;B01
201800013734;0;33;0;0;2;7;17;A01
201800013734;0;7;0;0;2;8;1;B01
201800013735;0;2;0;0;9;0;1;A01
201800013736;0;33;0;13;0;1;1;A01
201800013737;0;7;0;0;2;3;13;A01
201800013737;0;2;0;0;2;1;1;B01
201800013738;2;1;0;0;2;1;2;A01
201800013738;2;7;0;0;0;6;23;B01
201800013738;1;38;2;0;2;6;1;C01
201800013739;0;33;0;0;2;2;19;A01
201800013739;0;2;0;0;2;1;1;B01
201800013740;1;2;0;0;2;1;9;A01
201800013740;1;7;0;0;2;7;1;B01
201800013741;1;33;0;0;0;4;16;A01
201800013741;1;7;0;0;2;1;16;B01
201800013742;0;33;0;0;0;6;1;A01
201800013742;0;7;0;0;2;2;0;B01
201800013743;0;33;0;0;0;3;1;B01
201800013743;0;7;0;0;2;2;12;A01
201800013744;1;7;0;0;9;4;4;A01
201800013744;1;1;0;0;2;1;2;B01
201800013745;1;31;0;0;0;0;1;A01
201800013745;1;13;0;0;0;0;1;B01
201800013746;1;33;0;0;1;1;1;A01
201800013746;2;7;0;0;2;3;1;B01
201800013747;0;34;0;0;2;1;1;A01
201800013747;0;7;0;0;2;8;1;B01
201800013748;1;7;0;0;2;2;12;A01
201800013748;1;33;0;0;2;3;1;B01
201800013749;0;32;0;0;2;1;0;A01
201800013749;0;7;0;0;2;3;1;B01
201800013750;1;33;0;0;2;2;1;A01
201800013750;2;7;0;0;0;6;15;B01
201800013751;0;34;0;0;9;8;17;A01
201800013752;0;33;0;0;2;0;13;A01
201800013752;0;7;0;0;2;2;9;B01
201800013753;0;33;0;0;0;8;1;A01
201800013754;0;7;0;0;1;3;1;A01
201800013755;2;2;0;0;0;0;0;A01
201800013756;1;7;0;0;0;4;1;A01
201800013756;1;7;0;0;2;1;1;B01
201800013757;0;33;0;0;0;9;0;A01
201800013758;0;33;0;0;2;1;5;A01
201800013758;0;7;0;0;2;3;1;B01
201800013759;0;32;0;1;0;1;17;A01
201800013759;0;7;0;0;0;6;23;B01
201800013760;0;34;0;12;0;1;17;A01
201800013761;2;7;0;4;0;2;1;A01
201800013762;0;7;0;6;0;2;1;A01
201800013763;2;33;0;0;2;1;1;B01
201800013763;1;7;0;0;2;3;1;A01
201800013764;0;7;0;4;0;1;1;A01
201800013765;2;33;0;0;9;1;0;A01
201800013766;1;33;0;3;0;2;0;A01
201800013767;2;7;0;6;0;1;1;A01
201800013768;1;7;0;0;1;3;1;A01
201800013769;0;7;0;0;1;3;16;A01
201800013770;1;10;0;0;2;2;9;A01
201800013770;1;7;0;0;2;6;1;B01
201800013771;2;15;0;0;0;0;1;A01
201800013771;1;33;0;0;9;1;1;B01
201800013771;1;33;0;0;9;1;1;C01
201800013772;2;33;0;4;0;8;0;A01
201800013773;2;33;0;13;0;8;1;A01
201800013774;2;33;0;0;0;8;15;A01
201800013775;2;7;0;0;2;3;17;A01
201800013775;1;7;0;0;2;3;1;B01
201800013776;1;33;0;0;0;8;1;A01
201800013777;1;33;0;0;0;9;1;A01
201800013778;;7;0;0;2;3;1;A01
201800013778;;7;0;8;0;2;1;B01
201800013779;2;7;0;0;2;3;17;A01
201800013779;1;14;0;0;2;3;1;B01
201800013780;2;7;0;0;2;1;1;A01
201800013780;1;7;0;0;2;3;1;B01
201800013781;2;7;0;0;1;1;1;A01
201800013782;2;7;0;8;0;1;14;A01
201800013783;2;7;0;0;2;6;15;A01
201800013783;1;31;0;0;2;1;1;B01
201800013784;0;2;0;0;2;8;1;A01
201800013784;0;7;0;0;2;3;1;B01
201800013785;1;33;0;13;0;1;1;A01
201800013786;1;15;0;0;2;3;1;B01
201800013786;2;7;0;0;2;1;13;A01
201800013787;0;31;0;0;0;8;1;A01
201800013788;0;7;0;0;2;8;13;A01
201800013788;0;33;0;0;2;3;13;B01
201800013789;1;31;0;13;0;3;1;A01
201800013790;0;7;0;15;0;1;1;A01
201800013791;0;31;0;0;2;1;1;B01
201800013791;0;7;0;0;2;6;19;A01
201800013792;1;7;0;13;0;3;13;A01
201800013793;1;10;0;0;2;0;1;B01
201800013793;2;15;0;0;2;3;1;D01
201800013793;1;7;0;0;2;3;13;A01
201800013793;2;7;0;0;2;1;1;C01
201800013794;1;15;0;0;2;3;1;B01
201800013794;2;7;0;0;2;3;1;A01
201800013794;1;7;0;0;2;0;1;C01
201800013795;2;7;0;0;2;8;15;B01
201800013795;2;33;0;0;2;1;17;A01
201800013796;2;33;0;2;0;1;0;A01
201800013797;1;1;0;0;0;4;1;B01
201800013797;1;10;0;0;9;2;2;A01
201800013798;0;7;0;0;2;3;1;B01
201800013798;0;1;0;0;2;8;13;A01
201800013799;2;7;0;13;0;2;1;A01
201800013800;2;13;0;0;0;6;1;B01
201800013800;1;7;0;0;0;1;1;C01
201800013800;1;7;0;0;2;3;1;A01
201800013801;0;7;0;0;2;3;1;A01
201800013801;0;7;0;0;2;3;1;B01
201800013802;0;33;0;0;2;7;1;A01
201800013802;0;7;0;0;2;1;1;B01
201800013803;0;2;0;5;0;8;0;A01
201800013804;1;1;0;0;0;0;1;A01
201800013805;2;7;0;0;2;1;1;B01
201800013805;1;7;0;0;2;2;13;A01
201800013806;0;7;0;13;0;1;1;A01
201800013807;1;7;0;0;0;5;1;A01
201800013807;1;7;0;0;2;3;2;B01
201800013808;2;7;0;0;2;1;1;B01
201800013808;1;10;0;0;2;1;13;A01
201800013809;0;33;0;0;0;7;1;A01
201800013810;2;7;0;13;0;1;1;A01
201800013811;1;7;0;0;2;3;19;A01
201800013811;1;7;0;0;2;1;1;B01
201800013811;1;17;0;0;2;3;24;C01
201800013812;1;7;0;7;2;7;1;A01
201800013812;1;7;0;8;2;1;1;B01
201800013813;1;33;0;0;2;1;0;B01
201800013813;1;7;0;0;2;3;15;A01
201800013814;1;3;0;0;2;1;1;B01
201800013814;0;7;0;0;2;1;13;A01
201800013815;1;7;0;0;2;6;15;A01
201800013815;1;7;0;0;2;8;1;B01
201800013815;1;7;0;0;2;3;1;C01
201800013816;1;7;0;0;2;9;2;A01
201800013816;1;7;0;0;2;5;2;B01
201800013816;1;13;0;0;2;3;1;C01
201800013817;1;7;0;0;2;3;1;A01
201800013817;1;33;0;0;2;8;1;B01
201800013817;1;33;0;0;2;8;1;C01
201800013818;1;2;0;0;0;0;0;A01
201800013819;0;7;0;0;2;3;21;A01
201800013819;0;1;0;0;2;3;17;C01
201800013819;0;1;0;0;2;8;1;B01
201800013820;0;21;0;0;2;2;13;B01
201800013820;0;33;0;0;2;1;1;A01
201800013821;2;7;0;0;1;3;1;A01
201800013822;2;1;0;1;0;1;0;A01
201800013823;1;7;0;0;2;2;1;B01
201800013823;2;7;0;0;2;2;5;A01
201800013824;2;7;0;0;2;1;13;A01
201800013824;1;7;0;0;2;1;1;B01
201800013825;0;7;0;0;2;2;1;A01
201800013825;0;7;0;0;2;1;1;B01
201800013826;2;7;0;0;2;6;1;A01
201800013826;2;2;0;0;2;1;1;B01
201800013827;0;33;0;0;0;0;1;A01
201800013828;0;7;0;13;0;1;1;A01
201800013829;1;10;0;2;2;1;1;A01
201800013829;1;7;0;0;0;6;1;B01
201800013830;0;7;0;0;1;2;1;A01
201800013831;1;31;0;0;2;1;1;B01
201800013831;2;7;0;0;2;2;15;A01
201800013832;2;7;0;3;0;9;0;A01
201800013833;1;7;0;13;0;6;1;A01
201800013834;1;7;0;12;0;1;0;A01
201800013835;1;7;0;13;0;3;0;A01
201800013836;1;7;0;0;2;4;23;B01
201800013836;1;7;0;0;2;1;2;A01
201800013836;1;7;0;0;2;4;2;C01
201800013836;1;7;0;0;2;4;2;D01
201800013837;0;7;0;0;1;3;15;A01
201800013838;0;7;0;8;0;3;1;A01
201800013839;1;7;0;;2;1;13;A01
201800013839;2;7;0;;2;1;1;B01
201800013840;2;33;0;0;6;1;1;A01
201800013841;1;2;0;12;0;2;1;A01
201800013842;2;7;0;0;0;5;1;B01
201800013842;2;7;0;0;2;1;1;A01
201800013843;1;7;0;15;0;2;1;A01
201800013844;1;7;0;0;2;3;1;B01
201800013844;1;7;0;0;2;7;19;A01
201800013845;1;7;0;0;2;1;1;B01
201800013845;2;7;0;0;2;1;5;A01
201800013846;0;33;0;0;2;2;0;A01
201800013846;0;7;0;0;2;2;19;B01
201800013847;2;33;0;0;2;3;17;A01
201800013847;2;7;0;0;2;3;17;B01
201800013847;2;21;0;0;0;0;1;C01
201800013848;2;33;0;0;0;7;1;A01
201800013849;0;7;0;0;2;8;9;A01
201800013849;0;2;0;0;2;1;1;B01
201800013850;1;10;0;0;2;3;10;A01
201800013850;2;33;0;0;2;1;1;B01
201800013851;2;10;0;0;2;8;15;B01
201800013851;1;33;0;0;2;1;17;A01
201800013852;1;14;0;0;2;8;1;B01
201800013852;2;7;0;0;2;3;1;A01
201800013853;2;7;0;2;0;7;1;A01
201800013854;1;33;0;0;2;1;1;B01
201800013854;1;7;0;0;2;1;5;A01
201800013855;0;7;0;0;2;2;17;A01
201800013855;0;2;0;0;2;8;15;B01
201800013856;2;31;0;0;0;8;1;B01
201800013856;1;7;0;0;2;1;15;A01
201800013857;1;7;0;13;0;2;1;A01
201800013858;2;2;0;0;1;1;1;A01
201800013859;0;1;0;0;0;0;1;A01
201800013860;2;2;0;0;2;1;13;A01
201800013860;1;7;0;0;2;1;1;B01
201800013861;2;7;0;8;0;7;1;A01
201800013862;1;1;0;0;2;8;1;B01
201800013862;1;7;0;0;9;2;14;A01
201800013863;0;7;0;0;0;8;0;A01
201800013864;0;33;0;0;0;7;14;A01
201800013865;1;2;0;13;0;7;1;A01
201800013866;1;2;0;1;0;1;2;A01
201800013867;0;1;0;0;2;1;1;B01
201800013867;1;15;0;0;2;6;1;A01
201800013868;1;33;0;0;9;1;1;B01
201800013868;1;1;0;0;0;4;11;A01
201800013869;2;7;0;0;2;3;1;B01
201800013869;1;7;0;0;2;3;13;A01
201800013870;1;7;0;0;2;3;1;B01
201800013870;2;31;0;0;2;1;13;A01
201800013870;1;7;0;0;9;1;1;C01
201800013871;0;7;0;0;1;3;1;A01
201800013872;1;2;0;0;0;8;0;A01
201800013873;0;7;0;14;4;2;1;A01
201800013873;2;39;60;0;2;8;1;B01
201800013874;0;2;0;0;2;8;15;B01
201800013874;0;2;0;0;2;1;1;A01
201800013875;0;10;0;0;1;4;1;A01
201800013876;1;7;0;0;1;1;20;A01
201800013877;2;7;0;0;2;1;0;B01
201800013877;1;7;0;0;2;3;13;A01
201800013878;1;7;0;0;0;8;1;B01
201800013878;1;7;0;0;0;1;19;A01
201800013879;1;1;0;0;2;8;1;B01
201800013879;1;17;0;0;9;5;17;A01
201800013880;1;7;0;0;2;3;13;A01
201800013880;2;7;0;0;2;3;1;B01
201800013881;1;7;0;0;2;1;15;B01
201800013881;1;7;0;8;0;1;17;A01
201800013882;0;7;0;0;1;1;16;A01
201800013883;1;7;0;0;2;2;15;A01
201800013883;2;7;0;0;2;1;1;B01
201800013884;1;7;0;0;1;2;1;A01
201800013885;2;7;0;0;2;1;1;B01
201800013885;1;17;0;0;2;1;1;A01
201800013886;2;2;0;0;1;1;1;A01
201800013887;1;33;0;13;0;8;0;A01
201800013888;0;33;0;0;2;1;1;B01
201800013888;0;7;0;0;2;3;15;A01
201800013889;0;7;0;0;1;1;15;A01
201800013890;1;7;0;0;0;1;1;A01
201800013891;1;7;0;0;2;3;15;A01
201800013891;2;7;0;0;2;3;1;B01
201800013892;1;33;0;0;0;1;0;A01
201800013893;0;2;0;0;0;8;0;A01
201800013894;0;7;0;0;0;3;0;A01
201800013895;1;7;0;13;0;1;0;A01
201800013896;1;33;0;13;0;1;1;A01
201800013897;0;3;0;13;0;3;1;A01
201800013898;1;7;0;0;0;4;1;A01
201800013898;1;33;0;0;2;1;1;B01
201800013899;1;2;0;12;0;7;0;A01
201800013900;0;7;0;6;0;1;0;A01
201800013901;1;7;0;0;2;7;17;A01
201800013901;2;1;0;0;2;8;2;B01
201800013902;2;7;0;0;5;1;0;A01
201800013903;1;7;0;8;0;4;1;A01
201800013904;0;7;0;13;0;3;1;A01
201800013905;1;33;0;0;2;1;1;A01
201800013905;1;7;0;0;0;4;1;B01
201800013906;2;7;0;0;2;2;1;A01
201800013906;1;15;0;0;2;1;1;D01
201800013906;1;99;0;0;2;1;1;C01
201800013906;2;7;0;0;0;4;15;B01
201800013907;1;7;0;6;0;2;1;A01
201800013908;0;33;0;0;0;8;1;A01
201800013909;1;10;0;13;0;3;13;A01
201800013910;1;7;0;8;0;1;1;A01
201800013911;2;7;0;0;6;1;1;A01
201800013912;1;33;0;0;2;1;1;A01
201800013912;2;7;0;0;2;3;19;B01
201800013913;1;7;0;0;2;1;1;A01
201800013913;2;7;0;0;2;1;15;B01
201800013914;1;3;0;0;2;2;19;A01
201800013914;2;7;0;0;2;1;1;B01
201800013915;0;7;0;0;1;1;1;A01
201800013916;0;7;0;6;0;1;1;A01
201800013917;2;7;0;0;2;3;1;B01
201800013917;0;7;0;0;2;2;9;A01
201800013918;0;33;0;6;0;1;1;A01
201800013919;0;7;0;5;0;6;16;A01
201800013920;0;7;0;0;0;1;2;A01
201800013920;1;2;0;0;2;6;2;B01
201800013921;1;7;0;0;1;2;1;A01
201800013922;1;36;0;13;0;1;17;A01
201800013923;1;33;0;13;0;1;1;A01
201800013924;0;1;0;8;0;8;16;A01
201800013925;1;7;0;9;0;1;14;A01
201800013926;2;7;0;15;0;9;1;A01
201800013927;0;7;0;13;0;1;1;A01
201800013928;0;2;0;12;0;1;1;A01
201800013929;2;7;0;13;0;2;1;A01
201800013930;;7;0;0;0;1;1;A01
201800013930;;7;0;8;0;2;1;B01
201800013931;1;7;0;0;2;4;15;B01
201800013931;1;7;0;0;2;1;1;A01
201800013932;1;7;0;0;1;2;9;A01
201800013933;2;7;0;13;0;1;1;A01
201800013934;2;7;0;0;5;1;1;A01
201800013935;0;7;0;0;6;3;1;A01
201800013936;0;7;0;2;0;7;1;A01
201800013937;1;7;0;2;0;1;1;A01
201800013938;1;10;0;0;1;3;1;A01
201800013939;0;33;0;2;0;1;18;A01
201800013940;1;7;0;6;0;1;1;A01
201800013941;0;33;0;0;2;1;13;A01
201800013941;0;7;0;0;2;1;1;B01
201800013942;1;13;0;0;2;1;1;B01
201800013942;2;7;0;0;2;2;13;A01
201800013943;0;7;0;6;0;2;0;A01
201800013944;0;7;0;0;2;3;19;B01
201800013944;0;7;0;0;2;1;1;A01
201800013945;1;7;0;6;0;1;1;A01
201800013946;2;2;0;0;2;1;5;A01
201800013946;1;7;0;0;2;3;1;B01
201800013947;2;1;0;0;6;3;1;A01
201800013948;2;7;0;13;0;3;13;A01
201800013949;1;7;0;0;2;8;19;B01
201800013949;1;33;0;0;2;1;1;A01
201800013950;1;33;0;0;0;1;1;A01
201800013951;2;33;0;13;0;2;1;A01
201800013952;2;33;0;13;0;1;1;A01
201800013953;2;7;0;13;0;1;1;A01
201800013954;2;2;0;0;0;1;1;A01
201800013955;2;7;0;0;2;3;19;A01
201800013955;2;33;0;0;2;7;1;B01
201800013956;1;7;0;0;1;7;1;A01
201800013957;1;21;0;0;0;0;11;B01
201800013957;2;33;0;0;0;2;17;A01
201800013958;2;7;0;0;2;3;1;A01
201800013958;2;7;0;0;2;2;1;B01
201800013959;1;7;0;2;0;0;1;A01
201800013960;1;7;0;0;1;3;1;A01
201800013961;0;1;0;0;2;1;15;A01
201800013961;0;7;0;0;2;1;1;B01
201800013962;1;7;0;0;1;0;1;A01
201800013963;1;7;0;0;1;1;1;A01
201800013964;1;7;0;0;2;6;15;A01
201800013964;2;7;0;0;2;3;1;B01
201800013965;1;7;0;0;1;1;1;A01
201800013966;1;7;0;12;9;7;1;B01
201800013966;2;17;0;0;2;1;1;A01
201800013967;2;31;0;0;0;0;2;A01
201800013968;1;7;0;0;0;8;1;A01
201800013969;1;7;0;0;1;2;1;A01
201800013970;0;30;0;0;2;2;1;B01
201800013970;0;7;0;0;2;3;17;A01
201800013971;2;7;0;3;0;3;3;A01
201800013972;1;7;0;2;0;1;1;A01
201800013973;1;2;0;0;2;1;0;A01
201800013973;2;15;0;0;2;1;1;B01
201800013974;1;3;0;16;0;2;1;A01
201800013975;2;7;0;3;0;3;0;A01
201800013976;1;7;0;13;0;2;1;A01
201800013977;2;38;1;0;0;2;1;B01
201800013977;1;7;0;0;0;1;5;A01
201800013978;2;33;0;1;1;1;15;A01
201800013979;1;7;0;13;0;3;1;A01
201800013980;2;7;0;0;1;2;1;A01
201800013981;2;7;0;0;2;8;19;A01
201800013981;2;7;0;0;2;2;1;B01
201800013982;1;7;0;0;1;2;1;A01
201800013983;2;33;0;0;0;7;1;A01
201800013984;1;33;0;0;2;7;1;B01
201800013984;2;7;0;0;2;2;20;A01
201800013985;1;32;0;0;2;5;23;B01
201800013985;1;7;0;0;2;3;2;C01
201800013985;1;7;0;0;0;4;23;A01
201800013986;1;10;0;7;0;1;1;A01
201800013987;1;7;0;0;2;2;9;B01
201800013987;1;7;0;0;2;1;15;A01
201800013988;1;7;0;2;0;1;1;A01
201800013989;1;36;0;6;0;1;16;A01
201800013990;2;7;0;5;0;2;2;A01
201800013991;2;7;0;16;0;1;17;A01
201800013992;1;7;0;0;2;1;1;B01
201800013992;2;7;0;0;2;8;15;A01
201800013993;1;7;0;2;0;3;13;A01
201800013994;1;7;0;0;0;8;1;A01
201800013995;1;2;0;12;0;2;1;A01
201800013996;2;33;0;0;0;1;16;A01
201800013997;1;31;0;0;0;4;15;B01
201800013997;1;2;0;0;2;1;1;A01
201800013998;2;7;0;0;1;1;1;A01
201800013999;2;7;0;2;0;8;0;A01
201800014000;2;99;0;0;0;1;15;A01
201800014000;2;7;0;2;0;1;17;B01
201800014001;0;17;0;0;1;2;0;A01
201800014002;0;7;0;0;1;1;16;A01
201800014003;0;7;0;0;0;0;1;A01
201800014004;1;7;0;0;0;6;15;A01
201800014004;2;1;0;7;2;1;1;B01
201800014005;2;7;0;0;2;3;13;A01
201800014005;1;7;0;0;2;3;1;B01
201800014006;1;7;0;6;0;1;0;A01
201800014007;1;7;0;0;2;3;2;C01
201800014007;1;7;0;0;2;1;1;B01
201800014007;1;7;0;0;2;1;1;D01
201800014007;1;7;0;0;2;1;5;A01
201800014008;2;1;0;0;2;1;15;A01
201800014008;2;7;0;0;2;2;17;B01
201800014009;2;7;0;0;0;5;2;A01
201800014009;2;33;0;0;2;4;2;B01
201800014009;2;33;0;0;0;0;2;D01
201800014009;2;33;0;0;2;1;2;C01
201800014010;0;7;0;0;2;8;9;A01
201800014010;1;33;0;0;2;1;1;B01
201800014011;2;33;0;0;0;3;1;A01
201800014012;2;33;0;6;0;0;0;A01
201800014013;1;7;0;0;1;3;1;A01
201800014014;1;7;0;0;1;1;1;A01
201800014015;1;7;0;15;0;8;13;A01
201800014016;0;30;0;0;2;1;1;B01
201800014016;0;7;0;0;2;2;15;A01
201800014017;0;39;0;0;2;1;1;A01
201800014017;2;10;0;14;4;8;23;B01
201800014018;0;7;0;0;2;3;15;B01
201800014018;0;30;0;0;2;1;1;A01
201800014019;2;7;0;0;2;4;23;A01
201800014019;2;10;0;0;2;1;2;C01
201800014019;2;7;0;0;2;4;23;B01
201800014020;2;7;0;8;0;3;13;A01
201800014021;2;7;0;0;2;6;19;A01
201800014021;1;7;0;0;2;3;1;B01
201800014022;1;7;0;0;2;1;1;A01
201800014022;1;7;0;0;2;4;23;B01
201800014023;0;7;0;9;1;1;14;A01
201800014024;2;7;0;13;0;3;14;A01
201800014025;2;7;0;2;0;1;13;A01
201800014026;2;7;0;13;0;2;17;A01
201800014027;1;7;0;0;2;1;1;B01
201800014027;1;20;0;0;2;7;19;A01
201800014028;1;10;0;0;2;1;2;A01
201800014028;1;7;0;0;2;4;2;B01
201800014029;0;7;0;1;0;9;2;A01
201800014030;1;7;0;0;2;2;19;B01
201800014030;1;7;0;0;2;3;1;A01
201800014031;1;7;0;0;2;8;1;B01
201800014031;1;7;0;0;2;1;19;A01
201800014032;0;7;0;15;0;9;0;A01
201800014033;1;7;0;0;1;3;20;A01
201800014034;0;7;0;0;2;5;0;A01
201800014034;0;7;0;0;2;1;1;B01
201800014035;0;15;0;0;1;3;0;A01