num_acc;senc;catv;occutc;obs;obsm;choc;manv;num_veh
201800014838;0;7;0;0;0;0;9;B01
201800014838;2;7;0;0;2;7;17;C01
201800014839;1;15;0;0;0;0;17;A01
201800014839;1;36;0;13;0;2;14;B01
201800014840;2;7;0;0;2;2;1;B01
201800014840;1;10;0;0;2;3;15;A01
201800014841;1;7;0;0;0;1;13;A01
201800014842;1;7;0;0;1;2;15;A01
201800014843;2;7;0;16;0;9;1;A01
201800014844;2;7;0;0;2;3;13;A01
201800014844;1;13;0;0;2;3;1;B01
201800014845;1;7;0;13;0;7;1;A01
201800014846;2;35;0;0;2;8;15;B01
201800014846;2;7;0;0;2;2;17;A01
201800014847;1;7;0;0;1;1;1;A01
201800014848;1;2;0;0;0;4;1;B01
201800014848;1;10;0;0;2;2;1;A01
201800014849;2;7;0;0;0;1;1;A01
201800014850;1;7;0;0;0;4;2;A01
201800014850;1;15;0;0;2;1;2;B01
201800014851;2;7;0;0;1;0;20;A01
201800014852;1;7;0;2;0;8;1;A01
201800014853;1;33;0;0;2;1;5;A01
201800014853;2;7;0;0;2;3;1;B01
201800014854;1;7;0;0;2;1;2;A01
201800014854;1;7;0;0;0;4;1;C01
201800014854;1;7;0;0;2;4;1;B01
201800014855;2;7;0;0;2;3;1;B01
201800014855;1;31;0;0;2;0;1;A01
201800014856;1;13;0;0;1;2;2;A01
201800014857;1;7;0;0;2;3;1;B01
201800014857;2;7;0;0;2;2;13;A01
201800014858;1;7;0;0;2;1;1;A01
201800014858;1;7;0;0;2;4;23;C01
201800014858;1;7;0;0;2;4;23;B01
201800014859;1;7;0;0;2;0;13;A01
201800014859;2;7;0;0;2;6;1;B01
201800014860;2;33;0;5;0;1;1;A01
201800014861;1;7;0;0;2;1;1;A01
201800014861;2;7;0;0;2;1;1;B01
201800014862;1;1;0;0;0;1;1;A01
201800014863;2;7;0;1;0;4;23;B01
201800014863;2;7;0;0;2;1;2;A01
201800014864;1;3;0;6;0;1;14;A01
201800014865;1;7;0;6;0;1;1;A01
201800014866;1;7;0;1;2;1;2;A01
201800014866;1;7;0;0;0;5;2;B01
201800014867;2;7;0;4;0;1;13;A01
201800014868;1;33;0;0;2;2;17;B01
201800014868;1;31;0;0;2;1;11;A01
201800014869;2;2;0;12;0;1;1;A01
201800014870;2;7;0;0;2;1;1;B01
201800014870;1;7;0;0;2;2;15;A01
201800014871;1;33;0;13;0;0;1;A01
201800014872;2;7;0;0;2;3;1;B01
201800014872;1;7;0;0;2;1;1;A01
201800014873;2;7;0;0;2;6;1;B01
201800014873;2;7;0;0;2;2;2;A01
201800014874;1;32;0;1;0;1;1;A01
201800014875;1;7;0;0;2;1;1;B01
201800014875;2;7;0;0;2;1;17;A01
201800014876;2;7;0;0;2;1;2;A01
201800014876;2;15;0;0;2;4;2;B01
201800014877;2;7;0;13;0;9;1;A01
201800014878;2;7;0;15;0;1;1;A01
201800014879;2;7;0;0;2;8;17;A01
201800014879;1;7;0;0;2;1;1;B01
201800014879;2;10;0;0;9;0;1;C01
201800014880;1;7;0;0;2;2;1;B01
201800014880;0;7;0;0;2;3;19;A01
201800014881;1;10;0;4;0;3;1;A01
201800014882;1;2;0;0;2;4;1;B01
201800014882;0;7;0;0;2;3;1;A01
201800014883;1;7;0;3;9;7;2;D01
201800014883;1;17;0;3;0;2;1;A01
201800014883;1;7;0;0;2;1;1;C01
201800014883;1;7;0;0;9;1;1;B01
201800014884;1;2;0;0;2;4;2;A01
201800014884;1;7;0;0;2;1;2;B01
201800014885;2;7;0;0;2;1;1;B01
201800014885;2;33;0;0;0;0;1;A01
201800014886;1;7;0;2;0;3;1;A01
201800014887;1;7;0;0;2;3;1;B01
201800014887;2;7;0;0;2;1;5;A01
201800014888;0;7;0;0;2;3;13;A01
201800014888;0;7;0;0;2;3;1;B01
201800014889;2;32;0;4;0;2;1;A01
201800014890;2;7;0;0;0;9;1;A01
201800014891;1;33;0;0;0;7;1;A01
201800014892;2;15;0;0;2;8;1;B01
201800014892;1;7;0;0;2;3;1;A01
201800014893;2;17;0;0;0;4;1;C01
201800014893;2;15;0;0;2;4;1;B01
201800014893;2;15;0;0;2;1;1;A01
201800014894;1;7;0;0;2;1;1;B01
201800014894;1;1;0;0;2;7;1;A01
201800014895;1;7;0;15;0;2;1;A01
201800014896;2;7;0;0;0;3;0;A01
201800014897;0;2;0;0;2;6;15;A01
201800014897;2;7;0;0;2;1;1;B01
201800014898;2;7;0;13;0;9;0;A01
201800014899;1;2;0;0;0;0;0;A01
201800014900;2;33;0;0;2;8;1;A01
201800014900;1;14;0;0;2;3;9;B01
201800014901;1;7;0;0;1;3;1;A01
201800014902;2;36;0;0;0;7;10;A01
201800014903;1;33;0;0;2;4;2;B01
201800014903;1;7;0;0;2;1;2;A01
201800014904;2;17;0;0;2;2;1;B01
201800014904;1;30;0;0;2;8;19;A01
201800014905;1;7;0;6;0;2;1;A01
201800014906;0;7;0;0;0;1;0;A01
201800014906;0;7;0;0;0;1;0;B01
201800014907;1;7;0;0;2;1;15;A01
201800014907;2;7;0;0;2;3;1;B01
201800014908;1;7;0;2;0;1;1;A01
201800014909;0;7;0;1;0;0;0;A01
201800014909;0;7;0;0;0;0;0;B01
201800014910;0;33;0;0;2;1;13;A01
201800014910;0;7;0;0;0;4;15;B01
201800014911;2;7;0;0;2;7;1;B01
201800014911;0;7;0;0;2;2;9;A01
201800014912;2;7;0;0;2;1;17;A01
201800014912;1;7;0;0;2;1;21;B01
201800014913;0;1;0;0;0;4;1;B01
201800014913;1;7;0;0;2;1;2;A01
201800014914;0;7;0;6;0;1;6;A01
201800014915;1;32;0;0;0;0;1;A01
201800014916;0;7;0;2;0;1;1;A01
201800014917;0;7;0;0;1;1;1;A01
201800014918;2;7;0;16;2;8;1;A01
201800014918;1;7;0;3;2;8;13;B01
201800014919;2;7;0;0;2;1;1;A01
201800014919;1;7;0;0;2;1;1;B01
201800014920;2;7;0;0;1;1;1;A01
201800014921;2;7;0;0;2;2;13;A01
201800014921;1;7;0;0;0;3;1;B01
201800014922;2;7;0;0;2;1;13;A01
201800014922;1;7;0;0;2;2;1;B01
201800014923;2;7;0;0;9;6;10;A01
201800014923;2;1;0;0;2;2;1;B01
201800014924;1;31;0;4;0;1;0;A01
201800014925;2;2;0;0;2;3;2;A01
201800014925;2;2;0;0;0;5;2;B01
201800014926;2;33;0;13;0;1;2;A01
201800014927;0;31;0;0;2;1;5;A01
201800014927;0;7;0;0;2;1;1;B01
201800014928;2;33;0;13;0;1;1;A01
201800014929;2;7;0;0;2;1;13;A01
201800014929;1;7;0;0;2;1;1;B01
201800014930;2;2;0;8;0;1;13;A01
201800014931;0;7;0;0;1;3;0;A01
201800014932;1;7;0;0;2;1;13;A01
201800014932;2;7;0;0;2;1;1;B01
201800014933;1;33;0;0;2;8;1;A01
201800014933;2;33;0;0;2;8;1;B01
201800014934;2;7;0;0;2;2;16;A01
201800014934;2;33;0;0;2;3;18;B01
201800014935;0;7;0;0;2;3;1;A01
201800014935;0;31;0;0;2;1;1;B01
201800014936;1;33;0;3;0;2;1;A01
201800014937;1;33;0;3;0;0;1;A01
201800014938;2;7;0;0;2;3;15;A01
201800014938;1;33;0;0;2;1;1;B01
201800014939;2;7;0;13;0;1;1;A01
201800014940;1;1;0;0;2;7;16;A01
201800014940;1;7;0;0;9;3;16;B01
201800014941;2;7;0;0;1;1;1;A01
201800014942;0;7;0;15;0;2;2;A01
201800014943;2;7;0;0;0;6;16;A01
201800014943;2;7;0;0;0;2;1;B01
201800014944;0;7;0;2;0;1;1;A01
201800014945;0;7;0;0;2;1;15;A01
201800014945;2;33;0;0;2;8;15;B01
201800014946;1;7;0;0;1;2;1;A01
201800014947;2;7;0;0;2;1;1;B01
201800014947;0;2;0;0;2;8;0;A01
201800014948;1;7;0;0;0;0;20;A01
201800014948;1;7;0;6;0;3;21;B01
201800014949;0;7;0;2;0;8;1;A01
201800014950;1;7;0;0;2;1;17;A01
201800014950;2;7;0;0;2;1;1;B01
201800014951;1;1;0;0;2;1;1;B01
201800014951;1;7;0;0;2;6;19;A01
201800014952;1;7;0;0;2;1;13;A01
201800014952;2;7;0;0;2;1;1;B01
201800014953;2;7;0;0;2;7;15;A01
201800014953;1;1;0;0;0;7;1;B01
201800014954;1;7;0;0;2;1;0;A01
201800014954;2;7;0;0;2;1;23;B01
201800014955;1;7;0;6;0;7;1;A01
201800014956;1;33;0;15;0;2;1;A01
201800014957;2;7;0;9;0;2;1;A01
201800014958;1;7;0;0;2;1;17;A01
201800014958;1;7;0;8;0;8;15;B01
201800014959;2;7;0;2;0;3;0;A01
201800014960;0;7;0;0;2;2;9;A01
201800014960;1;31;0;0;2;1;1;B01
201800014960;0;3;0;0;2;3;23;C01
201800014961;2;7;0;0;2;2;15;A01
201800014961;1;33;0;0;2;1;1;B01
201800014961;1;7;0;0;2;3;23;C01
201800014962;1;7;0;0;2;2;13;A01
201800014962;2;7;0;0;2;1;1;B01
201800014962;1;7;0;0;2;6;1;C01
201800014963;2;7;0;0;9;2;1;A01
201800014963;0;1;0;0;2;8;16;B01
201800014964;2;2;0;0;2;0;17;A01
201800014964;2;2;0;0;0;8;1;B01
201800014965;2;7;0;0;1;1;1;A01
201800014966;2;7;0;0;2;3;13;A01
201800014966;1;7;0;0;2;3;1;B01
201800014967;1;7;0;0;2;3;15;A01
201800014967;2;7;0;0;2;1;1;B01
201800014968;1;7;0;0;2;6;15;A01
201800014968;1;2;0;0;2;2;17;B01
201800014969;2;7;0;0;1;1;1;A01
201800014970;2;7;0;8;0;7;0;A01
201800014971;0;7;0;0;2;3;16;A01
201800014971;0;7;0;0;2;3;15;B01
201800014972;1;7;0;0;2;1;2;A01
201800014972;1;7;0;0;0;4;2;B01
201800014973;0;7;0;0;1;1;1;A01
201800014974;1;7;0;0;2;1;13;A01
201800014974;2;7;0;0;2;3;1;B01
201800014974;1;7;0;0;2;1;1;C01
201800014975;0;7;0;0;2;3;1;A01
201800014975;0;7;0;8;2;3;1;B01
201800014976;1;7;0;0;1;2;1;A01
201800014977;1;7;0;0;2;3;1;A01
201800014977;2;7;0;0;2;1;0;B01
201800014978;0;7;0;0;2;3;20;A01
201800014978;0;30;0;0;2;2;1;B01
201800014979;0;7;0;0;9;2;16;A01
201800014979;0;1;0;6;2;7;1;B01
201800014980;1;1;0;6;9;2;1;A01
201800014981;0;7;0;0;0;8;1;A01
201800014981;0;1;0;0;2;8;1;B01
201800014982;1;34;0;0;0;0;1;A01
201800014982;2;7;0;0;0;0;15;B01
201800014983;1;7;0;0;2;3;13;A01
201800014983;2;10;0;0;2;8;1;B01
201800014984;1;13;0;0;2;3;11;A01
201800014984;2;7;0;0;2;3;1;B01
201800014985;1;2;0;14;9;0;17;A01
201800014986;2;7;0;0;2;3;19;A01
201800014986;2;31;0;0;2;7;1;B01
201800014986;2;2;0;0;2;1;1;C01
201800014987;0;10;0;8;2;3;1;A01
201800014987;0;10;0;0;2;8;1;B01
201800014988;2;7;0;0;2;7;15;A01
201800014988;1;30;0;0;2;1;0;B01
201800014989;1;7;0;5;0;1;6;A01
201800014990;0;33;0;12;0;2;15;A01
201800014991;0;7;0;0;2;2;1;A01
201800014991;0;7;0;0;0;3;1;B01
201800014992;2;33;0;13;0;8;1;A01
201800014993;0;7;0;0;2;1;9;A01
201800014993;2;34;0;0;2;7;1;B01
201800014994;0;7;0;6;0;1;0;A01
201800014995;2;1;0;0;0;9;1;B01
201800014995;1;7;0;0;0;0;15;A01
201800014996;1;1;0;12;0;2;1;A01
201800014997;1;1;0;0;0;0;1;A01
201800014998;0;36;0;15;0;7;1;A01
201800014999;1;7;0;0;1;3;1;A01
201800015000;0;7;0;0;2;2;1;A01
201800015000;0;2;0;0;2;8;13;B01
201800015001;0;2;0;13;0;1;1;A01
201800015002;1;31;0;0;0;7;1;A01
201800015003;2;1;0;0;2;3;2;A01
201800015003;2;10;0;0;0;5;1;B01
201800015004;0;7;0;2;0;1;13;A01
201800015005;0;7;0;8;0;7;1;A01
201800015006;1;7;0;0;2;1;1;A01
201800015006;1;7;0;0;2;8;15;B01
201800015007;2;7;0;0;2;1;13;A01
201800015007;1;7;0;0;2;1;1;B01
201800015008;2;7;0;0;2;9;21;A01
201800015008;1;7;0;0;1;1;23;B01
201800015008;1;33;0;0;2;8;23;C01
201800015008;2;7;0;0;0;4;2;D01
201800015009;0;14;0;0;0;9;1;A01
201800015010;0;7;0;0;9;5;1;A01
201800015010;0;1;0;0;2;1;16;B01
201800015011;1;7;0;0;2;5;15;A01
201800015011;2;1;0;0;2;1;5;B01
201800015012;1;33;0;0;2;8;1;B01
201800015012;1;7;0;0;2;1;15;A01
201800015013;2;2;0;0;0;3;1;A01
201800015013;1;7;0;0;2;0;0;B01
201800015014;0;30;0;0;0;2;23;A01
201800015015;1;7;0;13;0;9;1;A01
201800015016;2;31;0;11;2;7;2;A01
201800015016;2;14;0;0;0;6;21;B01
201800015017;0;33;0;6;0;1;16;A01
201800015018;1;7;0;0;1;1;1;A01
201800015019;2;7;0;0;2;2;13;A01
201800015019;1;7;0;0;2;3;1;B01
201800015020;2;1;0;0;0;4;0;A01
201800015020;2;7;0;0;2;3;0;B01
201800015021;2;7;0;16;0;1;1;A01
201800015022;0;7;0;8;0;2;2;A01
201800015023;2;10;0;0;2;2;15;A01
201800015023;0;2;0;0;2;7;1;B01
201800015024;1;7;0;0;2;8;1;B01
201800015024;2;7;0;0;2;1;1;A01
201800015025;1;7;0;0;2;8;13;A01
201800015025;2;10;0;0;2;3;1;B01
201800015026;2;7;0;0;2;1;1;A01
201800015026;2;7;0;0;0;8;1;B01
201800015027;1;7;0;2;0;5;14;A01
201800015028;2;21;0;0;0;3;13;A01
201800015028;1;33;0;0;0;3;1;B01
201800015029;2;33;0;0;2;1;1;A01
201800015029;1;7;0;0;2;3;15;B01
201800015030;0;1;0;0;2;3;9;A01
201800015030;0;7;0;0;9;5;1;B01
201800015031;2;7;0;0;2;2;5;A01
201800015031;1;7;0;0;2;2;1;B01
201800015032;2;7;0;0;2;1;5;A01
201800015032;1;7;0;0;2;3;21;B01
201800015032;1;7;0;0;2;1;1;C01
201800015033;1;7;0;0;2;2;19;B01
201800015033;1;7;0;0;2;1;1;A01
201800015034;0;7;0;2;0;2;14;A01
201800015035;1;10;0;0;2;2;1;A01
201800015035;0;7;0;0;2;3;9;B01
201800015036;1;33;0;3;0;8;0;A01
201800015037;2;7;0;0;2;1;13;A01
201800015037;1;7;0;0;2;1;1;B01
201800015038;1;7;0;2;0;7;14;A01
201800015039;1;2;0;0;0;7;0;A01
201800015040;2;7;0;0;2;3;0;A01
201800015040;2;7;0;0;2;1;1;B01
201800015041;1;7;0;0;0;0;1;A01
201800015042;2;7;0;8;0;0;1;A01
201800015043;1;7;0;0;2;3;1;A01
201800015043;2;7;0;0;2;3;1;B01
201800015044;1;7;0;0;1;1;1;A01
201800015045;0;30;0;0;2;3;1;A01
201800015045;0;7;0;0;2;5;5;B01
201800015046;1;7;0;2;0;1;2;A01
201800015047;2;32;0;0;2;3;1;B01
201800015047;1;7;0;0;2;3;1;A01
201800015048;1;2;0;3;0;5;1;A01
201800015049;2;7;0;6;0;1;1;A01
201800015050;0;31;0;12;0;7;1;A01
201800015051;1;7;0;0;2;2;19;A01
201800015051;1;33;0;0;2;2;21;B01
201800015052;2;7;0;0;2;2;1;A01
201800015052;2;7;0;0;2;8;16;B01
201800015053;0;7;0;16;0;1;1;A01
201800015054;1;7;0;0;2;7;13;A01
201800015054;2;7;0;0;2;1;1;B01
201800015055;1;7;0;15;0;1;1;A01
201800015056;2;7;0;0;2;1;1;B01
201800015056;2;7;0;0;2;3;9;A01
201800015057;2;7;0;13;0;2;1;A01
201800015058;1;3;0;0;1;1;1;A01
201800015059;1;33;0;0;0;4;1;B01
201800015059;1;7;0;0;2;1;1;A01
201800015060;1;7;0;0;2;8;1;A01
201800015060;0;31;0;0;2;1;5;B01
201800015061;2;7;0;0;2;2;1;A01
201800015061;1;7;0;0;2;3;19;B01
201800015062;0;10;0;0;2;2;1;A01
201800015062;0;1;0;0;2;8;1;B01
201800015063;0;36;0;0;0;3;16;A01
201800015064;2;7;0;15;0;1;1;A01
201800015065;0;7;0;0;2;8;1;A01
201800015065;0;10;0;0;0;2;1;B01
201800015066;1;7;0;0;2;1;9;A01
201800015066;2;7;0;0;2;1;17;B01
201800015067;1;10;0;0;2;2;19;A01
201800015067;1;7;0;0;2;2;1;B01
201800015068;2;7;0;0;1;3;2;A01
201800015069;0;7;0;0;1;2;16;A01
201800015070;2;7;0;0;2;3;15;A01
201800015070;1;33;0;0;2;1;1;B01
201800015071;2;7;0;0;2;2;19;A01
201800015071;1;33;0;0;2;8;1;B01
201800015072;1;7;0;0;2;3;13;A01
201800015072;2;7;0;0;2;3;1;B01
201800015073;2;31;0;0;0;6;1;B01
201800015073;1;7;0;0;2;3;19;A01
201800015074;0;7;0;8;0;1;1;A01
201800015075;2;7;0;0;0;0;15;B01
201800015075;1;7;0;6;0;1;1;A01
201800015076;0;7;0;0;2;1;1;A01
201800015076;0;7;0;0;2;8;1;B01
201800015077;2;10;0;0;2;3;13;A01
201800015077;1;7;0;0;2;1;1;B01
201800015078;2;7;0;0;2;1;1;A01
201800015078;1;33;0;0;2;1;5;B01
201800015079;2;3;0;0;0;0;1;A01
201800015080;1;7;0;0;2;3;1;A01
201800015080;2;7;0;0;2;2;9;B01
201800015081;2;7;0;0;2;2;17;A01
201800015081;2;7;0;0;2;7;17;B01
201800015081;2;7;0;6;2;6;1;C01
201800015082;0;7;0;0;2;1;1;B01
201800015082;0;7;0;0;2;2;19;A01
201800015083;1;7;0;0;2;2;17;A01
201800015083;1;21;0;0;2;3;15;B01
201800015084;1;7;0;0;2;1;1;B01
201800015084;2;7;0;0;2;1;5;A01
201800015085;2;7;0;8;0;8;1;A01
201800015086;2;7;0;13;0;9;13;A01
201800015087;1;7;0;0;2;1;11;A01
201800015087;2;7;0;0;2;1;1;B01
201800015088;1;7;0;0;2;3;1;A01
201800015088;2;7;0;13;2;3;1;B01
201800015089;1;7;0;0;2;2;13;A01
201800015089;2;7;0;0;2;2;21;B01
201800015090;0;2;0;6;0;3;1;A01
201800015091;2;33;0;0;2;1;1;B01
201800015091;0;7;0;0;0;3;19;A01
201800015092;2;7;0;0;2;3;1;A01
201800015092;0;7;0;0;2;7;19;B01
201800015093;1;7;0;0;2;3;13;A01
201800015093;1;7;0;0;2;2;17;B01
201800015093;1;7;0;0;2;8;2;C01
201800015094;0;7;0;8;0;2;1;A01
201800015095;2;7;0;0;9;6;15;A01
201800015095;2;1;0;0;2;1;17;B01
201800015096;2;7;0;0;2;2;1;A01
201800015096;1;7;0;0;2;3;1;B01
201800015097;1;1;0;0;2;1;1;B01
201800015097;2;7;0;0;9;8;1;A01
201800015098;0;35;0;0;0;0;2;A01
201800015099;1;7;0;2;0;1;0;A01
201800015100;2;7;0;0;2;1;1;B01
201800015100;1;3;0;9;2;2;1;A01
201800015101;2;1;0;0;2;1;16;A01
201800015101;1;7;0;0;2;3;1;B01
201800015102;2;7;0;3;0;4;13;A01
201800015103;0;7;0;0;2;1;0;A01
201800015103;0;7;0;16;2;3;19;B01
201800015104;2;33;0;14;0;1;1;A01
201800015105;2;1;0;0;2;1;1;C01
201800015105;2;1;0;0;2;1;1;B01
201800015105;1;99;0;0;2;0;1;A01
201800015106;0;33;0;0;2;1;1;A01
201800015106;0;7;0;0;2;7;19;B01
201800015107;1;7;0;6;2;1;14;A01
201800015107;2;7;0;0;0;8;23;B01
201800015107;2;7;0;0;2;1;23;C01
201800015108;2;7;0;16;0;9;1;A01
201800015109;2;31;0;0;2;1;2;A01
201800015109;2;7;0;0;2;7;20;B01
201800015110;1;7;0;8;0;3;1;A01
201800015110;2;7;0;0;2;1;15;B01
201800015111;1;33;0;14;0;6;1;A01
201800015112;2;7;0;0;2;1;13;A01
201800015112;1;7;0;0;2;3;1;B01
201800015113;1;33;0;0;2;1;1;B01
201800015113;0;7;0;0;2;8;9;A01
201800015114;0;33;0;8;0;1;14;A01
201800015115;0;7;0;0;1;1;1;A01
201800015116;1;7;0;0;1;1;1;A01
201800015117;1;10;0;14;0;8;1;A01
201800015117;1;7;0;14;0;3;17;B01
201800015118;0;7;0;0;2;1;9;A01
201800015118;0;30;0;0;2;7;1;B01
201800015119;2;2;0;2;0;1;1;A01
201800015120;2;33;0;0;2;1;1;A01
201800015120;2;7;0;0;0;6;15;B01
201800015121;1;7;0;0;0;8;1;A01
201800015121;1;7;0;2;2;7;3;B01
201800015122;1;7;0;0;2;2;1;B01
201800015122;2;7;0;0;2;7;13;A01
201800015123;1;7;0;3;2;3;1;B01
201800015123;2;7;0;3;2;2;13;A01
201800015124;1;7;0;0;2;3;13;A01
201800015124;2;7;0;0;2;3;1;B01
201800015125;1;33;0;0;2;1;3;A01
201800015125;0;7;0;0;2;3;15;B01
201800015126;0;7;0;0;2;4;2;B01
201800015126;0;7;0;0;0;4;2;C01
201800015126;0;13;0;0;2;1;2;A01
201800015127;1;7;0;0;2;2;2;A01
201800015127;1;30;0;0;0;6;2;B01
201800015128;2;2;0;0;2;1;17;A01
201800015128;2;21;0;0;2;3;15;B01
201800015129;2;1;0;0;2;8;15;A01
201800015129;2;10;0;0;2;1;1;B01
201800015130;2;7;0;0;2;3;15;B01
201800015130;2;32;0;0;2;2;17;A01
201800015131;1;34;0;0;0;7;3;A01
201800015132;1;7;0;0;2;3;10;A01
201800015132;1;33;0;0;2;1;17;B01
201800015133;0;2;0;14;0;0;1;A01
201800015134;0;7;0;0;9;1;1;B01
201800015134;2;1;0;0;2;1;1;A01
201800015135;2;7;0;0;2;2;1;B01
201800015135;1;7;0;0;2;3;9;A01
201800015136;1;7;0;13;0;1;2;A01
201800015137;2;7;0;0;1;1;1;A01
201800015138;1;1;0;0;2;8;2;B01
201800015138;1;7;0;0;2;7;2;A01
201800015139;0;2;0;0;2;1;1;B01
201800015139;0;7;0;0;2;3;13;A01
201800015140;0;7;0;0;2;1;0;A01
201800015140;0;7;0;0;0;3;23;B01
201800015141;1;10;0;0;2;1;13;A01
201800015141;2;10;0;0;2;1;1;B01
201800015142;0;7;0;0;2;1;0;A01
201800015142;0;33;0;0;2;8;1;B01
201800015143;1;1;0;0;2;3;1;B01
201800015143;2;7;0;0;2;3;17;A01
201800015144;0;7;0;13;2;3;1;A01
201800015144;0;7;0;13;2;3;1;B01
201800015145;2;33;0;0;2;7;17;B01
201800015145;1;7;0;0;2;8;11;A01
201800015146;1;7;0;0;2;1;17;B01
201800015146;2;7;0;0;2;1;1;A01
201800015147;0;7;0;0;1;2;1;A01
201800015148;1;7;0;0;2;7;13;A01
201800015148;2;7;0;0;2;1;1;B01
201800015149;2;7;0;16;0;3;1;A01
201800015150;2;7;0;0;2;3;15;B01
201800015150;2;34;0;0;2;0;17;A01
201800015151;0;7;0;0;2;3;9;A01
201800015151;0;33;0;0;2;7;1;B01
201800015152;0;7;0;13;0;1;1;A01
201800015153;2;7;0;2;0;7;13;A01
201800015154;2;7;0;0;1;1;15;A01
201800015155;1;7;0;0;2;1;1;B01
201800015155;1;7;0;0;2;1;17;A01
201800015156;1;33;0;0;2;8;1;A01
201800015156;2;7;0;0;2;1;19;B01
201800015157;1;7;0;6;0;2;14;A01
201800015158;1;7;0;2;0;2;1;A01
201800015159;2;7;0;0;2;3;1;B01
201800015159;1;33;0;0;2;3;13;A01
201800015160;1;7;0;0;1;2;1;A01
201800015161;2;10;0;0;6;1;21;A01
201800015162;1;33;0;0;0;1;1;A01
201800015163;0;7;0;0;2;8;15;A01
201800015163;1;7;0;0;2;1;1;B01
201800015164;1;7;0;0;2;2;19;B01
201800015164;2;20;0;0;2;1;19;A01
201800015165;2;7;0;0;2;1;17;B01
201800015165;2;7;0;0;0;8;15;A01
201800015166;2;33;0;0;2;3;13;B01
201800015166;1;33;0;12;2;3;13;A01
201800015167;1;7;0;13;0;1;1;A01
201800015168;0;7;0;13;0;1;13;A01
201800015169;1;7;0;0;2;1;13;A01
201800015169;2;7;0;0;0;1;1;B01
201800015170;2;7;0;0;2;1;1;A01
201800015170;1;33;0;0;2;1;1;B01
201800015170;1;33;0;0;2;7;1;C01
201800015171;1;7;0;13;0;1;14;A01
201800015172;2;33;0;0;2;2;21;A01
201800015172;2;20;0;0;2;3;15;B01
201800015173;2;7;0;13;0;9;1;A01
201800015174;1;7;0;0;2;3;13;A01
201800015174;2;7;0;0;2;3;1;B01
201800015175;2;7;0;13;0;2;3;A01
201800015176;1;1;0;0;0;8;1;A01
201800015177;2;7;0;2;0;3;13;A01
201800015178;1;2;0;12;0;1;6;A01
201800015179;1;7;0;10;0;1;1;A01
201800015180;1;32;0;0;2;1;1;B01
201800015180;2;7;0;0;2;3;15;A01
201800015181;2;7;0;0;0;9;13;A01
201800015182;2;7;0;13;0;3;21;A01
201800015183;1;7;0;0;2;8;15;B01
201800015183;2;33;0;0;2;7;2;A01
201800015184;2;7;0;2;0;8;1;A01
201800015185;1;7;0;0;2;8;1;A01
201800015185;2;7;0;0;2;8;13;B01
201800015186;2;1;0;6;0;7;14;A01
201800015187;1;33;0;0;0;0;13;A01
201800015188;2;7;0;0;2;3;1;B01
201800015188;1;7;0;0;2;3;13;A01
201800015189;2;1;0;0;2;8;15;B01
201800015189;2;7;0;0;2;2;17;A01
201800015190;0;1;0;12;0;9;1;A01
201800015191;1;7;0;14;0;1;1;A01
201800015192;1;7;0;2;0;7;1;A01
201800015193;1;7;0;0;2;3;1;A01
201800015193;2;7;0;0;2;3;1;B01
201800015194;0;7;0;8;0;0;0;A01
201800015195;2;10;0;0;2;8;1;B01
201800015195;1;33;0;0;2;8;1;A01
201800015196;1;10;0;0;2;2;17;A01
201800015196;1;21;0;0;2;6;1;B01
201800015197;0;7;0;2;0;7;1;A01
201800015198;2;7;0;0;2;3;13;A01
201800015198;1;7;0;0;2;8;1;B01
201800015199;0;2;0;0;2;1;1;B01
201800015199;0;7;0;0;2;3;9;A01
201800015200;1;7;0;0;2;3;15;A01
201800015200;2;2;0;6;2;8;1;B01
201800015201;1;7;0;0;0;9;1;A01
201800015202;1;7;0;13;0;3;1;A01
201800015203;2;7;0;13;0;9;19;A01
201800015204;1;33;0;0;0;0;21;A01
201800015205;1;7;0;13;0;2;0;B01
201800015205;2;7;0;13;2;6;16;A01
201800015206;0;7;0;13;0;0;1;A01
201800015207;0;7;0;0;2;1;1;B01
201800015207;0;7;0;0;2;1;13;A01
201800015208;2;7;0;0;0;9;1;A01
201800015209;1;7;0;8;0;3;13;A01
201800015210;0;33;0;0;0;7;1;A01
201800015211;2;7;0;2;0;3;14;A01
201800015212;1;7;0;8;0;3;0;A01
201800015213;0;2;0;0;0;2;1;A01
201800015214;0;7;0;0;0;2;1;B01
201800015214;1;7;0;0;2;3;19;A01
201800015215;1;7;0;13;0;1;1;A01
201800015216;1;7;0;12;0;2;1;A01
201800015217;0;7;0;0;1;1;16;A01
201800015218;0;7;0;0;2;5;19;A01
201800015218;0;2;0;0;2;1;1;B01
201800015219;1;34;0;1;2;2;17;A01
201800015219;1;7;0;0;2;8;15;B01
201800015220;1;33;0;0;2;1;17;A01
201800015220;1;7;0;0;2;8;10;B01
201800015221;0;7;0;8;0;9;13;A01
201800015222;1;33;0;0;2;1;1;A01
201800015222;1;7;0;0;2;3;9;B01
201800015223;2;7;0;0;2;1;13;A01
201800015223;1;7;0;0;2;1;1;B01
201800015224;1;7;0;10;0;7;1;A01
201800015225;0;1;0;0;0;0;0;A01
201800015226;2;7;0;3;2;1;1;B01
201800015226;1;7;0;0;2;1;13;A01
201800015227;2;7;0;2;0;0;13;A01