num_acc;senc;catv;occutc;obs;obsm;choc;manv;num_veh
201800015228;0;7;0;0;1;3;1;A01
201800015229;1;7;0;0;2;1;1;B01
201800015229;2;33;0;0;2;1;1;A01
201800015230;2;1;0;0;2;8;1;B01
201800015230;2;10;0;0;2;2;2;A01
201800015231;2;7;0;0;2;1;1;B01
201800015231;2;7;0;0;2;1;1;C01
201800015231;2;7;0;0;0;4;1;A01
201800015232;2;7;0;8;0;3;13;A01
201800015233;2;7;0;0;2;6;5;A01
201800015233;1;33;0;0;2;3;1;B01
201800015234;0;7;0;0;1;2;1;A01
201800015235;1;33;0;0;2;1;17;B01
201800015235;1;7;0;0;2;6;10;A01
201800015236;1;7;0;2;0;1;19;A01
201800015237;1;7;0;6;0;1;14;A01
201800015238;1;7;0;0;2;1;13;A01
201800015238;2;7;0;0;2;1;1;B01
201800015239;2;7;0;0;1;3;1;A01
201800015240;2;1;0;0;2;1;5;B01
201800015240;1;7;0;0;2;3;1;A01
201800015241;1;31;0;16;0;0;1;A01
201800015242;1;7;0;2;0;9;1;A01
201800015243;1;7;0;0;2;1;1;A01
201800015243;2;7;0;1;2;1;15;B01
201800015244;1;7;0;2;0;2;2;A01
201800015245;2;7;0;0;5;1;13;A01
201800015245;1;10;0;0;2;1;1;B01
201800015246;2;7;0;2;0;2;1;A01
201800015247;0;36;0;2;0;1;1;A01
201800015248;1;7;0;2;0;2;1;A01
201800015249;2;7;0;0;1;1;1;A01
201800015250;0;7;0;0;9;2;14;A01
201800015250;0;1;0;0;2;2;1;B01
201800015251;1;33;0;12;0;1;0;A01
201800015252;1;7;0;15;0;1;19;A01
201800015253;0;7;0;3;0;7;1;A01
201800015254;2;7;0;13;0;1;13;A01
201800015255;0;36;0;0;0;1;1;A01
201800015256;0;7;0;0;2;2;15;A01
201800015256;0;7;0;0;2;3;1;B01
201800015257;1;7;0;2;0;1;1;A01
201800015258;1;7;0;13;0;7;13;A01
201800015259;2;37;1;0;2;3;1;B01
201800015259;2;7;0;2;2;7;17;A01
201800015260;2;7;0;0;2;1;1;B01
201800015260;1;7;0;3;2;5;13;A01
201800015261;2;7;0;2;0;1;1;A01
201800015262;0;7;0;0;1;3;1;A01
201800015263;1;7;0;0;2;1;13;A01
201800015263;2;7;0;0;2;1;0;B01
201800015264;1;7;0;0;2;3;13;A01
201800015264;0;7;0;0;2;1;1;B01
201800015265;1;1;0;0;0;0;1;A01
201800015266;0;7;0;0;2;8;19;A01
201800015266;0;33;0;0;2;1;1;B01
201800015267;0;7;0;2;0;8;1;A01
201800015268;2;7;0;0;2;1;13;A01
201800015268;1;7;0;0;2;1;1;B01
201800015269;1;7;0;0;9;8;1;B01
201800015269;0;1;0;0;2;1;1;A01
201800015270;2;7;0;1;0;1;1;A01
201800015270;2;20;0;0;2;1;24;B01
201800015271;2;7;0;2;0;1;0;A01
201800015272;2;7;0;2;0;1;14;A01
201800015273;2;7;0;2;0;1;13;A01
201800015274;1;7;0;2;0;7;13;A01
201800015275;0;7;0;2;0;3;2;A01
201800015276;2;33;0;0;2;1;21;B01
201800015276;1;7;0;0;0;5;19;A01
201800015277;0;7;0;0;1;3;1;A01
201800015278;0;7;0;0;1;2;16;A01
201800015279;2;7;0;0;1;3;1;A01
201800015280;2;10;0;0;2;1;15;A01
201800015280;1;7;0;0;2;3;1;B01
201800015281;2;7;0;0;2;1;13;A01
201800015281;1;7;0;0;2;1;1;B01
201800015282;2;33;0;0;2;1;1;B01
201800015282;0;7;0;0;0;6;19;A01
201800015283;1;7;0;0;2;2;17;A01
201800015283;1;17;0;0;2;8;1;B01
201800015284;1;7;0;0;1;4;4;A01
201800015285;2;7;0;0;2;1;1;A01
201800015285;2;7;0;0;0;4;23;B01
201800015285;1;7;0;0;2;3;1;C01
201800015286;0;7;0;0;1;2;1;A01
201800015287;1;7;0;0;2;2;1;A01
201800015287;2;7;0;0;2;1;1;B01
201800015288;1;7;0;6;0;1;1;A01
201800015289;0;2;0;6;0;1;14;A01
201800015290;0;33;0;15;2;2;17;A01
201800015290;0;7;0;0;2;3;15;B01
201800015291;1;2;0;6;0;1;1;A01
201800015292;1;7;0;0;2;3;1;A01
201800015292;2;2;0;0;2;1;1;B01
201800015293;0;7;0;0;1;1;1;A01
201800015294;1;10;0;0;2;3;1;A01
201800015294;1;10;0;0;2;3;1;B01
201800015295;0;7;0;0;2;2;1;A01
201800015295;0;7;0;0;2;1;1;B01
201800015296;1;2;0;0;2;2;21;B01
201800015296;1;7;0;0;2;8;16;A01
201800015297;0;7;0;2;0;1;1;A01
201800015298;1;7;0;0;9;2;2;A01
201800015298;1;1;0;0;2;4;2;B01
201800015299;0;7;0;0;2;3;1;A01
201800015299;0;7;0;0;2;1;1;B01
201800015300;0;33;0;2;0;2;21;A01
201800015301;0;7;0;13;0;2;1;A01
201800015302;2;7;0;0;2;3;13;A01
201800015302;1;7;0;0;2;3;1;B01
201800015303;2;7;0;0;2;1;13;A01
201800015303;1;7;0;0;2;1;1;B01
201800015304;0;7;0;0;1;3;1;A01
201800015305;0;7;0;0;2;1;1;A01
201800015305;0;7;0;0;2;1;1;B01
201800015306;1;7;0;0;0;0;1;A01
201800015307;0;7;0;0;1;2;20;A01
201800015308;0;1;0;0;0;0;1;A01
201800015308;0;7;0;0;0;0;0;B01
201800015309;2;7;0;8;0;2;1;A01
201800015310;1;7;0;0;1;1;1;A01
201800015311;1;7;0;0;2;1;1;A01
201800015311;1;7;0;0;2;1;1;B01
201800015311;2;7;0;0;2;8;1;C01
201800015312;1;2;0;0;2;1;2;A01
201800015312;1;7;0;0;0;5;9;B01
201800015313;1;7;0;0;2;3;1;A01
201800015313;2;7;0;0;2;3;13;B01
201800015314;0;7;0;0;2;1;1;A01
201800015314;0;7;0;6;2;1;1;B01
201800015315;1;7;0;0;1;1;1;A01
201800015316;1;7;0;8;0;8;1;A01
201800015317;1;7;0;0;2;1;1;A01
201800015317;0;7;0;0;2;8;19;B01
201800015318;1;7;0;0;1;1;1;A01
201800015319;1;7;0;0;2;1;1;A01
201800015319;2;10;0;0;2;3;1;B01
201800015320;0;7;0;0;2;1;1;A01
201800015320;0;7;0;0;2;4;23;B01
201800015321;1;7;0;0;2;3;9;A01
201800015321;1;1;0;0;2;1;1;B01
201800015322;0;7;0;0;1;0;1;A01
201800015323;2;7;0;0;2;1;9;A01
201800015323;2;1;0;0;0;4;0;B01
201800015324;1;7;0;0;2;1;2;A01
201800015324;1;7;0;0;2;4;2;B01
201800015324;1;33;0;0;0;4;2;C01
201800015325;0;7;0;0;1;3;1;A01
201800015326;2;7;0;0;9;3;2;A01
201800015326;2;1;0;0;2;1;2;B01
201800015327;1;7;0;0;1;2;2;A01
201800015328;1;10;0;14;1;0;1;A01
201800015329;1;7;0;13;0;1;1;A01
201800015330;1;7;0;12;0;1;0;A01
201800015331;2;7;0;0;2;7;15;A01
201800015331;1;33;0;0;2;1;1;B01
201800015332;0;15;0;0;2;3;1;A01
201800015332;0;2;0;0;2;1;1;B01
201800015333;0;7;0;1;0;2;14;B01
201800015334;0;33;0;0;2;1;1;B01
201800015334;0;2;0;0;2;8;9;A01
201800015335;0;31;0;0;0;0;1;A01
201800015336;1;2;0;0;1;3;1;A01
201800015337;0;2;0;0;0;9;0;B01
201800015338;2;3;0;2;0;8;15;A01
201800015339;1;7;0;15;0;1;0;A01
201800015340;1;1;0;0;2;4;1;A01
201800015340;1;7;0;0;2;4;1;B01
201800015341;0;33;0;7;0;7;1;A01
201800015342;1;7;0;13;0;1;1;A01
201800015343;0;2;0;0;0;0;1;A01
201800015344;0;7;0;0;1;0;0;A01
201800015345;1;7;0;0;2;2;2;A01
201800015345;1;1;0;0;2;6;2;B01
201800015346;1;7;0;0;2;1;1;A01
201800015346;1;7;0;0;2;4;23;B01
201800015346;1;7;0;0;0;4;23;C01
201800015347;1;7;0;0;2;3;1;B01
201800015347;1;33;0;0;2;1;9;A01
201800015348;2;7;0;0;2;1;0;B01
201800015348;1;1;0;0;2;0;0;A01
201800015349;2;7;0;0;2;1;1;B01
201800015349;1;7;0;0;2;1;19;A01
201800015350;1;7;0;0;9;5;15;A01
201800015350;2;2;0;0;9;2;1;B01
201800015351;1;2;0;0;0;1;0;A01
201800015351;1;7;0;0;0;7;16;B01
201800015352;2;7;0;0;1;2;1;A01
201800015353;1;7;0;0;2;1;1;B01
201800015353;1;7;0;0;2;7;19;A01
201800015354;0;7;0;0;2;7;19;A01
201800015354;0;7;0;0;2;1;1;B01
201800015355;2;33;0;0;0;7;1;A01
201800015355;2;7;0;0;2;8;1;B01
201800015356;2;31;0;0;2;1;17;A01
201800015356;2;7;0;6;2;3;15;B01
201800015357;0;33;0;0;2;1;2;A01
201800015357;0;7;0;0;0;4;15;B01
201800015358;0;7;0;0;0;5;0;A01
201800015359;0;7;0;0;0;8;15;A01
201800015359;0;33;0;15;0;2;17;B01
201800015360;0;7;0;0;2;3;13;A01
201800015360;0;7;0;0;2;3;1;B01
201800015361;1;2;0;0;0;0;9;A01
201800015362;1;99;0;0;1;1;0;A01
201800015363;1;7;0;0;2;2;15;A01
201800015363;2;33;0;0;2;1;1;B01
201800015364;2;7;0;0;0;9;14;A01
201800015365;2;10;0;0;2;3;13;A01
201800015365;2;7;0;8;0;6;1;B01
201800015366;2;33;0;0;0;0;1;A01
201800015367;1;7;0;0;1;2;1;A01
201800015368;2;7;0;0;2;7;1;A01
201800015368;1;10;0;0;2;1;1;B01
201800015369;1;2;0;0;0;4;1;A01
201800015369;1;2;0;0;2;1;1;B01
201800015369;1;2;0;0;2;1;1;C01
201800015370;2;10;0;0;2;3;1;A01
201800015370;2;1;0;0;0;7;1;B01
201800015371;0;7;0;13;0;3;1;A01
201800015372;0;2;0;0;0;1;1;A01
201800015373;2;7;0;0;2;1;0;A01
201800015373;1;7;0;0;2;3;1;B01
201800015374;2;7;0;0;2;7;6;A01
201800015374;1;7;0;0;2;1;1;B01
201800015375;1;7;0;13;0;1;1;A01
201800015376;1;7;0;13;0;1;1;A01
201800015377;1;7;0;0;0;8;1;A01
201800015377;1;10;0;0;2;2;9;B01
201800015378;2;7;0;0;0;8;1;A01
201800015378;1;10;0;0;2;4;15;B01
201800015378;1;10;0;0;2;1;1;C01
201800015379;2;31;0;0;2;2;17;A01
201800015379;1;7;0;0;2;6;15;B01
201800015380;2;7;0;0;2;1;1;A01
201800015380;1;7;0;0;2;1;1;B01
201800015381;0;7;0;6;2;2;1;A01
201800015381;0;7;0;0;2;8;9;B01
201800015382;1;7;0;0;9;3;9;A01
201800015382;1;1;0;0;2;1;1;B01
201800015383;1;7;0;0;2;1;1;A01
201800015383;2;7;0;0;2;3;1;B01
201800015384;1;7;0;0;2;3;19;B01
201800015384;2;2;0;0;2;1;1;A01
201800015385;1;2;0;11;0;1;1;A01
201800015386;1;33;0;2;0;0;1;A01
201800015387;0;21;0;0;1;3;1;A01
201800015388;1;7;0;0;1;1;1;A01
201800015389;1;7;0;0;1;3;1;A01
201800015390;0;7;0;13;0;2;1;A01
201800015391;0;2;0;0;2;1;1;A01
201800015391;0;7;0;0;2;1;1;B01
201800015392;1;7;0;8;2;1;0;A01
201800015392;2;7;0;;2;3;1;B01
201800015393;1;7;0;13;0;0;1;A01
201800015394;0;7;0;13;0;1;1;A01
201800015395;0;2;0;0;2;1;17;A01
201800015395;0;38;1;0;2;3;15;B01
201800015396;2;7;0;13;0;3;1;A01
201800015397;2;7;0;0;2;1;1;B01
201800015397;1;7;0;0;2;3;15;A01
201800015398;2;7;0;0;2;3;15;A01
201800015398;1;7;0;0;2;3;1;B01
201800015399;2;33;0;0;0;0;1;A01
201800015400;0;2;0;0;2;1;1;A01
201800015400;0;7;0;0;2;3;1;B01
201800015401;1;15;0;4;0;8;1;A01
201800015402;2;7;0;2;0;1;1;A01
201800015403;1;7;0;13;0;3;1;A01
201800015404;0;7;0;0;1;3;1;A01
201800015405;2;17;0;0;2;3;1;B01
201800015405;2;7;0;8;2;6;19;A01
201800015406;2;7;0;0;2;3;1;A01
201800015406;1;7;0;0;2;2;1;B01
201800015407;2;33;0;13;0;1;1;A01
201800015408;1;2;0;0;0;8;1;A01
201800015409;1;7;0;16;0;7;1;A01
201800015410;0;31;0;13;0;1;1;A01
201800015411;1;7;0;0;2;3;10;A01
201800015411;1;7;0;0;2;1;1;B01
201800015412;1;7;0;8;0;3;19;A01
201800015413;1;7;0;0;2;3;1;A01
201800015413;2;7;0;0;2;1;13;B01
201800015413;1;7;0;0;2;1;1;C01
201800015414;2;7;0;0;1;3;1;A01
201800015415;2;2;0;0;0;0;0;A01
201800015416;2;7;0;0;0;2;1;B01
201800015416;0;7;0;0;2;1;16;A01
201800015417;0;7;0;13;0;2;0;A01
201800015418;1;2;0;0;2;1;23;A01
201800015418;2;7;0;0;2;2;1;B01
201800015419;1;33;0;1;0;8;0;A01
201800015420;1;7;0;0;2;8;9;A01
201800015420;2;33;0;0;2;1;1;B01
201800015421;1;7;0;0;2;1;13;A01
201800015421;2;7;0;0;2;1;1;B01
201800015422;2;7;0;;;;1;A01
201800015422;1;31;0;0;0;4;1;B01
201800015423;1;7;0;0;1;3;1;A01
201800015424;0;7;0;13;0;0;1;A01
201800015425;1;7;0;15;0;2;1;A01
201800015426;1;33;0;0;2;1;1;A01
201800015426;1;21;0;0;2;3;15;B01
201800015427;0;7;0;0;2;2;17;A01
201800015427;0;1;0;0;2;3;1;B01
201800015428;1;7;0;8;0;1;1;A01
201800015429;2;7;0;0;2;3;13;A01
201800015429;1;7;0;0;2;3;1;B01
201800015430;2;1;0;0;2;3;1;B01
201800015430;0;7;0;0;9;2;19;A01
201800015431;0;7;0;0;2;2;1;A01
201800015431;0;99;0;0;0;8;1;B01
201800015432;0;7;0;13;0;1;1;A01
201800015433;1;7;0;0;1;1;1;A01
201800015434;2;7;0;13;0;3;1;A01
201800015435;2;7;0;0;2;3;13;A01
201800015435;1;7;0;0;2;3;1;B01
201800015436;1;7;0;0;1;2;2;A01
201800015437;2;31;0;0;2;1;17;A01
201800015437;2;7;0;0;0;3;15;B01
201800015438;0;7;0;0;2;3;19;A01
201800015438;0;2;0;0;2;1;1;B01
201800015439;1;7;0;0;0;7;0;A01
201800015440;1;7;0;0;2;3;9;A01
201800015440;1;1;0;0;2;7;1;B01
201800015441;0;2;0;0;2;8;13;A01
201800015441;0;21;0;0;2;8;1;B01
201800015442;1;7;0;1;0;1;1;A01
201800015443;2;33;0;5;0;1;1;A01
201800015444;2;7;0;0;2;1;13;A01
201800015444;1;7;0;0;2;1;1;B01
201800015445;2;33;0;13;0;1;1;A01
201800015446;2;7;0;0;0;6;15;A01
201800015446;1;33;0;0;2;1;1;B01
201800015447;1;7;0;13;0;3;13;A01
201800015448;1;33;0;0;2;1;1;A01
201800015448;2;10;0;0;2;3;17;B01
201800015449;2;7;0;0;1;1;1;A01
201800015450;1;17;0;13;0;7;1;A01
201800015451;1;7;0;0;2;1;1;A01
201800015451;2;7;0;0;2;1;1;B01
201800015451;2;7;0;0;2;1;1;C01
201800015452;1;10;0;0;0;7;1;A01
201800015453;0;7;0;0;1;2;16;A01
201800015454;1;7;0;13;0;2;1;A01
201800015455;2;7;0;0;0;5;15;A01
201800015455;2;7;0;6;2;1;1;B01
201800015455;2;7;0;0;2;1;1;C01
201800015456;1;2;0;0;2;4;15;A01
201800015456;1;7;0;0;2;1;17;B01
201800015457;0;7;0;0;1;2;2;A01
201800015458;0;7;0;0;1;4;4;A01
201800015459;0;7;0;0;2;7;15;A01
201800015459;0;7;0;0;2;1;1;B01
201800015460;1;7;0;0;5;2;3;A01
201800015461;2;10;0;2;0;3;1;A01
201800015462;1;7;0;0;2;3;1;B01
201800015462;0;7;0;6;2;2;19;A01
201800015463;1;7;0;0;2;3;1;A01
201800015463;2;15;0;0;2;3;0;B01
201800015464;0;7;0;2;0;3;2;A01
201800015465;0;21;0;0;9;4;4;A01
201800015465;0;1;0;0;2;2;1;B01
201800015466;1;33;0;13;0;0;1;A01
201800015467;1;7;0;0;2;1;19;A01
201800015467;1;7;0;0;2;8;23;C01
201800015467;1;7;0;0;2;8;1;B01
201800015468;1;7;0;5;0;1;1;A01
201800015469;1;7;0;0;2;1;5;A01
201800015469;2;7;0;0;2;1;0;B01
201800015470;2;7;0;0;2;2;1;A01
201800015470;2;1;0;0;2;4;1;B01
201800015471;2;7;0;0;2;4;23;A01
201800015471;2;7;0;0;2;4;23;B01
201800015471;2;14;0;0;2;1;1;C01
201800015472;0;7;0;0;2;1;13;A01
201800015472;0;21;0;8;2;1;1;B01
201800015473;1;7;0;0;2;3;1;A01
201800015473;1;7;0;0;2;3;1;B01
201800015474;1;7;0;0;2;6;13;A01
201800015474;1;7;0;0;2;1;17;B01
201800015474;2;7;0;0;2;1;1;C01
201800015475;1;7;0;0;2;7;16;A01
201800015475;1;1;0;0;2;1;1;B01
201800015476;1;33;0;0;2;1;17;A01
201800015476;1;7;0;0;2;5;23;B01
201800015477;1;7;0;0;2;3;1;A01
201800015477;2;7;0;0;2;2;15;B01
201800015478;1;33;0;0;2;8;15;A01
201800015478;1;33;0;0;2;1;21;B01
201800015479;2;7;0;0;1;2;1;A01
201800015480;0;7;0;0;1;2;1;A01
201800015481;1;10;0;0;2;3;19;A01
201800015481;1;10;0;0;2;2;1;B01
201800015482;2;7;0;0;2;2;19;A01
201800015482;1;7;0;0;9;1;1;B01
201800015483;1;2;0;0;2;1;1;B01
201800015483;0;7;0;0;2;3;15;A01
201800015484;1;7;0;0;2;3;1;A01
201800015484;0;1;0;0;2;8;19;B01
201800015485;1;7;0;0;1;3;1;A01
201800015486;2;7;0;15;0;1;1;A01
201800015487;0;21;0;0;2;6;1;A01
201800015487;2;10;0;0;2;3;1;B01
201800015488;2;7;0;0;1;8;1;A01
201800015489;1;33;0;5;0;8;1;A01
201800015490;1;7;0;0;2;7;1;A01
201800015490;1;1;0;0;2;8;1;B01
201800015491;0;7;0;0;0;0;0;A01
201800015492;2;7;0;0;2;3;1;A01
201800015492;1;7;0;0;2;1;1;B01
201800015493;1;7;0;2;0;1;1;A01
201800015494;2;7;0;0;2;3;1;B01
201800015494;0;33;0;0;2;1;1;A01
201800015495;0;1;0;0;0;2;1;A01
201800015496;0;10;0;10;0;2;1;A01
201800015497;0;7;0;0;0;5;15;A01
201800015497;0;1;0;0;0;1;1;B01
201800015498;0;7;0;0;2;1;15;A01
201800015498;0;33;0;0;2;7;1;B01
201800015499;1;7;0;0;2;2;17;A01
201800015499;1;1;0;0;0;4;1;B01
201800015500;1;10;0;2;0;1;1;A01
201800015501;0;30;0;0;2;1;1;B01
201800015501;0;7;0;0;2;6;15;A01
201800015502;1;7;0;0;9;1;17;A01
201800015502;1;1;0;0;2;8;15;B01
201800015503;1;10;0;0;0;0;1;A01
201800015503;0;7;0;0;9;7;23;B01
201800015504;1;7;0;3;0;1;0;A01
201800015505;1;2;0;6;0;2;1;A01
201800015506;2;31;0;0;2;1;1;A01
201800015506;1;21;0;0;2;1;15;B01
201800015507;0;7;0;0;1;2;16;A01
201800015508;2;33;0;16;0;0;1;A01
201800015509;1;7;0;3;0;2;1;A01
201800015510;1;31;0;0;2;7;1;A01
201800015510;1;7;0;0;2;1;9;B01
201800015511;0;7;0;0;1;3;1;A01
201800015512;1;15;0;3;0;0;1;A01
201800015513;2;31;0;0;2;1;1;A01
201800015513;0;13;0;0;0;6;15;B01
201800015514;2;2;0;0;2;1;1;A01
201800015514;2;7;0;0;2;5;4;B01
201800015515;0;7;0;6;0;1;1;A01
201800015516;2;7;0;0;2;5;13;A01
201800015516;1;7;0;0;2;2;1;B01
201800015517;1;2;0;0;6;3;1;A01
201800015518;2;7;0;0;1;2;1;A01
201800015519;1;7;0;0;2;1;1;B01
201800015519;0;7;0;0;0;3;23;C01
201800015519;0;7;0;0;2;2;19;A01
201800015520;1;1;0;0;0;0;1;A01
201800015520;1;7;0;0;9;7;17;B01
201800015521;1;7;0;0;0;1;2;A01
201800015521;1;2;0;0;0;4;2;B01
201800015522;0;7;0;0;1;2;1;A01
201800015523;2;32;0;3;0;0;1;A01
201800015524;1;7;0;0;2;1;12;A01
201800015524;2;34;0;0;2;2;11;B01
201800015525;0;33;0;0;2;1;17;A01
201800015525;0;7;0;0;0;8;10;B01
201800015526;1;7;0;4;0;8;13;A01
201800015527;0;7;0;0;2;6;1;A01
201800015527;0;33;0;0;2;7;1;B01
201800015528;2;33;0;0;2;2;1;A01
201800015528;0;37;7;0;0;8;19;B01
201800015529;1;7;0;0;1;1;15;A01
201800015530;1;7;0;0;2;1;1;B01
201800015530;2;7;0;0;2;1;13;A01
201800015531;0;10;0;0;2;1;13;A01
201800015531;0;7;0;0;2;3;1;B01
201800015532;2;33;0;13;2;7;2;B01
201800015532;2;33;0;13;2;1;21;A01
201800015533;2;7;0;0;2;7;1;B01
201800015533;2;1;0;0;2;8;9;A01
201800015534;0;10;0;1;1;1;0;A01
201800015535;1;7;0;13;0;2;1;A01
201800015536;0;7;0;0;2;1;1;B01
201800015536;0;7;0;0;2;8;9;A01
201800015537;2;1;0;0;2;8;1;B01
201800015537;2;21;0;0;2;5;17;A01
201800015538;1;7;0;13;0;8;1;A01
201800015539;0;7;0;13;0;1;13;A01
201800015540;1;7;0;0;2;1;1;B01
201800015540;1;7;0;0;2;3;19;A01
201800015541;1;15;0;0;2;4;23;A01
201800015541;1;7;0;0;2;1;1;B01
201800015542;1;2;0;8;0;1;2;A01
201800015543;2;7;0;0;2;1;1;B01
201800015543;1;7;0;0;2;1;1;A01
201800015544;2;33;0;13;0;0;1;A01
201800015545;2;7;0;0;2;1;13;A01
201800015545;1;7;0;0;2;1;1;B01
201800015546;1;7;0;0;2;2;2;A01
201800015546;1;1;0;0;2;8;1;B02
201800015547;1;7;0;13;0;2;1;A01
201800015548;2;33;0;0;5;2;1;A01
201800015549;2;20;0;0;1;2;1;A01
201800015550;2;7;0;0;2;2;1;B01
201800015550;1;7;0;0;2;3;13;A01
201800015551;1;2;0;13;0;0;0;A01
201800015552;2;7;0;0;1;1;1;A01
201800015553;1;33;0;0;2;1;1;A01
201800015553;2;7;0;0;2;3;15;B01
201800015554;2;7;0;13;0;3;13;A01
201800015555;2;1;0;0;2;3;1;A01
201800015555;1;14;0;0;2;0;1;B01
201800015556;2;7;0;0;2;1;1;B01
201800015556;1;7;0;0;2;2;15;A01
201800015557;1;7;0;0;2;5;16;A01
201800015557;1;1;0;0;2;1;1;B01
201800015558;1;7;0;11;0;1;1;A01
201800015559;1;7;0;0;2;2;15;A01
201800015559;2;33;0;0;2;1;1;B01
201800015560;2;7;0;0;2;7;15;A01
201800015560;1;2;0;0;2;1;1;B01
201800015561;2;1;0;0;2;8;2;B01
201800015561;2;10;0;0;2;7;17;A01
201800015562;1;33;0;0;2;1;1;B01
201800015562;2;7;0;0;2;2;15;A01
201800015563;1;10;0;2;0;2;1;A01
201800015564;1;7;0;1;1;1;1;A01
201800015565;2;7;0;0;1;1;1;A01
201800015566;2;7;0;13;0;1;1;A01
201800015567;2;7;0;0;1;2;1;A01
201800015568;1;7;0;13;0;9;1;A01
201800015569;1;7;0;13;0;3;1;A01
201800015570;1;1;0;0;2;7;1;B01
201800015570;1;7;0;0;2;1;15;A01
201800015571;1;7;0;2;0;7;1;A01
201800015572;2;7;0;13;0;9;17;A01
201800015573;0;10;0;13;0;1;1;A01
201800015574;0;7;0;0;1;2;1;A01
201800015575;1;7;0;0;1;2;1;A01
201800015576;0;2;0;0;2;1;1;A01
201800015576;0;7;0;0;2;5;17;B01
201800015577;1;7;0;0;2;1;2;A01
201800015577;1;7;0;0;2;4;1;B01
201800015578;2;7;0;0;2;2;21;B01
201800015578;0;2;0;0;2;3;16;A01
201800015579;2;7;0;13;0;3;1;A01
201800015580;2;7;0;13;0;3;13;A01
201800015581;2;7;0;0;2;2;19;B01
201800015581;1;1;0;0;2;1;1;A01
201800015582;1;7;0;0;2;3;1;B01
201800015582;2;7;0;0;2;3;13;A01
201800015583;1;7;0;0;2;2;1;B01
201800015583;1;10;0;0;2;3;19;A01
201800015584;2;7;0;0;2;7;17;B01
201800015584;1;1;0;0;2;8;1;A01
201800015585;0;2;0;12;0;1;1;A01
201800015586;2;7;0;0;1;8;1;A01
201800015587;1;7;0;0;2;3;24;A01
201800015587;1;1;0;1;0;3;13;B01
201800015587;1;1;0;1;0;3;13;C01
201800015588;2;33;0;0;2;1;1;A01
201800015588;0;7;0;0;2;3;19;B01
201800015589;0;2;0;2;0;1;1;A01
201800015590;2;7;0;0;2;4;1;B01
201800015590;2;7;0;0;2;1;1;A01
201800015591;1;7;0;0;2;2;2;A01
201800015591;1;34;0;0;2;4;2;B01
201800015592;2;7;0;13;0;1;1;A01
201800015593;1;33;0;0;0;9;1;A01
201800015594;1;31;0;0;0;8;1;A01
201800015595;1;7;0;13;0;1;1;A01
201800015596;1;7;0;0;2;3;1;A01
201800015596;2;2;0;0;2;8;19;B01
201800015597;1;10;0;0;1;2;1;A01
201800015598;0;7;0;0;1;1;1;A01
201800015599;2;7;0;0;2;1;1;A01
201800015599;1;7;0;0;2;3;13;B01
201800015600;1;7;0;2;0;2;1;A01
201800015601;2;7;0;0;2;3;13;A01
201800015601;1;38;1;0;2;3;1;B01
201800015602;2;7;0;13;0;1;16;A01
201800015603;2;7;0;0;2;1;1;A01
201800015603;0;7;0;0;2;8;19;B01
201800015604;1;7;0;1;0;1;1;A01
201800015605;1;2;0;0;2;1;1;B01
201800015605;2;7;0;0;2;2;19;A01
201800015606;0;7;0;2;0;2;2;A01
201800015607;2;7;0;0;2;6;15;B01
201800015607;2;33;0;0;2;3;2;A01
201800015608;2;7;0;0;2;1;13;A01
201800015608;1;7;0;0;2;1;1;B01
201800015609;0;7;0;0;0;4;2;B01
201800015609;0;7;0;0;2;1;2;A01
201800015610;0;7;0;13;0;2;1;A01
201800015611;1;31;0;0;2;1;1;B01
201800015611;2;10;0;0;2;7;15;A01
201800015612;2;7;0;0;6;3;1;A01
201800015613;1;31;0;0;0;0;1;A01
201800015614;0;2;0;0;2;3;21;B01
201800015614;0;7;0;0;2;3;20;A01
201800015615;1;7;0;0;1;1;1;A01
201800015616;1;10;0;0;2;1;2;A01
201800015616;1;1;0;0;2;4;1;B01
201800015617;1;1;0;0;2;7;1;B01
201800015617;2;7;0;0;2;2;1;A01
201800015618;2;7;0;0;2;3;1;C01
201800015618;1;7;0;0;2;7;13;A01
201800015618;2;10;0;0;2;3;1;B01
201800015619;2;7;0;0;2;3;19;A01
201800015619;2;7;0;0;2;1;14;B01
201800015620;0;7;0;0;1;3;15;A01
201800015621;0;7;0;0;1;1;1;A01
201800015622;1;7;0;0;2;8;1;A01
201800015622;2;7;0;0;2;1;19;B01
201800015623;1;7;0;16;0;9;14;A01
201800015624;2;1;0;0;2;3;1;B01
201800015624;1;7;0;0;9;3;15;A01
201800015625;1;17;0;0;2;4;2;B01
201800015625;1;17;0;0;2;1;2;A01
201800015626;1;33;0;0;2;4;1;A01
201800015626;1;7;0;0;2;2;2;B01
201800015627;2;1;0;0;2;0;1;A01
201800015627;2;15;0;0;2;0;17;B01
201800015628;1;7;0;0;0;1;1;C01
201800015628;2;7;0;0;2;1;1;A01
201800015628;2;7;0;0;2;4;15;B01
201800015629;0;1;0;0;2;1;13;A01
201800015629;0;7;0;0;2;2;1;B01
201800015630;2;31;0;0;2;1;1;B01
201800015630;0;7;0;0;2;6;15;A01
201800015631;0;39;77;1;0;1;1;B01
201800015631;0;7;0;0;4;1;23;A01
201800015632;0;7;0;0;1;2;1;A01
201800015633;2;7;0;0;1;3;1;A01
201800015634;0;2;0;0;1;1;1;A01
201800015635;1;7;0;0;2;1;1;A01
201800015635;1;7;0;0;2;3;19;B01
201800015636;1;7;0;0;2;2;15;A01
201800015636;2;7;0;0;2;1;1;B01