num_acc;senc;catv;occutc;obs;obsm;choc;manv;num_veh
201800015637;1;7;0;8;0;1;1;A01
201800015638;2;7;0;5;0;9;1;A01
201800015639;1;33;0;0;2;1;1;B01
201800015639;1;7;0;0;2;3;15;A01
201800015640;2;7;0;0;2;5;16;A01
201800015640;2;17;0;0;2;3;2;B01
201800015641;1;32;0;12;0;0;16;A01
201800015642;2;7;0;0;2;1;1;B01
201800015642;1;7;0;0;2;2;15;A01
201800015643;1;7;0;0;2;1;1;A01
201800015643;0;7;0;0;2;7;19;B01
201800015644;1;15;0;0;2;4;1;C01
201800015644;1;7;0;0;2;3;2;B01
201800015644;1;7;0;0;2;1;2;A01
201800015645;1;7;0;0;1;2;1;A01
201800015646;1;7;0;0;2;4;1;B01
201800015646;1;7;0;0;2;4;2;C01
201800015646;1;7;0;0;2;1;2;A01
201800015647;1;7;0;0;2;7;13;A01
201800015647;2;7;0;0;2;1;1;B01
201800015648;2;7;0;3;0;1;1;A01
201800015649;1;33;0;0;2;1;1;A01
201800015649;0;7;0;0;2;3;16;B01
201800015650;1;7;0;0;2;2;15;A01
201800015650;2;7;0;0;2;2;1;B01
201800015651;0;7;0;0;2;2;1;B01
201800015651;0;7;0;0;2;3;1;A01
201800015652;2;7;0;2;0;1;1;A01
201800015653;0;7;0;0;1;4;4;A01
201800015654;1;7;0;0;2;3;1;A01
201800015654;1;7;0;0;2;3;13;B01
201800015655;2;7;0;12;0;7;1;A01
201800015656;2;33;0;5;9;8;1;A01
201800015657;1;33;0;0;2;3;13;A01
201800015657;2;7;0;0;2;8;1;B01
201800015658;2;7;0;0;2;3;15;A01
201800015658;1;7;0;0;2;3;1;B01
201800015659;2;7;0;0;1;0;1;A01
201800015660;2;7;0;15;0;3;1;A01
201800015661;1;1;0;0;1;1;1;A01
201800015662;2;7;0;0;2;5;2;A01
201800015662;2;2;0;13;2;3;1;B01
201800015663;1;7;0;0;2;3;13;A01
201800015663;2;7;0;0;2;3;1;B01
201800015664;2;7;0;0;2;1;15;A01
201800015664;1;7;0;0;2;2;1;B01
201800015665;2;31;0;0;2;1;0;B01
201800015665;2;7;0;0;2;6;0;A01
201800015666;2;2;0;0;2;1;1;A01
201800015666;1;7;0;0;2;6;15;B01
201800015667;2;7;0;0;2;4;2;A01
201800015667;2;33;0;0;2;1;1;B01
201800015668;1;30;0;0;0;1;0;B01
201800015668;0;7;0;0;0;0;16;A01
201800015669;1;7;0;0;2;1;11;A01
201800015669;2;7;0;0;2;1;1;B01
201800015670;2;7;0;0;2;2;15;A01
201800015670;1;2;0;0;2;1;1;B01
201800015671;2;10;0;0;2;1;17;A01
201800015671;1;10;0;0;2;1;1;B01
201800015672;1;33;0;0;2;1;1;A01
201800015672;2;7;0;0;0;7;15;B01
201800015673;1;7;0;0;9;3;1;A01
201800015673;1;1;0;0;2;1;1;B01
201800015674;2;7;0;0;1;2;21;A01
201800015675;1;7;0;6;0;9;1;A01
201800015676;0;7;0;0;0;0;1;A01
201800015677;2;7;0;0;1;3;1;A01
201800015678;2;7;0;13;0;3;6;A01
201800015679;2;7;0;0;2;1;1;B01
201800015679;2;7;0;0;2;7;19;A01
201800015680;1;7;0;0;2;3;1;A01
201800015680;2;7;0;0;2;3;1;B01
201800015681;0;36;0;0;0;0;1;A01
201800015682;2;7;0;0;1;1;1;A01
201800015683;1;7;0;13;0;1;1;A01
201800015684;2;7;0;6;0;8;1;A01
201800015685;0;7;0;0;2;1;19;A01
201800015685;0;7;0;6;2;3;1;B01
201800015686;1;7;0;0;2;1;2;A01
201800015686;1;3;0;16;0;4;2;B01
201800015687;1;7;0;0;1;1;1;A01
201800015688;2;7;0;13;0;3;1;A01
201800015689;1;7;0;0;2;1;1;A01
201800015689;2;7;0;0;2;3;1;B01
201800015690;2;7;0;2;0;3;13;A01
201800015691;1;10;0;13;0;1;1;A01
201800015692;0;7;0;0;1;1;1;A01
201800015693;1;2;0;0;2;1;19;A01
201800015693;1;10;0;0;9;2;1;B01
201800015694;2;7;0;0;2;1;13;A01
201800015694;1;7;0;0;2;1;1;B01
201800015695;1;7;0;0;1;3;1;A01
201800015696;1;7;0;6;0;7;13;A01
201800015697;1;7;0;0;2;3;13;A01
201800015697;2;7;0;0;2;1;1;B01
201800015698;2;7;0;0;2;1;1;B01
201800015698;1;7;0;0;2;3;5;A01
201800015699;0;7;0;0;2;8;1;B01
201800015699;0;2;0;0;2;1;9;A01
201800015700;0;1;0;1;0;2;17;B01
201800015700;0;7;0;0;0;0;24;A01
201800015701;1;7;0;0;2;3;13;A01
201800015701;2;2;0;0;2;3;1;B01
201800015702;1;10;0;2;0;1;1;A01
201800015703;1;2;0;0;2;1;17;A01
201800015703;2;7;0;0;2;1;1;B01
201800015704;2;7;0;0;2;5;15;B01
201800015704;1;33;0;0;2;1;1;A01
201800015705;0;7;0;0;2;8;16;A01
201800015705;0;1;0;0;2;7;1;B01
201800015706;1;13;0;0;1;1;15;A01
201800015707;0;7;0;0;2;3;9;B01
201800015707;0;2;0;0;2;2;9;A01
201800015708;1;7;0;0;0;6;23;B01
201800015708;1;33;0;0;2;1;17;A01
201800015709;2;33;0;0;2;2;17;A01
201800015709;2;21;0;0;2;3;15;B01
201800015710;2;7;0;0;2;1;1;A01
201800015710;2;7;0;0;2;1;1;B01
201800015711;1;33;0;0;2;1;1;B01
201800015711;2;7;0;0;2;3;15;A01
201800015712;2;7;0;0;2;3;1;B01
201800015712;1;7;0;0;2;3;13;A01
201800015713;2;7;0;3;2;3;1;B01
201800015713;2;7;0;0;2;7;1;C01
201800015713;1;7;0;3;2;1;13;A01
201800015714;1;7;0;0;2;1;1;A01
201800015714;2;10;0;0;2;1;1;B01
201800015715;1;1;0;0;2;8;1;B01
201800015715;1;7;0;0;9;7;1;A01
201800015716;1;7;0;0;0;4;23;A01
201800015716;1;1;0;0;2;1;23;B01
201800015717;2;7;0;0;2;3;1;B01
201800015717;1;33;0;0;2;1;13;A01
201800015718;1;7;0;0;0;8;15;A01
201800015718;1;31;0;0;2;1;17;B01
201800015719;1;7;0;0;0;4;2;C01
201800015719;1;7;0;0;2;1;1;A01
201800015719;1;7;0;0;2;4;2;B01
201800015720;2;7;0;0;2;3;19;B01
201800015720;2;33;0;0;2;1;1;A01
201800015721;1;7;0;0;2;1;1;B01
201800015721;2;7;0;2;2;1;13;A01
201800015721;1;7;0;0;2;8;1;C01
201800015722;1;1;0;0;2;4;1;B01
201800015722;1;7;0;0;9;1;1;A01
201800015723;0;7;0;0;2;2;16;A01
201800015723;0;1;0;0;2;3;1;B01
201800015724;0;7;0;0;2;2;1;A01
201800015724;0;1;0;0;2;1;19;B01
201800015725;0;1;0;0;2;1;19;A01
201800015725;0;7;0;0;2;2;1;B01
201800015726;0;7;0;0;2;1;1;B01
201800015726;0;33;0;0;2;8;19;A01
201800015727;1;33;0;0;2;1;1;B01
201800015727;2;7;0;0;2;8;19;A01
201800015728;0;1;0;0;0;1;1;A01
201800015729;2;7;0;2;0;3;1;A01
201800015730;2;7;0;13;2;3;13;A01
201800015730;1;33;0;0;2;1;1;B01
201800015731;0;7;0;0;1;0;9;A01
201800015732;1;33;0;0;1;1;1;A01
201800015733;1;2;0;12;1;1;1;A01
201800015734;1;7;0;2;0;8;5;A01
201800015735;1;7;0;9;2;1;1;B01
201800015735;0;7;0;0;2;8;19;A01
201800015736;1;7;0;7;2;1;9;A01
201800015736;2;7;0;0;2;8;1;B01
201800015737;1;7;0;0;2;1;15;A01
201800015737;2;33;0;0;2;8;1;B01
201800015738;0;10;0;0;1;4;0;A01
201800015739;2;30;0;0;2;1;1;A01
201800015739;2;99;0;0;0;4;1;B01
201800015740;2;7;0;2;0;3;1;A01
201800015741;1;7;0;6;0;9;1;A01
201800015742;1;7;0;0;1;1;1;A01
201800015743;1;33;0;0;2;7;1;B01
201800015743;1;7;0;0;2;1;9;A01
201800015744;1;7;0;2;2;2;1;A01
201800015744;1;31;0;0;2;3;18;B01
201800015745;0;36;0;0;2;3;1;B01
201800015745;0;21;0;0;2;3;1;A01
201800015746;2;7;0;0;2;8;1;B01
201800015746;2;2;0;0;2;1;1;A01
201800015747;1;7;0;0;0;1;1;B01
201800015747;2;7;0;0;2;1;17;A01
201800015748;0;1;0;0;2;2;17;B01
201800015748;0;7;0;0;9;3;15;A01
201800015749;0;7;0;0;2;7;19;B01
201800015749;0;2;0;0;2;1;1;A01
201800015750;2;7;0;0;2;2;15;B01
201800015750;1;2;0;0;2;1;1;A01
201800015751;2;30;0;12;2;1;17;B01
201800015751;2;7;0;0;2;3;15;A01
201800015752;2;7;0;0;2;8;15;A01
201800015752;2;33;0;0;2;1;17;B01
201800015753;1;7;0;0;1;1;15;A01
201800015754;1;1;0;0;2;4;1;A01
201800015754;1;7;0;0;2;2;2;B01
201800015755;0;7;0;6;0;8;1;A01
201800015756;2;7;0;0;1;1;1;A01
201800015757;0;33;0;8;0;3;1;A01
201800015758;1;7;0;0;0;4;23;B01
201800015758;1;1;0;1;0;1;1;A01
201800015759;1;33;0;8;0;1;1;A01
201800015760;1;36;0;0;0;0;15;A01
201800015761;1;2;0;0;2;8;1;A01
201800015761;2;7;0;0;2;3;15;B01
201800015762;1;7;0;0;2;1;1;A01
201800015762;2;7;0;0;2;5;13;B01
201800015763;0;31;0;8;0;8;1;A01
201800015764;1;7;0;0;2;3;13;A01
201800015764;2;7;0;0;2;1;1;B01
201800015765;1;7;0;0;2;4;1;B01
201800015765;1;7;0;0;2;1;1;A01
201800015766;0;33;0;6;0;0;1;A01
201800015767;0;2;0;0;2;3;13;A01
201800015768;0;7;0;0;2;1;1;B01
201800015768;0;7;0;0;2;3;1;A01
201800015769;2;7;0;2;0;3;1;A01
201800015770;1;33;0;0;0;9;21;A01
201800015771;0;31;0;8;0;2;1;A01
201800015772;0;7;0;0;1;1;0;A01
201800015773;2;33;0;6;6;1;1;A01
201800015774;0;31;0;0;1;1;18;A01
201800015775;1;1;0;0;2;0;1;B01
201800015775;1;7;0;0;2;0;2;A01
201800015776;2;7;0;13;0;3;1;A01
201800015777;0;7;0;0;1;2;15;A01
201800015778;2;7;0;0;2;1;1;B01
201800015778;1;7;0;0;2;1;1;A01
201800015779;1;7;0;2;0;8;0;A01
201800015780;1;7;0;0;9;3;0;A01
201800015780;1;1;0;0;0;4;0;B01
201800015781;0;7;0;0;1;1;1;A01
201800015782;1;7;0;0;1;2;1;A01
201800015783;0;7;0;6;0;3;1;A01
201800015784;1;7;0;0;1;1;15;A01
201800015785;1;2;0;0;2;1;2;A01
201800015785;1;7;0;0;0;3;1;B01
201800015785;1;7;0;0;0;6;2;C01
201800015786;1;31;0;0;2;1;1;B01
201800015786;2;7;0;0;2;2;15;A01
201800015787;2;7;0;0;2;1;2;A01
201800015787;2;7;0;0;0;4;2;B01
201800015788;1;31;0;0;2;1;2;A01
201800015788;1;7;0;0;0;4;15;B01
201800015789;1;7;0;0;2;3;1;A01
201800015789;2;7;0;0;2;3;1;B01
201800015790;1;7;0;0;0;0;2;B01
201800015790;1;2;0;0;0;1;1;A01
201800015791;0;1;0;0;0;8;1;C01
201800015791;0;1;0;0;0;7;1;B01
201800015791;0;1;0;0;0;8;1;A01
201800015792;0;1;0;0;2;1;1;B01
201800015792;0;7;0;0;9;5;16;A01
201800015793;0;2;0;14;0;1;5;A01
201800015794;1;10;0;0;2;2;17;A01
201800015794;1;1;0;0;2;8;1;B01
201800015795;1;7;0;2;0;1;0;A01
201800015796;0;1;0;0;2;3;1;B01
201800015796;0;7;0;0;9;2;1;A01
201800015797;1;33;0;13;0;1;1;A01
201800015798;2;7;0;0;2;3;15;A01
201800015798;1;33;0;0;2;1;1;B01
201800015799;0;7;0;0;1;1;1;A01
201800015800;1;2;0;0;0;0;0;A01
201800015801;1;7;0;0;0;3;5;A01
201800015801;2;1;0;0;2;1;1;B01
201800015802;0;7;0;6;0;1;13;A01
201800015803;0;7;0;13;2;7;1;B01
201800015803;0;13;0;13;2;2;1;A01
201800015804;1;10;0;0;1;2;14;A01
201800015805;1;33;0;13;0;0;14;A01
201800015806;2;7;0;6;2;3;1;B01
201800015806;1;7;0;0;2;3;13;A01
201800015807;2;33;0;12;0;1;0;A01
201800015808;2;7;0;0;2;0;1;A01
201800015808;1;7;0;0;2;3;1;B01
201800015809;2;33;0;0;2;1;1;B01
201800015809;2;7;0;0;2;2;19;A01
201800015810;2;7;0;0;2;8;1;A01
201800015810;1;7;0;0;2;8;1;B01
201800015811;1;7;0;0;2;7;1;A01
201800015811;2;7;0;0;2;1;1;B01
201800015812;1;32;0;12;0;1;1;A01
201800015813;2;7;0;0;2;3;13;A01
201800015813;1;7;0;0;2;3;1;B01
201800015814;1;34;0;0;2;2;17;A01
201800015814;1;7;0;0;2;3;15;B01
201800015815;1;1;0;0;2;8;11;A01
201800015815;1;10;0;0;9;2;9;B01
201800015816;1;7;0;0;2;8;19;A01
201800015816;1;33;0;0;2;2;21;B01
201800015817;1;7;0;0;0;4;0;A01
201800015817;1;33;0;0;2;1;2;B01
201800015818;2;7;0;0;2;7;15;A01
201800015818;1;33;0;0;2;1;1;B01
201800015819;2;10;0;0;2;1;19;A01
201800015819;1;10;0;0;2;1;1;B01
201800015820;1;7;0;0;2;1;1;A01
201800015820;1;1;0;0;2;4;1;B01
201800015821;0;7;0;13;0;1;1;A01
201800015822;1;7;0;0;2;1;13;A01
201800015822;2;10;0;0;2;8;1;B01
201800015822;2;10;0;0;2;8;1;C01
201800015822;2;10;0;0;2;1;1;D01
201800015823;1;7;0;0;1;2;0;A01
201800015824;2;7;0;0;2;1;2;C01
201800015824;2;7;0;0;2;8;2;A01
201800015824;2;7;0;0;2;6;2;B01
201800015825;2;7;0;13;0;3;1;A01
201800015826;1;7;0;2;0;1;1;A01
201800015827;1;7;0;2;0;1;1;A01
201800015828;2;7;0;0;2;1;1;A01
201800015828;2;7;0;0;0;4;23;B01
201800015828;2;7;0;0;2;4;23;C01
201800015828;2;7;0;0;0;4;23;D01
201800015829;1;7;0;0;2;1;15;A01
201800015829;2;7;0;0;2;1;1;B01
201800015829;1;7;0;0;2;1;1;C01
201800015830;1;2;0;0;2;1;5;A01
201800015830;2;7;0;0;2;2;5;B01
201800015831;1;7;0;0;0;7;15;A01
201800015831;2;7;0;0;2;1;1;B01
201800015832;2;2;0;0;2;1;15;A01
201800015832;1;15;0;0;2;2;1;B01
201800015833;2;7;0;8;0;5;1;A01
201800015834;1;7;0;0;0;1;1;A01
201800015835;1;7;0;0;2;2;2;A01
201800015835;1;1;0;0;2;4;1;B01
201800015836;1;7;0;0;6;1;1;A01
201800015837;0;7;0;0;1;2;19;A01
201800015837;0;7;0;0;2;1;2;B01
201800015838;2;7;0;2;0;1;16;A01
201800015839;1;7;0;0;2;8;0;A01
201800015839;1;33;0;0;2;1;19;B01
201800015839;2;7;0;14;0;2;0;C01
201800015840;2;7;0;0;2;1;1;A01
201800015840;2;7;0;0;0;5;1;B01
201800015841;2;7;0;2;0;1;13;A01
201800015842;1;33;0;0;2;1;13;A01
201800015842;2;7;0;0;2;2;1;B01
201800015843;1;7;0;0;2;8;1;B01
201800015843;2;33;0;0;2;4;13;A01
201800015844;2;33;0;2;0;1;1;A01
201800015845;1;7;0;2;0;1;1;A01
201800015846;1;7;0;2;0;1;1;A01
201800015847;2;1;0;0;0;8;13;A01
201800015848;1;7;0;0;2;7;17;B01
201800015848;1;1;0;0;2;8;1;A01
201800015849;1;7;0;2;0;3;1;A01
201800015850;2;7;0;0;2;1;13;A01
201800015850;1;7;0;0;2;1;1;B01
201800015850;1;7;0;0;2;1;1;C01
201800015851;2;7;0;0;2;1;1;A01
201800015851;2;1;0;0;0;4;1;B01
201800015852;1;7;0;2;0;1;1;A01
201800015853;2;7;0;0;2;3;15;A01
201800015853;1;10;0;0;2;2;1;B01
201800015854;2;7;0;0;2;5;17;A01
201800015854;2;1;0;0;2;3;1;B01
201800015855;1;7;0;0;1;2;21;A01
201800015856;2;3;0;0;0;0;1;A01
201800015857;1;7;0;0;2;1;1;B01
201800015857;1;7;0;0;2;1;1;C01
201800015857;1;7;0;0;2;1;5;A01
201800015857;1;7;0;0;2;1;1;D01
201800015858;2;7;0;0;2;3;13;A01
201800015858;1;7;0;0;2;3;1;B01
201800015859;2;7;0;0;9;3;1;A01
201800015859;1;1;0;0;2;8;19;B01
201800015860;2;7;0;2;0;2;16;A01
201800015861;0;7;0;15;0;0;0;A01
201800015862;1;7;0;0;2;3;5;A01
201800015862;2;10;0;0;2;2;21;B01
201800015863;2;2;0;0;2;8;1;A01
201800015864;1;2;0;0;2;1;1;A01
201800015864;1;7;0;0;9;4;9;B01
201800015865;1;7;0;0;2;3;1;A01
201800015865;2;7;0;0;2;3;1;B01
201800015866;0;36;0;0;0;0;0;A01
201800015867;2;33;0;0;2;1;13;A01
201800015867;1;7;0;0;2;3;1;B01
201800015868;1;33;0;0;6;1;1;A01
201800015869;1;7;0;0;2;7;15;A01
201800015869;2;31;0;0;2;1;1;B01
201800015870;1;7;0;0;0;9;1;A01
201800015871;2;7;0;2;0;0;1;A01
201800015872;1;7;0;13;0;9;1;A01
201800015873;1;33;0;16;0;1;1;A01
201800015874;1;7;0;0;2;3;19;A01
201800015874;2;1;0;0;2;1;1;B01
201800015875;2;7;0;0;2;1;17;A01
201800015875;1;7;0;0;2;1;1;B01
201800015876;2;33;0;0;2;1;1;A01
201800015876;2;7;0;0;2;3;1;B01
201800015877;1;7;0;12;2;3;16;A01
201800015877;2;7;0;12;2;2;1;B01
201800015878;2;7;0;0;2;7;15;A01
201800015878;1;7;0;0;2;2;0;B01
201800015879;2;7;0;0;2;1;13;A01
201800015879;2;7;0;15;2;1;1;B01
201800015880;2;7;0;0;2;1;1;A01
201800015880;1;14;0;0;2;1;1;B01
201800015881;0;7;0;1;0;4;1;A01
201800015881;0;7;0;0;2;1;24;B01
201800015882;2;33;0;0;2;1;17;A01
201800015882;2;7;0;0;2;8;15;B01
201800015883;1;7;0;5;9;0;1;A01
201800015884;0;7;0;0;2;2;2;A01
201800015884;0;2;0;0;2;6;2;B01
201800015885;0;7;0;2;0;1;17;A01
201800015886;2;7;0;2;0;1;1;A01
201800015887;1;7;0;0;0;5;15;A01
201800015887;1;1;0;0;2;1;1;B01
201800015888;2;33;0;0;2;1;21;A01
201800015888;1;21;0;0;2;7;15;B01
201800015889;2;7;0;0;2;3;0;A01
201800015889;1;33;0;5;2;1;0;B01
201800015890;1;33;0;6;0;1;1;A01
201800015891;2;7;0;0;2;3;13;A01
201800015891;1;7;0;0;2;3;1;B01
201800015891;2;7;0;0;2;3;1;C01
201800015892;1;21;0;0;2;8;15;A01
201800015892;1;33;0;0;2;0;17;B01
201800015893;0;36;0;0;0;7;1;A01
201800015894;1;33;0;16;0;0;1;A01
201800015895;2;7;0;0;2;2;14;A01
201800015895;1;7;0;0;2;3;1;B01
201800015896;1;7;0;3;0;3;21;A01
201800015896;2;33;0;0;0;1;13;B01
201800015897;0;7;0;0;2;3;1;A01
201800015897;0;1;0;0;2;1;11;B01
201800015898;2;7;0;0;2;1;17;A01
201800015898;1;7;0;0;2;1;1;B01
201800015899;2;7;0;0;2;0;2;A01
201800015899;2;1;0;0;0;4;2;B01
201800015900;1;33;0;0;2;0;16;A01
201800015900;2;7;0;0;9;2;1;B01
201800015901;2;7;0;2;0;1;1;A01
201800015902;2;1;0;0;9;3;2;A01
201800015902;2;10;0;0;2;2;2;B01
201800015903;2;7;0;13;0;0;0;A01
201800015904;2;7;0;16;0;7;0;A01
201800015905;2;33;0;0;2;1;1;A01
201800015905;1;7;0;0;2;3;17;B01
201800015906;1;10;0;13;0;2;0;A01
201800015907;2;1;0;0;2;1;1;A01
201800015907;1;21;0;0;9;3;9;B01
201800015908;2;7;0;0;2;1;13;A01
201800015908;1;7;0;3;2;1;1;B01
201800015909;2;7;0;13;0;3;0;A01
201800015910;1;33;0;0;2;1;1;A01
201800015910;2;7;0;0;2;2;15;B01
201800015911;1;7;0;0;2;1;13;A01
201800015911;2;10;0;0;2;2;1;B01
201800015912;1;34;0;0;2;0;1;A01
201800015912;2;7;0;0;2;3;1;B01
201800015913;2;7;0;2;0;8;0;A01
201800015914;1;7;0;7;0;8;1;A01
201800015915;2;10;0;0;2;1;5;A01
201800015915;1;10;0;13;2;1;13;B01
201800015916;0;34;0;15;0;1;1;A01
201800015917;1;7;0;2;9;1;1;A01
201800015918;2;33;0;0;0;8;1;A01
201800015919;0;7;0;0;1;3;1;A01
201800015920;1;33;0;3;0;7;1;A01
201800015921;1;7;0;0;2;1;15;A01
201800015921;0;33;0;0;2;8;1;B01
201800015922;2;33;0;0;2;1;17;A01
201800015922;1;7;0;0;2;1;1;B01
201800015923;1;7;0;2;0;1;1;A01
201800015924;1;2;0;1;0;1;1;A01
201800015924;1;10;0;0;2;6;24;B01
201800015925;1;7;0;0;1;2;0;A01
201800015926;1;16;0;0;2;5;1;A01
201800015926;1;16;0;0;2;2;17;B01
201800015926;1;7;0;0;2;2;17;C01
201800015927;1;7;0;6;0;1;1;A01
201800015928;1;7;0;0;1;2;1;A01
201800015929;1;7;0;2;0;1;1;A01
201800015930;1;33;0;0;2;1;17;A01
201800015930;1;7;0;0;0;6;15;B01
201800015931;0;7;0;0;0;9;1;A01
201800015932;2;33;0;0;9;7;1;A01
201800015932;1;1;0;0;2;8;1;B01
201800015933;1;33;0;3;0;0;0;A01
201800015934;2;7;0;13;0;9;14;A01
201800015935;2;33;0;0;0;8;1;A01
201800015936;2;31;0;0;6;1;1;A01
201800015936;2;7;0;0;2;0;1;B01
201800015937;2;7;0;13;2;1;1;A01
201800015937;2;7;0;0;0;4;1;B01
201800015938;1;2;0;0;0;8;2;A01
201800015939;2;7;0;0;1;2;1;A01
201800015940;2;7;0;0;2;1;1;B01
201800015940;1;7;0;0;2;1;17;A01
201800015941;2;1;0;0;2;8;19;A01
201800015941;1;1;0;0;2;1;1;B01
201800015942;0;10;0;0;2;2;1;A01
201800015942;0;99;0;0;2;1;16;B01
201800015943;1;1;0;0;2;0;1;B01
201800015943;2;7;0;0;2;7;15;A01
201800015944;2;7;0;0;1;3;15;A01
201800015945;2;33;0;0;2;3;1;A01
201800015945;1;7;0;0;2;3;1;B01
201800015946;2;7;0;0;2;3;20;A01
201800015946;1;34;0;0;2;2;1;B01
201800015947;1;7;0;0;2;3;1;B01
201800015947;2;33;0;0;2;8;13;A01
201800015948;2;7;0;0;0;9;14;A01
201800015949;1;7;0;0;2;1;17;A01
201800015949;1;14;0;0;2;6;1;B01
201800015950;2;33;0;0;2;1;1;A01
201800015950;2;21;0;0;2;6;1;B01
201800015951;1;1;0;13;0;1;1;A01
201800015952;1;7;0;0;1;3;1;A01
201800015953;2;7;0;0;2;7;13;A01
201800015953;1;7;0;0;2;8;1;B01
201800015954;2;7;0;0;2;3;13;A01
201800015954;1;7;0;3;2;3;1;B01
201800015955;2;7;0;0;2;2;1;B01
201800015955;1;2;0;0;2;1;13;A01
201800015956;1;7;0;0;0;9;14;A01
201800015957;1;7;0;13;2;3;1;B01
201800015957;2;7;0;0;2;3;13;A01
201800015958;1;13;0;1;0;3;13;A01
201800015959;1;7;0;0;2;1;16;A01
201800015959;2;7;0;0;2;1;1;B01
201800015960;1;7;0;0;2;2;13;A01
201800015960;2;7;0;0;2;2;1;B01
201800015961;1;7;0;0;2;1;19;A01
201800015961;1;7;0;0;2;6;1;B01
201800015962;1;7;0;0;0;6;2;B01
201800015962;1;33;0;0;2;1;2;A01
201800015963;2;21;0;0;2;3;15;B01
201800015963;2;7;0;0;2;2;17;A01
201800015964;2;15;0;1;2;1;1;B01
201800015964;1;15;0;0;2;1;13;A01
201800015965;2;7;0;0;2;1;1;B01
201800015965;1;7;0;0;2;3;15;A01
201800015966;1;7;0;0;1;7;14;A01
201800015967;1;7;0;0;0;0;0;A01
201800015968;1;13;0;0;2;5;15;A01
201800015968;2;7;0;0;2;1;1;B01
201800015969;2;33;0;0;0;0;21;A01
201800015970;1;33;0;0;2;1;1;A01
201800015970;1;33;0;0;2;4;1;B01
201800015971;2;7;0;0;2;3;1;B01
201800015971;1;33;0;0;2;1;13;A01
201800015972;2;7;0;13;0;9;0;A01
201800015973;2;7;0;0;2;3;13;A01
201800015973;1;7;0;0;2;3;1;B01
201800015974;2;7;0;0;2;3;15;A01
201800015974;2;2;0;0;2;1;1;B01
201800015975;0;2;0;0;2;1;0;B01
201800015975;0;2;0;0;2;2;0;A01
201800015976;2;7;0;0;2;2;14;A01
201800015976;2;33;0;0;2;4;23;B01
201800015977;1;33;0;0;0;0;1;A01
201800015978;1;7;0;0;2;1;13;A01
201800015978;2;7;0;0;2;3;1;B01
201800015979;2;7;0;0;2;8;24;A01
201800015979;2;1;0;1;0;1;17;B01
201800015980;1;7;0;0;2;1;1;B01
201800015980;2;7;0;0;2;3;15;A01
201800015981;1;7;0;0;2;2;1;B01
201800015981;2;7;0;0;2;7;15;A01
201800015982;1;7;0;0;2;1;15;A01
201800015982;2;33;0;0;2;1;17;B01
201800015983;1;1;0;0;2;1;15;A01
201800015983;2;13;0;0;2;2;1;B01
201800015984;1;7;0;0;2;1;1;B01
201800015984;2;7;0;0;2;3;16;A01
201800015985;2;7;0;0;2;1;13;A01
201800015985;1;7;0;0;2;1;1;B01
201800015986;2;33;0;0;0;2;17;A01
201800015987;2;7;0;0;2;1;13;A01
201800015987;1;1;0;0;2;1;1;B01
201800015988;1;2;0;2;0;1;14;A01
201800015989;1;36;0;0;0;9;0;A01
201800015990;1;2;0;0;2;1;1;A01
201800015990;1;7;0;0;0;4;20;B01
201800015991;2;2;0;0;2;1;1;A01
201800015991;2;1;0;0;2;1;15;B01
201800015992;1;7;0;13;0;0;1;A01
201800015993;1;1;0;0;2;1;1;B01
201800015993;1;7;0;0;2;1;15;A01
201800015994;1;7;0;12;0;7;0;A01
201800015995;1;33;0;0;2;1;2;A01
201800015995;1;33;0;0;2;4;2;B01
201800015996;2;7;0;1;0;1;14;A01
201800015997;2;7;0;0;2;1;1;A01
201800015997;2;7;0;0;0;6;1;B01
201800015998;1;7;0;2;0;1;1;A01
201800015999;1;7;0;13;0;3;1;A01
201800016000;1;10;0;0;2;1;1;B01
201800016000;2;7;0;2;2;1;13;A01
201800016001;0;32;0;8;0;1;0;A01
201800016002;2;7;0;0;2;3;15;A01
201800016002;1;33;0;0;2;2;1;B01
201800016003;0;7;0;2;0;1;14;A01
201800016004;1;33;0;0;2;9;1;B01
201800016004;2;7;0;0;2;3;1;C01
201800016004;1;33;0;0;2;9;13;A01
201800016005;1;7;0;8;;3;13;A01
201800016006;1;7;0;13;2;3;1;B01
201800016006;2;7;0;0;2;3;13;A01
201800016007;1;7;0;6;0;3;13;A01
201800016008;1;7;0;2;0;3;14;A01
201800016009;2;7;0;0;2;1;13;A01
201800016009;1;7;0;0;2;1;1;B01
201800016010;2;7;0;0;1;3;13;A01
201800016011;2;7;0;6;0;2;14;A01
201800016012;1;7;0;0;2;3;1;B01
201800016012;2;33;0;3;2;2;1;A01
201800016013;2;1;0;0;2;1;13;A01
201800016013;1;33;0;0;2;1;13;B01
201800016014;2;7;0;0;2;1;1;B01
201800016014;2;33;0;0;2;1;13;A01
201800016015;2;7;0;0;2;3;13;A01
201800016015;1;7;0;0;2;3;1;B01
201800016016;2;7;0;0;2;3;13;A01
201800016016;1;7;0;0;2;3;1;B01
201800016016;2;7;0;0;2;6;1;C01
201800016017;1;7;0;13;0;3;13;A01
201800016018;1;7;0;0;2;3;13;A01
201800016018;2;7;0;0;2;3;1;B01
201800016019;2;1;0;0;2;1;1;A01
201800016019;1;7;0;0;2;3;1;B01
201800016020;2;7;0;0;1;8;1;A01
201800016021;1;33;0;0;2;1;1;B01