num_acc;senc;catv;occutc;obs;obsm;choc;manv;num_veh
201800016021;2;7;0;0;2;3;15;A01
201800016022;2;7;0;3;2;2;1;B01
201800016022;1;7;0;3;2;3;13;A01
201800016023;2;7;0;0;2;1;13;A01
201800016023;1;7;0;0;2;3;1;B01
201800016024;1;7;0;0;2;3;13;A01
201800016024;2;7;0;0;2;3;1;B01
201800016025;2;10;0;0;2;6;4;A01
201800016025;2;30;0;0;2;1;2;B01
201800016026;1;7;0;0;0;8;1;A01
201800016026;1;1;0;0;2;1;1;B01
201800016027;2;7;0;6;0;1;13;A01
201800016028;1;7;0;0;0;4;1;A01
201800016028;1;14;0;0;2;1;1;B01
201800016029;1;7;0;0;2;3;13;A01
201800016029;2;7;0;0;2;3;1;B01
201800016030;1;2;0;0;2;1;5;A01
201800016030;0;7;0;0;2;2;1;B01
201800016031;1;7;0;0;1;1;0;A01
201800016032;1;33;0;0;2;1;17;A01
201800016032;2;7;0;0;2;1;1;B01
201800016033;0;7;0;0;2;3;1;A01
201800016033;0;7;0;0;2;3;1;B01
201800016034;2;7;0;2;0;3;0;A01
201800016035;1;2;0;14;0;1;1;A01
201800016036;0;7;0;0;1;2;2;A01
201800016037;0;7;0;0;1;1;1;A01
201800016038;1;7;0;2;0;5;1;A01
201800016039;0;7;0;13;0;3;13;A01
201800016040;0;10;0;0;1;2;1;A01
201800016041;1;7;0;0;2;2;1;B01
201800016041;1;2;0;0;2;1;16;A01
201800016042;2;14;0;0;2;2;1;B01
201800016042;0;7;0;0;2;8;19;A01
201800016043;1;7;0;0;9;2;1;A01
201800016043;1;1;0;0;2;4;1;B01
201800016044;0;7;0;0;1;3;15;A01
201800016045;1;7;0;0;0;3;13;A01
201800016045;2;10;0;0;2;2;13;B01
201800016046;0;7;0;0;1;2;1;A01
201800016047;2;7;0;2;0;1;1;A01
201800016048;2;7;0;16;0;4;17;A01
201800016049;0;2;0;0;2;8;5;A01
201800016049;0;7;0;0;2;3;1;B01
201800016050;0;7;0;13;0;3;1;A01
201800016051;1;7;0;0;2;1;1;A01
201800016051;0;7;0;0;2;1;16;B01
201800016052;1;1;0;13;0;0;2;A01
201800016053;2;7;0;13;0;1;14;A01
201800016054;1;7;0;1;1;2;1;A01
201800016055;2;7;0;0;2;3;1;A01
201800016055;1;31;0;0;2;3;1;B01
201800016056;1;7;0;0;0;0;1;A01
201800016057;0;7;0;0;0;8;1;A01
201800016058;2;10;0;8;0;8;1;A01
201800016059;2;7;0;13;0;1;1;A01
201800016060;0;7;0;0;4;2;1;A01
201800016060;2;39;2;0;2;3;1;B01
201800016061;2;30;0;0;2;1;6;A01
201800016061;1;7;0;0;2;3;6;B01
201800016062;1;2;0;0;2;2;15;A01
201800016062;2;7;0;0;2;1;1;B01
201800016063;2;7;0;8;0;2;1;A01
201800016064;0;7;0;0;2;3;15;A01
201800016064;0;33;0;0;2;1;1;B01
201800016065;2;1;0;0;2;5;1;B01
201800016065;2;7;0;0;2;1;9;A01
201800016066;1;2;0;0;2;2;17;A01
201800016066;1;2;0;0;2;8;15;B01
201800016067;2;7;0;8;0;3;1;A01
201800016068;2;33;0;0;0;3;17;A01
201800016069;2;33;0;8;2;1;21;A01
201800016069;2;21;0;0;2;5;15;B01
201800016070;1;7;0;0;2;7;1;A01
201800016070;2;10;0;0;2;1;1;B01
201800016071;2;10;0;0;2;1;13;A01
201800016071;1;7;0;0;2;1;0;B01
201800016072;2;7;0;13;0;1;1;A01
201800016073;1;7;0;0;2;2;2;A01
201800016073;1;31;0;0;0;4;2;B01
201800016074;0;7;0;0;1;6;20;A01
201800016075;2;7;0;0;1;1;16;A01
201800016076;0;2;0;6;0;2;1;A01
201800016077;2;7;0;0;2;3;5;A01
201800016077;1;7;0;0;2;3;1;B01
201800016078;1;33;0;13;0;1;1;A01
201800016079;1;7;0;6;0;3;0;A01
201800016080;1;7;0;0;1;1;1;A01
201800016081;1;33;0;0;2;7;1;A01
201800016081;2;7;0;0;2;1;15;B01
201800016082;1;33;0;13;0;8;1;A01
201800016083;0;7;0;0;2;3;13;A01
201800016083;0;15;0;0;0;8;1;B01
201800016084;1;7;0;13;0;7;1;A01
201800016085;1;7;0;0;2;1;1;A01
201800016085;2;33;0;0;2;1;5;B01
201800016086;0;7;0;15;0;8;1;A01
201800016087;0;7;0;0;1;8;24;A01
201800016088;1;7;0;6;0;1;9;A01
201800016089;1;7;0;0;2;1;13;A01
201800016089;2;15;0;0;2;1;1;B01
201800016090;1;3;0;13;0;1;1;A01
201800016091;1;15;0;0;2;1;1;B01
201800016091;2;7;0;0;2;7;1;A01
201800016092;1;7;0;0;2;2;2;A01
201800016092;1;1;0;0;2;4;2;B01
201800016093;1;7;0;13;0;3;0;A01
201800016094;1;7;0;0;1;3;1;A01
201800016095;1;2;0;0;0;4;15;A01
201800016095;1;7;0;0;2;1;1;B01
201800016096;2;7;0;0;0;2;1;A01
201800016097;1;7;0;0;2;1;0;A01
201800016097;2;3;0;0;2;1;5;B01
201800016098;1;7;0;0;2;1;1;B01
201800016098;0;7;0;0;2;3;15;A01
201800016099;1;7;0;13;0;2;1;A01
201800016100;1;7;0;0;2;1;2;A01
201800016100;1;7;0;0;2;4;2;B01
201800016101;2;7;0;0;2;2;1;A01
201800016101;1;2;0;0;2;1;13;B01
201800016102;1;31;0;12;0;1;15;A01
201800016103;1;7;0;0;2;3;15;A01
201800016103;1;33;0;0;2;1;17;B01
201800016104;2;2;0;0;2;2;15;A01
201800016104;1;33;0;0;2;7;1;B01
201800016105;1;7;0;0;2;6;17;A01
201800016105;1;33;0;0;2;1;17;B01
201800016106;2;33;0;0;0;5;23;A01
201800016106;2;31;0;0;2;8;2;B01
201800016107;0;33;0;1;0;1;1;A01
201800016107;0;7;0;0;2;3;23;B01
201800016108;0;10;0;1;0;5;4;A01
201800016108;0;7;0;0;0;3;24;B01
201800016109;2;10;0;0;2;1;15;A01
201800016109;1;15;0;0;2;3;1;B01
201800016110;1;7;0;0;1;3;1;A01
201800016111;1;7;0;0;2;3;1;A01
201800016111;2;7;0;0;2;3;1;B01
201800016112;1;7;0;0;2;8;19;A01
201800016112;2;7;0;0;2;3;1;B01
201800016113;2;7;0;8;0;1;1;A01
201800016114;0;7;0;0;1;2;1;A01
201800016115;1;1;0;12;0;1;1;A01
201800016116;2;7;0;13;0;1;14;A01
201800016117;2;7;0;0;2;1;2;B01
201800016117;2;14;0;9;0;8;2;A01
201800016118;2;33;0;0;2;3;18;A01
201800016118;2;7;0;0;0;2;0;B01
201800016119;1;7;0;0;2;8;19;A01
201800016119;2;7;0;0;2;1;1;B01
201800016120;0;7;0;0;9;0;1;A01
201800016120;0;1;0;0;0;0;1;B01
201800016120;0;1;0;0;0;0;1;C01
201800016120;0;1;0;0;0;0;1;D01
201800016121;2;7;0;0;9;5;10;A01
201800016121;2;1;0;0;2;1;1;B01
201800016121;2;1;0;0;2;1;1;C01
201800016122;1;2;0;0;2;1;1;A01
201800016122;2;7;0;0;2;7;19;B01
201800016123;2;33;0;13;2;0;2;A01
201800016123;2;33;0;13;2;0;2;B01
201800016124;2;7;0;0;0;3;1;B01
201800016124;1;7;0;0;2;3;1;A01
201800016125;0;7;0;0;2;3;18;A01
201800016125;0;1;0;0;2;7;12;B02
201800016126;0;7;0;0;1;4;20;A01
201800016127;2;7;0;15;0;2;1;A01
201800016128;1;7;0;2;0;1;17;A01
201800016129;2;7;0;0;0;4;23;B01
201800016129;2;7;0;0;2;1;2;A01
201800016130;1;33;0;0;0;9;1;A01
201800016131;2;7;0;0;2;6;17;A01
201800016131;2;33;0;0;0;2;17;B01
201800016132;1;1;0;0;2;1;1;B01
201800016132;2;1;0;0;0;8;1;A01
201800016133;2;33;0;0;0;9;1;A01
201800016134;2;7;0;11;0;1;1;A01
201800016135;2;33;0;0;2;1;1;A01
201800016135;1;7;0;0;0;7;15;B01
201800016136;2;33;0;3;0;8;1;A01
201800016137;1;7;0;2;0;1;1;A01
201800016138;2;21;0;0;0;8;15;B01
201800016138;2;38;1;0;2;2;17;A01
201800016139;0;7;0;0;2;3;1;A01
201800016139;0;1;0;0;0;3;1;B01
201800016140;2;7;0;0;0;7;16;A01
201800016140;1;33;0;0;2;1;1;B01
201800016141;2;7;0;0;2;3;15;A01
201800016141;0;7;0;0;0;3;1;B01
201800016142;2;33;0;0;6;1;1;A01
201800016143;0;7;0;0;2;4;2;B01
201800016143;1;7;0;0;2;1;2;A01
201800016144;1;31;0;0;0;8;1;A01
201800016144;0;7;0;0;2;1;19;B01
201800016145;1;7;0;0;2;1;15;A01
201800016145;2;33;0;0;2;2;1;B01
201800016146;1;7;0;3;0;1;1;A01
201800016147;2;7;0;7;0;1;0;A01
201800016148;1;33;0;2;2;1;21;B01
201800016148;2;7;0;0;2;3;15;A01
201800016149;1;7;0;3;0;3;1;A01
201800016150;1;7;0;3;0;0;1;A01
201800016151;1;7;0;0;0;8;10;A01
201800016151;1;33;0;0;2;1;17;B01
201800016152;2;7;0;0;2;3;13;A01
201800016152;1;7;0;0;2;3;1;B01
201800016153;2;7;0;2;0;1;1;A01
201800016154;2;7;0;3;0;6;1;A01
201800016154;2;7;0;0;2;2;1;B01
201800016155;1;7;0;0;0;4;23;A01
201800016155;1;7;0;0;2;4;23;B01
201800016155;1;7;0;0;2;1;1;C01
201800016155;1;7;0;0;2;1;1;D01
201800016155;1;7;0;0;2;1;1;E01
201800016155;1;7;0;0;2;1;1;F01
201800016155;1;10;0;0;2;2;1;G01
201800016156;2;7;0;0;2;2;1;A01
201800016156;1;7;0;0;0;1;1;B01
201800016157;2;7;0;0;0;1;1;B01
201800016157;1;7;0;0;2;1;21;A01
201800016157;1;7;0;0;0;0;9;C01
201800016158;1;7;0;13;0;1;17;A01
201800016159;2;7;0;1;0;2;1;A01
201800016160;1;7;0;2;0;2;1;A01
201800016161;1;7;0;0;2;8;17;B01
201800016161;2;1;0;0;2;3;1;A01
201800016162;1;10;0;0;0;4;23;B01
201800016162;1;7;0;0;2;1;1;A01
201800016163;1;7;0;0;0;3;9;A01
201800016163;1;7;0;0;2;1;1;B01
201800016164;1;7;0;0;1;7;1;A01
201800016165;1;7;0;0;2;1;15;A01
201800016165;2;1;0;0;0;8;15;B01
201800016166;2;7;0;0;0;0;9;A01
201800016166;1;33;0;0;0;0;21;B01
201800016167;1;2;0;0;0;8;1;A01
201800016167;2;7;0;0;0;3;1;B01
201800016168;1;7;0;0;0;3;1;B01
201800016168;2;7;0;0;2;1;1;A01
201800016169;2;7;0;14;0;1;1;A01
201800016169;1;7;0;14;0;1;1;B01
201800016170;1;7;0;2;0;2;1;A01
201800016171;2;7;0;8;0;1;1;A01
201800016172;1;7;0;0;0;2;15;B01
201800016172;2;33;0;3;2;2;1;A01
201800016173;2;31;0;6;0;8;1;A01
201800016174;1;7;0;2;0;5;17;A01
201800016175;1;7;0;2;0;1;1;A01
201800016176;2;7;0;0;0;7;1;A01
201800016176;2;1;0;0;2;1;16;B01
201800016177;2;7;0;0;0;1;10;A01
201800016177;2;31;0;0;2;1;1;B01
201800016178;1;30;0;0;0;9;1;A01
201800016179;2;7;0;2;0;2;1;A01
201800016180;1;15;0;0;2;1;1;B01
201800016180;1;1;0;0;2;7;15;A01
201800016181;2;7;0;0;6;2;1;A01
201800016181;1;7;0;0;2;1;1;B01
201800016182;1;7;0;0;2;3;15;A01
201800016182;1;33;0;0;0;7;17;B01
201800016183;1;7;0;0;0;9;1;A01
201800016184;1;15;0;0;2;2;1;A01
201800016184;2;7;0;0;0;8;15;B01
201800016185;1;7;0;15;0;2;1;A01
201800016186;1;7;0;0;2;1;1;A01
201800016186;1;21;0;0;0;4;23;B01
201800016187;2;2;0;0;2;1;1;B01
201800016187;1;3;0;0;0;6;15;A01
201800016188;0;10;0;0;1;1;15;A01
201800016189;2;1;0;0;0;4;2;A01
201800016189;2;1;0;0;9;1;2;B01
201800016190;2;33;0;0;0;0;1;A01
201800016191;1;13;0;2;0;1;1;A01
201800016192;1;7;0;13;0;1;1;A01
201800016193;2;7;0;2;0;1;1;A01
201800016194;1;7;0;0;2;1;1;A01
201800016194;2;7;0;0;2;1;1;B01
201800016195;2;34;0;0;0;9;1;A01
201800016196;1;7;0;2;0;1;21;A01
201800016197;2;7;0;13;0;2;1;A01
201800016198;1;2;0;0;2;1;15;A01
201800016198;2;7;0;0;0;8;1;B01
201800016199;1;33;0;0;2;1;1;B01
201800016199;2;7;0;0;2;3;1;A01
201800016200;1;7;0;0;1;7;17;A01
201800016201;2;7;0;2;0;1;1;A01
201800016202;2;7;0;0;0;9;1;A01
201800016203;1;7;0;0;0;6;1;A01
201800016203;1;7;0;0;2;2;12;B01
201800016204;1;7;0;0;0;1;1;A01
201800016205;1;30;0;0;0;9;1;A01
201800016206;1;1;0;0;0;1;5;B01
201800016206;1;7;0;0;2;2;9;A01
201800016207;2;1;0;0;2;2;1;A01
201800016207;2;2;0;0;0;6;1;B01
201800016208;1;7;0;0;1;7;1;A01
201800016209;1;99;0;0;1;2;0;A01
201800016210;1;7;0;0;0;3;9;A01
201800016210;2;2;0;0;0;1;1;B01
201800016211;1;31;0;0;6;1;1;A01
201800016212;1;7;0;9;0;8;1;A01
201800016213;2;7;0;0;2;8;15;A01
201800016213;2;1;0;0;0;7;17;B01
201800016214;1;10;0;0;2;3;2;B01
201800016214;2;7;0;0;2;1;5;A01
201800016215;2;30;0;12;0;1;1;A01
201800016216;2;10;0;0;2;2;15;A01
201800016216;1;31;0;0;2;3;1;B01
201800016217;2;7;0;0;1;2;1;A01
201800016218;2;7;0;0;2;7;15;A01
201800016218;1;1;0;0;2;1;1;B01
201800016219;2;7;0;0;2;3;15;A01
201800016219;2;32;0;0;0;1;1;B01
201800016220;1;7;0;7;0;9;1;A01
201800016221;2;10;0;0;2;2;15;A01
201800016221;2;7;0;0;2;1;1;C01
201800016221;1;33;0;0;2;1;1;B01
201800016222;1;7;0;0;2;2;15;A01
201800016222;2;7;0;0;2;1;1;B01
201800016222;2;7;0;0;0;3;23;C01
201800016223;1;7;0;0;1;1;1;A01
201800016224;1;7;0;2;0;3;1;A01
201800016225;1;7;0;0;2;3;1;A01
201800016225;2;7;0;0;0;3;1;B01
201800016226;1;2;0;0;0;9;16;A01
201800016227;1;7;0;2;0;1;1;A01
201800016228;2;7;0;0;0;4;1;A01
201800016228;2;1;0;0;2;1;1;B01
201800016229;2;37;50;0;1;7;9;A01
201800016230;1;31;0;0;2;1;1;A01
201800016230;2;7;0;0;2;2;15;B01
201800016231;1;7;0;0;2;1;5;A01
201800016231;2;7;0;0;2;1;1;B01
201800016232;0;7;0;0;0;4;1;A01
201800016232;0;7;0;0;0;1;1;B01
201800016233;2;1;0;0;2;1;9;B01
201800016233;1;7;0;0;2;2;1;A01
201800016234;1;7;0;13;2;1;19;A01
201800016234;2;7;0;0;0;7;1;B01
201800016235;0;7;0;0;1;2;1;A01
201800016236;2;7;0;0;1;1;1;A01
201800016237;0;7;0;0;2;1;1;A01
201800016237;0;10;0;0;0;4;1;B01
201800016238;1;33;0;0;0;9;16;A01
201800016239;1;1;0;0;0;4;1;A01
201800016239;1;7;0;0;2;2;1;B01
201800016240;2;7;0;0;1;1;23;A01
201800016240;2;14;0;0;0;6;23;B01
201800016241;2;1;0;0;2;1;1;A01
201800016241;2;7;0;0;0;5;15;B01
201800016242;2;15;0;0;0;4;1;A01
201800016242;1;15;0;0;2;3;1;C01
201800016243;0;2;0;0;2;1;1;A01
201800016243;0;2;0;0;0;4;1;B01
201800016244;1;10;0;6;0;3;1;A01
201800016245;2;7;0;0;2;3;9;A01
201800016245;2;31;0;0;0;4;1;B01
201800016246;0;13;0;0;0;1;1;B01
201800016246;0;2;0;0;2;1;1;A01
201800016247;0;1;0;0;6;0;1;A01
201800016248;2;1;0;0;0;4;1;B01
201800016248;2;7;0;0;2;1;9;A01
201800016249;1;7;0;0;0;6;10;A01
201800016249;1;7;0;0;2;1;1;B01
201800016250;1;7;0;0;2;1;1;A01
201800016250;1;21;0;0;0;4;1;B01
201800016251;2;7;0;0;2;1;1;B01
201800016251;1;7;0;0;2;2;15;A01
201800016252;1;7;0;2;0;2;14;A01
201800016253;2;7;0;1;0;1;1;A01
201800016254;1;7;0;0;2;3;1;B01
201800016254;2;7;0;0;2;1;0;A01
201800016255;2;7;0;2;0;0;14;A01
201800016256;2;7;0;0;2;3;13;A01
201800016256;1;7;0;0;2;3;1;B01
201800016257;2;7;0;9;0;1;13;A01
201800016258;1;17;0;2;0;1;1;A01
201800016259;2;31;0;1;0;1;1;A01
201800016260;1;7;0;0;2;1;1;A01
201800016260;1;1;0;0;0;4;0;B01
201800016261;2;33;0;0;2;1;1;B01
201800016261;2;7;0;0;0;3;9;A01
201800016262;2;30;0;0;2;1;1;B01
201800016262;1;7;0;0;0;2;15;A01
201800016263;2;1;0;0;2;1;1;B01
201800016263;2;7;0;0;0;6;17;A01
201800016264;1;33;0;4;0;2;1;A01
201800016265;1;33;0;0;2;4;1;A01
201800016265;2;1;0;0;2;1;1;B01
201800016266;1;7;0;12;0;2;16;A01
201800016267;2;7;0;2;0;1;0;A01
201800016268;2;7;0;0;2;3;0;A01
201800016268;1;7;0;0;2;5;0;B01
201800016268;1;7;0;0;2;1;0;C01
201800016269;2;7;0;2;0;1;13;A01
201800016270;0;7;0;2;0;1;1;A01
201800016271;1;7;0;13;0;2;1;A01
201800016271;2;7;0;0;1;1;1;B01
201800016272;2;7;0;13;0;4;0;A01
201800016273;2;7;0;2;0;2;1;A01
201800016274;2;13;0;0;9;1;5;A01
201800016274;1;33;0;0;2;1;1;B01
201800016275;2;14;0;0;2;1;1;A01
201800016275;1;33;0;0;2;1;13;B01
201800016276;1;1;0;0;0;4;2;A01
201800016276;1;7;0;0;2;2;1;B01
201800016277;2;15;0;0;0;0;1;A01
201800016277;1;7;0;0;9;1;1;B01
201800016278;1;7;0;0;2;2;17;A01
201800016278;1;31;0;0;2;8;15;B01
201800016279;1;7;0;2;0;0;0;A01
201800016280;1;7;0;13;0;3;1;A01
201800016281;0;7;0;0;2;1;1;A01
201800016281;0;33;0;0;2;8;1;B01
201800016282;2;33;0;0;2;8;1;B01
201800016282;1;7;0;0;2;3;13;A01
201800016283;1;7;0;0;0;2;0;A01
201800016283;2;7;0;0;2;1;2;B01
201800016284;2;33;0;6;0;0;0;A01
201800016285;2;33;0;13;0;3;1;A01
201800016286;0;7;0;2;0;1;13;A01
201800016287;1;7;0;0;2;2;10;A01
201800016287;2;33;0;0;2;1;1;B01
201800016288;1;7;0;0;0;1;1;A01
201800016289;1;7;0;3;0;1;13;A01
201800016290;2;33;0;0;0;1;1;A01
201800016291;1;7;0;0;0;0;1;A01
201800016292;1;7;0;8;0;1;0;A01
201800016293;1;7;0;0;2;3;15;A01
201800016293;2;1;0;0;2;1;1;B01
201800016294;2;21;0;0;0;0;1;A01
201800016295;1;7;0;0;2;3;17;B01
201800016295;2;7;0;0;2;3;1;A01
201800016296;1;7;0;0;2;3;13;A01
201800016296;2;7;0;0;2;3;1;B01
201800016297;2;33;0;0;0;0;1;A01
201800016297;2;7;0;0;9;5;11;B01
201800016298;2;7;0;0;2;1;13;A01
201800016298;1;33;0;0;2;8;1;B01
201800016299;2;7;0;13;0;2;1;A01
201800016300;1;7;0;0;2;1;1;B01
201800016300;1;7;0;0;2;3;19;A01
201800016301;0;1;0;0;0;4;0;A01
201800016301;0;7;0;0;2;2;0;B01
201800016302;2;7;0;2;0;1;15;A01
201800016303;2;7;0;0;2;1;1;B01
201800016303;1;7;0;0;2;1;1;A01
201800016304;2;7;0;2;0;1;1;A01
201800016305;2;7;0;0;1;2;1;A01
201800016306;0;13;0;0;1;1;0;A01
201800016307;1;2;0;2;0;1;1;A01
201800016308;2;7;0;0;2;3;1;B01
201800016308;1;7;0;0;2;3;1;A01
201800016309;1;7;0;0;2;1;17;A01
201800016309;1;7;0;0;2;6;15;B01
201800016310;0;7;0;13;0;9;14;A01
201800016311;2;10;0;0;1;7;1;A01
201800016312;2;7;0;0;1;1;1;A01
201800016313;1;34;0;0;0;0;1;A01
201800016314;1;7;0;2;0;1;1;A01
201800016315;0;7;0;13;0;3;1;A01
201800016316;0;7;0;2;0;8;2;A01
201800016317;0;2;0;0;0;0;1;A01
201800016318;0;7;0;13;0;2;21;A01
201800016319;0;33;0;13;0;1;1;A01
201800016320;1;7;0;15;0;1;1;A01
201800016321;0;31;0;0;2;3;1;A01
201800016321;0;7;0;0;2;6;1;B01
201800016322;0;34;0;0;0;7;20;A01
201800016323;0;31;0;10;0;2;1;A01
201800016324;0;7;0;0;0;5;15;A01
201800016324;0;2;0;0;0;1;1;B01
201800016325;1;7;0;0;2;1;1;A01
201800016325;1;38;1;0;2;1;1;B01
201800016326;2;7;0;0;9;1;1;A01
201800016326;2;1;0;0;9;4;1;B01
201800016327;0;7;0;1;1;6;20;A01
201800016328;1;10;0;0;0;8;16;A01
201800016328;2;10;0;0;2;1;1;B01
201800016329;1;7;0;0;0;3;1;A01
201800016330;1;33;0;0;2;1;1;A01
201800016330;2;7;0;0;2;8;9;B01
201800016331;2;10;0;0;2;3;13;A01
201800016331;1;7;0;0;2;3;1;B01
201800016332;1;7;0;0;2;3;1;A01
201800016332;0;7;0;0;2;8;15;B01
201800016333;1;7;0;0;2;2;1;A01
201800016333;1;2;0;0;0;4;15;B01
201800016334;1;7;0;2;0;1;1;A01
201800016335;0;7;0;0;2;1;1;A01
201800016335;0;2;0;0;2;4;1;B01
201800016335;0;7;0;0;2;1;1;C01
201800016336;2;10;0;2;0;1;1;A01
201800016337;1;7;0;0;2;3;21;A01
201800016337;2;7;0;0;2;3;13;B01
201800016338;1;7;0;0;2;3;19;B01
201800016338;0;7;0;0;2;2;1;A01
201800016339;1;7;0;13;0;8;1;A01
201800016340;0;33;0;0;0;0;1;A01
201800016341;1;7;0;2;0;2;0;A01
201800016342;1;7;0;0;1;3;1;A01
201800016343;2;7;0;15;0;2;14;A01
201800016344;2;7;0;2;0;2;2;A01
201800016345;1;7;0;0;1;2;15;A01
201800016346;1;7;0;15;0;2;15;A01
201800016347;2;7;0;13;0;3;1;A01
201800016348;1;7;0;0;1;2;9;A01
201800016349;2;7;0;0;2;1;15;A01
201800016349;1;31;0;0;2;1;1;B01
201800016350;0;7;0;0;2;8;15;A01
201800016350;0;2;0;0;2;1;1;B01
201800016351;0;2;0;0;2;1;0;B01
201800016351;0;7;0;1;2;2;0;A01
201800016352;1;7;0;0;1;1;1;A01
201800016353;1;7;0;0;2;8;1;C01
201800016353;1;7;0;0;2;1;1;B01
201800016353;2;7;0;0;2;1;13;A01
201800016354;1;1;0;0;2;1;9;B01
201800016354;1;7;0;0;2;7;1;A01
201800016355;0;7;0;0;2;3;17;A01
201800016355;0;31;0;0;2;1;1;B01
201800016356;2;1;0;1;0;1;1;A01
201800016357;2;7;0;0;1;3;1;A01
201800016358;0;7;0;9;0;0;1;A01
201800016359;2;7;0;0;1;2;1;A01
201800016360;0;31;0;6;0;7;15;A01
201800016361;0;2;0;0;0;7;1;A01
201800016362;0;7;0;0;1;2;1;A01
201800016363;0;7;0;0;0;0;10;B01
201800016363;0;33;0;0;0;1;1;A01
201800016364;0;7;0;0;0;3;1;A01
201800016364;0;7;0;13;0;7;1;B01
201800016365;2;7;0;0;2;3;1;A01
201800016365;1;7;0;0;2;3;1;B01
201800016366;1;7;0;0;0;0;1;A01
201800016367;2;7;0;0;2;2;17;A01
201800016367;2;7;0;0;2;6;1;B01
201800016367;1;7;0;0;2;1;1;C01
201800016368;0;7;0;0;1;1;1;A01
201800016369;0;32;0;0;2;1;3;A01
201800016369;0;7;0;0;2;6;1;B01
201800016369;0;7;0;0;2;3;1;C01
201800016370;1;7;0;5;9;8;1;A01
201800016371;0;7;0;0;2;1;5;A01
201800016371;0;7;0;0;2;1;1;B01
201800016372;0;7;0;6;0;3;1;A01
201800016373;0;7;0;0;2;1;2;B01
201800016373;0;17;0;0;0;4;2;A01
201800016374;2;7;0;8;0;1;13;A01
201800016375;2;7;0;0;2;1;13;A01
201800016375;1;7;0;0;2;1;1;B01
201800016376;1;10;0;13;0;2;1;A01
201800016377;2;7;0;0;2;8;15;A01
201800016377;1;33;0;0;2;1;1;B01
201800016378;2;7;0;0;2;6;17;A01
201800016378;2;33;0;0;2;7;17;B01
201800016379;2;7;0;7;0;1;1;A01
201800016380;1;10;0;0;2;3;13;A01
201800016380;2;7;0;0;2;3;21;B01
201800016381;1;7;0;0;0;7;15;A01
201800016381;2;33;0;0;2;1;1;B01
201800016382;2;7;0;0;2;3;15;A01
201800016382;1;2;0;0;2;1;1;B01
201800016383;2;7;0;0;2;1;13;A01
201800016383;1;7;0;0;2;1;1;B01
201800016384;2;7;0;8;0;0;1;A01
201800016385;2;7;0;0;2;0;2;A01
201800016385;2;7;0;0;2;5;2;B01
201800016386;0;30;0;0;2;2;1;B01
201800016386;0;7;0;0;2;3;13;A01
201800016387;1;7;0;0;2;4;2;C01
201800016387;1;7;0;0;2;1;2;A01
201800016387;1;7;0;0;0;4;2;B01
201800016388;1;7;0;0;2;2;15;A01
201800016388;2;31;0;0;2;3;1;B01
201800016389;2;7;0;2;0;3;1;A01
201800016390;1;33;0;8;0;0;1;A01
201800016391;0;7;0;0;2;3;15;A01
201800016391;0;30;0;0;2;7;1;B01
201800016392;2;1;0;0;2;1;1;B01
201800016392;1;7;0;0;0;8;19;A01
201800016393;1;7;0;2;0;1;14;A01
201800016394;2;7;0;6;0;1;1;A01
201800016395;1;7;0;13;0;2;1;A01
201800016396;0;7;0;0;2;3;1;A01
201800016396;0;33;0;0;2;7;1;B01
201800016397;2;7;0;0;1;2;1;A01
201800016398;0;7;0;0;2;8;1;B01
201800016398;1;7;0;0;2;1;19;A01
201800016399;1;7;0;2;0;1;13;A01
201800016400;0;36;0;12;0;1;16;A01
201800016401;2;7;0;0;2;5;15;A01
201800016401;2;33;0;0;0;1;1;B01
201800016402;1;7;0;0;2;7;17;B01
201800016402;2;7;0;0;2;0;5;C01
201800016402;2;7;0;0;2;0;5;D01
201800016402;1;7;0;0;2;8;17;A01
201800016403;1;7;0;0;0;3;0;A01
201800016404;1;7;0;0;2;1;19;A01
201800016404;1;7;0;7;2;3;1;B01
201800016405;2;7;0;13;2;3;1;B01
201800016405;0;7;0;13;2;7;19;A01
201800016406;2;7;0;16;2;1;1;A01
201800016406;0;7;0;0;2;3;1;B01
201800016407;0;7;0;0;1;1;1;A01
201800016408;2;7;0;0;1;1;1;A01
201800016409;0;10;0;13;0;2;1;A01
201800016410;1;33;0;0;6;3;21;A01
201800016411;2;7;0;13;0;0;1;A01
201800016412;1;7;0;13;0;2;1;A01
201800016413;0;7;0;0;2;2;15;A01
201800016413;0;7;0;0;2;1;1;B01
201800016414;1;1;0;0;0;5;1;A01
201800016414;1;7;0;0;9;2;0;B01
201800016415;1;7;0;0;1;1;1;A01
201800016416;2;7;0;0;2;2;1;B01
201800016416;2;7;0;0;2;3;9;A01
201800016417;2;15;0;0;2;6;1;A01
201800016417;1;7;0;0;2;3;1;B01
201800016418;2;7;0;0;2;1;17;A01
201800016418;1;7;0;0;0;1;1;B01
201800016418;1;17;0;0;2;8;1;C01
201800016419;0;7;0;0;1;3;1;A01
201800016420;1;7;0;2;0;7;1;A01
201800016421;1;7;0;0;2;3;1;B01
201800016421;0;7;0;0;2;8;19;A01
201800016422;0;34;0;0;2;7;17;B01
201800016422;0;7;0;0;2;8;15;A01
201800016423;2;7;0;0;2;3;13;A01
201800016423;1;7;0;0;2;3;1;B01
201800016424;0;2;0;0;0;1;21;A01
201800016425;2;17;0;0;1;1;16;A01
201800016426;1;7;0;0;0;0;0;A01
201800016427;1;7;0;0;1;1;13;A01
201800016428;1;2;0;0;2;1;13;A01