num_acc;senc;catv;occutc;obs;obsm;choc;manv;num_veh
201800016828;0;1;0;0;2;8;0;B01
201800016829;2;7;0;0;2;2;1;A01
201800016829;2;1;0;0;0;4;0;B01
201800016830;2;33;0;0;2;1;1;B01
201800016830;1;7;0;0;2;7;15;A01
201800016831;0;7;0;0;1;3;1;A01
201800016832;0;7;0;16;0;0;1;A01
201800016833;2;7;0;0;2;3;1;A01
201800016833;1;7;0;0;2;1;1;C01
201800016833;1;7;0;0;2;3;1;B01
201800016834;2;7;0;0;1;7;1;A01
201800016835;0;7;0;8;0;1;14;A01
201800016836;1;33;0;0;2;2;17;B01
201800016836;1;7;0;0;0;6;15;A01
201800016837;2;21;0;0;2;6;15;B01
201800016837;2;33;0;0;2;1;17;A01
201800016838;1;2;0;1;0;7;1;A01
201800016839;2;7;0;0;2;3;14;B01
201800016839;1;10;0;0;2;2;17;A01
201800016840;0;7;0;0;2;3;1;B01
201800016840;0;30;0;0;2;7;1;A01
201800016841;0;7;0;16;0;1;1;A01
201800016842;0;7;0;2;0;3;2;A01
201800016843;2;7;0;13;0;1;2;A01
201800016844;0;2;0;13;0;1;15;A01
201800016845;2;7;0;0;2;1;13;A01
201800016845;1;7;0;0;2;1;0;B01
201800016846;0;33;0;0;2;1;1;B01
201800016846;0;7;0;0;2;3;19;A01
201800016847;1;7;0;0;9;2;1;A01
201800016847;1;1;0;0;0;4;1;B01
201800016848;1;7;0;2;0;2;1;A01
201800016849;0;99;0;0;2;0;0;R01
201800016849;2;10;0;0;2;2;2;A01
201800016850;1;10;0;2;0;2;1;A01
201800016851;1;7;0;0;2;3;1;B01
201800016851;1;32;0;0;2;1;1;A01
201800016852;1;7;0;13;0;1;1;A01
201800016853;0;33;0;0;0;0;0;A01
201800016854;0;7;0;0;2;1;15;A01
201800016854;0;33;0;0;2;1;1;B01
201800016855;0;7;0;13;0;0;0;A01
201800016856;0;1;0;0;2;7;19;A01
201800016856;0;7;0;0;9;1;1;B01
201800016857;2;33;0;13;0;9;1;A01
201800016858;1;7;0;0;0;2;1;A01
201800016858;2;2;0;0;2;1;5;B01
201800016859;2;7;0;6;0;7;0;A01
201800016860;0;7;0;0;2;1;19;A01
201800016860;1;33;0;0;2;7;1;B01
201800016861;0;7;0;0;9;5;17;A01
201800016861;0;1;0;0;2;6;0;B01
201800016862;2;33;0;0;2;3;1;B01
201800016862;1;7;0;0;2;7;15;A01
201800016863;0;7;0;4;0;3;1;A01
201800016864;0;2;0;0;2;3;1;A01
201800016864;0;7;0;0;2;3;17;B01
201800016865;0;30;0;0;2;1;1;B01
201800016865;0;7;0;0;2;7;15;A01
201800016866;0;7;0;0;1;2;1;A01
201800016867;2;2;0;0;0;8;1;A01
201800016868;0;7;0;0;2;1;1;B01
201800016868;0;2;0;0;2;1;1;A01
201800016869;0;33;0;0;2;8;1;B01
201800016869;0;7;0;0;2;3;15;A01
201800016870;2;7;0;13;0;1;1;A01
201800016871;0;7;0;5;0;0;0;A01
201800016872;0;33;0;0;2;1;1;B01
201800016872;0;7;0;0;2;2;15;A01
201800016873;0;31;0;0;2;8;1;A01
201800016873;0;10;0;0;2;1;1;B01
201800016874;0;7;0;2;0;2;2;A01
201800016875;0;7;0;0;2;8;15;A01
201800016875;0;1;0;0;2;8;1;B01
201800016876;0;33;0;0;0;0;0;A01
201800016877;0;7;0;0;2;1;1;B01
201800016877;0;7;0;0;2;2;15;A01
201800016878;2;7;0;0;2;1;1;C01
201800016878;1;7;0;0;2;2;13;A01
201800016878;2;7;0;0;2;2;13;B01
201800016879;2;2;0;6;0;1;2;A01
201800016880;1;7;0;0;2;3;5;A01
201800016880;2;7;0;0;2;3;1;B01
201800016881;0;7;0;2;0;2;1;A01
201800016882;0;7;0;8;0;8;1;A01
201800016883;0;2;0;0;2;1;15;A01
201800016883;0;10;0;0;2;2;1;B01
201800016884;1;7;0;0;2;8;1;C01
201800016884;2;7;0;0;2;3;1;B01
201800016884;1;7;0;3;2;3;13;A01
201800016885;2;7;0;0;9;7;1;A01
201800016885;2;1;0;0;2;8;1;C01
201800016885;2;7;0;0;9;2;1;B01
201800016886;0;2;0;0;0;0;0;A01
201800016887;2;7;0;0;2;2;2;C01
201800016887;2;7;0;0;2;8;1;B01
201800016887;1;7;0;0;2;3;1;A01
201800016888;2;31;0;0;6;1;0;A01
201800016889;1;7;0;0;2;2;1;C01
201800016889;1;7;0;0;2;2;1;A01
201800016889;1;7;0;2;0;6;1;B01
201800016890;1;7;0;2;0;7;13;A01
201800016891;1;7;0;0;2;1;1;B01
201800016891;1;7;0;7;2;7;2;A01
201800016892;0;38;1;0;1;2;9;A01
201800016893;1;7;0;0;9;3;16;B01
201800016893;1;1;0;0;2;2;1;A01
201800016894;0;7;0;0;2;8;1;B01
201800016894;0;7;0;0;2;1;1;A01
201800016895;0;7;0;0;9;1;1;B01
201800016895;0;1;0;0;2;7;0;A01
201800016896;0;7;0;13;0;2;1;A01
201800016897;0;7;0;0;9;1;15;A01
201800016897;0;1;0;0;2;1;1;B01
201800016898;1;21;0;13;0;4;1;A01
201800016899;0;3;0;0;2;1;15;B01
201800016899;0;7;0;0;2;5;1;A01
201800016900;2;7;0;0;2;1;1;B01
201800016900;1;7;0;0;2;7;13;A01
201800016901;1;7;0;13;0;1;1;A01
201800016902;0;32;0;13;0;8;1;A01
201800016903;1;7;0;0;2;1;9;A01
201800016903;0;2;0;0;2;7;1;B01
201800016904;0;7;0;0;2;2;1;B01
201800016904;0;7;0;3;2;3;17;A01
201800016905;2;7;0;8;9;2;0;A01
201800016906;1;7;0;13;0;1;1;A01
201800016907;2;33;0;0;0;4;1;B01
201800016907;2;7;0;0;2;1;1;A01
201800016908;0;1;0;0;2;0;19;B01
201800016908;0;7;0;0;2;2;1;A01
201800016909;1;7;0;0;2;3;1;B01
201800016909;2;10;0;0;2;3;5;A01
201800016910;0;2;0;0;2;1;1;A01
201800016910;0;7;0;0;0;5;15;B01
201800016911;0;7;0;0;2;3;20;B01
201800016911;0;33;0;0;2;1;1;A01
201800016912;0;10;0;0;0;3;1;A01
201800016912;0;33;0;0;0;8;13;B01
201800016913;0;1;0;0;2;8;15;A01
201800016913;0;7;0;0;9;2;1;B01
201800016914;1;7;0;13;0;0;1;A01
201800016915;1;7;0;0;0;9;1;A01
201800016916;0;7;0;0;2;2;1;A01
201800016916;0;1;0;0;2;8;19;B01
201800016917;2;7;0;0;0;3;24;B01
201800016917;2;7;0;1;1;2;14;A01
201800016918;1;7;0;0;2;3;1;B01
201800016918;1;7;0;0;2;2;19;A01
201800016919;2;33;0;0;0;0;1;A01
201800016920;0;7;0;0;2;3;19;A01
201800016920;0;7;0;13;2;2;1;B01
201800016921;0;33;0;0;0;0;0;A01
201800016922;0;2;0;14;0;1;1;A01
201800016923;1;7;0;0;2;3;1;B01
201800016923;2;7;0;0;2;3;13;A01
201800016924;0;33;0;0;0;8;12;A01
201800016925;0;7;0;0;1;2;1;A01
201800016926;0;7;0;0;2;1;5;A01
201800016926;0;7;0;0;2;1;1;B01
201800016927;1;7;0;0;1;3;1;B01
201800016928;0;7;0;0;2;2;1;C01
201800016928;0;7;0;3;2;1;1;B01
201800016928;0;7;0;0;2;1;13;A01
201800016929;2;7;0;0;9;2;2;A01
201800016929;2;1;0;0;2;6;1;B01
201800016930;0;7;0;0;1;3;1;A01
201800016931;0;7;0;0;2;3;1;B01
201800016931;0;7;0;0;0;8;23;C01
201800016931;0;10;0;0;2;8;15;A01
201800016932;0;33;0;0;2;1;1;B01
201800016932;0;7;0;0;2;8;15;A01
201800016933;0;33;0;0;2;3;1;B01
201800016933;0;7;0;0;2;2;15;A01
201800016934;0;7;0;0;2;1;1;B01
201800016934;0;7;0;0;0;8;15;A01
201800016935;0;2;0;0;2;1;1;B01
201800016935;0;7;0;0;2;3;1;A01
201800016936;1;33;0;0;6;1;1;A01
201800016937;0;7;0;0;1;1;16;A01
201800016938;1;7;0;0;2;1;13;A01
201800016938;2;7;0;0;2;1;1;B01
201800016939;1;7;0;0;0;2;16;A01
201800016939;1;30;0;0;2;1;18;B01
201800016940;1;7;0;0;1;1;1;A01
201800016941;2;7;0;0;1;3;1;A01
201800016942;2;2;0;0;2;1;13;A01
201800016942;1;7;0;0;2;3;1;B01
201800016943;2;7;0;2;0;1;0;A01
201800016944;1;3;0;0;1;1;1;A01
201800016945;2;7;0;14;0;1;1;A01
201800016946;2;2;0;0;2;3;1;B01
201800016946;1;7;0;0;2;2;1;A01
201800016947;2;7;0;0;1;2;13;A01
201800016948;1;7;0;0;2;3;1;A01
201800016948;2;10;0;0;2;3;1;B01
201800016949;1;7;0;0;1;1;1;A01
201800016950;0;7;0;0;1;2;2;A01
201800016951;2;31;0;0;6;1;1;A01
201800016952;1;7;0;0;2;1;1;A01
201800016952;0;10;0;0;2;8;9;B01
201800016953;0;33;0;6;0;8;9;A01
201800016954;0;31;0;0;0;7;1;B01
201800016954;0;7;0;0;2;1;9;A01
201800016955;2;7;0;13;0;1;0;A01
201800016956;1;7;0;0;0;3;1;A01
201800016957;2;7;0;0;1;3;1;A01
201800016958;1;7;0;2;0;3;1;A01
201800016959;1;7;0;13;0;1;1;A01
201800016960;1;34;0;3;0;7;0;A01
201800016961;1;36;0;13;0;8;1;A01
201800016962;2;33;0;0;2;1;2;A01
201800016962;2;7;0;0;2;4;2;B01
201800016963;1;7;0;13;0;1;1;A01
201800016964;1;99;0;0;2;2;1;A01
201800016964;1;1;0;0;2;4;1;B01
201800016965;1;33;0;0;0;0;14;A01
201800016966;2;7;0;2;0;2;0;A01
201800016967;1;33;0;0;2;1;17;A01
201800016967;1;21;0;0;0;3;15;B01
201800016968;2;7;0;0;2;2;13;A01
201800016968;2;7;0;0;2;1;1;B01
201800016969;1;7;0;13;0;1;17;A01
201800016970;1;33;0;0;0;0;1;A01
201800016971;2;7;0;0;2;2;1;B01
201800016971;1;7;0;0;2;3;19;A01
201800016972;2;7;0;4;2;3;1;B01
201800016972;1;10;0;0;2;3;1;A01
201800016973;1;7;0;2;0;3;1;A01
201800016974;1;7;0;2;0;1;1;A01
201800016975;1;7;0;13;0;8;0;A01
201800016976;2;7;0;2;0;1;0;A01
201800016977;1;7;0;6;0;2;0;A01
201800016978;1;7;0;0;0;0;0;A01
201800016979;1;33;0;0;2;2;1;B01
201800016979;2;7;0;0;2;1;15;A01
201800016980;2;15;0;0;0;4;15;B01
201800016980;2;10;0;13;0;1;2;A01
201800016981;2;7;0;6;0;2;0;A01
201800016982;2;7;0;0;2;1;11;A01
201800016982;1;7;0;0;2;1;14;B01
201800016983;0;21;0;0;0;0;1;A01
201800016984;0;31;0;0;0;1;1;A01
201800016985;0;2;0;1;0;7;1;A01
201800016986;2;7;0;2;0;9;13;A01
201800016987;0;7;0;13;0;1;14;A01
201800016988;1;7;0;15;2;0;17;B01
201800016988;1;10;0;0;2;6;1;C01
201800016989;2;7;0;0;2;3;13;A01
201800016989;1;7;0;0;2;3;1;B01
201800016990;2;7;0;0;2;1;19;A01
201800016990;1;7;0;0;2;8;1;B01
201800016991;1;33;0;3;0;1;1;A01
201800016992;2;7;0;0;2;2;15;A01
201800016992;1;7;0;0;2;1;1;B01
201800016993;2;7;0;15;0;2;21;A01
201800016994;0;7;0;0;2;3;1;A01
201800016994;0;2;0;0;2;1;13;B01
201800016995;0;1;0;0;0;0;1;A01
201800016996;1;7;0;0;2;2;1;B01
201800016996;0;7;0;0;2;3;16;A01
201800016997;1;7;0;0;2;7;17;A01
201800016997;1;7;0;0;2;8;15;B01
201800016998;1;7;0;0;2;3;1;A01
201800016998;0;21;0;0;0;6;15;B01
201800016999;2;7;0;15;0;9;14;A01
201800017000;1;7;0;13;0;1;14;A01
201800017001;1;2;0;0;2;1;2;A01
201800017001;1;7;0;0;2;5;23;B01
201800017002;0;2;0;0;2;3;1;A01
201800017002;0;10;0;0;2;3;15;B01
201800017003;2;7;0;0;2;1;1;A01
201800017003;2;7;0;0;2;4;15;B01
201800017004;2;7;0;0;1;2;1;A01
201800017005;0;33;0;0;0;0;1;A01
201800017006;1;10;0;0;2;3;1;A01
201800017006;2;10;0;0;2;2;15;B01
201800017006;2;7;0;0;2;3;1;C01
201800017007;2;7;0;13;0;1;1;A01
201800017008;1;7;0;15;0;1;14;A01
201800017009;2;7;0;0;2;1;1;A01
201800017009;1;7;0;0;2;1;13;B01
201800017010;2;7;0;0;1;2;1;A01
201800017011;1;7;0;2;0;0;14;A01
201800017012;2;1;0;16;0;7;1;A01
201800017013;1;10;0;0;2;1;1;B01
201800017013;1;7;0;0;2;8;19;A01
201800017014;2;7;0;8;0;1;1;A01
201800017015;1;33;0;15;0;7;1;A01
201800017016;1;7;0;0;2;2;13;A01
201800017016;2;7;0;0;2;1;1;B01
201800017017;2;7;0;0;1;3;1;A01
201800017018;1;7;0;0;2;4;15;A01
201800017018;1;7;0;0;2;1;1;B01
201800017019;2;7;0;0;1;2;16;A01
201800017020;1;7;0;8;0;3;13;A01
201800017021;0;1;0;0;0;0;1;A01
201800017022;0;33;0;2;0;1;1;A01
201800017023;2;7;0;5;0;3;0;A01
201800017024;2;2;0;0;2;1;13;A01
201800017024;1;7;0;0;2;2;1;B01
201800017025;2;2;0;0;2;1;1;A01
201800017025;1;7;0;0;2;2;15;B01
201800017026;1;7;0;13;0;7;14;A01
201800017027;2;7;0;0;2;3;13;A01
201800017027;1;17;0;0;2;3;1;B01
201800017028;2;7;0;3;0;7;21;A01
201800017029;2;7;0;0;2;1;15;A01
201800017029;2;7;0;0;2;7;1;B01
201800017030;2;7;0;0;2;1;1;B01
201800017030;1;7;0;0;2;1;15;A01
201800017031;2;7;0;0;2;1;13;A01
201800017031;1;33;0;0;2;1;1;B01
201800017031;1;33;0;0;2;1;1;C01
201800017032;2;7;0;2;0;1;13;A01
201800017033;2;7;0;0;9;2;1;B01
201800017033;1;1;0;0;2;1;15;A01
201800017034;1;2;0;0;2;4;1;A01
201800017034;1;7;0;0;2;2;17;B01
201800017035;1;7;0;0;2;3;13;A01
201800017035;2;17;0;0;2;3;1;B01
201800017036;1;7;0;13;0;1;1;A01
201800017037;1;33;0;0;2;4;1;B01
201800017037;1;7;0;0;2;2;15;A01
201800017038;1;33;0;13;0;7;1;A01
201800017039;1;7;0;16;0;2;1;A01
201800017040;1;7;0;0;2;8;15;A01
201800017040;2;7;0;0;2;1;1;B01
201800017041;2;30;0;8;0;1;14;A01
201800017042;1;7;0;2;0;1;1;A01
201800017043;0;7;0;16;0;9;1;A01
201800017044;0;7;0;0;1;1;1;A01
201800017045;2;7;0;0;2;2;2;A01
201800017045;2;1;0;0;2;4;1;B01
201800017046;2;10;0;0;2;1;1;B01
201800017046;1;7;0;0;2;7;19;A01
201800017047;2;7;0;2;0;1;13;A01
201800017048;1;33;0;0;6;1;1;A01
201800017049;2;7;0;6;0;9;1;A01
201800017050;1;7;0;13;9;2;1;A01
201800017051;1;7;0;6;0;2;14;A01
201800017052;1;7;0;1;0;9;14;A01
201800017053;0;7;0;0;1;2;1;A01
201800017054;1;7;0;0;2;3;15;A01
201800017054;1;33;0;0;2;1;16;B01
201800017055;1;7;0;0;2;2;1;A01
201800017055;1;1;0;0;2;6;2;B01
201800017055;1;1;0;0;2;6;2;C01
201800017055;1;1;0;0;2;6;2;D01
201800017055;1;1;0;0;2;6;2;E01
201800017056;2;33;0;0;0;7;1;A01
201800017057;1;7;0;0;2;1;14;A01
201800017057;2;1;0;0;2;8;1;B01
201800017058;2;7;0;0;2;1;1;B01
201800017058;0;2;0;0;2;8;5;A01
201800017059;2;7;0;0;1;2;1;B01
201800017060;2;7;0;0;2;1;17;A01
201800017060;1;7;0;0;2;1;1;B01
201800017061;2;7;0;13;0;2;14;A01
201800017062;2;1;0;0;0;1;1;A01
201800017063;1;1;0;15;0;7;1;A01
201800017064;2;7;0;13;0;2;1;A01
201800017065;1;7;0;0;1;2;1;A01
201800017066;2;2;0;16;0;8;1;A01
201800017067;1;7;0;0;2;7;17;A01
201800017067;2;33;0;0;2;2;1;B01
201800017068;1;7;0;2;0;2;1;A01
201800017069;1;7;0;2;0;7;1;A01
201800017070;1;7;0;0;2;8;18;A01
201800017070;1;15;0;0;2;7;17;B01
201800017071;1;7;0;15;0;1;14;A01
201800017072;2;7;0;0;2;3;1;B01
201800017072;0;7;0;0;2;3;15;A01
201800017073;1;7;0;13;0;2;14;A01
201800017074;2;7;0;0;2;8;19;A01
201800017074;2;15;0;0;2;1;1;B01
201800017075;1;7;0;13;0;2;1;A01
201800017076;2;33;0;0;2;1;1;B01
201800017076;1;7;0;0;2;8;19;A01
201800017077;1;7;0;13;0;1;14;A01
201800017078;2;7;0;3;0;1;9;A01
201800017079;2;7;0;0;2;1;13;A01
201800017079;1;7;0;0;2;1;1;B01
201800017079;2;7;0;13;2;1;1;C01
201800017079;1;7;0;0;2;1;1;D01
201800017079;1;7;0;0;2;3;1;E01
201800017080;2;7;0;0;2;1;1;A01
201800017080;1;7;0;0;2;1;13;B01
201800017081;1;7;0;3;0;7;14;A01
201800017082;1;7;0;2;0;1;15;A01
201800017083;2;10;0;0;2;5;17;A01
201800017083;2;2;0;0;2;3;1;B01
201800017084;1;7;0;0;2;2;2;A01
201800017084;1;1;0;0;2;4;1;B01
201800017085;2;7;0;13;0;2;14;A01
201800017086;1;7;0;9;0;9;1;A01
201800017087;0;7;0;2;0;1;14;A01
201800017088;2;7;0;0;2;1;2;A01
201800017088;2;7;0;0;2;4;1;B01
201800017089;1;7;0;0;2;8;15;A01
201800017089;1;14;0;0;2;1;1;B01
201800017090;0;10;0;0;1;1;1;A01
201800017091;1;7;0;13;0;3;13;A01
201800017092;2;7;0;2;0;1;14;A01
201800017093;1;7;0;8;0;1;14;A01
201800017094;2;7;0;0;1;1;1;A01
201800017095;1;7;0;13;0;1;14;A01
201800017096;1;7;0;0;0;9;1;A01
201800017097;1;7;0;0;2;8;15;A01
201800017097;1;7;0;0;2;1;1;B01
201800017098;2;7;0;0;2;1;13;A01
201800017098;1;7;0;0;2;3;1;B01
201800017099;1;7;0;0;2;1;13;A01
201800017099;2;7;0;0;2;3;1;B01
201800017100;2;2;0;14;0;1;21;A01
201800017101;1;7;0;2;0;1;14;A01
201800017102;1;7;0;1;0;1;1;A01
201800017103;2;7;0;8;0;1;14;A01
201800017104;1;2;0;0;2;1;1;A01
201800017104;2;37;2;0;2;8;20;B01
201800017105;2;10;0;0;2;1;13;A01
201800017105;1;7;0;0;2;1;1;B01
201800017106;1;7;0;13;0;9;1;A01
201800017107;2;7;0;2;0;3;21;A01
201800017108;0;1;0;14;0;1;1;A01
201800017109;1;7;0;2;0;3;14;A01
201800017110;2;10;0;0;2;3;10;A01
201800017110;2;33;0;0;2;2;1;B01
201800017111;2;33;0;16;0;7;1;A01
201800017112;1;33;0;16;0;7;1;A01
201800017113;1;33;0;16;0;2;14;A01
201800017114;2;14;0;0;2;2;0;B01
201800017114;2;7;0;0;2;3;0;A01
201800017115;1;14;0;6;0;2;1;A01
201800017116;2;7;0;0;2;3;13;A01
201800017116;1;7;0;0;2;6;1;B01
201800017116;1;7;0;0;2;1;1;C01
201800017116;1;7;0;13;0;2;1;D01
201800017117;1;17;0;16;0;2;14;A01
201800017118;2;10;0;0;2;1;13;A01
201800017118;1;7;0;0;2;1;1;B01
201800017118;1;10;0;0;2;2;1;C01
201800017119;0;10;0;0;2;1;14;A01
201800017119;0;21;0;0;2;1;1;B01
201800017120;1;7;0;13;0;8;13;A01
201800017121;1;2;0;1;0;1;1;A01
201800017122;1;7;0;0;1;6;20;A01
201800017123;2;7;0;16;0;2;1;A01
201800017124;1;7;0;0;1;2;15;A01
201800017125;1;7;0;0;2;3;1;B01
201800017125;2;7;0;11;2;1;15;A01
201800017126;1;21;0;0;2;1;1;B01
201800017126;2;7;0;0;2;3;1;A01
201800017126;2;7;0;0;2;1;1;C01
201800017127;2;7;0;0;0;1;1;A01
201800017128;1;7;0;2;0;2;13;A01
201800017129;2;7;0;0;0;8;16;A01
201800017129;2;7;0;0;2;1;2;B01
201800017130;1;7;0;2;0;3;1;A01
201800017131;1;7;0;0;1;2;1;A01
201800017132;1;7;0;13;0;1;1;A01
201800017133;1;2;0;0;2;4;1;A01
201800017133;1;7;0;0;2;3;9;B01
201800017134;1;7;0;0;1;3;19;A01
201800017135;2;7;0;0;1;2;19;A01
201800017136;1;7;0;0;2;1;15;A01
201800017136;2;2;0;0;0;8;1;B01
201800017137;1;7;0;0;1;2;15;A01
201800017138;1;2;0;0;2;1;2;A01
201800017138;2;7;0;0;2;4;2;B01
201800017139;2;7;0;0;0;1;0;A01
201800017140;2;7;0;0;2;1;1;B01
201800017140;1;7;0;0;2;7;15;A01
201800017141;1;7;0;0;2;2;1;A01
201800017141;2;2;0;0;2;1;5;B01
201800017142;1;7;0;0;1;2;1;A01
201800017143;2;7;0;13;0;1;1;A01
201800017144;1;7;0;0;0;4;15;A01
201800017144;1;7;0;0;2;1;1;B01
201800017144;1;7;0;0;2;1;1;C01
201800017145;1;7;0;13;0;1;0;A01
201800017146;1;2;0;8;0;1;1;A01
201800017147;2;14;0;0;0;0;0;A01
201800017148;2;21;0;8;0;1;1;A01
201800017149;2;33;0;13;0;1;1;A01
201800017150;0;7;0;0;2;7;0;A01
201800017150;0;7;0;0;2;1;1;B01
201800017151;2;7;0;0;2;3;13;A01
201800017151;1;7;0;0;2;1;1;B01
201800017152;0;14;0;0;1;2;1;A01
201800017153;2;7;0;0;2;3;9;A01
201800017153;2;1;0;0;2;7;1;B01
201800017154;2;7;0;0;2;5;19;A01
201800017154;2;7;0;0;2;1;1;B01
201800017155;1;7;0;6;2;3;1;A01
201800017155;2;7;0;0;2;3;17;B01
201800017156;0;31;0;0;1;1;1;A01
201800017157;1;7;0;0;0;8;10;A01
201800017157;1;7;0;0;2;1;1;B01
201800017158;0;7;0;7;2;8;19;A01
201800017158;1;7;0;0;2;1;1;B01
201800017159;2;2;0;0;2;3;13;A01
201800017159;1;7;0;0;2;3;1;B01
201800017160;2;7;0;0;2;3;11;A01
201800017160;1;7;0;0;2;1;1;B01
201800017161;2;7;0;0;2;1;11;A01
201800017161;1;7;0;0;2;1;1;B01
201800017162;2;7;0;0;2;1;13;A01
201800017162;1;7;0;0;2;1;1;B01
201800017163;1;7;0;0;2;2;2;A01
201800017163;1;2;0;0;2;4;2;B01
201800017164;0;7;0;0;1;2;1;A01
201800017165;2;99;0;0;1;3;1;A01
201800017166;2;7;0;0;2;1;13;A01
201800017166;1;7;0;0;2;1;21;B01
201800017167;1;7;0;0;0;0;1;A01
201800017168;1;33;0;0;0;1;1;A01
201800017169;0;7;0;0;0;1;1;A01
201800017170;2;7;0;0;2;1;1;A01
201800017170;1;10;0;0;2;3;1;B01
201800017171;2;33;0;0;2;1;2;A01
201800017171;2;7;0;0;2;3;15;B01
201800017172;2;33;0;0;0;8;0;A01
201800017173;2;33;0;1;0;7;2;A01
201800017173;2;33;0;0;0;8;23;B01
201800017174;1;2;0;13;0;2;1;A01
201800017175;1;7;0;0;0;0;0;A01
201800017176;2;7;0;0;2;8;13;A01
201800017176;1;1;0;0;2;8;1;B01
201800017177;2;33;0;6;0;1;16;A01
201800017178;1;7;0;2;0;8;1;A01
201800017179;2;1;0;0;2;4;1;B01
201800017179;2;7;0;0;2;2;16;A01
201800017180;0;2;0;13;0;7;15;A01
201800017181;1;33;0;13;0;0;1;A01
201800017182;1;33;0;0;0;2;15;A01
201800017183;1;7;0;0;2;1;1;B02
201800017183;2;7;0;0;2;1;5;A01
201800017184;2;7;0;0;2;1;13;A01
201800017184;1;7;0;0;2;1;1;B01
201800017185;2;7;0;0;2;1;13;A01
201800017185;1;7;0;0;2;3;1;B01
201800017186;1;10;0;0;2;1;15;A01
201800017186;2;32;0;0;2;3;1;B01
201800017187;0;7;0;2;0;3;1;A01
201800017188;1;7;0;6;0;8;1;A01
201800017189;2;7;0;0;2;3;1;B01
201800017189;1;1;0;0;2;1;13;A01
201800017190;2;33;0;0;2;1;13;A01
201800017190;1;14;0;0;2;1;1;B01
201800017191;0;7;0;0;2;2;1;A01
201800017191;0;2;0;0;2;3;16;B01
201800017192;1;7;0;15;0;1;14;A01
201800017193;1;7;0;0;1;3;1;A01
201800017194;1;2;0;0;2;1;1;A01
201800017194;1;7;0;0;0;5;23;B01
201800017195;0;7;0;0;2;1;9;A01
201800017195;0;31;0;0;0;0;0;B01
201800017196;1;7;0;0;0;9;1;A01
201800017197;2;7;0;0;9;1;1;A01
201800017197;1;1;0;0;2;1;13;B01
201800017198;1;7;0;0;2;5;15;A01
201800017198;2;2;0;0;2;1;1;B01
201800017199;0;7;0;0;2;8;13;A01
201800017199;0;2;0;0;2;1;1;B01
201800017200;1;7;0;0;2;1;13;A01
201800017200;2;7;0;0;2;2;1;B01
201800017201;2;7;0;0;1;1;1;A01
201800017202;2;7;0;2;0;2;0;A01
201800017203;2;2;0;0;2;7;1;B01
201800017203;2;7;0;0;2;8;9;A01
201800017204;2;33;0;9;0;1;17;A01
201800017204;2;21;0;0;0;6;15;B01
201800017205;2;7;0;13;0;1;1;A01
201800017206;0;10;0;13;0;3;1;A01
201800017207;2;7;0;2;0;3;13;A01
201800017208;2;7;0;0;0;4;15;A01
201800017208;2;7;0;0;2;2;17;B01
201800017209;2;3;0;0;2;3;1;A01
201800017209;1;21;0;0;2;3;1;B01
201800017210;2;7;0;0;2;3;0;A01
201800017210;1;7;0;0;2;3;0;B01
201800017211;1;7;0;16;0;9;1;A01
201800017212;0;7;0;0;0;9;0;A01
201800017213;1;10;0;0;0;1;1;A01
201800017214;1;33;0;6;0;7;1;A01
201800017215;1;34;0;13;0;1;1;A01
201800017216;1;7;0;0;2;1;1;A01
201800017216;2;7;0;0;2;1;1;B01
201800017217;2;7;0;0;2;3;0;B01
201800017217;0;7;0;0;2;3;0;C01
201800017217;1;7;0;0;2;1;0;A01
201800017218;1;33;0;0;2;5;17;A01
201800017218;1;7;0;0;2;3;15;B01
201800017219;0;7;0;6;0;2;1;A01
201800017220;1;7;0;0;2;1;1;A01
201800017220;2;7;0;0;2;1;13;B01
201800017221;2;33;0;0;0;7;1;A01
201800017222;1;7;0;0;2;7;1;B01
201800017222;1;2;0;0;2;1;19;A01
201800017223;1;7;0;0;2;2;1;B01
201800017223;1;1;0;0;2;3;19;A01
201800017224;2;7;0;0;0;9;1;A01
201800017225;0;7;0;0;2;1;19;A01
201800017225;0;7;0;0;2;2;0;B01
201800017226;1;7;0;6;0;3;1;A01
201800017227;1;7;0;0;2;2;1;A01
201800017227;2;7;0;0;2;3;10;B01
201800017228;0;7;0;6;0;1;0;A01
201800017229;1;10;0;16;0;3;14;A01
201800017230;2;7;0;0;1;1;1;A01
201800017231;2;7;0;13;0;1;1;A01
201800017232;2;33;0;0;2;0;13;A01
201800017232;1;14;0;0;2;1;1;B01
201800017233;1;7;0;0;2;1;13;A01
201800017233;2;7;0;0;2;1;1;B01
201800017234;0;2;0;0;2;2;1;A01
201800017234;0;7;0;0;2;2;1;B01
201800017235;2;2;0;0;2;1;13;A01
201800017235;1;7;0;0;2;3;1;B01
201800017236;1;7;0;0;2;1;1;A01
201800017236;2;7;0;0;2;3;1;B01
201800017237;1;7;0;13;0;1;1;A01
201800017238;1;7;0;0;2;2;1;A01
201800017238;1;31;0;0;2;1;1;B01
201800017239;2;7;0;13;0;3;1;A01
201800017240;0;2;0;0;0;0;10;A01
201800017241;2;7;0;2;0;1;1;A01
201800017242;2;33;0;0;0;3;10;A01
201800017243;2;7;0;2;0;3;1;A01
201800017244;2;33;0;0;0;7;1;A01
201800017245;2;33;0;0;0;8;1;A01
201800017246;1;33;0;0;0;7;1;A01
201800017247;0;7;0;6;0;3;16;A01