num_acc;senc;catv;occutc;obs;obsm;choc;manv;num_veh
201800017662;1;7;0;2;0;2;1;A01
201800017663;1;7;0;0;1;2;1;A01
201800017664;1;7;0;0;9;8;1;C01
201800017664;1;15;0;0;2;8;1;B01
201800017664;2;7;0;0;2;1;13;A01
201800017665;1;7;0;0;2;3;13;A01
201800017665;2;33;0;0;2;1;1;B01
201800017666;1;7;0;0;2;1;1;B01
201800017666;2;7;0;0;2;1;13;A01
201800017667;2;7;0;2;0;2;14;A01
201800017668;2;15;0;2;0;0;1;A01
201800017668;2;7;0;0;9;0;1;C01
201800017668;1;7;0;2;9;1;1;B01
201800017669;0;7;0;0;1;4;20;A01
201800017670;2;7;0;2;0;1;14;A01
201800017671;2;7;0;0;2;3;13;A01
201800017671;1;7;0;0;2;3;1;B01
201800017672;0;10;0;0;2;0;17;A01
201800017672;0;1;0;0;2;8;1;B01
201800017673;0;7;0;0;2;1;1;B01
201800017673;0;7;0;0;2;3;1;A01
201800017674;1;10;0;0;2;2;14;A01
201800017674;1;20;0;0;0;6;2;B01
201800017675;1;7;0;7;0;9;13;A01
201800017676;0;7;0;0;0;3;13;A01
201800017677;1;2;0;13;0;1;1;A01
201800017678;1;7;0;13;0;0;1;A01
201800017679;0;7;0;0;1;1;1;A01
201800017680;2;37;50;0;2;3;1;B01
201800017680;0;7;0;0;2;2;19;A01
201800017681;1;7;0;13;0;1;1;A01
201800017682;2;7;0;0;1;3;13;A01
201800017683;1;7;0;0;2;1;13;A01
201800017683;2;7;0;0;2;1;1;B01
201800017684;1;7;0;3;0;9;1;A01
201800017685;2;7;0;0;1;2;9;A01
201800017686;1;7;0;0;2;1;1;B01
201800017686;2;7;0;0;2;2;15;A01
201800017686;0;7;0;0;2;1;23;C01
201800017687;0;21;0;0;0;9;1;A01
201800017688;1;7;0;0;2;3;13;A01
201800017688;2;7;0;0;2;3;1;B01
201800017689;2;7;0;0;2;3;19;A01
201800017689;0;7;0;0;2;2;1;B01
201800017690;2;33;0;16;0;9;14;A01
201800017691;2;17;0;2;2;7;1;A01
201800017691;1;7;0;2;2;8;1;B01
201800017692;2;7;0;2;0;1;14;A01
201800017693;1;2;0;8;0;0;1;A01
201800017694;2;7;0;0;0;0;1;A01
201800017695;1;7;0;2;0;3;1;A01
201800017696;1;7;0;0;2;1;15;A01
201800017696;2;7;0;0;2;1;1;B01
201800017697;1;7;0;0;2;1;1;B01
201800017697;1;7;0;0;2;8;19;A01
201800017698;1;7;0;0;1;2;1;A01
201800017699;1;10;0;2;0;3;13;A01
201800017700;1;7;0;6;0;3;1;A01
201800017701;1;7;0;16;0;0;1;A01
201800017702;1;7;0;0;2;7;1;B01
201800017702;0;7;0;0;2;1;15;A01
201800017703;0;2;0;0;0;9;1;A01
201800017704;2;7;0;0;2;1;15;A01
201800017704;1;33;0;12;2;3;1;B01
201800017705;1;99;0;0;2;8;1;D01
201800017705;1;7;0;0;2;8;1;B01
201800017705;2;33;0;0;2;8;1;A01
201800017705;1;7;0;0;2;8;1;C01
201800017706;1;7;0;0;2;1;1;A01
201800017706;1;7;0;0;2;4;1;C01
201800017706;1;7;0;0;2;4;1;B01
201800017707;2;33;0;0;2;1;17;A01
201800017707;2;7;0;0;2;6;15;B01
201800017708;1;7;0;13;0;7;1;A01
201800017709;2;7;0;0;2;3;13;A01
201800017709;1;7;0;5;2;8;1;B01
201800017710;2;7;0;10;0;1;1;A01
201800017711;2;33;0;0;2;1;17;A01
201800017711;1;7;0;0;0;5;15;B01
201800017712;1;7;0;2;0;1;13;A01
201800017713;1;7;0;0;2;1;1;A01
201800017713;2;7;0;0;2;8;9;B01
201800017714;2;7;0;0;2;3;13;A01
201800017714;1;10;0;0;2;3;1;B01
201800017715;1;7;0;0;2;3;13;A01
201800017715;2;7;0;0;2;1;1;B01
201800017716;1;7;0;2;0;1;1;A01
201800017717;1;10;0;0;2;2;1;C01
201800017717;2;10;0;0;2;3;16;A01
201800017717;2;7;0;0;2;7;21;B01
201800017718;2;7;0;14;2;1;1;A01
201800017718;2;15;0;10;0;4;15;B01
201800017719;1;7;0;0;2;1;1;B01
201800017719;2;7;0;0;2;1;13;A01
201800017720;1;7;0;2;0;7;14;A01
201800017721;2;36;0;0;0;0;0;A01
201800017722;2;7;0;0;2;1;1;B01
201800017722;1;7;0;0;2;1;13;A01
201800017723;1;7;0;0;1;7;1;A01
201800017724;2;21;0;0;2;3;13;A01
201800017724;1;7;0;0;2;3;1;B01
201800017725;1;7;0;8;0;1;0;A01
201800017726;2;7;0;0;2;3;1;B01
201800017726;1;7;0;0;2;3;13;A01
201800017727;1;7;0;0;1;2;1;A01
201800017728;2;7;0;13;0;9;1;A01
201800017729;1;7;0;13;0;1;1;A01
201800017730;2;33;0;7;0;1;16;A01
201800017731;1;7;0;4;0;9;13;A01
201800017732;0;7;0;2;0;3;14;A01
201800017733;1;10;0;13;0;1;19;A01
201800017734;2;7;0;0;2;1;1;A01
201800017734;1;7;0;0;2;1;11;B01
201800017735;1;7;0;2;0;1;1;A01
201800017736;2;33;0;0;2;1;17;A01
201800017736;2;7;0;0;2;3;15;B01
201800017737;1;7;0;0;0;2;15;A01
201800017737;2;2;0;0;0;1;1;B01
201800017738;2;2;0;0;0;1;17;B01
201800017738;2;7;0;0;2;8;15;A01
201800017739;2;7;0;0;2;5;15;A01
201800017739;2;2;0;0;2;1;1;B01
201800017740;1;7;0;16;0;9;1;A01
201800017741;2;33;0;2;0;1;1;A01
201800017742;2;33;0;0;0;7;1;A01
201800017743;0;1;0;0;2;1;1;A01
201800017743;0;7;0;0;2;8;1;B01
201800017744;1;1;0;0;2;4;2;B01
201800017744;1;7;0;0;2;2;1;A01
201800017745;2;33;0;13;0;8;14;A01
201800017746;1;1;0;0;0;4;1;C01
201800017746;1;1;0;0;0;4;1;D01
201800017746;1;1;0;0;0;4;1;B01
201800017746;1;7;0;0;9;5;1;A01
201800017747;0;7;0;15;0;7;1;A01
201800017748;1;7;0;3;0;3;1;A01
201800017749;1;7;0;2;0;8;1;A01
201800017750;0;7;0;2;0;2;1;A01
201800017751;2;7;0;0;2;1;0;B01
201800017751;1;7;0;0;2;7;0;A01
201800017752;2;7;0;0;1;8;1;A01
201800017753;2;7;0;2;0;1;1;A01
201800017754;0;7;0;0;2;3;1;B01
201800017754;0;7;0;0;2;1;1;C01
201800017754;0;7;0;0;2;1;13;A01
201800017755;1;7;0;0;2;2;10;A01
201800017755;2;33;0;1;2;1;1;B01
201800017756;1;34;0;0;2;1;17;B01
201800017756;1;7;0;0;0;3;15;A01
201800017757;2;7;0;0;2;1;13;A01
201800017757;1;7;0;0;2;1;1;B01
201800017758;1;7;0;2;0;1;0;A01
201800017759;1;7;0;0;2;1;17;B01
201800017759;1;2;0;0;0;6;15;A01
201800017760;2;7;0;0;2;3;17;A01
201800017760;1;7;0;0;2;3;1;B01
201800017761;1;7;0;0;2;8;15;A01
201800017761;1;7;0;0;2;1;1;B01
201800017762;1;7;0;0;2;3;15;A01
201800017762;1;7;0;0;2;2;1;B01
201800017763;0;7;0;0;1;3;15;A01
201800017764;1;7;0;6;0;1;0;A01
201800017765;0;7;0;0;1;2;20;A01
201800017766;0;7;0;0;1;7;1;B01
201800017767;0;7;0;0;1;2;19;A01
201800017768;1;7;0;8;0;2;1;A01
201800017769;0;7;0;0;9;3;16;A01
201800017769;0;1;0;0;2;1;1;B01
201800017770;1;10;0;0;9;8;9;A01
201800017770;1;1;0;0;2;1;0;B01
201800017771;1;7;0;0;9;2;15;A01
201800017771;1;1;0;0;2;1;1;B01
201800017772;0;7;0;0;1;3;1;A01
201800017773;1;7;0;0;1;1;1;A01
201800017774;0;7;0;0;1;1;1;A01
201800017775;1;99;0;0;0;7;12;B01
201800017775;1;7;0;0;2;1;0;A01
201800017776;1;7;0;0;2;3;13;A01
201800017776;2;7;0;0;2;3;1;B01
201800017777;0;7;0;13;0;0;1;A01
201800017778;0;10;0;0;2;1;5;A01
201800017778;1;10;0;0;0;1;1;B01
201800017779;1;33;0;0;2;1;1;A01
201800017779;1;7;0;0;2;4;1;B01
201800017780;0;7;0;0;1;8;15;A01
201800017781;0;35;0;0;2;3;13;A01
201800017781;0;7;0;0;2;3;1;B01
201800017782;1;7;0;7;0;0;1;A01
201800017782;2;99;0;0;0;0;13;B01
201800017783;1;7;0;0;9;1;5;A01
201800017783;2;1;0;0;2;1;1;B01
201800017783;1;7;0;0;0;4;1;C01
201800017784;2;1;0;0;2;1;1;A01
201800017784;1;21;0;0;2;5;15;B01
201800017785;1;7;0;0;2;6;16;A01
201800017785;1;7;0;0;2;1;1;B01
201800017786;1;7;0;0;2;1;1;A01
201800017786;2;7;0;0;2;1;0;B01
201800017787;2;7;0;13;2;1;13;A01
201800017787;1;7;0;13;2;1;1;B01
201800017788;1;7;0;0;2;1;1;C01
201800017788;1;7;0;0;2;8;1;D01
201800017788;2;7;0;0;2;4;1;B01
201800017788;2;7;0;0;2;1;1;A01
201800017789;2;7;0;2;0;1;1;A01
201800017790;1;33;0;0;2;1;1;A01
201800017790;2;7;0;0;9;7;15;B01
201800017791;0;2;0;0;2;3;1;A01
201800017791;0;7;0;0;2;1;1;B01
201800017792;0;7;0;0;2;1;9;A01
201800017792;0;2;0;0;2;1;1;B01
201800017793;1;7;0;6;0;1;14;A01
201800017794;0;7;0;0;2;4;16;A01
201800017794;0;2;0;0;2;1;1;B01
201800017795;1;2;0;0;2;1;1;A01
201800017795;0;7;0;0;2;3;15;B01
201800017796;1;7;0;0;2;3;1;A01
201800017796;2;7;0;0;2;3;15;B01
201800017797;2;10;0;0;2;3;1;A01
201800017797;2;10;0;0;2;8;1;B01
201800017797;1;10;0;0;2;2;13;C01
201800017798;2;7;0;0;2;6;13;A01
201800017798;1;14;0;0;2;1;1;B01
201800017799;1;7;0;0;1;2;1;A01
201800017800;0;2;0;0;1;0;1;A01
201800017801;2;7;0;2;0;1;1;A01
201800017802;0;1;0;0;1;1;1;B01
201800017803;1;7;0;0;2;6;1;C01
201800017803;1;7;0;0;2;3;1;B01
201800017803;2;7;0;0;2;3;17;A01
201800017803;2;7;0;0;2;8;1;D01
201800017804;2;7;0;0;2;1;1;B01
201800017804;1;33;0;0;2;1;13;A01
201800017805;2;2;0;0;2;8;15;B01
201800017805;2;7;0;0;2;7;17;A01
201800017806;1;7;0;0;2;2;1;B01
201800017806;2;2;0;9;2;1;13;A01
201800017807;2;33;0;0;2;1;2;A01
201800017807;2;7;0;0;2;4;2;B01
201800017808;0;7;0;0;2;8;1;B01
201800017808;0;34;0;0;2;8;13;A01
201800017809;1;7;0;6;0;3;14;A01
201800017810;0;7;0;0;1;4;4;A01
201800017811;2;2;0;0;2;1;1;B01
201800017811;2;7;0;0;2;3;1;A01
201800017812;2;7;0;0;1;1;1;A01
201800017813;1;7;0;0;1;2;1;A01
201800017814;1;7;0;8;0;6;1;A01
201800017815;2;7;0;0;2;2;15;B01
201800017815;2;7;0;0;2;1;1;A01
201800017816;1;7;0;8;0;7;1;A01
201800017817;1;99;0;6;0;1;0;A01
201800017818;1;33;0;0;2;1;1;B01
201800017818;2;7;0;0;0;7;15;A01
201800017819;2;7;0;0;2;2;1;A01
201800017819;1;7;0;0;2;1;13;B02
201800017820;1;17;0;1;0;5;1;B01
201800017820;1;7;0;0;0;8;24;A01
201800017821;2;7;0;2;0;3;0;A01
201800017822;1;7;0;6;0;1;1;A01
201800017823;1;7;0;13;0;3;1;A01
201800017824;2;7;0;13;6;3;21;A01
201800017825;1;7;0;0;1;1;14;A01
201800017826;1;7;0;2;0;1;0;A01
201800017827;1;7;0;13;0;0;1;A01
201800017828;0;7;0;0;1;3;5;A01
201800017829;1;7;0;6;0;1;1;A01
201800017830;2;7;0;13;0;1;21;A01
201800017831;1;7;0;0;0;5;1;A01
201800017831;1;7;0;13;2;1;1;B01
201800017832;2;21;0;0;2;6;15;B01
201800017832;2;33;0;0;2;1;17;A01
201800017833;2;7;0;13;0;7;1;A01
201800017834;2;2;0;13;0;0;1;A01
201800017835;2;7;0;2;0;7;13;A01
201800017836;1;7;0;2;0;3;1;A01
201800017837;2;31;0;7;0;1;1;A01
201800017838;1;7;0;13;2;1;13;A01
201800017838;2;15;0;0;2;2;1;B01
201800017839;1;7;0;0;2;3;1;B01
201800017839;2;7;0;0;2;3;13;A01
201800017840;1;7;0;0;2;1;1;B01
201800017840;1;7;0;0;2;1;1;A01
201800017841;2;7;0;0;0;0;1;A01
201800017842;1;33;0;6;2;2;17;A01
201800017842;1;7;0;0;2;8;15;B01
201800017843;1;1;0;0;2;4;10;B01
201800017843;1;7;0;9;2;3;2;A01
201800017844;2;1;0;0;2;7;1;B01
201800017844;0;13;0;0;9;1;9;A01
201800017845;2;30;0;0;2;1;1;A01
201800017845;2;7;0;0;2;4;4;B01
201800017846;1;7;0;0;2;7;1;B01
201800017846;1;10;0;0;2;1;19;A01
201800017847;2;30;0;0;2;1;17;A01
201800017847;1;7;0;0;2;3;1;B01
201800017848;1;7;0;6;0;3;1;A01
201800017849;1;7;0;15;0;0;1;A01
201800017850;1;7;0;13;0;3;1;A01
201800017851;2;7;0;0;2;1;13;A01
201800017851;1;7;0;0;2;1;1;B01
201800017852;1;7;0;2;0;1;1;A01
201800017853;1;7;0;7;0;1;0;A01
201800017854;2;7;0;0;1;3;1;A01
201800017855;2;7;0;16;6;1;21;A01
201800017856;2;33;0;13;0;1;1;A01
201800017857;2;1;0;0;2;1;0;B01
201800017857;1;7;0;0;2;1;16;A01
201800017858;2;10;0;0;2;3;13;A01
201800017858;1;7;0;0;2;2;1;B01
201800017859;0;7;0;0;1;3;1;A01
201800017860;1;7;0;0;2;3;15;A01
201800017860;2;33;0;0;2;8;1;B01
201800017861;2;33;0;0;2;8;1;B01
201800017861;1;7;0;9;2;3;1;A01
201800017862;0;7;0;4;0;1;20;A01
201800017863;2;7;0;0;1;2;0;A01
201800017864;0;7;0;2;0;2;1;A01
201800017865;2;33;0;7;0;8;1;A01
201800017866;1;7;0;8;0;2;13;A01
201800017867;2;7;0;0;2;1;1;B01
201800017867;2;30;0;0;2;8;9;A01
201800017868;2;1;0;0;2;8;0;C01
201800017868;2;10;0;0;2;1;2;B01
201800017868;2;7;0;0;2;4;1;A01
201800017869;1;7;0;0;2;1;1;A01
201800017869;1;1;0;0;2;8;19;B01
201800017870;1;7;0;0;2;1;1;B01
201800017870;2;7;0;0;2;1;13;A01
201800017871;2;10;0;0;2;8;1;B01
201800017871;1;30;0;0;2;1;13;A01
201800017872;2;7;0;0;0;3;10;A01
201800017872;2;33;0;0;2;1;1;B01
201800017873;2;7;0;0;2;1;1;B01
201800017873;1;2;0;0;2;1;15;A01
201800017874;2;7;0;0;2;3;15;B01
201800017874;1;7;0;0;2;3;9;A01
201800017875;2;37;50;0;2;2;1;B01
201800017875;1;7;0;0;2;3;1;A01
201800017876;1;7;0;6;2;1;1;A01
201800017876;2;10;0;0;2;7;1;B01
201800017877;1;7;0;0;2;3;13;A01
201800017877;2;7;0;0;2;3;1;B01
201800017878;0;10;0;13;0;2;2;A01
201800017879;1;7;0;0;2;1;1;B01
201800017879;2;7;0;0;2;1;13;A01
201800017880;2;7;0;6;2;2;17;A01
201800017880;2;21;0;0;2;8;15;B01
201800017881;1;3;0;0;1;2;1;A01
201800017882;1;7;0;0;1;2;1;A01
201800017883;2;7;0;0;2;2;1;A01
201800017883;2;7;0;0;2;1;15;B01
201800017884;2;7;0;0;2;1;15;A01
201800017884;1;7;0;0;2;3;1;B01
201800017885;2;7;0;0;2;1;1;B01
201800017885;2;7;0;0;2;8;15;A01
201800017886;1;33;0;16;0;0;17;A01
201800017886;1;10;0;0;0;0;17;B01
201800017887;2;7;0;0;2;1;1;B01
201800017887;1;7;0;0;2;7;13;A01
201800017888;1;7;0;0;2;7;15;A01
201800017888;2;33;0;0;2;1;0;B01
201800017889;1;1;0;0;2;1;13;B01
201800017889;2;7;0;0;2;3;1;A01
201800017890;2;31;0;0;2;1;1;B01
201800017890;2;7;0;0;2;3;15;A01
201800017891;2;33;0;0;0;0;1;A01
201800017891;1;7;0;0;2;3;1;B01
201800017892;2;1;0;0;1;1;1;A01
201800017893;2;7;0;0;2;5;9;B01
201800017893;2;7;0;0;2;2;1;A01
201800017894;1;7;0;0;0;9;0;A01
201800017895;1;7;0;0;2;3;16;A01
201800017895;1;2;0;0;2;1;1;B01
201800017896;1;7;0;0;2;3;1;B01
201800017896;2;7;0;0;2;3;1;A01
201800017897;1;10;0;0;2;1;1;A01
201800017897;1;1;0;0;2;5;1;B01
201800017898;;2;0;0;2;8;19;A01
201800017898;1;7;0;0;9;2;1;B01
201800017899;1;7;0;0;1;1;1;A01
201800017900;0;7;0;13;0;1;1;A01
201800017901;1;33;0;0;2;0;0;A01
201800017901;2;7;0;0;2;3;0;B01
201800017902;2;1;0;16;0;0;1;A01
201800017903;1;33;0;4;0;2;1;A01
201800017904;1;7;0;0;2;4;1;B01
201800017904;1;33;0;0;2;1;1;A01
201800017905;2;7;0;13;0;2;1;A01
201800017906;2;1;0;0;0;0;1;A01
201800017907;0;7;0;6;0;1;1;A01
201800017908;2;7;0;13;0;9;1;A01
201800017909;2;7;0;0;2;3;1;A01
201800017909;1;7;0;0;2;3;1;B01
201800017910;0;7;0;0;2;1;0;A01
201800017910;0;7;0;0;2;7;1;B01
201800017911;2;34;0;1;2;3;1;B01
201800017911;0;7;0;0;2;3;23;C01
201800017911;1;7;0;0;2;2;19;A01
201800017912;2;10;0;6;0;3;1;A01
201800017913;1;33;0;0;2;1;1;B01
201800017913;2;7;0;0;2;3;15;A01
201800017914;2;33;0;0;2;3;1;B01
201800017914;2;7;0;0;2;2;19;A01
201800017915;0;7;0;0;2;1;1;B01
201800017915;0;10;0;0;2;1;13;A01
201800017916;1;10;0;0;2;1;1;B01
201800017916;2;7;0;0;2;7;17;A01
201800017917;1;7;0;0;1;2;1;A01
201800017918;2;7;0;3;0;1;2;A01
201800017919;1;33;0;3;2;6;12;A01
201800017919;1;7;0;0;2;2;1;B01
201800017920;2;2;0;0;0;1;1;A01
201800017921;1;7;0;2;0;7;1;A01
201800017922;0;7;0;0;1;1;1;A01
201800017923;1;7;0;2;0;7;1;A01
201800017924;1;7;0;0;2;3;17;A01
201800017924;1;7;0;8;0;8;15;B01
201800017925;1;7;0;6;0;2;1;A01
201800017926;2;31;0;0;0;0;0;A01
201800017927;0;31;0;0;0;0;1;A01
201800017928;1;7;0;0;2;1;19;A01
201800017928;1;7;0;0;2;7;1;B01
201800017928;2;7;0;0;2;3;1;C01
201800017929;1;33;0;13;0;1;1;A01
201800017930;1;14;0;2;0;0;1;A01
201800017931;1;33;0;8;0;0;1;A01
201800017931;2;7;0;0;0;0;17;B01
201800017932;1;7;0;13;0;1;1;A01
201800017933;1;7;0;0;2;1;5;B01
201800017933;2;7;0;0;2;1;1;A01
201800017934;1;7;0;0;2;1;2;A01
201800017934;1;7;0;0;2;4;15;B01
201800017935;2;33;0;0;0;8;1;A01
201800017936;1;7;0;8;2;3;0;A01
201800017936;1;10;0;0;2;1;1;B01
201800017937;1;33;0;0;0;7;1;A01
201800017938;1;7;0;0;2;3;17;A01
201800017938;2;7;0;0;2;3;1;B01
201800017939;1;7;0;0;2;3;1;B01
201800017939;2;7;0;0;2;3;13;A01
201800017940;2;15;0;0;2;5;17;A01
201800017940;2;1;0;0;2;3;1;B01
201800017941;1;7;0;0;2;8;19;A01
201800017941;1;13;0;0;2;1;1;B01
201800017942;0;7;0;13;0;1;15;A01
201800017943;2;7;0;2;0;2;2;A01
201800017944;1;7;0;2;0;2;1;A01
201800017945;1;7;0;6;0;1;1;A01
201800017946;1;32;0;14;0;1;0;A01
201800017947;0;7;0;13;0;1;1;A01
201800017948;1;7;0;0;2;3;5;A01
201800017948;2;7;0;0;2;3;1;B01
201800017949;1;7;0;2;0;1;1;A01
201800017950;1;7;0;2;0;2;5;A01
201800017951;1;7;0;2;0;1;1;A01
201800017952;0;7;0;0;2;5;17;A01
201800017952;0;31;0;0;2;1;1;B01
201800017953;1;7;0;2;0;1;14;A01
201800017954;2;7;0;0;1;3;1;A01
201800017954;2;7;0;0;1;3;1;B01
201800017955;0;7;0;0;2;3;1;A01
201800017955;0;14;0;8;2;3;1;B01
201800017956;1;7;0;10;0;2;1;A01
201800017957;2;7;0;0;2;8;15;A01
201800017957;2;33;0;13;2;7;17;B01
201800017958;2;7;0;2;0;1;1;A01
201800017959;1;7;0;13;0;2;1;A01
201800017960;1;7;0;0;2;1;2;A01
201800017960;1;32;0;0;0;4;1;B01
201800017961;1;7;0;0;2;1;1;B01
201800017961;0;7;0;0;2;8;19;A01
201800017962;2;33;0;0;2;1;1;A01
201800017962;2;7;0;0;0;6;1;B01
201800017963;1;7;0;2;0;1;1;A01
201800017964;1;7;0;8;0;3;17;A01
201800017965;1;7;0;2;0;9;1;A01
201800017966;1;7;0;0;2;1;1;A01
201800017966;0;7;0;0;2;6;9;B01
201800017967;1;7;0;8;0;1;1;A01
201800017968;1;2;0;3;0;1;0;A01
201800017969;2;7;0;8;0;1;1;A01
201800017970;0;7;0;0;9;2;2;A01
201800017970;0;1;0;0;2;4;2;B01
201800017971;2;1;0;0;0;3;1;A01
201800017972;1;10;0;0;2;1;1;B01
201800017972;0;7;0;0;2;2;19;A01
201800017973;2;7;0;0;2;2;2;A01
201800017973;2;21;0;0;0;6;2;B01
201800017974;2;7;0;2;0;2;1;A01
201800017975;2;7;0;2;0;1;1;A01
201800017976;1;7;0;0;2;1;13;A01
201800017976;2;14;0;0;2;1;14;B01
201800017977;1;7;0;2;0;1;19;A01
201800017978;2;7;0;2;0;7;1;A01
201800017979;1;7;0;2;0;3;1;A01
201800017980;1;7;0;2;0;7;1;A01
201800017981;1;7;0;0;2;1;13;A01
201800017981;2;7;0;0;2;1;1;B01
201800017982;1;7;0;0;2;3;17;A01
201800017982;2;7;0;8;2;3;1;B01
201800017983;2;7;0;7;0;1;1;A01
201800017984;1;7;0;0;2;1;1;B01
201800017984;2;7;0;0;2;8;13;A01
201800017985;2;7;0;15;0;1;1;A01
201800017986;2;33;0;7;0;1;1;A01
201800017987;2;7;0;0;1;7;1;A01
201800017988;2;10;0;0;2;6;1;B01
201800017988;2;2;0;0;2;1;1;A01
201800017989;2;7;0;0;0;3;1;A01
201800017990;2;33;0;0;2;7;1;A01
201800017990;2;33;0;0;2;8;2;B01
201800017991;1;10;0;0;1;2;1;A01
201800017992;2;10;0;0;2;3;3;A01
201800017992;1;7;0;0;2;3;1;B01
201800017993;1;33;0;15;0;1;14;A01
201800017994;1;33;0;13;0;2;1;A01
201800017995;2;7;0;2;0;1;1;A01
201800017996;1;7;0;0;2;8;19;B01
201800017996;2;7;0;0;2;1;21;A01
201800017997;2;7;0;13;0;1;1;A01
201800017998;2;7;0;8;0;1;1;A01
201800017999;1;7;0;2;0;1;14;A01
201800018000;1;7;0;2;0;1;1;A01
201800018001;0;10;0;13;0;1;1;A01
201800018002;2;33;0;2;0;8;1;A01
201800018003;1;30;0;0;2;1;1;B01
201800018003;1;7;0;0;2;8;15;A01
201800018004;1;1;0;0;2;4;1;B01
201800018004;1;7;0;0;2;2;1;A01
201800018005;1;7;0;0;2;3;0;A01
201800018005;2;7;0;0;2;3;0;B01
201800018006;2;7;0;0;2;8;15;A01
201800018006;2;33;0;0;2;1;17;B01
201800018007;1;7;0;13;0;8;1;A01
201800018008;2;14;0;0;2;1;1;A01
201800018008;2;33;0;0;2;4;23;B01
201800018009;0;7;0;0;1;1;20;A01
201800018010;2;7;0;2;0;3;11;A01
201800018011;1;7;0;0;2;7;15;A01
201800018011;2;33;0;0;2;1;1;B01
201800018012;1;7;0;0;2;3;15;A01
201800018012;2;7;0;0;2;3;1;B01
201800018013;2;7;0;1;1;1;1;A01
201800018014;0;7;0;1;0;1;13;A01
201800018015;0;7;0;0;9;3;1;A01
201800018015;0;1;0;0;2;3;1;B01
201800018016;2;7;0;0;2;1;1;A01
201800018016;2;21;0;0;2;1;13;B01
201800018016;1;10;0;0;2;3;1;C01
201800018017;2;7;0;0;2;3;13;A01
201800018017;1;7;0;0;2;3;1;B01
201800018017;0;7;0;0;0;0;0;C01
201800018018;0;7;0;0;2;6;15;A01
201800018018;2;10;0;0;2;3;21;B01
201800018019;2;7;0;0;2;1;19;A01
201800018019;1;7;0;0;2;2;1;B01
201800018020;0;34;0;13;2;4;1;A01
201800018020;0;21;0;0;2;3;1;B01
201800018021;2;7;0;0;0;1;1;A01
201800018022;1;7;0;0;2;3;1;B01
201800018022;0;2;0;0;2;1;1;A01
201800018023;1;7;0;7;2;1;1;B01
201800018023;1;7;0;0;2;1;15;A01
201800018024;0;7;0;0;2;3;1;B01
201800018024;0;7;0;0;2;3;13;A01
201800018025;2;33;0;0;0;0;1;A01
201800018026;1;7;0;2;0;7;1;A01
201800018027;1;33;0;0;0;0;1;A01
201800018028;1;7;0;0;0;1;1;B01
201800018028;1;7;0;0;0;1;15;A01
201800018029;0;7;0;0;2;3;13;A01
201800018029;0;10;0;0;2;8;1;B01
201800018030;1;2;0;0;9;1;0;A01
201800018031;0;7;0;0;0;8;5;B01
201800018031;0;7;0;0;0;2;1;A01
201800018032;1;10;0;12;0;1;14;A01
201800018032;2;7;0;12;0;8;1;B01
201800018033;2;7;0;0;2;3;1;A01
201800018033;1;7;0;0;2;3;1;B01
201800018034;1;7;0;2;0;7;0;A01
201800018035;1;7;0;0;2;2;11;A01
201800018035;1;7;0;0;0;6;1;B01
201800018035;2;33;0;0;2;1;1;C01
201800018035;2;33;0;0;2;1;1;D01
201800018036;2;2;0;12;0;1;1;A01
201800018037;2;7;0;2;0;1;1;A01
201800018038;1;10;0;0;2;2;1;A01
201800018038;2;7;0;0;2;3;9;B01
201800018039;1;7;0;0;2;8;19;A01
201800018039;1;7;0;0;2;1;1;B01
201800018040;1;7;0;13;0;2;1;A01
201800018041;1;7;0;0;1;3;1;A01
201800018042;1;33;0;13;0;7;1;A01
201800018043;2;7;0;0;0;1;0;A01
201800018043;1;7;0;0;0;1;1;B01
201800018044;2;7;0;8;0;9;15;A01
201800018044;1;7;0;0;2;1;1;B01
201800018045;2;33;0;0;2;1;17;A01
201800018045;2;7;0;0;2;3;15;B01
201800018046;1;7;0;0;2;1;5;A01
201800018046;2;10;0;6;0;1;1;B01
201800018047;2;7;0;0;2;1;5;A01
201800018047;1;7;0;0;2;1;1;B01
201800018048;1;7;0;0;2;3;17;A01
201800018048;2;7;0;0;2;3;1;B01
201800018048;2;7;0;0;2;8;1;C01
201800018049;1;7;0;0;2;1;1;A01
201800018049;1;7;0;0;2;1;1;B01
201800018049;1;7;0;0;0;4;1;C01
201800018050;2;7;0;0;2;8;19;A01
201800018050;2;33;0;0;2;1;1;B01
201800018051;1;7;0;0;2;3;1;A01
201800018051;2;7;0;0;2;3;1;B01
201800018052;1;33;0;0;0;7;2;A01
201800018053;1;7;0;7;0;2;1;A01
201800018054;1;7;0;0;2;2;2;A01
201800018054;1;3;0;0;2;4;1;B01
201800018055;1;7;0;0;2;1;1;A01
201800018055;2;7;0;0;2;1;1;B01
201800018056;1;7;0;6;0;1;14;A01
201800018057;1;7;0;0;2;1;1;A01
201800018057;2;10;0;0;0;7;1;B01
201800018058;2;7;0;1;0;2;14;A01
201800018058;1;7;0;0;0;2;24;B01
201800018059;2;33;0;13;0;1;1;A01
201800018060;2;7;0;0;2;2;17;A01
201800018060;2;7;0;0;2;8;1;B01
201800018061;0;7;0;0;2;8;19;A01
201800018061;1;17;0;0;2;1;1;B01
201800018062;2;7;0;0;1;1;1;A01
201800018063;1;33;0;8;0;1;1;A01
201800018064;1;33;0;0;6;1;0;A01
201800018065;1;33;0;0;0;7;1;A01
201800018066;0;2;0;12;0;7;0;A01