num_acc;senc;catv;occutc;obs;obsm;choc;manv;num_veh
201800018067;2;7;0;0;2;8;19;A01
201800018067;1;7;0;0;2;1;1;B01
201800018068;0;7;0;0;2;1;13;A01
201800018068;0;7;0;0;2;8;1;B01
201800018068;0;7;0;0;2;3;1;C01
201800018069;2;7;0;0;2;3;19;A01
201800018069;1;7;0;0;2;1;1;B01
201800018070;1;7;0;2;0;3;14;A01
201800018071;1;7;0;0;2;1;13;A01
201800018071;2;7;0;0;2;3;1;B01
201800018071;2;7;0;0;2;1;1;C01
201800018071;2;7;0;0;2;6;1;D01
201800018072;1;33;0;0;2;1;1;B01
201800018072;1;7;0;14;9;4;19;A01
201800018073;2;7;0;2;0;1;1;A01
201800018074;0;7;0;2;0;1;1;A01
201800018075;2;7;0;0;2;8;15;A01
201800018075;2;30;0;0;2;1;17;B01
201800018076;0;21;0;8;0;1;1;A01
201800018077;1;7;0;0;2;8;1;B01
201800018077;1;10;0;0;2;1;19;A01
201800018078;0;7;0;0;1;2;1;A01
201800018079;0;2;0;0;2;2;17;A01
201800018079;0;7;0;0;2;8;15;B01
201800018080;1;7;0;0;1;2;2;A01
201800018081;0;7;0;2;0;1;1;A01
201800018082;1;7;0;1;2;6;1;A01
201800018082;0;2;0;0;2;1;19;B01
201800018083;1;7;0;0;2;2;19;A01
201800018083;2;33;0;0;2;1;1;B01
201800018084;1;7;0;0;2;2;15;A01
201800018084;2;2;0;0;2;1;1;B01
201800018085;0;7;0;0;1;6;4;A01
201800018086;1;7;0;1;0;1;0;A01
201800018087;0;7;0;0;2;1;1;B01
201800018087;0;7;0;0;2;7;9;A01
201800018088;2;7;0;13;0;1;1;A01
201800018089;1;7;0;0;2;3;1;A01
201800018089;2;7;0;0;2;3;1;B01
201800018090;1;7;0;0;2;3;13;A01
201800018090;1;7;0;0;2;8;1;B01
201800018091;1;7;0;14;0;1;1;A01
201800018091;1;7;0;14;0;1;1;B01
201800018092;2;7;0;0;0;0;1;A01
201800018093;0;10;0;0;2;3;1;A01
201800018093;0;7;0;0;0;3;23;B01
201800018094;2;7;0;8;0;8;1;A01
201800018095;1;7;0;0;2;3;13;B01
201800018095;2;7;0;0;2;3;14;A01
201800018096;1;17;0;15;0;2;1;A01
201800018097;1;7;0;0;2;1;13;A01
201800018097;2;7;0;0;2;1;1;B01
201800018098;1;7;0;0;9;2;15;A01
201800018098;2;1;0;0;2;1;1;B01
201800018099;1;7;0;2;0;3;0;A01
201800018100;0;33;0;16;0;8;1;A01
201800018101;1;7;0;0;2;1;15;A01
201800018101;1;33;0;0;2;8;1;B01
201800018102;1;7;0;0;0;6;1;B01
201800018102;1;7;0;0;2;1;19;A01
201800018103;0;7;0;2;0;8;1;A01
201800018104;0;7;0;0;1;3;1;A01
201800018105;0;7;0;0;1;2;1;A01
201800018106;1;7;0;0;2;1;2;A01
201800018106;1;7;0;0;2;4;23;B01
201800018106;2;10;0;0;2;1;1;C01
201800018107;1;36;0;9;0;1;1;A01
201800018108;0;7;0;0;0;8;9;A01
201800018108;0;33;0;0;2;1;1;B01
201800018109;2;31;0;0;2;1;1;A01
201800018109;2;7;0;1;0;8;20;B01
201800018110;2;7;0;0;1;7;1;A01
201800018111;1;33;0;0;2;6;1;B02
201800018111;2;10;0;0;2;8;5;A01
201800018112;1;7;0;0;0;0;1;A01
201800018113;2;7;0;2;0;8;1;A01
201800018114;0;7;0;0;1;1;1;A01
201800018115;2;10;0;0;2;7;13;A01
201800018115;1;7;0;0;2;2;21;B01
201800018116;1;7;0;0;2;3;13;A01
201800018116;2;7;0;0;2;3;1;B01
201800018117;0;36;0;0;2;3;19;A01
201800018117;2;7;0;0;2;2;1;B01
201800018118;1;7;0;0;5;1;1;A01
201800018118;1;7;0;0;5;2;1;B01
201800018119;1;33;0;0;0;7;1;A01
201800018120;0;7;0;15;0;2;13;A01
201800018121;0;33;0;0;2;8;1;A01
201800018121;0;10;0;0;9;2;1;B01
201800018122;1;33;0;0;0;0;1;A01
201800018123;1;7;0;0;2;6;15;A01
201800018123;0;2;0;0;2;1;1;B01
201800018124;1;7;0;2;0;6;1;A01
201800018125;0;7;0;1;0;1;1;A01
201800018126;1;7;0;0;0;0;2;A01
201800018127;1;7;0;3;0;1;15;A01
201800018128;2;10;0;0;2;2;1;A01
201800018128;1;1;0;0;2;1;19;B01
201800018129;0;30;0;0;0;0;2;A01
201800018130;1;7;0;0;2;3;13;A01
201800018130;2;7;0;0;2;3;1;B01
201800018131;2;13;0;0;2;1;2;B01
201800018131;0;7;0;0;2;4;16;A01
201800018132;0;30;0;0;2;1;9;A01
201800018132;0;10;0;0;2;5;2;B01
201800018133;1;7;0;0;2;3;1;A01
201800018133;2;7;0;0;2;3;1;B01
201800018133;2;7;0;0;2;1;1;C01
201800018134;2;7;0;15;0;0;1;A01
201800018135;1;7;0;2;0;0;2;A01
201800018136;1;7;0;0;2;3;1;A01
201800018136;2;7;0;0;2;3;1;B01
201800018137;1;15;0;0;2;3;1;B01
201800018137;2;7;0;0;2;2;19;A01
201800018138;2;2;0;0;2;2;19;A01
201800018138;1;7;0;0;0;3;0;B01
201800018139;1;7;0;0;2;1;1;B01
201800018139;0;7;0;0;2;7;15;A01
201800018140;1;7;0;0;0;2;1;A01
201800018141;2;7;0;0;2;2;9;A01
201800018141;2;3;0;0;2;3;1;B01
201800018142;1;36;0;6;0;1;1;A01
201800018143;1;2;0;1;0;2;1;A01
201800018144;0;7;0;6;0;1;1;A01
201800018145;1;31;0;0;0;8;1;A01
201800018146;2;33;0;0;0;7;21;A01
201800018147;2;7;0;0;2;1;19;A01
201800018147;2;7;0;0;2;2;1;B01
201800018148;2;15;0;0;2;1;1;A01
201800018148;2;21;0;0;0;4;1;B01
201800018149;1;2;0;0;0;9;1;A01
201800018150;2;17;0;0;0;8;1;A01
201800018151;2;7;0;13;0;2;1;A01
201800018152;2;7;0;0;1;1;15;A01
201800018153;2;7;0;0;1;1;1;A01
201800018154;0;2;0;0;2;1;1;A01
201800018154;0;7;0;0;2;5;1;B01
201800018155;2;7;0;13;0;1;1;A01
201800018156;1;7;0;0;2;8;5;A01
201800018156;2;7;0;0;2;1;1;B01
201800018157;2;7;0;0;2;8;1;B01
201800018157;1;20;0;0;2;8;0;A01
201800018158;1;7;0;0;2;6;1;A01
201800018158;2;7;0;0;2;1;1;B01
201800018159;1;7;0;8;0;1;13;A01
201800018160;1;7;0;2;0;3;1;A01
201800018161;2;33;0;13;0;1;2;A01
201800018162;1;2;0;0;2;1;17;A01
201800018162;1;7;0;0;2;3;10;B02
201800018163;1;7;0;6;0;1;0;A01
201800018164;1;7;0;13;0;2;0;A01
201800018165;2;7;0;0;2;1;5;A01
201800018165;1;17;0;0;2;1;1;B01
201800018166;1;10;0;0;2;1;1;A01
201800018166;1;7;0;0;2;4;23;B01
201800018166;1;7;0;0;2;4;23;C01
201800018167;2;7;0;0;2;2;2;A01
201800018167;2;2;0;0;2;4;1;B01
201800018168;2;7;0;0;2;2;1;A01
201800018168;1;7;0;0;2;1;1;B01
201800018169;0;10;0;0;2;5;19;A01
201800018169;2;2;0;0;2;7;1;B01
201800018170;1;7;0;0;0;4;15;A01
201800018170;1;7;0;14;0;1;1;B01
201800018171;2;10;0;13;0;3;13;A01
201800018172;0;33;0;0;6;1;1;A01
201800018173;2;7;0;0;2;3;1;B01
201800018173;1;7;0;0;2;2;19;A01
201800018174;2;15;0;0;9;3;21;A01
201800018174;1;1;0;0;2;1;13;B01
201800018175;1;7;0;0;2;3;1;A01
201800018175;1;7;0;0;2;1;1;B01
201800018176;2;7;0;0;2;1;1;B01
201800018176;1;7;0;0;2;8;1;A01
201800018177;0;7;0;0;1;2;1;A01
201800018178;2;7;0;6;0;1;5;A01
201800018179;1;7;0;0;1;2;1;A01
201800018180;0;7;0;2;0;1;0;A01
201800018181;1;7;0;0;2;1;1;B01
201800018181;0;7;0;0;0;8;19;A01
201800018182;1;7;0;0;1;1;1;A01
201800018183;0;7;0;2;0;3;1;A01
201800018184;0;1;0;0;0;0;1;A01
201800018185;1;7;0;0;0;0;1;A01
201800018186;1;7;0;0;0;4;23;A01
201800018186;1;3;0;0;2;4;23;B01
201800018186;1;7;0;0;2;1;2;C01
201800018186;1;7;0;0;2;1;2;D01
201800018187;1;2;0;0;2;2;2;A01
201800018187;1;7;0;0;2;8;11;B01
201800018188;0;10;0;0;2;6;2;B01
201800018188;0;7;0;0;2;1;2;A01
201800018189;2;10;0;0;2;3;15;A01
201800018189;2;2;0;0;2;1;12;B01
201800018190;1;33;0;0;0;0;1;A01
201800018191;0;2;0;1;0;1;1;A01
201800018192;2;7;0;7;0;1;17;A01
201800018193;0;7;0;6;0;1;1;A01
201800018194;2;7;0;16;0;1;1;A01
201800018195;1;10;0;0;1;1;1;A01
201800018196;2;7;0;0;1;2;20;A01
201800018197;0;7;0;0;9;2;1;A01
201800018197;0;1;0;0;2;4;19;B01
201800018198;2;7;0;0;0;9;0;A01
201800018199;0;7;0;0;1;4;0;A01
201800018200;2;3;0;0;2;1;15;A01
201800018200;1;2;0;0;2;1;1;B01
201800018201;2;7;0;0;2;1;1;B01
201800018201;1;7;0;2;2;5;13;A01
201800018202;2;33;0;0;2;8;13;A01
201800018202;1;33;0;0;2;8;1;B01
201800018203;2;10;0;0;2;3;0;A01
201800018203;1;15;0;0;2;3;21;B01
201800018204;1;7;0;0;1;2;1;A01
201800018205;0;7;0;0;0;0;1;A01
201800018206;0;7;0;0;1;2;1;A01
201800018207;0;7;0;0;0;0;0;A01
201800018208;0;7;0;0;1;2;20;A01
201800018209;0;1;0;0;2;1;1;C01
201800018209;0;7;0;0;2;1;1;B01
201800018209;0;7;0;0;9;4;0;A01
201800018210;2;7;0;0;0;0;0;A01
201800018211;2;31;0;0;1;3;3;A01
201800018212;2;7;0;13;0;2;1;A01
201800018213;2;33;0;0;0;7;1;A01
201800018214;1;1;0;0;2;1;13;A01
201800018214;2;13;0;0;0;6;1;B01
201800018215;2;33;0;0;0;1;1;A01
201800018216;1;33;0;0;0;8;1;A01
201800018217;1;7;0;2;0;1;13;A01
201800018218;1;7;0;6;0;1;14;A01
201800018219;2;7;0;0;2;8;13;A01
201800018219;1;33;0;0;2;1;1;B01
201800018220;1;7;0;10;0;1;14;A01
201800018221;1;33;0;13;0;3;19;A01
201800018222;1;33;0;0;0;1;1;B01
201800018222;2;7;0;0;2;3;13;A01
201800018223;1;7;0;0;2;1;2;A01
201800018223;1;7;0;0;2;4;2;B01
201800018224;1;33;0;0;2;1;17;A01
201800018224;2;7;0;0;2;3;1;B01
201800018225;1;7;0;0;2;3;13;A01
201800018225;2;7;0;0;2;3;13;B01
201800018226;1;7;0;0;2;6;21;A01
201800018226;1;34;0;0;2;1;1;B01
201800018227;1;10;0;0;2;5;2;A01
201800018227;1;10;0;0;2;5;2;B01
201800018227;1;7;0;0;2;1;2;C01
201800018228;1;7;0;6;0;9;13;A01
201800018229;2;7;0;4;2;1;13;A01
201800018229;1;14;0;0;2;1;1;B01
201800018230;2;7;0;0;1;1;1;A01
201800018231;2;10;0;15;9;1;14;A01
201800018232;2;7;0;0;0;9;14;A01
201800018233;2;33;0;0;2;7;1;B01
201800018233;2;7;0;0;2;1;19;A01
201800018234;1;33;0;0;6;7;21;A01
201800018235;2;2;0;0;2;1;14;A01
201800018235;1;10;0;0;0;8;23;B01
201800018236;2;7;0;0;2;1;15;A01
201800018236;1;7;0;0;2;3;1;B01
201800018236;1;7;0;0;2;1;1;C01
201800018236;2;7;0;0;2;6;1;D01
201800018237;1;33;0;0;2;7;17;B01
201800018237;2;7;0;0;2;3;19;A01
201800018238;1;7;0;0;2;3;13;A01
201800018238;2;33;0;0;2;3;13;B01
201800018239;1;7;0;0;2;3;13;A01
201800018239;2;7;0;0;2;8;1;B01
201800018239;2;7;0;0;2;8;1;C01
201800018240;1;7;0;0;0;4;1;A01
201800018240;1;7;0;0;2;1;2;B01
201800018241;1;10;0;2;0;2;1;A01
201800018242;2;7;0;0;2;2;15;A01
201800018242;1;33;0;0;2;1;1;B01
201800018243;1;10;0;0;2;1;13;A01
201800018243;2;7;0;0;2;1;1;B01
201800018244;2;7;0;0;2;1;2;A01
201800018244;2;7;0;0;0;4;2;B01
201800018245;0;7;0;0;1;5;4;A01
201800018246;0;7;0;13;0;1;14;A01
201800018247;0;10;0;0;0;4;2;C01
201800018247;0;2;0;0;2;1;1;A01
201800018247;0;99;0;0;2;1;13;B01
201800018248;1;7;0;0;2;7;13;A01
201800018248;2;7;0;0;2;1;1;B01
201800018249;1;7;0;0;2;2;19;A01
201800018249;1;33;0;8;2;1;1;B01
201800018250;0;2;0;0;0;9;0;A01
201800018251;0;33;0;13;0;9;14;A01
201800018252;1;7;0;0;0;1;14;A01
201800018253;1;7;0;0;2;3;13;A01
201800018253;2;7;0;0;2;3;13;B01
201800018254;2;34;0;0;1;1;0;A01
201800018255;1;7;0;10;0;1;14;A01
201800018256;1;7;0;0;2;7;15;A01
201800018256;2;99;0;0;2;1;1;B01
201800018257;1;7;0;0;2;1;1;B01
201800018257;2;7;0;0;2;8;9;A01
201800018258;2;7;0;0;0;0;14;A01
201800018259;2;10;0;0;2;3;13;A01
201800018259;1;7;0;0;2;3;1;B01
201800018260;0;7;0;1;0;1;14;A01
201800018260;0;7;0;0;0;1;24;B01
201800018260;0;7;0;0;0;1;24;C01
201800018261;0;7;0;0;1;1;1;A01
201800018262;2;7;0;0;5;1;1;A01
201800018263;2;7;0;13;0;2;14;A01
201800018264;1;7;0;0;2;3;13;A01
201800018264;2;7;0;0;2;3;1;B01
201800018265;1;7;0;0;2;3;13;A01
201800018265;2;7;0;0;2;3;1;B01
201800018266;0;7;0;0;1;2;0;A01
201800018267;1;33;0;0;0;8;1;A01
201800018268;1;7;0;3;0;3;19;A01
201800018269;1;7;0;0;0;6;0;A01
201800018269;1;33;0;0;2;2;2;B01
201800018270;2;7;0;0;2;3;1;A01
201800018270;1;7;0;0;2;1;13;B01
201800018271;1;7;0;2;0;1;13;A01
201800018272;0;7;0;6;0;1;20;A01
201800018273;0;33;0;0;0;7;1;A01
201800018274;0;32;0;10;0;3;14;A01
201800018275;1;33;0;15;0;1;14;A01
201800018276;0;7;0;0;1;1;1;A01
201800018277;1;32;0;15;0;1;0;A01
201800018278;1;7;0;0;2;1;1;B01
201800018278;1;7;0;0;2;4;15;A01
201800018279;2;7;0;0;1;5;1;A01
201800018280;2;33;0;0;2;1;13;A01
201800018280;1;7;0;0;2;1;1;B01
201800018281;2;7;0;2;0;1;1;A01
201800018282;2;7;0;0;2;5;21;B01
201800018282;1;7;0;6;2;3;17;A01
201800018283;1;37;1;0;2;3;13;A01
201800018283;1;7;0;2;2;2;17;B01
201800018284;1;7;0;0;2;1;1;A01
201800018284;1;7;0;0;2;4;23;B01
201800018284;1;7;0;0;0;4;23;C01
201800018285;0;7;0;0;2;1;1;A01
201800018285;0;7;0;0;2;8;0;B01
201800018286;2;7;0;2;0;1;14;A01
201800018287;2;7;0;0;2;1;6;A01
201800018287;1;7;0;0;2;3;1;B01
201800018288;2;33;0;12;0;8;13;A01
201800018289;2;7;0;2;0;1;19;A01
201800018290;2;7;0;0;2;3;13;A01
201800018290;1;7;0;0;2;3;1;B01
201800018291;2;33;0;0;2;3;1;B01
201800018291;1;10;0;0;2;2;19;A01
201800018292;1;7;0;0;2;3;13;A01
201800018292;2;10;0;0;2;3;1;B01
201800018293;0;7;0;0;0;7;1;A01
201800018293;0;7;0;0;2;1;1;B01
201800018294;2;7;0;0;2;1;1;B01
201800018294;1;7;0;0;2;8;13;A01
201800018295;1;7;0;0;2;8;10;A01
201800018295;1;33;0;0;0;1;2;B01
201800018296;2;7;0;0;2;7;13;A01
201800018296;1;7;0;0;2;1;1;B01
201800018297;2;7;0;0;2;3;9;A01
201800018297;2;34;0;0;2;1;1;B01
201800018298;1;33;0;0;2;1;17;A01
201800018298;2;7;0;0;0;7;15;B01
201800018299;2;2;0;8;0;1;14;A01
201800018300;2;38;1;0;2;1;2;A01
201800018300;2;7;0;0;0;6;1;B01
201800018301;2;7;0;0;2;3;13;A01
201800018301;1;7;0;0;2;3;1;B01
201800018302;1;33;0;0;2;1;1;A01
201800018302;2;7;0;0;2;1;1;B01
201800018302;1;33;0;0;2;1;1;C01
201800018303;2;7;0;0;2;1;13;A01
201800018303;1;10;0;0;2;1;1;B01
201800018304;2;33;0;0;0;7;1;A01
201800018305;0;10;0;0;1;0;5;A01
201800018306;1;7;0;0;2;1;15;A01
201800018306;1;7;0;0;0;1;16;B01
201800018307;1;14;0;0;2;6;4;A01
201800018307;1;7;0;0;2;7;1;B01
201800018308;2;33;0;0;2;1;1;A01
201800018308;2;7;0;0;0;6;15;B01
201800018309;2;7;0;0;2;7;1;A01
201800018309;1;7;0;0;2;2;1;B01
201800018310;1;7;0;0;2;3;15;A01
201800018310;1;31;0;0;2;2;17;B01
201800018311;2;7;0;13;0;3;21;A01
201800018312;2;33;0;0;2;7;17;A01
201800018312;2;7;0;0;2;8;1;B01
201800018313;1;7;0;0;2;3;11;A01
201800018313;2;33;0;0;2;1;1;B01
201800018314;1;7;0;0;2;3;1;A01
201800018314;2;7;0;0;2;3;13;B01
201800018315;0;7;0;1;1;1;0;A01
201800018316;2;7;0;0;2;3;15;A01
201800018316;1;33;0;0;2;1;1;B01
201800018317;1;7;0;0;2;1;5;A01
201800018317;2;7;0;0;2;3;1;B01
201800018318;2;7;0;0;2;1;13;A01
201800018318;1;7;0;0;2;1;1;B01
201800018319;2;7;0;0;2;8;17;A01
201800018319;2;33;0;0;2;9;17;B01
201800018320;2;33;0;0;0;4;0;A01
201800018320;2;33;0;0;2;1;1;B01
201800018321;0;2;0;0;0;1;1;A01
201800018322;2;33;0;0;2;1;13;A01
201800018322;1;7;0;0;2;3;1;B01
201800018323;1;31;0;12;0;2;1;A01
201800018324;1;33;0;3;0;7;1;A01
201800018325;2;7;0;0;2;3;1;A01
201800018325;1;7;0;0;2;3;1;B01
201800018326;1;33;0;12;0;9;1;A01
201800018327;2;33;0;0;2;3;17;A01
201800018327;1;10;0;0;0;3;15;B01
201800018328;2;7;0;0;2;8;19;A01
201800018328;1;10;0;0;2;1;1;B01
201800018329;2;10;0;0;2;1;13;A01
201800018329;1;14;0;0;2;1;1;B01
201800018330;2;7;0;0;2;5;13;A01
201800018330;2;13;0;0;2;1;1;B01
201800018331;1;7;0;0;2;2;15;A01
201800018331;2;31;0;0;2;1;1;B01
201800018332;1;1;0;12;0;1;1;A01
201800018333;1;7;0;13;0;8;13;A01
201800018334;1;33;0;0;2;1;13;A01
201800018334;2;10;0;0;2;1;1;B01
201800018335;1;33;0;0;0;8;14;A01
201800018336;1;33;0;2;0;9;17;A01
201800018337;2;7;0;0;2;3;11;A01
201800018337;1;7;0;13;2;3;1;B01
201800018338;1;31;0;0;0;1;1;A01
201800018339;1;33;0;2;0;1;1;A01
201800018340;1;10;0;0;2;1;10;A01
201800018340;1;33;0;0;2;2;17;B01
201800018341;1;33;0;7;0;8;13;A01
201800018342;2;7;0;8;0;9;1;A01
201800018343;2;7;0;13;0;9;1;A01
201800018344;1;7;0;0;2;1;1;A01
201800018344;0;7;0;0;0;6;9;B01
201800018345;0;7;0;2;0;9;1;A01
201800018346;0;2;0;0;5;1;1;A01
201800018347;1;7;0;0;2;3;1;B01
201800018347;2;7;0;0;2;3;1;A01
201800018348;1;7;0;0;2;1;1;A01
201800018348;2;7;0;0;2;8;1;B01
201800018349;2;7;0;0;2;3;1;B01
201800018349;1;7;0;0;2;3;13;A01
201800018350;1;7;0;0;2;1;1;B01
201800018350;2;7;0;6;2;1;1;A01
201800018351;0;21;0;0;2;6;15;B01
201800018351;0;33;0;0;2;1;1;A01
201800018352;0;7;0;0;9;1;1;B01
201800018352;0;31;0;0;2;1;1;A01
201800018353;1;7;0;8;0;2;1;A01
201800018354;1;7;0;2;0;1;1;A01
201800018355;2;33;0;0;2;7;1;B01
201800018355;0;7;0;0;2;8;1;A01
201800018356;1;21;0;0;2;4;2;B01
201800018356;1;7;0;0;2;1;2;A01
201800018357;1;7;0;2;0;3;13;A01
201800018358;2;7;0;2;0;2;14;A01
201800018359;0;7;0;0;9;1;23;C01
201800018359;0;2;0;0;2;1;1;B01
201800018359;0;7;0;0;2;2;19;A01
201800018360;0;7;0;13;0;1;1;A01
201800018361;0;7;0;0;1;2;1;A01
201800018362;0;7;0;0;1;0;1;A01
201800018363;2;7;0;6;2;3;1;A01
201800018363;0;7;0;6;2;2;1;B01
201800018364;1;7;0;0;2;1;3;A01
201800018364;2;7;0;0;2;6;21;B01
201800018365;0;7;0;2;0;1;1;A01
201800018366;1;7;0;9;0;1;1;A01
201800018367;0;7;0;0;2;1;1;B01
201800018367;0;33;0;0;2;1;1;A01
201800018368;0;2;0;9;0;1;1;A01
201800018369;2;2;0;0;2;0;2;A01
201800018369;2;21;0;0;0;4;16;C01
201800018369;2;7;0;0;0;6;2;B01
201800018370;1;2;0;16;0;7;14;A01
201800018371;0;2;0;0;0;2;1;A01
201800018372;2;15;0;0;2;3;1;B01
201800018372;1;33;0;0;2;3;13;A01
201800018373;0;7;0;0;2;3;0;A01
201800018373;0;2;0;0;2;1;1;B01
201800018374;1;7;0;0;2;4;1;B01
201800018374;1;7;0;6;2;1;1;A01
201800018375;0;7;0;13;0;1;16;A01
201800018376;2;7;0;13;0;2;1;A01
201800018377;0;7;0;0;2;3;15;A01
201800018377;2;2;0;0;2;1;1;B01
201800018378;0;33;0;13;0;1;1;A01
201800018379;2;31;0;0;2;1;1;B01
201800018379;1;7;0;0;2;8;1;A01
201800018380;0;7;0;6;0;1;1;A01
201800018381;2;7;0;13;0;1;2;A01
201800018382;2;33;0;0;0;9;1;A01
201800018383;1;7;0;13;0;2;21;A01
201800018384;1;7;0;13;0;9;1;A01
201800018385;1;7;0;0;2;3;1;B01
201800018385;0;7;0;0;2;2;15;A01
201800018386;0;33;0;13;0;1;1;A01
201800018387;1;7;0;0;2;3;1;B01
201800018387;0;7;0;0;2;3;16;A01
201800018388;2;10;0;0;2;3;1;B01
201800018388;1;2;0;0;2;3;13;A01
201800018389;0;7;0;0;2;1;15;A01
201800018389;0;2;0;0;2;1;1;B01
201800018390;1;1;0;0;2;8;15;B01
201800018390;2;7;0;0;2;1;1;A01
201800018391;1;7;0;8;0;0;1;A01
201800018392;1;10;0;0;2;1;1;A01
201800018392;2;7;0;0;2;7;13;B01
201800018393;1;33;0;12;0;1;1;B01
201800018393;0;7;0;0;0;0;15;A01
201800018394;2;17;0;0;0;2;1;A01
201800018395;2;7;0;0;2;8;19;A01
201800018395;1;15;0;0;2;1;0;B01
201800018396;1;7;0;7;2;5;19;A01
201800018396;2;7;0;0;2;1;0;B01
201800018397;2;7;0;13;0;3;1;A01
201800018398;0;14;0;8;0;8;0;A01
201800018399;0;10;0;0;2;1;19;A01
201800018399;0;7;0;0;2;7;1;B01
201800018400;0;7;0;0;2;1;1;B01
201800018400;0;7;0;0;2;1;13;A01
201800018400;0;7;0;0;2;8;1;C01
201800018401;0;2;0;0;2;7;1;B01
201800018401;0;7;0;0;2;2;15;A01
201800018402;1;7;0;6;0;1;1;A01
201800018403;1;7;0;0;2;3;1;B01
201800018403;2;7;0;0;2;3;13;A01
201800018404;0;31;0;0;0;8;1;B01
201800018404;0;7;0;0;2;3;20;A01
201800018405;2;7;0;0;2;3;0;B01
201800018405;1;7;0;0;2;3;0;A01
201800018406;2;7;0;2;0;1;14;A01
201800018407;1;2;0;0;0;0;1;A01
201800018408;2;1;0;0;2;7;15;B01
201800018408;2;7;0;0;2;8;1;A01
201800018409;2;7;0;0;2;1;1;B01
201800018409;2;7;0;0;1;4;1;A01
201800018410;1;7;0;0;2;1;13;B01
201800018410;2;7;0;0;2;1;1;A01
201800018411;2;7;0;0;2;2;1;B01
201800018411;1;7;0;0;2;2;13;A01
201800018412;1;7;0;13;0;1;1;A01
201800018413;2;7;0;2;0;2;13;A01
201800018414;0;7;0;0;1;2;1;A01
201800018415;0;1;0;0;0;0;1;A01
201800018416;2;7;0;0;2;1;1;A01
201800018416;0;7;0;0;2;8;19;B01
201800018417;1;7;0;0;2;1;1;B01
201800018417;2;7;0;0;2;1;13;A01
201800018418;1;7;0;13;2;1;1;B01
201800018418;2;7;0;0;2;7;13;A01
201800018419;1;1;0;0;9;1;2;A01
201800018420;2;7;0;0;2;1;1;A01
201800018420;1;7;0;0;2;1;17;B01
201800018421;0;7;0;0;9;1;1;B01
201800018421;0;2;0;0;2;5;13;A01
201800018422;0;7;0;0;2;3;14;A01
201800018422;0;2;0;0;2;0;0;B01
201800018423;2;2;0;13;0;0;0;A01
201800018424;0;2;0;0;0;0;1;A01
201800018425;1;2;0;11;0;1;1;A01
201800018426;1;7;0;0;2;3;5;A01
201800018426;2;7;0;0;2;3;1;B01
201800018427;1;7;0;0;2;3;1;B01
201800018427;2;7;0;0;2;1;17;A01
201800018428;1;7;0;0;2;3;13;A01
201800018428;2;7;0;0;2;3;1;B01
201800018429;1;7;0;6;0;2;1;A01
201800018430;2;7;0;2;0;2;13;A01
201800018431;2;33;0;0;2;1;2;B01
201800018431;2;7;0;13;0;6;1;A01
201800018432;2;2;0;0;0;1;1;A01
201800018433;2;7;0;0;2;1;13;B01
201800018433;1;7;0;0;2;1;1;A01
201800018434;1;7;0;0;1;3;1;A01
201800018435;1;2;0;0;2;1;21;B01
201800018435;1;10;0;0;2;5;15;A01
201800018436;0;7;0;0;1;6;4;A01
201800018437;1;7;0;0;2;1;13;A01
201800018437;2;15;0;0;2;1;1;B01
201800018438;2;33;0;0;2;1;17;A01
201800018438;1;7;0;0;2;3;21;B01
201800018439;2;7;0;4;0;1;13;A01
201800018440;1;7;0;0;2;3;21;B01
201800018440;2;7;0;0;2;3;13;A01
201800018441;1;7;0;0;2;1;1;C01
201800018441;2;7;0;0;2;1;13;D01
201800018441;1;7;0;0;2;8;1;B01
201800018441;1;7;0;0;2;8;0;A01
201800018442;0;36;0;13;0;1;13;A01
201800018443;2;7;0;0;0;1;2;A01
201800018444;1;7;0;0;2;2;5;B01
201800018444;2;7;0;0;2;7;1;A01
201800018445;1;1;0;0;2;7;1;B01
201800018445;2;7;0;0;9;1;15;A01
201800018446;1;7;0;13;0;2;1;A01
201800018447;1;7;0;8;0;8;1;A01
201800018448;1;1;0;0;2;7;1;B01
201800018448;2;21;0;0;2;8;1;A01
201800018449;1;31;0;0;2;8;13;A01
201800018449;2;21;0;0;0;6;1;B01
201800018450;1;2;0;5;0;1;1;A01
201800018451;1;2;0;0;0;0;0;A01
201800018452;1;33;0;3;0;0;1;A01
201800018453;1;33;0;3;0;1;1;A01
201800018454;1;7;0;0;2;1;1;B01
201800018454;0;7;0;0;0;7;1;A01
201800018455;2;7;0;0;0;9;1;A01
201800018456;1;7;0;0;2;1;1;B01
201800018456;2;7;0;0;2;2;15;A01
201800018457;1;33;0;0;2;2;17;A01
201800018457;1;7;0;0;9;3;15;B01
201800018458;2;33;0;16;0;9;1;A01
201800018459;1;7;0;0;2;7;1;B01
201800018459;0;33;0;0;2;3;15;A01
201800018460;2;7;0;13;0;2;1;A01
201800018461;1;7;0;0;2;1;1;B01
201800018461;2;7;0;0;2;1;5;A01
201800018462;1;7;0;8;0;9;14;A01
201800018463;2;7;0;0;2;8;1;B01
201800018463;2;7;0;0;2;9;17;E01
201800018463;2;10;0;0;2;3;1;A01
201800018463;2;7;0;0;2;4;17;F01
201800018463;2;7;0;0;2;9;1;C01
201800018463;2;7;0;0;2;6;1;G01
201800018463;2;7;0;0;2;1;1;D01
201800018464;1;7;0;0;2;8;5;A01
201800018464;2;33;0;0;2;1;21;B01