num_acc;senc;catv;occutc;obs;obsm;choc;manv;num_veh
201800018465;2;33;0;0;2;1;1;B01
201800018465;1;2;0;0;2;8;9;A01
201800018466;2;7;0;0;2;1;1;B01
201800018466;0;7;0;0;2;3;15;A01
201800018467;1;7;0;8;0;1;1;A01
201800018468;0;15;0;0;2;1;1;B01
201800018468;0;7;0;0;2;1;13;A01
201800018469;1;7;0;7;0;3;1;A01
201800018469;1;7;0;0;2;1;1;B01
201800018470;0;7;0;0;2;3;1;A01
201800018470;0;7;0;0;2;3;1;B01
201800018471;1;31;0;0;2;5;15;A01
201800018471;1;33;0;0;2;7;1;B01
201800018472;0;7;0;0;2;3;1;B01
201800018472;0;2;0;0;2;1;1;A01
201800018473;1;33;0;12;0;0;1;A01
201800018474;2;7;0;0;2;1;13;B01
201800018474;1;7;0;0;0;8;1;A01
201800018475;1;7;0;0;2;2;1;B01
201800018475;2;7;0;0;2;2;17;A01
201800018476;2;7;0;0;9;3;1;A01
201800018476;0;1;0;0;2;0;19;B01
201800018477;0;7;0;0;2;1;1;A01
201800018477;0;33;0;0;2;7;1;B01
201800018478;1;7;0;0;2;3;1;B01
201800018478;1;7;0;0;2;3;5;A01
201800018479;1;7;0;0;1;8;1;A01
201800018480;1;7;0;6;0;1;0;A01
201800018481;0;7;0;6;1;1;6;A01
201800018482;1;7;0;0;2;7;20;A01
201800018482;2;2;0;0;2;3;1;B01
201800018483;2;7;0;0;2;1;1;C01
201800018483;1;7;0;0;2;3;1;B01
201800018483;2;7;0;0;2;3;15;A01
201800018484;2;14;0;0;1;2;16;A01
201800018485;1;15;0;0;2;3;1;B01
201800018485;2;7;0;0;2;1;13;A01
201800018486;1;7;0;0;2;1;1;A01
201800018486;2;7;0;0;2;7;13;B01
201800018487;1;33;0;0;2;2;17;A01
201800018487;1;7;0;0;2;8;15;B01
201800018488;2;33;0;0;0;0;1;A01
201800018489;1;15;0;0;2;3;0;A01
201800018489;2;7;0;0;2;1;13;B01
201800018490;1;7;0;0;1;1;1;A01
201800018491;1;16;0;0;0;2;15;A01
201800018491;1;33;0;0;2;1;17;B01
201800018492;2;33;0;5;0;7;1;A01
201800018493;2;2;0;0;2;1;1;A01
201800018493;0;7;0;0;2;3;9;B01
201800018494;1;7;0;13;0;1;1;A01
201800018495;2;33;0;0;2;1;2;A01
201800018495;2;10;0;0;0;8;2;B01
201800018496;2;7;0;0;2;3;13;A01
201800018496;1;7;0;0;2;1;1;B01
201800018497;2;7;0;0;2;2;15;A01
201800018497;1;33;0;0;2;1;1;B01
201800018498;0;32;0;15;0;1;0;A01
201800018499;1;1;0;0;2;8;13;A01
201800018499;1;33;0;0;2;7;17;B01
201800018499;2;7;0;0;2;8;1;C01
201800018500;1;7;0;0;2;1;13;A01
201800018500;2;7;0;0;2;1;1;B01
201800018501;2;7;0;0;2;1;1;B01
201800018501;0;7;0;0;2;8;19;A01
201800018502;1;7;0;0;2;2;1;B01
201800018502;1;7;0;0;2;8;9;A01
201800018503;1;7;0;0;2;1;1;B01
201800018503;2;7;0;0;2;1;17;A01
201800018504;1;33;0;0;2;1;1;B01
201800018504;2;7;0;0;2;5;1;A01
201800018505;2;1;0;0;2;1;1;B01
201800018505;1;10;0;0;9;3;17;A01
201800018506;2;31;0;0;2;8;1;B01
201800018506;2;7;0;0;2;1;0;A01
201800018506;1;7;0;0;2;8;23;C01
201800018507;2;32;0;0;6;1;0;A01
201800018508;1;7;0;5;1;4;1;A01
201800018508;1;7;0;0;2;1;1;B01
201800018509;2;7;0;0;0;2;0;A01
201800018510;1;38;1;0;2;3;1;B01
201800018510;1;7;0;0;2;2;19;A01
201800018511;1;7;0;0;2;5;1;A01
201800018511;0;7;0;0;2;1;1;B01
201800018512;0;33;0;0;2;7;1;B01
201800018512;0;20;0;0;2;3;19;A01
201800018513;1;7;0;0;2;3;1;B01
201800018513;2;2;0;0;2;3;1;A01
201800018514;2;33;0;13;2;7;1;B01
201800018514;0;7;0;0;2;1;9;A01
201800018515;2;14;0;0;2;8;1;B01
201800018515;1;33;0;0;2;3;1;A01
201800018516;1;3;0;0;1;1;1;A01
201800018517;0;33;0;3;0;7;1;A01
201800018518;1;33;0;0;2;2;2;B01
201800018518;1;7;0;0;2;5;15;A01
201800018519;1;7;0;0;2;2;1;A01
201800018519;1;2;0;0;0;4;15;B01
201800018520;2;1;0;0;2;1;1;B01
201800018520;1;7;0;0;9;5;1;A01
201800018521;1;21;0;0;2;3;15;B01
201800018521;1;2;0;0;2;1;17;A01
201800018522;2;33;0;0;0;9;13;A01
201800018523;2;33;0;0;2;1;17;A01
201800018523;2;7;0;0;2;8;15;B01
201800018524;0;7;0;2;0;1;1;A01
201800018525;1;31;0;0;2;1;1;B01
201800018525;2;31;0;0;2;1;1;A01
201800018526;2;7;0;0;2;2;15;A01
201800018526;1;7;0;0;2;2;1;B01
201800018527;1;7;0;0;2;2;1;A01
201800018527;2;2;0;0;2;3;1;B01
201800018528;1;7;0;0;2;3;2;A01
201800018528;1;2;0;0;2;4;13;B01
201800018529;2;7;0;0;0;4;1;B01
201800018529;2;7;0;0;2;1;2;A01
201800018530;1;7;0;0;2;3;1;B01
201800018530;2;7;0;0;2;3;5;A01
201800018531;1;7;0;0;2;1;1;B01
201800018531;2;7;0;0;2;1;13;A01
201800018532;1;31;0;0;2;1;19;A01
201800018532;0;7;0;0;2;3;1;B01
201800018533;2;33;0;0;0;1;1;C01
201800018533;1;33;0;0;0;1;13;B01
201800018533;1;33;0;0;0;4;2;A01
201800018534;1;7;0;0;2;5;1;B01
201800018534;1;7;0;0;2;2;1;A01
201800018535;1;33;0;0;2;7;15;A01
201800018535;2;33;0;0;2;1;1;B01
201800018536;2;7;0;0;2;1;1;A01
201800018536;1;7;0;0;2;7;1;B01
201800018537;1;7;0;0;2;3;13;A01
201800018537;2;7;0;0;2;3;1;B01
201800018538;1;7;0;0;2;3;1;B01
201800018538;2;7;0;0;2;3;13;A01
201800018539;0;7;0;0;0;9;1;A01
201800018540;1;2;0;8;0;1;2;A01
201800018541;2;2;0;0;2;8;19;A01
201800018541;2;7;0;0;2;7;1;B01
201800018542;1;7;0;0;2;1;13;A01
201800018542;2;7;0;0;2;1;1;B01
201800018543;2;33;0;0;2;1;1;C01
201800018543;2;33;0;0;2;2;1;B01
201800018543;0;7;0;0;2;1;1;A01
201800018544;2;31;0;0;0;7;1;A01
201800018545;0;7;0;0;1;2;1;A01
201800018546;1;33;0;0;0;7;1;A01
201800018547;2;7;0;13;0;2;1;A01
201800018548;2;15;0;0;2;2;1;B01
201800018548;1;7;0;0;2;4;0;A01
201800018549;1;33;0;2;0;1;1;A01
201800018550;1;7;0;0;2;3;1;B01
201800018550;2;7;0;0;2;3;0;A01
201800018551;2;33;0;13;0;1;0;A01
201800018552;1;7;0;13;0;2;13;A01
201800018553;2;7;0;0;2;3;1;B01
201800018553;1;7;0;0;2;1;13;A01
201800018554;2;7;0;0;2;8;15;B01
201800018554;2;33;0;0;2;1;17;A01
201800018555;1;7;0;0;2;1;1;B01
201800018555;2;7;0;0;2;3;15;A01
201800018556;1;17;0;0;0;8;2;A01
201800018557;0;33;0;0;2;2;1;A01
201800018557;0;7;0;0;2;2;15;B01
201800018558;2;36;0;0;1;1;0;A01
201800018559;2;2;0;0;2;1;9;A01
201800018559;1;7;0;0;2;2;1;B01
201800018560;0;7;0;0;2;1;9;B01
201800018560;1;7;0;0;5;3;1;A01
201800018561;2;33;0;0;2;1;1;A01
201800018561;1;7;0;0;2;2;1;B01
201800018562;0;7;0;0;1;2;1;A01
201800018563;2;33;0;6;2;3;9;A01
201800018563;1;7;0;0;2;6;5;B01
201800018564;1;7;0;13;0;1;0;A01
201800018565;0;7;0;13;0;3;2;A01
201800018565;0;7;0;0;2;3;13;B01
201800018566;0;33;0;13;0;1;0;A01
201800018567;0;7;0;0;0;5;15;A01
201800018567;0;33;0;0;2;1;1;B01
201800018568;0;7;0;2;0;3;1;A01
201800018569;2;21;0;0;9;1;1;A01
201800018570;0;1;0;0;2;8;0;B01
201800018570;0;7;0;0;2;2;9;A01
201800018571;2;7;0;2;0;1;1;A01
201800018572;2;7;0;0;2;6;1;B01
201800018572;1;3;0;0;2;3;13;A01
201800018573;0;7;0;0;2;3;13;A01
201800018573;1;7;0;0;2;3;0;B01
201800018574;0;7;0;6;0;1;1;A01
201800018575;2;2;0;0;2;3;1;A01
201800018575;1;7;0;0;2;3;1;B01
201800018576;0;7;0;0;2;1;9;A01
201800018576;2;1;0;0;2;7;2;B01
201800018577;0;33;0;0;0;1;2;A01
201800018577;0;33;0;0;0;4;2;B01
201800018578;2;7;0;6;0;1;9;A01
201800018579;1;3;0;0;0;4;1;B01
201800018579;1;7;0;0;0;4;1;A01
201800018579;1;7;0;0;2;1;1;C01
201800018580;0;7;0;0;2;1;1;B01
201800018580;0;7;0;0;2;1;19;A01
201800018581;0;7;0;2;0;3;14;A01
201800018582;0;1;0;0;2;3;19;B01
201800018582;0;7;0;0;2;1;1;A01
201800018583;0;2;0;0;0;0;0;A01
201800018584;0;16;0;0;2;3;15;A01
201800018584;0;2;0;0;2;1;17;B01
201800018585;1;1;0;0;2;1;1;B01
201800018585;0;7;0;0;2;3;17;A01
201800018585;0;7;0;0;2;3;1;C01
201800018586;0;33;0;0;0;0;1;A01
201800018587;1;7;0;0;2;1;5;A01
201800018587;2;7;0;0;2;1;1;B01
201800018588;0;32;0;0;0;7;0;A01
201800018589;2;33;0;0;2;2;1;B01
201800018589;1;7;0;0;2;3;15;A01
201800018590;2;7;0;0;2;3;17;B01
201800018590;1;7;0;0;2;3;1;A01
201800018591;0;7;0;0;0;0;1;A01
201800018592;2;7;0;0;0;0;0;C01
201800018592;2;7;0;0;2;9;17;A01
201800018592;1;2;0;0;9;0;1;B01
201800018593;1;17;0;0;2;6;1;A01
201800018593;1;7;0;0;0;6;23;B01
201800018593;2;17;0;0;2;3;1;C01
201800018594;1;7;0;0;0;3;21;B01
201800018594;1;7;0;0;2;1;19;A01
201800018595;2;7;0;0;2;5;19;A01
201800018595;2;7;0;0;2;1;1;B01
201800018596;2;7;0;13;0;2;14;A01
201800018597;1;7;0;0;2;1;1;B01
201800018597;2;7;0;0;2;1;15;A01
201800018598;2;33;0;0;6;1;1;A01
201800018599;2;7;0;0;2;1;17;A01
201800018599;1;7;0;0;2;1;1;B01
201800018600;2;7;0;0;2;3;13;A01
201800018600;1;7;0;0;2;3;1;B01
201800018601;2;7;0;0;2;2;1;B01
201800018601;1;7;0;0;2;3;1;A01
201800018602;1;7;0;0;2;3;13;A01
201800018602;2;7;0;0;2;3;1;B01
201800018603;1;7;0;0;2;1;15;A01
201800018603;2;7;0;0;2;3;1;B01
201800018604;1;7;0;0;2;3;1;A01
201800018604;2;7;0;0;2;9;13;B01
201800018605;1;99;0;0;0;5;23;A01
201800018605;1;2;0;0;2;1;2;B01
201800018606;2;7;0;2;0;3;1;A01
201800018607;2;7;0;0;2;3;1;A01
201800018607;1;33;0;0;0;1;0;B01
201800018608;1;30;0;0;2;3;13;A01
201800018608;2;7;0;0;2;3;1;B01
201800018609;2;10;0;0;2;2;19;B01
201800018609;1;33;0;0;2;1;1;A01
201800018610;2;7;0;0;0;8;1;A01
201800018610;2;7;0;0;2;1;19;B01
201800018611;2;7;0;0;2;3;19;A01
201800018611;2;7;0;0;2;1;1;B01
201800018612;2;7;0;0;2;3;1;B01
201800018612;1;7;0;0;2;1;1;A01
201800018613;2;33;0;0;0;9;14;A01
201800018614;1;7;0;0;2;1;15;A01
201800018614;2;7;0;0;2;2;1;B01
201800018615;2;7;0;13;0;0;1;A01
201800018616;2;7;0;6;0;1;1;A01
201800018617;1;33;0;0;2;1;1;A01
201800018617;2;7;0;0;2;3;13;B01
201800018617;2;7;0;0;9;2;1;C01
201800018618;1;7;0;0;1;3;1;A01
201800018618;2;7;0;0;1;2;1;B01
201800018619;2;7;0;0;2;1;1;B01
201800018619;1;7;0;0;2;1;13;A01
201800018620;1;33;0;12;0;1;1;A01
201800018621;1;7;0;2;0;1;21;A01
201800018622;1;33;0;0;2;1;0;A01
201800018622;1;7;0;0;0;3;9;B01
201800018623;1;33;0;8;0;0;2;A01
201800018624;1;2;0;0;2;2;15;A01
201800018624;2;7;0;0;2;1;1;B01
201800018625;2;33;0;7;0;3;1;A01
201800018626;2;7;0;0;1;2;19;A01
201800018627;2;33;0;0;0;1;1;A01
201800018628;0;2;0;0;2;3;1;A01
201800018628;0;7;0;0;0;1;19;B01
201800018629;0;7;0;6;0;3;1;A01
201800018630;2;1;0;0;0;8;1;A01
201800018630;0;10;0;0;2;2;1;B01
201800018631;2;7;0;0;1;3;1;A01
201800018632;0;33;0;0;2;1;2;B01
201800018632;0;7;0;0;2;6;10;A01
201800018633;1;33;0;0;2;1;1;A01
201800018633;1;7;0;0;2;8;10;B01
201800018634;1;10;0;0;2;3;1;B01
201800018634;2;33;0;0;2;1;13;A01
201800018635;1;7;0;0;2;6;2;B01
201800018635;2;2;0;0;2;1;2;A01
201800018636;1;7;0;0;2;3;1;A01
201800018636;2;33;0;0;2;1;13;B01
201800018637;1;1;0;0;2;8;2;B01
201800018637;1;7;0;0;9;7;2;A01
201800018638;1;33;0;8;0;1;1;A01
201800018639;2;7;0;0;0;4;2;B01
201800018639;2;7;0;0;0;4;2;C01
201800018639;2;7;0;0;2;1;2;A01
201800018640;0;7;0;0;0;1;0;A01
201800018641;1;2;0;0;2;1;13;A01
201800018641;2;7;0;0;2;1;1;B01
201800018642;2;10;0;0;9;8;1;B01
201800018642;1;1;0;0;2;8;1;A01
201800018643;1;7;0;2;0;1;0;A01
201800018644;0;7;0;0;9;3;11;A01
201800018644;0;1;0;12;2;1;1;B01
201800018645;2;33;0;0;2;1;1;A01
201800018645;1;7;0;7;0;5;19;B01
201800018646;0;1;0;0;2;3;1;B01
201800018646;0;7;0;0;2;6;19;A01
201800018647;1;7;0;9;0;1;1;A01
201800018648;1;33;0;0;2;2;15;A01
201800018648;2;7;0;0;2;3;1;B01
201800018649;2;7;0;0;2;3;15;A01
201800018649;2;33;0;0;2;2;2;B01
201800018650;2;7;0;0;2;3;11;A01
201800018650;2;7;0;0;2;7;1;B01
201800018651;0;33;0;0;1;1;17;A01
201800018652;2;33;0;0;2;1;0;A01
201800018652;2;7;0;0;0;4;2;B01
201800018653;2;7;0;13;0;2;0;A01
201800018654;2;7;0;6;0;3;0;A01
201800018655;1;7;0;0;2;3;1;B01
201800018655;2;7;0;0;2;3;17;A01
201800018656;1;7;0;0;1;2;0;A01
201800018657;1;7;0;2;0;1;13;A01
201800018658;1;7;0;0;2;3;13;A01
201800018658;2;7;0;0;2;3;1;B01
201800018659;2;10;0;0;2;3;23;C01
201800018659;2;10;0;0;2;2;15;B01
201800018659;1;2;0;0;2;0;1;A01
201800018660;1;10;0;0;0;0;19;A01
201800018660;1;33;0;0;0;0;1;B01
201800018661;1;7;0;2;0;1;2;A01
201800018662;0;7;0;0;1;1;1;A01
201800018663;2;7;0;0;2;3;5;A01
201800018663;1;7;0;7;2;3;1;B01
201800018664;0;99;0;0;2;1;17;A01
201800018664;0;7;0;0;2;3;1;B01
201800018665;2;7;0;0;2;3;13;B01
201800018665;2;33;0;0;2;2;3;A01
201800018666;2;7;0;16;0;3;0;A01
201800018666;1;7;0;16;0;3;0;B01
201800018667;2;7;0;0;0;3;1;B01
201800018667;1;2;0;0;0;1;15;A01
201800018668;1;3;0;0;1;3;1;A01
201800018669;1;33;0;0;6;3;1;A01
201800018670;2;7;0;0;2;3;13;A01
201800018670;1;7;0;0;0;1;1;B01
201800018671;1;7;0;0;2;3;1;A01
201800018671;2;2;0;0;2;1;15;B01
201800018672;0;10;0;0;2;1;19;A01
201800018672;0;10;0;0;2;1;1;B01
201800018673;2;7;0;3;0;5;15;A01
201800018673;1;7;0;0;0;2;1;B01
201800018674;2;7;0;0;1;2;1;A01
201800018675;0;7;0;6;0;1;1;A01
201800018676;1;7;0;0;2;1;13;B01
201800018676;2;7;0;0;2;3;1;A01
201800018677;1;7;0;0;2;3;1;B01
201800018677;2;7;0;0;2;1;13;A01
201800018678;0;2;0;0;2;2;9;A01
201800018678;0;7;0;0;2;5;1;B01
201800018679;0;2;0;0;0;1;0;B01
201800018679;0;7;0;0;2;1;1;A01
201800018680;1;1;0;0;0;0;2;A01
201800018681;1;7;0;0;2;2;9;A01
201800018681;1;33;0;0;2;8;1;B01
201800018682;1;7;0;0;2;4;2;A01
201800018682;1;7;0;0;2;1;2;B01
201800018683;0;1;0;0;2;1;1;B01
201800018683;2;7;0;0;2;3;15;A01
201800018684;2;7;0;0;2;3;1;A01
201800018684;1;7;0;0;2;1;13;B01
201800018685;1;33;0;0;0;8;1;A01
201800018686;1;7;0;6;0;2;1;A01
201800018687;2;7;0;0;2;6;1;B01
201800018687;2;7;0;0;2;2;17;A01
201800018688;1;7;0;0;2;3;13;A01
201800018688;2;7;0;0;2;2;0;B01
201800018689;1;99;0;0;1;2;1;A01
201800018690;1;33;0;13;0;1;17;A01
201800018691;0;7;0;0;2;3;19;A01
201800018691;0;1;0;0;2;1;0;B01
201800018692;0;7;0;0;1;3;2;A01
201800018693;2;33;0;0;2;8;21;A01
201800018693;1;10;0;0;2;3;1;B01
201800018694;2;33;0;1;0;1;13;A01
201800018694;1;7;0;0;0;0;0;B01
201800018695;1;7;0;0;6;9;1;A01
201800018696;2;7;0;6;0;3;19;A01
201800018697;2;32;0;0;6;1;0;A01
201800018698;2;2;0;0;2;1;1;A01
201800018698;2;7;0;0;2;8;1;B01
201800018699;2;33;0;0;2;1;1;B01
201800018699;1;7;0;0;2;8;19;A01
201800018700;2;7;0;0;1;1;1;A01
201800018701;1;31;0;0;2;1;18;A01
201800018701;1;10;0;0;2;2;16;B01
201800018702;0;1;0;0;2;4;1;B01
201800018702;0;7;0;0;2;1;1;A01
201800018702;0;7;0;0;2;8;1;C01
201800018703;1;7;0;0;2;1;1;A01
201800018703;2;7;0;0;2;1;1;B01
201800018703;2;7;0;0;2;1;1;C01
201800018704;1;7;0;6;0;1;0;A01
201800018705;2;7;0;0;1;3;1;A01
201800018706;1;14;0;0;0;7;0;A01
201800018707;0;7;0;0;0;0;1;A01
201800018708;2;7;0;0;2;2;21;A01
201800018708;2;33;0;0;0;4;1;B01
201800018709;2;3;0;0;2;1;13;A01
201800018709;2;3;0;0;2;1;1;B01
201800018710;1;33;0;0;2;7;17;A01
201800018710;1;7;0;0;2;3;15;B01
201800018711;2;7;0;0;2;1;5;A01
201800018711;1;15;0;0;2;1;21;B01
201800018712;0;15;0;0;2;0;0;B01
201800018712;1;33;0;0;2;0;0;A01
201800018713;1;7;0;0;2;3;15;A01
201800018713;2;7;0;0;2;3;1;B01
201800018714;2;7;0;0;2;6;0;A01
201800018714;1;7;0;8;2;3;1;B01
201800018715;1;33;0;0;2;1;1;A01
201800018715;2;7;0;0;2;3;1;B01
201800018716;1;7;0;0;2;8;1;D01
201800018716;2;33;0;0;2;3;17;A01
201800018716;2;33;0;0;2;3;17;B01
201800018716;1;7;0;0;2;3;1;C01
201800018717;1;15;0;0;9;1;0;A01
201800018718;2;7;0;13;2;1;17;A01
201800018718;2;7;0;0;2;3;15;B01
201800018719;1;7;0;0;2;2;17;A01
201800018719;1;1;0;0;2;8;13;B01
201800018720;2;33;0;0;2;1;13;A01
201800018720;1;7;0;0;2;1;0;B01
201800018721;1;2;0;0;2;1;1;A01
201800018721;2;10;0;0;2;4;15;B01
201800018722;1;7;0;0;1;1;0;A01
201800018723;2;7;0;2;0;1;0;A01
201800018724;1;13;0;0;2;3;1;B01
201800018724;2;7;0;0;2;1;13;A01
201800018725;0;2;0;12;0;1;1;A01
201800018726;2;7;0;2;9;8;13;A01
201800018727;1;7;0;0;2;3;1;B01
201800018727;2;7;0;0;2;3;15;A01
201800018728;2;7;0;0;2;1;13;A01
201800018728;1;7;0;0;2;1;1;B01
201800018729;2;7;0;0;1;2;13;A01
201800018730;2;10;0;0;2;3;15;B01
201800018730;1;31;0;0;2;3;1;A01
201800018731;1;10;0;0;2;2;17;A01
201800018731;1;1;0;0;0;6;1;B01
201800018732;1;7;0;0;1;1;1;A01
201800018733;2;7;0;0;2;1;5;A01
201800018733;1;7;0;0;2;1;1;B01
201800018734;1;1;0;0;2;0;16;B01
201800018734;1;7;0;0;2;3;16;A01
201800018735;0;7;0;15;0;1;1;A01
201800018736;2;7;0;0;2;1;1;B01
201800018736;1;7;0;0;2;1;15;A01
201800018737;0;7;0;0;2;7;15;A01
201800018737;0;1;0;0;2;1;1;B01
201800018738;0;7;0;9;0;3;13;A01
201800018739;2;7;0;1;0;2;0;A01
201800018740;1;7;0;0;2;3;1;B01
201800018740;2;2;0;0;2;1;13;A01
201800018741;0;7;0;0;2;1;15;A01
201800018741;1;31;0;0;2;7;1;B01
201800018742;0;2;0;0;0;0;2;A01
201800018743;2;7;0;0;2;2;15;A01
201800018743;1;2;0;0;2;1;5;B01
201800018744;0;30;0;0;2;1;1;B01
201800018744;0;7;0;0;2;1;15;A01
201800018745;1;7;0;0;0;6;15;A01
201800018745;1;33;0;0;2;1;1;B01
201800018746;1;7;0;0;1;4;4;A01
201800018747;1;2;0;0;2;0;0;A01
201800018747;1;2;0;0;2;0;0;B01
201800018747;1;2;0;13;0;1;1;C01
201800018748;1;7;0;0;2;3;13;A01
201800018748;2;7;0;0;2;3;1;B01
201800018749;2;7;0;0;2;3;13;A01
201800018749;1;7;0;0;2;3;1;B01
201800018750;0;7;0;0;1;4;14;A01
201800018751;2;33;0;0;2;1;17;A01
201800018751;1;33;0;7;2;1;1;B01
201800018752;1;7;0;13;0;9;0;A01
201800018753;2;7;0;12;0;9;1;A01
201800018754;0;7;0;16;0;1;1;A01
201800018755;1;7;0;0;1;1;17;A01
201800018756;0;7;0;0;1;1;1;A01
201800018757;0;7;0;13;0;1;1;A01
201800018758;1;1;0;0;0;0;1;A01
201800018759;1;7;0;2;0;1;1;A01
201800018760;2;36;0;0;0;1;1;A01
201800018761;2;1;0;0;0;8;2;B01
201800018761;2;33;0;0;2;1;2;A01
201800018762;1;2;0;0;2;1;2;A01
201800018762;1;7;0;0;0;6;2;B01
201800018763;1;7;0;0;5;4;0;C01
201800018763;1;7;0;0;5;1;0;B01
201800018764;1;10;0;0;2;1;1;B01
201800018764;1;7;0;0;2;8;15;A01
201800018765;1;1;0;0;9;8;18;B01
201800018765;1;21;0;0;9;5;17;A01
201800018766;2;7;0;0;2;1;1;B01
201800018766;2;7;0;2;2;6;1;A01
201800018767;2;33;0;0;0;9;17;A01
201800018768;2;7;0;0;0;0;1;A01
201800018769;1;31;0;13;0;1;1;A01
201800018770;2;7;0;0;2;2;1;A01
201800018770;0;1;0;0;2;4;9;B01
201800018771;0;7;0;7;0;1;14;A01
201800018772;0;1;0;0;2;1;5;A01
201800018772;0;7;0;0;2;8;1;B01
201800018773;1;7;0;6;0;1;17;A01
201800018774;0;1;0;0;2;8;15;B01
201800018774;0;7;0;0;9;0;1;A01
201800018775;0;7;0;0;2;8;0;B01
201800018775;2;7;0;0;2;2;1;A01
201800018776;2;7;0;0;2;8;1;B01
201800018776;0;21;0;0;2;1;1;A01
201800018777;2;7;0;13;0;1;1;A01
201800018778;1;33;0;0;0;0;15;A01
201800018779;1;3;0;9;1;2;1;A01
201800018780;1;33;0;13;0;1;1;A01
201800018781;1;15;0;0;2;1;1;B01
201800018781;2;7;0;0;2;1;17;A01
201800018782;0;7;0;0;0;6;1;B01
201800018782;0;33;0;0;2;1;17;A01
201800018783;0;7;0;0;2;8;1;A01
201800018783;0;7;0;0;2;8;1;B01
201800018784;1;7;0;0;2;3;13;A01
201800018784;2;14;0;0;2;8;1;B01
201800018785;2;7;0;0;2;7;1;B01
201800018785;1;7;0;0;2;2;1;A01
201800018786;2;7;0;0;2;3;1;B01
201800018786;1;7;0;0;2;3;13;A01
201800018787;2;7;0;0;2;3;15;A01
201800018787;2;33;0;0;2;1;17;B01
201800018788;1;7;0;0;1;2;1;A01
201800018789;2;7;0;0;9;1;1;A01
201800018789;2;1;0;0;2;8;9;B01
201800018790;2;33;0;0;2;3;1;A01
201800018790;1;7;0;0;0;5;15;B01
201800018791;1;7;0;0;2;1;1;A01
201800018791;0;10;0;0;2;2;19;B01
201800018792;2;7;0;0;2;3;1;B01
201800018792;1;7;0;0;2;1;13;A01
201800018793;1;7;0;0;2;3;1;A01
201800018793;2;7;0;0;2;3;1;B01
201800018794;1;7;0;0;2;3;9;A01
201800018794;1;32;0;0;2;1;1;B01
201800018795;1;7;0;13;0;1;16;A01
201800018796;2;14;0;0;2;8;1;B01
201800018796;1;31;0;0;2;1;1;A01
201800018797;2;7;0;2;0;1;1;A01
201800018798;0;7;0;13;0;9;1;A01
201800018799;1;10;0;7;0;7;1;B01
201800018799;1;7;0;0;2;1;1;A01
201800018800;0;2;0;0;0;7;1;A01
201800018801;0;7;0;0;2;7;1;A01
201800018801;0;7;0;0;2;1;1;B01
201800018802;2;2;0;0;0;7;2;A01
201800018803;0;7;0;0;0;6;15;A01
201800018803;0;7;0;0;2;1;16;B01
201800018804;1;33;0;13;0;1;15;A01
201800018805;0;33;0;0;5;1;1;A01
201800018806;0;7;0;13;0;9;1;A01
201800018807;2;2;0;0;2;1;17;A01
201800018807;2;20;0;0;0;4;15;B01
201800018808;2;7;0;0;2;3;1;B01
201800018808;1;7;0;0;2;3;13;A01
201800018809;1;7;0;13;2;3;0;B01
201800018809;2;7;0;0;2;1;1;A01
201800018810;2;13;0;0;2;3;1;A01
201800018810;1;7;0;0;2;8;0;B01
201800018810;1;7;0;0;2;3;1;C01
201800018811;2;7;0;0;0;4;23;A01
201800018811;2;33;0;0;2;1;2;B01
201800018812;1;7;0;2;0;9;1;A01
201800018813;1;7;0;0;0;4;15;A01
201800018813;1;7;0;0;2;1;1;B01
201800018814;2;7;0;13;0;1;13;A01
201800018815;1;7;0;0;2;1;1;A01
201800018815;1;7;0;0;2;8;1;B01
201800018816;0;7;0;13;0;2;1;A01
201800018817;2;33;0;8;0;2;1;A01
201800018818;1;7;0;0;2;3;15;A01
201800018818;2;33;0;0;2;3;1;B01
201800018819;0;33;0;0;2;8;1;B01
201800018819;0;7;0;0;2;1;1;A01
201800018820;1;7;0;0;2;7;1;B01
201800018820;0;2;0;0;2;1;1;A01
201800018821;1;1;0;0;2;2;10;B01
201800018821;2;7;0;0;2;1;1;A01
201800018822;2;7;0;0;2;1;1;B01
201800018822;1;33;0;0;2;1;15;A01
201800018823;2;7;0;0;2;1;1;B01
201800018823;1;7;0;0;2;2;6;A01
201800018824;1;7;0;0;2;1;1;B01
201800018824;2;7;0;0;2;3;13;A01
201800018825;2;33;0;0;2;1;1;B01
201800018825;1;7;0;0;2;1;15;A01
201800018826;0;36;0;0;0;0;2;A01
201800018827;2;7;0;0;1;3;1;A01
201800018828;2;7;0;0;9;3;17;A01
201800018828;1;1;0;0;2;1;1;B01
201800018829;2;31;0;0;0;0;1;A01
201800018830;1;7;0;0;1;2;1;A01
201800018831;1;7;0;2;0;1;1;A01
201800018832;0;7;0;0;2;2;0;B01
201800018832;0;2;0;0;2;2;0;A01
201800018833;0;7;0;0;1;6;4;A01
201800018834;1;7;0;0;2;2;1;A01
201800018834;1;3;0;0;2;4;1;B01
201800018835;0;7;0;0;1;4;0;A01
201800018836;2;7;0;6;0;3;0;A01
201800018837;2;7;0;0;2;2;1;B01
201800018837;2;7;0;0;0;4;13;A01
201800018838;1;7;0;0;1;2;1;A01
201800018839;2;7;0;2;0;3;0;A01
201800018840;2;7;0;0;0;8;15;A01
201800018840;2;33;0;0;0;1;17;B01
201800018841;2;7;0;0;0;5;15;A01
201800018841;1;33;0;0;2;1;1;B01