num_acc;senc;catv;occutc;obs;obsm;choc;manv;num_veh
201800019622;1;7;0;0;2;1;2;A01
201800019622;1;10;0;0;2;4;2;B01
201800019623;2;34;0;0;2;1;2;B01
201800019623;2;7;0;0;2;8;15;A01
201800019624;1;7;0;0;2;3;9;A01
201800019624;1;30;0;0;2;7;2;B01
201800019625;1;1;0;0;1;1;1;A01
201800019626;2;7;0;0;2;3;15;A01
201800019626;1;1;0;0;2;1;1;B01
201800019627;1;7;0;0;2;7;0;A01
201800019627;2;2;0;0;2;1;0;B01
201800019628;1;7;0;0;2;1;2;A01
201800019628;1;7;0;0;2;4;2;B01
201800019629;1;7;0;0;1;2;1;A01
201800019630;2;7;0;0;2;3;0;A01
201800019630;2;2;0;0;2;2;2;B01
201800019631;1;7;0;0;2;1;2;A01
201800019631;1;7;0;0;2;4;2;B01
201800019631;1;7;0;0;2;4;2;C01
201800019632;2;30;0;1;1;1;2;A01
201800019633;1;7;0;0;2;1;2;A01
201800019633;1;7;0;0;2;4;2;B01
201800019634;0;99;0;0;2;1;1;A01
201800019634;0;99;0;0;2;1;1;B01
201800019635;1;10;0;0;1;4;20;A01
201800019636;1;7;0;0;2;1;0;A01
201800019636;1;7;0;0;2;1;0;B01
201800019636;1;7;0;0;2;4;2;C01
201800019637;1;10;0;0;2;1;2;A01
201800019637;1;2;0;0;2;4;2;B01
201800019638;2;30;0;0;2;1;1;A01
201800019638;2;1;0;0;2;7;1;B01
201800019639;2;30;0;0;2;8;17;A01
201800019639;1;7;0;1;0;3;17;B01
201800019640;1;1;0;0;1;1;1;A01
201800019641;1;30;0;0;1;1;1;A01
201800019642;1;7;0;0;2;4;0;A01
201800019642;1;10;0;0;2;1;0;B01
201800019643;1;7;0;0;2;1;15;A01
201800019643;1;7;0;0;2;8;1;B01
201800019644;1;3;0;0;2;2;0;B01
201800019644;2;30;0;0;2;1;19;A01
201800019645;1;34;0;0;0;8;1;A01
201800019646;1;7;0;0;2;2;15;A01
201800019646;2;33;0;0;2;1;1;B01
201800019647;1;7;0;0;2;4;23;A01
201800019647;1;7;0;0;2;4;2;B01
201800019647;1;7;0;0;2;1;2;C01
201800019648;1;14;0;0;2;1;2;A01
201800019648;1;7;0;0;2;4;2;B01
201800019648;1;7;0;0;2;4;2;C01
201800019648;1;7;0;0;2;5;0;D01
201800019649;0;7;0;0;1;5;0;A01
201800019650;2;7;0;0;2;6;1;A01
201800019650;2;7;0;0;2;2;11;B01
201800019651;1;10;0;0;2;1;15;A01
201800019651;2;1;0;0;2;8;1;B01
201800019652;2;30;0;0;2;5;16;A01
201800019652;1;7;0;0;2;5;0;B01
201800019653;1;7;0;0;2;1;2;A01
201800019653;1;7;0;0;2;4;2;B01
201800019653;1;7;0;0;2;8;2;C01
201800019653;1;34;0;0;2;1;2;D01
201800019654;1;7;0;0;2;6;9;A01
201800019654;1;1;0;0;2;1;1;B01
201800019655;0;7;0;0;1;0;20;A01
201800019656;2;7;0;0;2;3;15;A01
201800019656;1;7;0;0;2;3;1;B01
201800019657;1;7;0;0;2;1;2;A01
201800019657;1;7;0;0;2;4;2;B01
201800019658;1;7;0;0;2;1;15;B01
201800019658;1;7;0;0;2;7;2;A01
201800019659;1;2;0;0;2;2;1;B01
201800019659;1;7;0;0;2;1;15;A01
201800019660;1;7;0;0;1;1;9;A01
201800019661;1;7;0;0;2;1;1;A01
201800019661;1;7;0;0;2;4;2;B01
201800019662;1;7;0;0;0;9;1;A01
201800019663;2;7;0;4;0;1;13;A01
201800019664;1;2;0;0;2;1;2;A01
201800019664;1;7;0;0;2;4;2;B01
201800019665;0;7;0;0;1;2;0;A01
201800019666;2;7;0;0;2;2;16;B01
201800019666;1;1;0;0;2;1;5;A01
201800019667;2;10;0;0;2;2;14;A01
201800019667;2;14;0;0;2;6;23;B01
201800019668;1;31;0;0;2;2;1;A01
201800019668;1;10;0;0;2;3;16;B01
201800019669;1;7;0;0;2;3;19;A01
201800019669;1;34;0;0;2;1;1;B01
201800019670;1;7;0;0;2;3;0;A01
201800019670;2;7;0;0;2;2;0;B01
201800019671;1;1;0;0;2;7;1;B01
201800019671;1;7;0;0;2;1;15;A01
201800019672;2;33;0;0;2;1;2;A01
201800019672;2;7;0;0;2;3;2;B01
201800019673;1;1;0;0;1;8;1;Z01
201800019674;1;34;0;8;0;1;1;A01
201800019675;2;30;0;0;0;0;0;A01
201800019676;1;33;0;11;0;1;17;A01
201800019677;2;99;0;0;1;0;0;A01
201800019678;0;30;0;0;0;7;0;A01
201800019679;1;32;0;1;0;2;14;A01
201800019680;1;2;0;0;2;8;1;B01
201800019680;1;7;0;0;2;1;1;A01
201800019681;1;34;0;0;2;7;17;A01
201800019681;1;7;0;0;2;8;13;B01
201800019682;2;7;0;5;1;2;2;A01
201800019683;1;7;0;0;2;3;0;A01
201800019683;1;31;0;0;2;0;0;B01
201800019684;1;7;0;4;0;1;2;A01
201800019685;2;7;0;0;2;2;15;A01
201800019685;1;7;0;0;2;3;1;B01
201800019686;1;7;0;15;1;3;0;A01
201800019687;2;32;0;12;0;1;1;A01
201800019688;1;33;0;0;2;7;2;A01
201800019688;1;7;0;0;2;6;2;B01
201800019688;1;7;0;0;2;7;1;C01
201800019689;2;7;0;0;2;7;15;A01
201800019689;2;34;0;0;2;1;1;B01
201800019690;1;1;0;0;0;0;0;A01
201800019691;;99;0;0;0;0;0;A01
201800019692;1;7;0;0;1;1;0;A01
201800019693;1;33;0;0;1;1;3;A01
201800019694;2;7;0;0;2;1;1;A01
201800019694;2;7;0;0;2;4;23;B01
201800019694;2;7;0;0;2;4;23;C01
201800019695;2;7;0;1;2;1;21;A01
201800019695;2;2;0;0;2;4;0;B01
201800019695;0;7;0;0;2;8;24;C01
201800019696;1;33;0;0;0;2;16;A01
201800019697;2;7;0;0;2;1;1;A01
201800019697;0;1;0;0;2;8;19;B01
201800019698;1;1;0;0;1;1;0;A01
201800019699;2;7;0;0;2;3;15;A01
201800019699;1;1;0;0;2;8;1;B01
201800019700;1;7;0;0;2;1;2;A01
201800019700;1;7;0;0;2;4;2;B01
201800019700;1;7;0;0;2;4;2;C01
201800019701;2;13;0;7;0;1;1;A01
201800019702;1;10;0;0;2;2;17;A01
201800019702;1;1;0;0;0;8;2;B01
201800019703;1;30;0;0;2;1;2;A01
201800019703;1;7;0;0;2;4;2;B01
201800019704;1;7;0;0;2;1;2;A01
201800019704;1;7;0;0;2;4;2;B01
201800019705;1;7;0;0;2;4;2;B01
201800019705;1;7;0;0;2;1;2;A01
201800019706;1;30;0;0;2;1;17;A01
201800019706;1;7;0;0;2;8;15;B01
201800019707;1;7;0;0;2;3;1;B01
201800019707;1;32;0;0;2;1;19;A01
201800019708;2;7;0;0;2;8;1;B01
201800019708;1;7;0;0;2;1;5;A01
201800019709;1;30;0;0;0;7;16;A01
201800019710;1;7;0;0;2;8;2;A01
201800019710;1;1;0;0;2;0;0;B01
201800019711;1;7;0;0;2;1;1;B01
201800019711;2;7;0;0;2;6;19;A01
201800019712;1;7;0;0;2;1;15;A01
201800019712;2;7;0;0;2;3;1;B01
201800019713;2;7;0;8;0;2;1;A01
201800019714;2;32;0;0;2;7;2;A01
201800019714;2;7;0;0;2;8;15;B01
201800019715;2;30;0;0;2;1;2;A01
201800019715;2;7;0;0;2;2;2;B01
201800019716;0;33;0;0;0;7;12;A01
201800019717;1;33;0;0;2;4;2;A01
201800019717;1;7;0;0;2;4;2;B01
201800019718;1;7;0;0;2;3;15;A01
201800019718;1;32;0;0;2;3;15;B01
201800019719;1;7;0;0;2;5;1;A01
201800019719;1;1;0;0;2;7;1;B01
201800019720;1;7;0;0;2;1;1;A01
201800019720;1;7;0;0;2;6;2;B01
201800019720;1;7;0;1;2;8;24;C01
201800019721;1;7;0;0;2;7;15;A01
201800019721;2;1;0;0;2;2;5;B01
201800019722;1;1;0;0;2;1;5;B01
201800019722;2;7;0;0;2;2;16;A01
201800019723;1;33;0;0;2;2;17;A01
201800019723;1;17;0;0;2;6;2;B01
201800019724;2;7;0;0;2;1;2;A01
201800019724;2;37;1;0;2;4;2;B01
201800019725;1;7;0;0;2;4;1;A01
201800019725;1;7;0;0;2;1;2;B01
201800019725;1;7;0;0;2;1;2;C01
201800019726;2;99;0;0;2;2;15;B01
201800019726;1;33;0;0;2;1;17;A01
201800019727;1;7;0;0;2;8;2;A01
201800019727;1;7;0;0;2;2;2;B01
201800019728;1;30;0;9;0;1;0;A01
201800019729;1;32;0;0;2;1;1;A01
201800019729;2;7;0;0;2;5;15;B01
201800019730;2;2;0;0;2;8;1;B01
201800019730;1;7;0;0;2;1;19;A01
201800019731;2;7;0;12;2;5;1;B01
201800019731;1;7;0;0;2;1;1;A01
201800019732;1;7;0;0;2;1;1;B01
201800019732;2;7;0;0;2;7;1;A01
201800019733;1;7;0;0;2;7;10;A01
201800019733;2;33;0;0;2;1;1;B01
201800019734;1;10;0;8;0;1;14;A01
201800019735;1;1;0;0;2;1;13;A01
201800019735;2;1;0;0;2;1;2;B01
201800019736;1;7;0;0;2;1;1;A01
201800019736;1;7;0;0;2;7;0;B01
201800019737;1;32;0;0;0;7;0;A01
201800019738;2;7;0;0;2;1;1;A01
201800019738;1;1;0;0;2;1;15;B01
201800019739;1;7;0;0;1;2;1;A01
201800019740;2;7;0;0;2;1;2;A01
201800019740;2;7;0;0;2;6;2;B01
201800019741;2;7;0;0;2;2;9;B01
201800019741;2;1;0;0;2;1;0;A01
201800019742;1;20;0;0;2;2;16;A01
201800019742;2;1;0;0;2;1;1;B01
201800019743;1;30;0;14;0;1;13;A01
201800019744;1;7;0;0;0;1;15;A01
201800019745;2;7;0;0;1;1;16;A01
201800019746;1;7;0;0;2;3;11;A01
201800019746;1;15;0;0;2;2;1;B01
201800019747;2;1;0;0;2;1;1;B01
201800019747;2;10;0;0;2;1;1;A01
201800019748;1;1;0;0;2;1;19;A01
201800019748;1;7;0;0;2;2;2;B01
201800019749;1;7;0;0;2;1;1;A01
201800019749;1;7;0;0;2;1;0;B01
201800019750;1;10;0;0;2;3;1;A01
201800019750;1;7;0;0;2;8;15;B01
201800019751;1;1;0;0;0;1;1;A01
201800019752;1;30;0;0;0;0;0;A01
201800019753;1;37;1;0;1;1;21;A01
201800019754;1;7;0;0;2;1;2;A01
201800019754;1;1;0;0;2;4;2;B01
201800019755;1;7;0;0;2;1;1;A01
201800019755;1;7;0;0;2;1;0;B01
201800019755;1;7;0;0;2;4;1;C01
201800019756;2;7;0;0;2;4;2;A01
201800019756;2;30;0;0;2;1;2;B01
201800019757;1;2;0;0;2;1;1;B01
201800019757;1;7;0;0;2;3;15;A01
201800019758;2;7;0;0;2;1;9;A01
201800019758;2;2;0;0;2;7;1;B01
201800019759;2;7;0;0;1;1;1;A01
201800019760;1;33;0;0;2;3;9;A01
201800019760;1;7;0;0;2;2;14;B01
201800019761;1;1;0;2;2;4;23;A01
201800019761;1;1;0;2;2;1;1;B01
201800019762;1;30;0;1;0;7;0;A01
201800019762;1;7;0;0;2;8;0;B01
201800019763;1;7;0;0;2;3;1;A01
201800019763;2;7;0;0;2;3;1;B01
201800019764;1;7;0;0;1;2;1;A01
201800019765;2;31;0;0;0;3;21;A01
201800019766;1;7;0;0;2;6;2;A01
201800019766;1;7;0;0;2;2;2;B01
201800019767;2;7;0;0;1;3;1;A01
201800019768;0;1;0;12;0;1;1;A01
201800019769;2;30;0;0;2;3;1;B01
201800019769;2;7;0;0;2;3;1;A01
201800019770;1;7;0;1;2;2;1;A01
201800019770;1;7;0;0;2;1;1;B01
201800019770;1;7;0;6;2;8;24;C01
201800019771;2;7;0;1;0;2;14;A01
201800019772;2;10;0;0;2;4;9;A01
201800019772;2;10;0;0;2;1;2;B01
201800019773;1;2;0;0;2;2;1;B01
201800019773;2;10;0;0;2;1;19;A01
201800019774;0;7;0;0;0;1;14;A01
201800019775;1;7;0;8;0;3;0;A01
201800019776;1;10;0;0;2;1;9;A01
201800019776;1;7;0;0;2;2;1;B01
201800019777;1;30;0;0;2;0;21;A01
201800019778;2;7;0;0;2;3;15;A01
201800019778;2;32;0;0;2;5;17;B01
201800019779;2;7;0;0;2;3;16;A01
201800019779;1;7;0;0;2;3;2;B01
201800019780;1;7;0;0;1;1;1;A01
201800019781;1;7;0;3;2;2;2;A01
201800019781;1;7;0;3;2;6;23;B01
201800019782;1;7;0;3;2;9;21;A01
201800019782;1;7;0;3;2;4;23;B01
201800019783;1;7;0;0;2;1;1;A01
201800019783;1;1;0;0;2;0;9;Z01
201800019784;1;30;0;0;0;0;17;A01
201800019785;2;7;0;0;2;1;2;A01
201800019785;2;7;0;0;2;4;23;B01
201800019786;1;37;1;0;1;1;1;A01
201800019787;1;7;0;0;2;1;2;A01
201800019787;1;7;0;0;2;4;23;B01
201800019788;1;7;0;0;2;7;1;B01
201800019788;2;7;0;0;2;1;1;A01
201800019789;1;30;0;12;0;3;15;A01
201800019790;1;7;0;0;2;3;9;A01
201800019790;1;33;0;0;2;0;1;B01
201800019791;1;7;0;0;2;5;4;A01
201800019791;2;30;0;0;2;1;2;B01
201800019792;1;7;0;0;2;1;2;A01
201800019792;1;7;0;0;2;9;2;B01
201800019792;1;7;0;0;2;5;2;C01
201800019793;1;7;0;0;2;1;12;A01
201800019793;1;7;0;0;2;4;23;B01
201800019793;1;7;0;0;2;4;23;C01
201800019794;2;7;0;0;2;2;2;A01
201800019794;2;1;0;12;0;8;13;B01
201800019795;1;7;0;2;0;1;14;A01
201800019796;1;7;0;3;0;1;9;A01
201800019797;1;32;0;0;2;1;2;A01
201800019797;1;7;0;0;2;5;2;B01
201800019798;1;1;0;0;2;6;1;A01
201800019798;2;7;0;0;2;3;1;B01
201800019799;1;7;0;0;2;1;9;A01
201800019799;2;1;0;0;2;2;0;B01
201800019800;1;7;0;0;2;4;2;A01
201800019800;1;7;0;0;2;2;2;B01
201800019801;1;7;0;0;1;1;1;A01
201800019802;2;7;0;6;0;2;1;A01
201800019803;2;7;0;0;2;1;9;A01
201800019803;2;7;0;0;2;4;1;B01
201800019804;2;7;0;0;2;4;1;A01
201800019804;2;7;0;0;2;4;1;B01
201800019804;2;7;0;0;2;1;1;C01
201800019805;1;7;0;0;2;1;1;A01
201800019805;2;7;0;0;2;7;1;B01
201800019805;2;7;0;0;2;3;1;C01
201800019806;1;7;0;0;2;1;2;A01
201800019806;1;7;0;0;2;4;2;B01
201800019806;1;7;0;0;2;4;2;C01
201800019806;1;7;0;0;2;4;2;D01
201800019807;1;7;0;0;2;1;2;A01
201800019807;1;7;0;0;2;4;2;B01
201800019808;1;7;0;0;2;1;9;A01
201800019808;2;1;0;0;2;7;1;B01
201800019809;1;32;0;0;0;0;1;A01
201800019810;0;1;0;0;0;1;1;A01
201800019811;0;1;0;0;0;0;0;A01
201800019812;1;7;0;0;2;2;1;B01
201800019812;2;2;0;0;2;3;1;A01
201800019813;1;7;0;0;1;1;16;A01
201800019814;2;7;0;0;2;3;9;A01
201800019814;2;7;0;0;2;2;2;B01
201800019815;1;7;0;0;1;1;1;A01
201800019816;1;1;0;0;1;5;0;A01
201800019817;1;7;0;8;2;8;1;B01
201800019817;1;7;0;0;2;1;1;A01
201800019818;1;1;0;0;2;3;1;B01
201800019818;2;7;0;0;2;1;15;A01
201800019819;2;7;0;0;2;1;2;A01
201800019819;2;7;0;0;2;4;2;B01
201800019820;1;7;0;0;1;1;1;A01
201800019821;1;7;0;0;2;3;9;A01
201800019821;1;2;0;0;2;2;2;B01
201800019822;0;10;0;0;1;1;2;A01
201800019823;1;1;0;0;2;0;0;B01
201800019823;1;7;0;0;2;7;9;A01
201800019824;1;7;0;0;2;4;1;A01
201800019824;1;10;0;0;2;1;2;B01
201800019825;2;7;0;3;0;2;14;A01
201800019826;2;30;0;12;0;5;0;A01
201800019826;0;7;0;12;0;0;0;B01
201800019827;1;7;0;0;2;1;2;A01
201800019827;1;7;0;0;2;4;2;B01
201800019827;1;7;0;0;2;4;2;C01
201800019828;1;7;0;0;1;1;15;A01
201800019829;1;30;0;0;2;1;1;A01
201800019829;1;10;0;0;2;6;16;B01
201800019830;1;7;0;0;1;1;1;A01
201800019831;1;7;0;0;1;2;1;A01
201800019832;1;7;0;0;1;2;1;A01
201800019833;1;7;0;0;2;1;2;A01
201800019833;1;7;0;0;2;4;2;B01
201800019834;1;2;0;0;2;8;2;A01
201800019834;1;2;0;0;2;7;2;B01
201800019835;1;7;0;1;0;9;1;A01
201800019836;1;7;0;0;2;1;2;A01
201800019836;1;7;0;0;2;4;2;B01
201800019836;1;7;0;0;2;4;1;C01
201800019837;1;7;0;0;2;1;2;A01
201800019837;1;7;0;0;1;1;2;B01
201800019838;1;7;0;0;1;0;1;Z01
201800019839;1;7;0;0;2;7;13;A01
201800019839;2;10;0;0;2;1;1;B01
201800019840;1;7;0;0;1;1;1;A01
201800019841;1;7;0;0;2;1;13;A01
201800019841;1;7;0;0;2;1;1;B01
201800019842;1;7;0;0;1;4;20;A01
201800019843;1;7;0;0;2;2;13;A01
201800019843;2;7;0;0;2;7;1;B01
201800019844;1;7;0;0;2;8;11;A01
201800019844;1;2;0;0;2;2;1;B01
201800019845;2;7;0;0;1;2;1;A01
201800019846;1;7;0;0;2;3;13;A01
201800019846;2;10;0;0;2;3;1;B01
201800019847;1;33;0;0;2;5;17;A01
201800019847;2;7;0;0;2;2;15;B01
201800019848;2;7;0;0;2;2;15;A01
201800019848;1;33;0;0;2;1;1;B01
201800019849;2;7;0;8;0;7;21;A01
201800019850;1;7;0;0;2;1;1;A01
201800019850;1;33;0;0;2;8;0;B01
201800019851;2;2;0;0;2;7;15;B01
201800019851;2;7;0;0;2;1;16;A01
201800019852;2;7;0;0;1;1;1;A01
201800019853;2;30;0;0;2;1;2;A01
201800019853;2;7;0;0;2;4;2;B01
201800019854;1;7;0;1;0;2;1;A01
201800019855;1;33;0;15;0;1;14;A01
201800019856;1;7;0;2;0;1;13;A01
201800019857;1;7;0;0;2;1;0;A01
201800019857;1;33;0;0;2;3;0;B01
201800019858;1;1;0;0;2;1;1;B01
201800019858;1;7;0;0;2;0;0;A01
201800019859;2;7;0;0;2;1;0;A01
201800019859;2;1;0;0;2;8;19;B01
201800019860;1;7;0;0;1;2;2;A01
201800019861;1;7;0;0;2;3;15;A01
201800019861;2;1;0;0;2;1;0;B01
201800019862;1;7;0;0;2;2;2;A01
201800019862;1;7;0;0;2;3;2;B01
201800019862;2;7;0;0;2;6;1;C01
201800019863;2;10;0;0;1;0;0;A01
201800019864;2;2;0;0;2;1;18;A01
201800019864;1;7;0;0;2;2;15;B01
201800019865;2;7;0;0;2;3;1;A01
201800019865;1;31;0;0;2;3;13;B01
201800019866;1;33;0;0;2;1;2;A01
201800019866;2;7;0;0;2;6;2;B01
201800019867;2;7;0;0;2;7;15;A01
201800019867;1;33;0;0;2;9;1;B01
201800019868;1;30;0;0;0;8;11;A01
201800019869;1;7;0;0;1;1;15;A01
201800019870;1;7;0;0;2;1;15;A01
201800019870;2;2;0;0;2;8;1;B01
201800019871;1;32;0;0;2;1;2;A01
201800019871;1;7;0;0;2;4;2;B01
201800019872;2;2;0;1;6;1;0;A01
201800019873;2;7;0;0;1;3;0;A01
201800019874;1;2;0;0;2;1;1;B01
201800019874;2;7;0;0;2;3;19;A01
201800019875;2;10;0;0;2;1;15;A01
201800019875;2;2;0;0;2;1;3;B01
201800019876;1;30;0;0;2;1;17;A01
201800019876;1;7;0;0;2;3;15;B01
201800019877;1;7;0;0;0;9;14;A01
201800019878;1;7;0;0;1;2;1;A01
201800019879;2;7;0;1;0;2;14;A01
201800019880;2;7;0;0;1;1;0;A01
201800019881;1;7;0;0;1;1;0;A01
201800019882;2;7;0;0;1;2;16;A01
201800019883;2;7;0;0;0;2;1;A01
201800019884;1;10;0;4;0;3;1;A01
201800019885;1;7;0;3;0;3;1;A01
201800019886;1;7;0;13;0;9;1;A01
201800019887;1;7;0;3;0;9;14;A01
201800019888;1;7;0;4;0;2;1;A01
201800019889;1;21;0;0;0;6;13;A01
201800019889;1;17;0;0;2;5;17;B01
201800019890;1;15;0;0;2;1;17;A01
201800019890;1;7;0;0;0;4;15;B01
201800019891;1;7;0;0;2;1;2;A01
201800019891;1;13;0;0;0;0;2;B01
201800019892;1;7;0;4;0;3;1;A01
201800019893;0;10;0;0;1;3;1;B01
201800019894;2;7;0;0;2;3;1;A01
201800019894;1;7;0;0;2;3;13;B01
201800019895;2;7;0;2;6;9;1;A01
201800019896;1;15;0;0;0;8;1;A01
201800019897;1;33;0;8;2;3;2;A01
201800019897;1;33;0;8;2;3;2;B01
201800019898;1;7;0;13;0;1;14;A01
201800019899;2;7;0;6;0;1;1;A01
201800019900;2;7;0;2;0;2;14;A01
201800019901;1;7;0;0;2;3;13;A01
201800019901;1;7;0;0;2;3;1;B01
201800019902;2;7;0;16;0;9;13;A01
201800019903;1;17;0;0;2;4;1;A01
201800019903;1;10;0;0;2;1;1;B01
201800019904;1;7;0;4;0;3;1;A01
201800019905;2;7;0;4;0;3;21;A01
201800019906;2;7;0;4;0;1;17;A01
201800019907;1;7;0;4;0;3;13;A01
201800019908;2;7;0;0;2;8;23;A01
201800019908;2;17;0;1;0;2;14;B01
201800019909;1;7;0;3;0;1;1;A01
201800019910;1;7;0;0;1;1;1;A01
201800019911;1;10;0;1;0;0;4;A01
201800019911;1;33;0;0;0;1;1;B01
201800019912;1;7;0;0;2;1;1;A01
201800019912;2;13;0;0;2;1;5;B01
201800019913;2;7;0;0;2;8;3;A01
201800019913;2;33;0;0;2;7;1;B01
201800019914;2;7;0;0;2;1;2;A01
201800019914;2;7;0;0;2;4;2;B01
201800019914;2;7;0;0;2;4;2;C01
201800019915;1;7;0;0;1;2;1;A01
201800019916;2;7;0;0;2;1;13;A01
201800019916;1;7;0;0;2;1;1;B01
201800019917;1;7;0;0;1;1;0;A01
201800019918;2;7;0;0;2;7;14;A01
201800019918;1;7;0;0;2;1;1;B01
201800019918;1;7;0;0;2;1;1;C01
201800019919;1;7;0;0;2;2;13;A01
201800019919;2;7;0;0;2;1;1;B01
201800019920;1;7;0;0;1;1;1;A01
201800019921;2;7;0;0;2;1;0;A01
201800019921;1;7;0;0;2;1;13;B01
201800019922;2;7;0;0;2;1;1;A01
201800019922;2;7;0;0;2;4;1;B01
201800019923;2;7;0;0;2;2;1;A01
201800019923;2;7;0;0;2;3;1;B01
201800019924;2;7;0;4;0;3;1;A01
201800019925;1;10;0;0;2;1;2;A01
201800019925;1;15;0;0;0;4;1;B01
201800019926;2;10;0;4;2;1;2;A01
201800019926;2;10;0;0;2;9;2;B01
201800019926;2;13;0;0;0;4;2;C01
201800019927;2;17;0;0;0;6;1;B01
201800019927;2;10;0;0;2;2;17;A01
201800019928;2;7;0;3;0;1;1;A01
201800019929;2;7;0;0;2;7;0;A01
201800019929;2;7;0;0;0;8;1;B01
201800019930;1;10;0;0;2;2;0;A01
201800019930;1;15;0;0;2;6;1;B01
201800019931;2;10;0;3;0;1;0;A01
201800019932;2;7;0;4;2;2;21;A01
201800019932;2;15;0;0;2;5;17;B01
201800019933;1;7;0;0;2;1;2;A01
201800019933;1;7;0;0;0;4;2;B01
201800019934;1;10;0;0;1;3;1;A01
201800019935;1;7;0;0;2;5;15;A01
201800019935;1;7;0;0;2;1;1;B01
201800019936;2;7;0;0;2;6;10;A01
201800019936;2;33;0;0;2;1;1;B01
201800019937;0;7;0;16;0;9;1;A01
201800019938;0;7;0;0;2;3;13;A01
201800019938;0;7;0;0;2;9;1;B01
201800019939;0;7;0;8;2;7;17;A01
201800019939;0;13;0;0;2;3;1;B01
201800019939;0;7;0;0;2;0;16;C01
201800019940;0;7;0;6;0;1;1;A01
201800019941;2;31;0;11;2;1;1;B01
201800019941;0;7;0;0;2;3;23;A01
201800019942;0;7;0;0;0;0;0;A01
201800019942;0;7;0;0;2;3;2;B01
201800019942;0;7;0;0;2;3;2;C01
201800019942;0;7;0;0;2;8;2;D01
201800019943;2;7;0;0;2;8;3;A01
201800019943;1;33;0;0;2;8;17;B01
201800019944;0;7;0;0;2;1;13;A01
201800019944;0;7;0;0;2;1;1;B01
201800019945;0;31;0;0;2;1;17;A01
201800019945;0;7;0;0;2;8;10;B01
201800019946;1;7;0;0;2;3;1;A01
201800019946;2;2;0;0;2;1;1;B01
201800019947;2;33;0;0;2;1;17;A01
201800019947;1;33;0;0;2;1;1;B01
201800019948;2;33;0;2;0;1;1;A01
201800019949;1;7;0;0;2;1;15;A01
201800019949;0;30;0;0;2;8;1;B01
201800019950;1;1;0;0;0;8;1;B01
201800019950;2;10;0;0;2;3;17;A01
201800019951;2;7;0;0;1;8;1;A01
201800019952;2;1;0;0;0;8;0;B01
201800019952;2;7;0;0;9;7;12;A01
201800019953;2;7;0;0;2;1;1;B01
201800019953;2;7;0;0;0;4;1;A01
201800019954;2;7;0;13;0;7;1;A01
201800019955;1;7;0;1;0;9;1;A01
201800019956;1;7;0;0;2;5;17;A01
201800019956;2;33;0;0;2;1;1;B01
201800019957;0;7;0;0;2;1;15;B01
201800019957;0;7;0;0;2;3;1;A01
201800019958;1;7;0;0;2;7;16;B01
201800019958;1;33;0;13;2;3;1;A01
201800019959;1;10;0;2;0;1;1;A01
201800019960;2;33;0;2;0;1;2;A01
201800019961;2;7;0;6;0;1;1;A01
201800019962;0;7;0;0;2;5;19;A01
201800019962;2;33;0;0;2;1;1;B01
201800019963;2;7;0;0;2;1;13;A01
201800019963;1;7;0;0;2;1;1;B01
201800019964;1;7;0;10;0;9;2;A01
201800019965;2;7;0;0;9;1;1;B01
201800019965;2;1;0;0;0;4;1;A01
201800019966;2;7;0;0;2;1;1;B01
201800019966;1;7;0;0;2;8;19;A01
201800019967;2;33;0;0;2;2;1;B01
201800019967;0;7;0;0;2;2;15;A01
201800019968;2;15;0;0;2;3;1;B01
201800019968;1;7;0;0;2;3;1;A01
201800019969;1;15;0;0;2;1;1;B01
201800019969;2;7;0;0;2;1;13;A01
201800019970;1;7;0;0;2;1;1;B01
201800019970;1;7;0;0;2;2;2;C01
201800019970;2;7;0;0;2;1;13;A01
201800019971;1;7;0;0;9;2;10;A01
201800019971;2;31;0;0;2;1;1;B01
201800019972;1;33;0;0;2;1;0;B01
201800019972;0;7;0;0;0;8;19;A01
201800019973;1;7;0;0;1;1;15;A01
201800019974;0;21;0;13;0;7;15;A01
201800019975;0;2;0;0;0;0;1;A01
201800019976;1;7;0;0;2;1;1;B01
201800019976;2;7;0;0;2;1;13;A01
201800019977;1;33;0;0;2;6;1;A01
201800019977;1;7;0;0;0;6;1;B01
201800019977;1;7;0;0;2;3;1;C01
201800019978;0;7;0;0;2;3;1;A01
201800019978;0;21;0;0;2;3;1;B01
201800019979;1;7;0;0;2;2;15;A01
201800019979;2;2;0;0;2;1;1;B01
201800019980;0;7;0;0;1;2;1;A01
201800019981;2;7;0;0;2;2;13;A01
201800019981;1;10;0;0;2;3;1;B01
201800019982;2;7;0;2;0;2;1;A01
201800019983;2;33;0;0;2;7;13;A01
201800019983;1;7;0;0;2;2;1;B01
201800019984;1;7;0;0;2;1;21;A01
201800019984;2;7;0;0;2;3;1;B01
201800019985;2;1;0;0;2;1;1;B01
201800019985;1;7;0;0;9;3;15;A01
201800019986;1;7;0;0;2;8;13;A01
201800019986;2;7;0;0;2;3;1;B01
201800019987;0;7;0;0;0;3;1;B01
201800019987;0;7;0;0;0;3;1;A01
201800019988;1;7;0;2;0;1;13;A01
201800019989;1;7;0;0;2;2;15;A01
201800019989;2;7;0;0;2;3;14;B01
201800019990;1;3;0;0;2;6;15;A01
201800019990;1;36;0;0;2;2;17;B01
201800019991;0;7;0;0;1;0;1;A01
201800019992;1;7;0;0;2;1;13;A01
201800019992;2;7;0;0;2;1;1;B01
201800019993;2;7;0;0;2;1;2;A01