num_acc;senc;catv;occutc;obs;obsm;choc;manv;num_veh
201800020741;2;7;0;0;2;5;15;A01
201800020741;1;1;0;0;2;1;1;B01
201800020742;1;7;0;0;2;3;15;A01
201800020742;1;2;0;0;2;1;1;B01
201800020743;1;33;0;0;2;1;1;B01
201800020743;2;7;0;0;2;3;15;A01
201800020744;1;7;0;0;1;1;1;A01
201800020745;1;34;0;0;2;1;1;A01
201800020745;1;7;0;0;2;4;2;B01
201800020746;1;7;0;0;2;1;1;A01
201800020746;0;1;0;0;2;7;19;B01
201800020747;1;15;0;0;1;1;16;A01
201800020748;1;1;0;0;2;0;1;B01
201800020748;0;99;0;0;2;4;4;A01
201800020749;2;33;0;1;2;1;1;B01
201800020749;1;7;0;0;2;1;15;A01
201800020750;2;7;0;0;1;1;1;A01
201800020751;0;31;0;0;0;0;1;A01
201800020752;1;7;0;0;2;1;17;A01
201800020752;2;7;0;2;2;3;1;B01
201800020753;1;7;0;6;0;1;1;A01
201800020754;0;7;0;0;0;6;20;A01
201800020754;0;33;0;1;0;2;2;B01
201800020755;1;7;0;0;2;1;13;B01
201800020755;1;7;0;0;2;1;13;A01
201800020756;2;7;0;0;1;2;1;A01
201800020757;1;30;0;1;0;1;10;A01
201800020758;1;7;0;0;1;8;1;A01
201800020759;1;7;0;0;2;5;17;A01
201800020759;1;1;0;0;2;8;13;B01
201800020760;1;30;0;0;2;1;2;A01
201800020760;1;7;0;0;2;6;16;B01
201800020761;1;7;0;0;2;5;4;A01
201800020761;2;30;0;0;2;7;1;B01
201800020762;1;30;0;0;0;8;1;A01
201800020763;2;7;0;0;2;5;15;A01
201800020763;1;3;0;0;2;1;1;B01
201800020764;2;7;0;0;6;3;0;B01
201800020764;2;1;0;0;2;7;6;A01
201800020765;0;7;0;1;1;7;0;A01
201800020766;1;7;0;13;0;1;14;A01
201800020767;1;10;0;0;2;4;1;A01
201800020767;1;30;0;0;2;1;2;B01
201800020767;1;2;0;0;2;1;2;C01
201800020768;1;32;0;0;2;7;16;B01
201800020768;1;7;0;0;2;1;9;A01
201800020769;1;7;0;0;1;1;15;A01
201800020770;0;7;0;0;2;3;13;A01
201800020770;0;7;0;0;2;3;1;B01
201800020771;2;7;0;0;2;3;19;A01
201800020771;1;33;0;0;2;1;1;B01
201800020772;0;33;0;0;0;8;1;A01
201800020773;0;7;0;9;0;1;0;A01
201800020774;1;7;0;9;0;3;0;A01
201800020775;2;30;0;11;0;1;0;A01
201800020776;0;2;0;0;2;7;1;B01
201800020776;0;7;0;0;2;3;19;A01
201800020777;0;2;0;0;2;2;21;A01
201800020777;0;7;0;0;2;3;1;B01
201800020778;2;31;0;0;2;1;1;A01
201800020778;1;10;0;0;2;2;15;B01
201800020779;0;7;0;0;2;1;15;A01
201800020779;0;3;0;0;2;2;13;B01
201800020780;1;7;0;0;2;3;19;A01
201800020780;2;13;0;0;2;1;1;B01
201800020781;2;7;0;0;2;2;15;A01
201800020781;1;7;0;0;2;3;1;B01
201800020782;2;7;0;0;1;8;1;A01
201800020783;1;7;0;0;1;2;1;A01
201800020784;2;10;0;0;2;3;15;A01
201800020784;2;32;0;0;2;7;17;B01
201800020785;2;10;0;6;0;1;13;A01
201800020786;1;7;0;0;2;2;15;A01
201800020786;2;7;0;0;2;2;1;B01
201800020787;0;7;0;0;2;1;1;A01
201800020787;0;7;0;0;2;4;23;B01
201800020787;0;7;0;0;2;1;23;C01
201800020788;2;7;0;2;0;1;1;A01
201800020789;1;7;0;0;1;1;0;A01
201800020790;1;7;0;0;2;3;5;A01
201800020790;2;7;0;0;2;3;1;B01
201800020791;2;7;0;3;2;7;0;A01
201800020791;2;7;0;0;2;6;1;B01
201800020791;2;10;0;14;0;1;1;C01
201800020792;1;7;0;0;1;1;1;A01
201800020793;1;33;0;0;2;1;2;A01
201800020793;1;7;0;0;2;4;23;B01
201800020794;2;7;0;0;2;1;0;A01
201800020794;2;1;0;0;2;4;1;B01
201800020795;2;10;0;0;1;8;0;A01
201800020796;2;30;0;0;2;1;1;A01
201800020796;1;7;0;0;2;5;1;B01
201800020797;2;7;0;0;1;7;1;A01
201800020798;1;7;0;13;0;2;1;A01
201800020799;1;7;0;0;2;1;1;A01
201800020799;1;7;0;0;2;5;1;B01
201800020799;1;7;0;0;2;4;1;C01
201800020800;2;7;0;6;0;1;1;A01
201800020801;2;30;0;0;2;2;17;A01
201800020801;2;10;0;0;2;6;15;B01
201800020802;1;1;0;0;2;5;19;A01
201800020802;1;7;0;0;2;3;1;B01
201800020803;2;10;0;12;0;1;0;A01
201800020804;2;7;0;0;2;2;0;B01
201800020804;2;7;0;0;2;4;4;Z01
201800020805;1;7;0;0;1;8;0;Z01
201800020806;1;7;0;0;2;1;1;B01
201800020806;2;7;0;0;2;1;13;Z01
201800020807;1;7;0;0;2;1;1;A01
201800020807;1;7;0;0;2;4;2;B01
201800020808;2;7;0;0;2;1;5;A01
201800020808;1;7;0;0;2;3;1;B01
201800020809;0;7;0;0;2;2;1;A01
201800020809;0;7;0;0;2;1;9;Z01
201800020810;0;7;0;8;0;3;13;A01
201800020811;2;7;0;0;2;8;13;A01
201800020811;2;30;0;0;2;7;17;B01
201800020811;2;7;0;1;0;1;0;C01
201800020812;1;7;0;0;1;1;1;A01
201800020813;0;7;0;0;1;3;1;Z01
201800020814;0;7;0;0;2;1;13;A01
201800020814;0;7;0;0;2;1;1;B01
201800020815;1;7;0;0;1;8;0;Z01
201800020816;0;10;0;0;1;4;4;A01
201800020817;2;7;0;0;2;1;1;A01
201800020817;2;7;0;0;2;4;1;B01
201800020818;0;1;0;0;2;5;1;B01
201800020818;0;7;0;0;2;3;9;A01
201800020819;0;7;0;0;2;1;1;A01
201800020819;0;7;0;0;2;1;15;B01
201800020820;1;7;0;0;2;4;1;A01
201800020820;1;7;0;0;2;1;1;B01
201800020820;1;10;0;0;2;1;2;C01
201800020821;1;30;0;0;2;4;1;A01
201800020821;1;7;0;0;2;1;1;Z01
201800020822;1;2;0;0;2;1;1;A01
201800020822;1;7;0;0;2;5;23;B01
201800020823;1;30;0;0;2;1;2;A01
201800020823;1;7;0;0;2;4;23;C01
201800020824;1;7;0;0;2;1;2;A01
201800020824;1;7;0;0;2;4;23;B01
201800020824;1;7;0;0;2;4;23;C01
201800020824;1;7;0;0;2;4;23;D01
201800020825;1;7;0;0;2;3;9;A01
201800020825;1;7;0;0;2;7;1;B01
201800020826;1;33;0;0;0;0;1;A01
201800020827;2;10;0;0;2;3;15;B01
201800020827;1;7;0;0;2;2;1;A01
201800020828;2;7;0;4;0;7;9;A01
201800020828;2;15;0;0;0;0;1;B01
201800020829;1;1;0;0;2;1;1;B01
201800020829;1;7;0;0;2;8;13;A01
201800020830;2;7;0;0;1;6;1;A01
201800020831;0;1;0;0;2;8;19;B01
201800020831;0;7;0;0;2;1;15;A01
201800020832;2;31;0;0;2;1;13;A01
201800020832;1;7;0;0;2;3;1;B01
201800020833;1;30;0;0;2;8;1;B01
201800020833;1;7;0;0;2;7;16;A01
201800020834;1;30;0;9;0;1;1;A01
201800020835;1;7;0;0;1;3;1;A01
201800020836;1;7;0;0;1;1;1;Z01
201800020837;0;37;1;0;2;0;15;A01
201800020837;2;1;0;0;2;8;2;B01
201800020838;2;7;0;0;2;1;1;A01
201800020838;2;7;0;0;2;5;16;B01
201800020839;0;1;0;0;2;1;2;A01
201800020839;0;7;0;0;2;4;23;B01
201800020840;2;7;0;0;2;1;1;A01
201800020840;1;7;0;0;2;4;1;B01
201800020841;2;7;0;14;0;0;1;A01
201800020842;2;31;0;0;2;1;17;A01
201800020842;1;7;0;0;2;3;15;B01
201800020843;2;1;0;0;2;8;2;B01
201800020843;2;7;0;0;2;7;16;A01
201800020844;2;2;0;0;0;0;1;A01
201800020845;1;7;0;0;2;1;1;A01
201800020845;1;7;0;0;2;4;1;B01
201800020846;2;7;0;0;2;4;1;B01
201800020846;2;31;0;0;2;1;1;A01
201800020847;2;7;0;0;2;1;2;A01
201800020847;2;7;0;0;2;4;2;B01
201800020847;2;7;0;0;2;4;2;C01
201800020848;2;7;0;5;0;7;14;A01
201800020849;1;7;0;0;1;1;9;A01
201800020850;1;7;0;6;0;1;1;A01
201800020851;2;1;0;0;2;2;1;B01
201800020851;1;7;0;0;2;1;1;A01
201800020852;2;31;0;0;0;0;1;B01
201800020852;1;10;0;0;2;0;1;A01
201800020853;0;7;0;0;2;2;0;A01
201800020853;0;33;0;0;2;6;23;B01
201800020854;1;10;0;0;1;0;1;A01
201800020855;1;7;0;1;0;1;1;A01
201800020856;2;30;0;1;0;3;13;A01
201800020857;2;7;0;0;2;2;1;B01
201800020857;2;7;0;0;2;2;1;A01
201800020858;2;1;0;1;0;1;1;A01
201800020859;1;33;0;0;0;8;1;A01
201800020859;1;7;0;0;0;0;1;B01
201800020860;1;1;0;0;2;4;16;A01
201800020860;1;7;0;0;2;1;2;Z01
201800020861;2;7;0;0;2;3;1;B01
201800020861;1;33;0;0;2;7;16;A01
201800020862;0;7;0;0;2;1;13;A01
201800020862;0;7;0;0;2;1;1;B01
201800020862;0;7;0;0;2;3;21;C01
201800020863;0;10;0;0;2;3;9;A01
201800020863;0;1;0;0;2;1;1;B01
201800020864;2;14;0;6;1;1;23;A01
201800020865;1;33;0;0;0;8;1;A01
201800020866;0;1;0;0;2;0;2;A01
201800020866;0;7;0;0;2;7;2;Z01
201800020867;2;7;0;0;2;2;14;A01
201800020867;2;7;0;0;2;6;1;B01
201800020868;1;2;0;0;2;1;18;A01
201800020868;2;7;0;0;2;2;16;B01
201800020869;2;7;0;0;2;1;13;A01
201800020869;1;7;0;0;2;1;1;B01
201800020870;2;7;0;0;2;4;0;A01
201800020870;1;2;0;0;2;1;1;B01
201800020871;2;7;0;0;2;2;0;A01
201800020871;2;34;0;0;2;1;1;B01
201800020872;1;32;0;0;0;0;1;A01
201800020873;1;7;0;0;1;1;16;A01
201800020874;1;2;0;0;2;3;0;B01
201800020874;2;10;0;0;2;3;0;A01
201800020875;2;7;0;0;2;3;13;A01
201800020875;2;7;0;0;2;2;11;B01
201800020876;1;14;0;0;2;1;2;A01
201800020876;1;7;0;0;2;5;23;B01
201800020877;1;7;0;13;0;1;1;A01
201800020878;1;1;0;0;2;5;1;B01
201800020878;1;10;0;0;2;3;9;A01
201800020879;0;7;0;0;2;2;1;A01
201800020879;0;7;0;0;2;3;1;B01
201800020880;1;7;0;0;2;1;6;A01
201800020880;2;7;0;0;2;1;1;B01
201800020881;1;7;0;0;1;1;1;A01
201800020882;0;7;0;0;2;2;0;A01
201800020882;0;7;0;0;2;3;1;B01
201800020883;2;7;0;0;2;8;13;A01
201800020883;2;7;0;0;2;2;1;B01
201800020884;2;1;0;0;1;1;1;C01
201800020885;1;7;0;0;2;8;1;A01
201800020885;1;1;0;0;2;1;1;B01
201800020886;0;1;0;0;2;1;9;A01
201800020886;0;7;0;0;2;2;1;B01
201800020887;2;7;0;0;2;7;14;A01
201800020887;2;1;0;0;2;8;1;B01
201800020888;2;7;0;0;2;3;15;A01
201800020888;1;33;0;0;2;8;1;B01
201800020889;1;1;0;0;0;7;1;A01
201800020890;2;7;0;0;2;3;15;A01
201800020890;1;33;0;0;2;1;1;B01
201800020891;0;7;0;1;0;8;15;A01
201800020891;0;2;0;0;2;7;15;B01
201800020892;1;31;0;0;2;1;1;A01
201800020892;1;7;0;0;2;4;1;B01
201800020893;2;10;0;0;2;4;1;B01
201800020893;2;7;0;0;2;3;1;C01
201800020893;2;10;0;0;2;8;0;D01
201800020893;2;7;0;0;2;0;0;Z01
201800020894;2;2;0;0;2;4;1;B01
201800020894;2;7;0;0;2;1;1;A01
201800020895;2;7;0;0;1;3;1;A01
201800020896;0;7;0;0;2;8;22;A01
201800020896;0;1;0;1;0;1;1;B01
201800020897;1;7;0;0;2;5;15;A01
201800020897;2;2;0;0;2;1;1;B01
201800020898;0;7;0;0;2;3;15;A01
201800020898;0;2;0;0;2;1;1;B01
201800020899;0;7;0;0;2;4;23;A01
201800020899;0;10;0;0;2;1;1;Z01
201800020900;0;7;0;0;1;2;1;A01
201800020901;0;7;0;1;2;1;1;A01
201800020901;0;7;0;0;2;1;24;B01
201800020902;2;7;0;0;2;4;1;A01
201800020902;2;7;0;0;2;1;2;B01
201800020903;0;7;0;0;1;7;21;A01
201800020904;2;7;0;0;2;1;1;A01
201800020904;1;10;0;0;2;3;1;B01
201800020905;1;7;0;0;1;7;1;A01
201800020906;0;7;0;0;1;3;1;A01
201800020907;1;7;0;0;2;1;2;A01
201800020907;1;33;0;0;2;4;23;B01
201800020908;2;7;0;0;2;3;9;A01
201800020908;1;7;0;0;2;2;1;B01
201800020909;1;7;0;0;2;8;10;A01
201800020909;1;7;0;0;2;1;1;B01
201800020910;2;7;0;0;1;1;15;A01
201800020911;2;7;0;0;1;8;1;A01
201800020912;1;7;0;0;2;6;19;A01
201800020912;2;7;0;0;2;1;1;B01
201800020913;0;7;0;6;0;1;0;A01
201800020914;0;7;0;0;2;2;1;B01
201800020914;0;32;0;0;2;1;9;A01
201800020915;1;7;0;0;2;2;1;A01
201800020915;0;7;0;0;2;8;1;B01
201800020916;2;30;0;0;2;5;1;B01
201800020916;2;10;0;0;2;3;16;A01
201800020917;2;13;0;0;1;1;2;A01
201800020918;0;7;0;0;1;1;1;A01
201800020919;1;30;0;0;0;1;13;A01
201800020920;1;7;0;0;2;8;15;B01
201800020920;1;7;0;0;2;7;17;A01
201800020921;0;7;0;0;6;1;16;A01
201800020921;0;1;0;0;2;0;1;B01
201800020922;0;7;0;0;1;6;4;A01
201800020923;1;10;0;0;1;3;15;A01
201800020924;1;7;0;0;2;3;15;A01
201800020924;2;2;0;0;2;1;1;B01
201800020925;1;2;0;0;2;1;0;B01
201800020925;1;10;0;0;2;2;15;A01
201800020926;1;10;0;0;1;1;15;A01
201800020927;2;30;0;0;2;1;21;A01
201800020927;1;10;0;0;2;3;15;B01
201800020928;2;32;0;0;2;8;1;B01
201800020928;1;7;0;0;2;3;15;A01
201800020929;0;7;0;0;1;3;15;A01
201800020930;1;10;0;1;2;1;1;A01
201800020930;1;7;0;0;1;1;23;B01
201800020931;2;7;0;0;2;1;17;A01
201800020931;2;14;0;0;2;8;15;B01
201800020932;1;33;0;0;2;1;1;B01
201800020932;0;7;0;0;2;8;15;A01
201800020933;1;10;0;0;1;1;1;A01
201800020934;1;7;0;8;0;1;14;A01
201800020935;0;33;0;0;0;7;1;A01
201800020935;1;1;0;15;0;1;19;B01
201800020936;1;7;0;0;1;3;0;A01
201800020937;1;33;0;0;2;2;0;B01
201800020937;1;7;0;0;2;2;0;A01
201800020938;1;14;0;0;2;4;23;A01
201800020938;1;7;0;0;2;1;23;B01
201800020938;1;7;0;0;2;1;1;Z01
201800020939;1;7;0;0;2;6;1;A01
201800020939;1;1;0;0;2;8;1;B01
201800020940;1;31;0;0;2;1;14;A01
201800020940;1;7;0;0;2;6;2;B01
201800020941;0;7;0;0;1;2;15;A01
201800020942;1;10;0;0;2;5;15;A01
201800020942;1;2;0;0;2;1;1;B01
201800020943;1;7;0;0;2;3;15;A01
201800020943;2;33;0;0;2;1;1;B01
201800020944;1;7;0;0;0;9;14;A01
201800020945;1;31;0;0;2;1;1;B01
201800020945;1;10;0;0;2;3;15;A01
201800020946;1;7;0;1;0;7;1;B01
201800020946;1;7;0;0;2;1;19;A01
201800020947;2;7;0;0;1;1;1;A01
201800020948;0;7;0;0;2;1;1;A01
201800020948;0;7;0;0;2;1;1;B01
201800020949;1;7;0;4;0;1;13;A01
201800020950;2;7;0;9;0;3;13;A01
201800020950;1;7;0;3;0;2;21;B01
201800020951;1;7;0;0;1;0;0;A01
201800020952;1;37;1;0;2;8;1;B01
201800020952;2;7;0;0;2;9;13;A01
201800020953;0;7;0;0;2;1;1;Z01
201800020953;0;7;0;0;2;3;15;A01
201800020954;1;7;0;0;1;7;1;A01
201800020955;2;30;0;0;2;1;2;A01
201800020955;2;7;0;0;2;4;2;B01
201800020956;2;7;0;0;2;3;15;A01
201800020956;0;7;0;0;2;3;1;B01
201800020957;1;37;60;0;1;7;0;A01
201800020958;0;7;0;15;0;9;1;A01
201800020959;1;30;0;12;0;1;1;A01
201800020960;0;31;0;0;2;1;1;B01
201800020960;0;7;0;0;2;8;19;A01
201800020961;2;7;0;0;1;2;15;A01
201800020962;1;17;0;0;2;1;2;A01
201800020962;1;32;0;0;2;4;23;B01
201800020963;1;7;0;9;0;1;7;A01
201800020964;2;7;0;0;2;1;2;A01
201800020964;2;7;0;0;2;4;2;B01
201800020965;1;37;30;0;1;1;1;A01
201800020966;1;7;0;0;2;1;15;A01
201800020966;2;7;0;0;2;1;1;B01
201800020967;2;7;0;0;2;2;15;A01
201800020967;1;7;0;0;2;1;1;B01
201800020968;1;7;0;12;;2;14;A01
201800020968;1;30;0;;;;1;B01
201800020969;1;7;0;0;1;2;9;A01
201800020970;0;7;0;0;1;4;4;A01
201800020971;2;99;0;0;2;1;2;A01
201800020971;2;1;0;0;2;4;2;B01
201800020972;2;7;0;0;1;0;1;Z01
201800020973;0;7;0;0;2;7;1;A01
201800020973;0;7;0;0;2;1;15;B01
201800020974;0;30;0;0;2;0;0;A01
201800020974;0;7;0;0;2;8;0;B01
201800020975;1;33;0;0;2;2;17;A01
201800020975;1;7;0;0;2;3;15;B01
201800020976;1;7;0;8;0;1;1;A01
201800020977;1;7;0;0;1;2;1;A01
201800020978;1;7;0;4;2;3;11;A01
201800020978;1;15;0;0;2;2;11;B01
201800020979;0;7;0;0;2;3;9;A01
201800020979;0;1;0;0;2;1;1;B01
201800020980;1;7;0;0;2;3;0;C01
201800020980;1;7;0;0;2;4;2;A01
201800020980;1;7;0;0;2;1;16;B01
201800020981;1;7;0;0;2;1;2;A01
201800020981;1;7;0;0;0;4;23;B01
201800020982;1;7;0;0;2;1;1;A01
201800020982;1;7;0;0;2;4;23;B01
201800020983;0;7;0;0;1;3;9;A01
201800020984;0;7;0;0;2;1;0;A01
201800020984;0;1;0;0;2;0;0;B01
201800020985;1;10;0;0;2;7;1;B01
201800020985;1;10;0;0;2;1;15;A01
201800020986;1;33;0;0;2;1;2;A01
201800020986;1;10;0;0;2;4;1;B01
201800020987;1;7;0;0;2;3;9;A01
201800020987;0;7;0;0;2;2;1;B01
201800020988;1;7;0;0;2;3;9;A01
201800020988;1;7;0;0;2;2;1;B01
201800020989;2;7;0;0;2;1;1;B01
201800020989;1;7;0;0;2;5;11;A01
201800020990;1;10;0;0;2;1;0;A01
201800020990;2;1;0;0;2;1;0;B01
201800020991;0;2;0;0;2;1;1;A01
201800020991;0;7;0;0;2;2;0;B01
201800020992;0;7;0;0;2;1;0;B01
201800020992;0;10;0;0;2;1;1;A01
201800020993;2;15;0;0;2;0;0;A01
201800020993;2;7;0;0;2;0;2;B01
201800020994;0;30;0;0;6;8;17;Z01
201800020994;0;1;0;0;2;8;1;B01
201800020995;1;33;0;0;2;1;21;A01
201800020995;1;7;0;0;2;6;1;B01
201800020996;1;7;0;0;2;1;1;A01
201800020996;1;7;0;0;2;4;1;B01
201800020997;0;1;0;0;2;0;0;A01
201800020997;0;7;0;0;2;2;0;B01
201800020998;1;10;0;0;2;1;1;Z01
201800020998;0;1;0;0;2;7;19;A01
201800020999;1;33;0;0;0;0;0;Z01
201800021000;1;7;0;0;2;1;0;A01
201800021000;1;7;0;0;2;4;0;B01
201800021001;1;7;0;0;2;1;2;A01
201800021001;1;7;0;0;2;4;2;B01
201800021002;2;10;0;0;2;8;15;A01
201800021002;2;33;0;0;2;1;1;B01
201800021003;2;7;0;12;0;3;21;A01
201800021004;0;7;0;1;0;1;1;A01
201800021004;0;7;0;1;0;4;0;B01
201800021004;0;7;0;0;2;4;0;C01
201800021005;1;30;0;0;1;0;0;A01
201800021006;1;1;0;0;2;1;1;A01
201800021006;1;7;0;16;0;1;1;B01
201800021007;2;1;0;0;2;1;0;B01
201800021007;2;7;0;0;2;3;9;A01
201800021008;2;20;0;0;6;7;16;A01
201800021008;2;1;0;0;2;0;0;B01
201800021009;2;7;0;0;1;1;0;Z01
201800021010;0;7;0;9;2;1;8;A01
201800021010;0;7;0;0;2;1;15;B01
201800021011;2;7;0;0;2;3;9;A01
201800021011;2;33;0;0;2;2;1;B01
201800021012;1;7;0;0;2;0;15;A01
201800021012;1;30;0;;;;;B01
201800021013;1;7;0;0;1;0;15;A01
201800021014;2;7;0;0;2;3;15;A01
201800021014;1;34;0;0;2;7;17;B01
201800021015;0;7;0;0;2;6;11;B01
201800021015;0;7;0;0;2;1;15;A01
201800021016;0;10;0;0;2;2;1;A01
201800021016;0;1;0;0;2;1;2;B01
201800021017;1;7;0;0;2;4;1;A01
201800021017;1;7;0;0;2;1;1;B01
201800021018;1;10;0;0;2;2;0;A01
201800021018;2;7;0;0;2;1;1;B01
201800021019;2;7;0;0;2;3;13;A01
201800021019;1;7;0;1;2;8;1;B01
201800021020;0;7;0;0;1;2;0;A01
201800021021;0;7;0;0;2;2;0;A01
201800021021;0;33;0;0;2;8;0;B01
201800021022;2;7;0;0;2;1;2;A01
201800021022;2;33;0;0;2;4;1;B01
201800021023;1;7;0;0;2;1;2;A01
201800021023;1;7;0;0;2;4;23;B01
201800021024;0;7;0;0;2;8;24;A01
201800021024;0;1;0;1;0;7;2;B01
201800021025;2;7;0;0;6;6;15;A01
201800021025;2;1;0;0;2;1;13;B01
201800021026;2;7;0;0;2;1;13;A01
201800021026;1;7;0;0;2;1;1;B01
201800021027;0;7;0;0;2;1;11;A01
201800021027;0;1;0;0;2;1;1;B01
201800021028;1;10;0;9;0;2;1;A01
201800021029;2;99;0;0;1;5;1;Z01
201800021030;1;7;0;15;0;9;14;A01
201800021031;0;32;0;0;2;7;0;B01
201800021031;2;7;0;0;2;3;0;A01
201800021032;2;7;0;0;2;7;0;A01
201800021032;2;1;0;0;2;8;0;B01
201800021033;2;7;0;0;1;2;0;A01
201800021034;2;10;0;14;0;0;0;A01
201800021034;2;7;0;14;0;0;0;B01
201800021034;2;17;0;14;0;0;0;C01
201800021035;1;7;0;4;0;2;17;A01
201800021036;1;7;0;0;2;5;15;B01
201800021036;1;33;0;0;2;2;1;A01
201800021037;2;7;0;0;2;2;15;A01
201800021037;1;2;0;0;2;1;1;B01
201800021038;1;7;0;12;0;1;0;A01
201800021039;1;7;0;0;2;2;0;A01
201800021039;2;1;0;0;2;1;0;B01
201800021040;0;7;0;0;1;3;1;A01
201800021041;2;7;0;0;2;2;15;A01
201800021041;1;7;0;0;2;3;1;B01
201800021041;1;7;0;0;2;3;23;C01
201800021042;1;7;0;0;2;3;13;A01
201800021042;1;1;0;0;0;0;0;B01
201800021043;0;7;0;4;0;2;14;A01
201800021044;2;7;0;0;2;2;1;B01
201800021044;1;10;0;0;2;1;15;A01
201800021044;2;7;0;0;2;1;23;C01
201800021045;0;37;4;0;0;0;0;A01
201800021045;0;7;0;0;2;1;0;B01
201800021046;1;7;0;14;0;1;0;A01
201800021046;1;7;0;0;0;4;23;B01
201800021047;2;32;0;0;2;3;2;B01
201800021047;2;7;0;0;2;2;12;Z01
201800021048;2;10;0;0;4;5;1;A01
201800021048;2;40;1;0;2;1;1;B01
201800021049;1;7;0;0;2;1;2;A01
201800021049;1;7;0;0;2;4;2;B01
201800021050;1;7;0;0;2;1;0;A01
201800021050;1;7;0;0;2;4;1;B01
201800021051;1;7;0;0;2;0;0;A01
201800021051;1;7;0;0;2;0;0;B01
201800021051;1;7;0;0;2;0;0;C01
201800021052;0;37;1;0;2;2;15;A01
201800021052;0;1;0;0;2;0;0;B01
201800021053;0;7;0;0;2;1;15;A01
201800021053;0;2;0;0;2;1;1;B01
201800021054;1;7;0;0;2;1;0;A01
201800021054;1;7;0;0;2;4;1;B01
201800021054;1;7;0;0;2;6;1;C01
201800021055;0;10;0;0;1;1;0;A01
201800021056;0;7;0;0;2;3;9;A01
201800021056;0;33;0;0;2;8;1;B01
201800021057;1;7;0;0;2;0;11;A01
201800021057;1;7;0;0;2;2;1;B01
201800021058;0;7;0;0;2;1;2;A01
201800021058;0;1;0;0;2;0;0;B01
201800021059;2;7;0;0;2;7;17;A01
201800021059;2;17;0;0;2;2;1;B01
201800021060;1;7;0;0;2;1;15;A01
201800021060;2;7;0;0;2;1;1;B01
201800021061;2;7;0;15;0;1;13;A01
201800021062;2;7;0;0;0;1;9;A01
201800021063;1;7;0;0;1;1;1;A01
201800021064;0;7;0;0;2;1;1;A01
201800021064;0;7;0;0;2;4;1;B01
201800021065;0;7;0;0;2;1;1;A01
201800021065;0;7;0;0;2;4;1;B01
201800021066;1;7;0;;;;;A01
201800021067;1;7;0;0;2;8;19;B01
201800021067;1;7;0;12;2;1;19;A01
201800021068;2;7;0;0;2;8;10;A01
201800021068;1;10;0;0;2;1;1;B01
201800021069;0;7;0;0;2;1;11;A01
201800021069;0;7;0;0;2;1;19;B01
201800021070;1;7;0;0;1;1;15;A01
201800021071;2;7;0;0;1;1;19;A01
201800021072;1;7;0;0;1;3;1;A01
201800021073;1;7;0;0;2;6;1;A01
201800021073;1;7;0;12;2;1;1;B01
201800021074;1;7;0;0;1;7;9;A01
201800021075;1;7;0;0;1;1;11;A01
201800021076;1;7;0;0;1;1;1;A01
201800021077;1;33;0;0;1;1;21;A01
201800021078;1;7;0;0;1;2;0;A01
201800021079;1;14;0;0;2;3;15;A01
201800021079;1;2;0;0;2;0;0;B01
201800021080;1;7;0;0;1;3;1;A01
201800021081;2;7;0;0;2;2;15;A01
201800021081;1;33;0;0;2;1;19;B01
201800021082;1;33;0;0;2;1;1;B01
201800021082;2;7;0;0;2;3;15;A01
201800021083;0;7;0;0;2;7;2;A01
201800021083;0;33;0;0;2;8;2;B01
201800021084;1;7;0;0;1;3;19;A01
201800021085;1;30;0;0;2;0;0;A01
201800021085;1;1;0;0;2;0;0;B01
201800021086;2;7;0;0;2;3;13;A01
201800021086;1;13;0;0;2;3;21;B01
201800021087;0;7;0;0;1;1;0;A01
201800021088;1;7;0;0;1;1;0;A01
201800021089;1;7;0;0;2;2;15;A01
201800021089;2;7;0;0;2;3;1;B01
201800021090;1;7;0;0;2;2;15;A01
201800021090;2;7;0;0;2;2;13;B01
201800021091;2;7;0;0;2;1;13;A01
201800021091;1;20;0;3;2;1;2;B01
201800021092;2;7;0;0;1;5;2;B01
201800021093;1;7;0;6;0;1;19;A01
201800021094;0;7;0;0;1;1;15;A01
201800021095;1;2;0;0;2;1;0;B01
201800021095;2;7;0;0;2;3;9;A01
201800021096;1;7;0;0;1;3;0;A01
201800021097;0;7;0;0;2;2;9;B01
201800021097;0;1;0;0;0;0;0;A01
201800021098;2;30;0;0;2;3;18;A01
201800021098;2;7;0;0;2;2;16;B01
201800021099;1;30;0;0;2;1;21;A01
201800021099;2;7;0;0;2;8;19;B01
201800021100;1;7;0;0;1;1;1;A01
201800021101;2;7;0;0;2;1;9;A01
201800021101;1;7;0;0;2;4;23;B01
201800021102;2;7;0;0;1;2;0;A01
201800021103;1;7;0;13;0;9;13;A01
201800021104;2;7;0;0;2;3;2;B01
201800021104;2;7;0;7;2;2;5;A01
201800021105;2;32;0;0;2;1;13;A01
201800021105;2;7;0;0;0;3;15;B01
201800021106;1;33;0;0;2;0;0;B01
201800021106;1;7;0;0;2;0;0;A01
201800021107;2;7;0;0;2;1;9;A01
201800021107;2;30;0;0;2;7;2;B01
201800021108;1;7;0;0;2;2;2;A01
201800021108;1;7;0;0;2;4;9;B01
201800021109;1;1;0;0;2;2;2;B01
201800021109;1;7;0;0;2;3;9;A01
201800021110;2;10;0;0;1;2;1;A01
201800021111;2;7;0;14;0;1;2;A01
201800021111;2;7;0;0;0;4;23;B01
201800021112;1;7;0;0;2;1;13;A01
201800021112;2;7;0;0;2;1;1;B01
201800021113;1;7;0;13;0;2;14;A01