num_acc;senc;catv;occutc;obs;obsm;choc;manv;num_veh
201800021868;1;7;0;0;2;6;1;B01
201800021869;0;7;0;0;2;2;19;A01
201800021869;0;1;0;0;2;8;1;B01
201800021870;1;7;0;0;2;3;17;A01
201800021870;2;1;0;0;2;1;1;B01
201800021870;2;1;0;0;2;1;1;C01
201800021871;1;7;0;0;2;3;1;A01
201800021871;2;10;0;0;2;3;1;B01
201800021872;0;33;0;0;2;1;1;B01
201800021872;0;3;0;0;9;2;19;A01
201800021873;1;7;0;6;0;1;0;A01
201800021874;0;1;0;0;2;2;23;B01
201800021874;0;10;0;0;9;3;0;A01
201800021875;1;7;0;15;2;3;0;A01
201800021875;2;7;0;13;2;3;21;B01
201800021876;1;7;0;16;0;9;1;A01
201800021877;1;7;0;0;2;2;14;A01
201800021877;1;15;0;0;0;0;1;B01
201800021878;1;7;0;13;0;1;1;A01
201800021879;1;10;0;3;0;3;17;A01
201800021880;1;10;0;0;2;3;2;A01
201800021880;1;7;0;0;2;5;2;B01
201800021881;2;33;0;4;0;0;0;A01
201800021882;1;7;0;3;0;6;9;A01
201800021882;1;7;0;0;2;1;1;B01
201800021883;1;7;0;0;2;3;1;B01
201800021883;1;7;0;0;2;3;21;A01
201800021884;2;10;0;0;0;6;1;A01
201800021884;2;10;0;0;2;2;11;B01
201800021885;1;17;0;0;0;0;2;B01
201800021885;1;10;0;0;0;1;2;A01
201800021886;2;7;0;3;0;1;3;A01
201800021887;1;33;0;0;0;0;1;A01
201800021888;1;10;0;0;2;1;2;A01
201800021888;1;7;0;0;0;4;2;B01
201800021889;1;7;0;3;2;1;2;A01
201800021889;1;7;0;3;0;4;2;B01
201800021890;1;7;0;4;0;3;1;A01
201800021891;1;10;0;0;2;6;1;A01
201800021891;1;10;0;0;2;2;21;B01
201800021892;2;7;0;0;0;0;14;A01
201800021893;1;7;0;0;2;3;13;A01
201800021893;2;7;0;0;2;3;1;B01
201800021894;1;7;0;0;2;1;1;B01
201800021894;0;1;0;0;2;7;19;A01
201800021895;0;10;0;0;0;9;1;A01
201800021896;2;2;0;7;0;0;1;A01
201800021897;2;7;0;2;0;2;1;A01
201800021898;1;33;0;3;0;7;1;A01
201800021899;2;7;0;13;0;7;1;A01
201800021900;2;7;0;13;0;1;0;A01
201800021901;1;7;0;0;2;7;13;A01
201800021901;2;7;0;0;2;2;1;B01
201800021902;1;33;0;0;0;0;1;A01
201800021903;0;7;0;0;2;3;9;A01
201800021903;1;7;0;0;2;2;1;B01
201800021904;2;7;0;2;0;1;1;A01
201800021905;1;7;0;0;0;9;1;A01
201800021906;1;32;0;0;2;1;0;A01
201800021906;1;7;0;0;2;3;1;B01
201800021907;2;7;0;0;2;3;1;B01
201800021907;1;7;0;0;2;3;1;A01
201800021908;0;7;0;15;0;2;9;A01
201800021909;1;7;0;0;1;1;9;A01
201800021910;2;7;0;0;1;3;1;A01
201800021911;1;33;0;3;0;1;1;A01
201800021912;1;15;0;0;9;5;16;A01
201800021912;1;1;0;0;2;8;23;B01
201800021913;0;7;0;2;0;3;1;A01
201800021914;0;7;0;0;1;2;1;A01
201800021915;2;7;0;0;2;3;13;A01
201800021915;1;7;0;0;2;3;1;B01
201800021916;1;7;0;0;2;1;13;A01
201800021916;2;7;0;0;2;1;1;B01
201800021917;2;7;0;0;2;8;1;A01
201800021917;1;14;0;0;2;8;1;B01
201800021917;1;14;0;0;2;8;1;C01
201800021918;1;7;0;6;0;2;1;A01
201800021919;1;33;0;3;2;0;17;A01
201800021919;2;7;0;0;2;1;1;B01
201800021920;1;7;0;0;2;3;13;A01
201800021920;2;7;0;0;2;1;1;B01
201800021920;2;7;0;0;2;1;1;C01
201800021921;2;7;0;0;2;1;13;A01
201800021921;1;7;0;0;2;1;1;B01
201800021922;1;7;0;0;2;3;13;A01
201800021922;2;10;0;0;2;1;21;B01
201800021923;0;31;0;2;0;1;0;A01
201800021924;2;7;0;0;2;3;13;A01
201800021924;1;7;0;0;2;3;1;B01
201800021925;2;7;0;0;2;2;15;A01
201800021925;1;31;0;0;2;1;1;B01
201800021926;2;7;0;0;1;2;1;A01
201800021927;1;7;0;0;1;2;1;A01
201800021928;2;7;0;16;0;9;1;A01
201800021929;1;17;0;0;2;6;1;A01
201800021929;2;10;0;0;2;3;1;B01
201800021929;2;7;0;0;9;1;1;C01
201800021930;0;7;0;0;2;2;1;B01
201800021930;0;7;0;0;2;3;9;A01
201800021931;0;7;0;0;2;1;13;A01
201800021931;0;7;0;0;2;3;1;B01
201800021932;2;7;0;0;1;3;1;A01
201800021933;1;33;0;0;2;2;21;A01
201800021933;0;7;0;0;2;1;15;B01
201800021934;1;7;0;0;2;8;16;A01
201800021934;1;33;0;0;2;7;2;B01
201800021935;1;7;0;10;0;1;1;A01
201800021936;1;7;0;0;1;2;16;A01
201800021937;1;7;0;13;0;9;1;A01
201800021938;1;1;0;0;0;1;1;A01
201800021939;0;7;0;2;0;1;1;A01
201800021940;2;1;0;0;2;3;15;B01
201800021940;1;7;0;0;2;3;1;A01
201800021941;2;7;0;6;0;1;1;A01
201800021942;2;7;0;0;2;2;14;A01
201800021942;1;99;0;0;0;2;5;B01
201800021943;1;7;0;7;0;4;15;A01
201800021943;1;7;0;13;2;1;17;B01
201800021944;2;7;0;0;2;1;17;A01
201800021944;2;1;0;0;0;8;15;B01
201800021945;1;15;0;0;2;1;1;B01
201800021945;1;7;0;0;0;4;9;A01
201800021946;2;7;0;1;0;1;1;A01
201800021946;1;7;0;0;0;1;24;B01
201800021947;1;7;0;2;0;1;1;A01
201800021948;1;7;0;15;0;1;1;A01
201800021949;0;7;0;0;1;1;1;A01
201800021950;2;7;0;0;0;4;1;A01
201800021950;2;7;0;0;2;1;1;B01
201800021951;2;31;0;0;2;1;17;B01
201800021951;2;7;0;0;2;8;15;A01
201800021952;2;2;0;0;2;1;1;B01
201800021952;1;7;0;0;2;7;15;A01
201800021953;2;7;0;2;0;1;1;A01
201800021954;2;7;0;0;2;1;15;A01
201800021954;2;7;0;0;0;1;1;B01
201800021955;1;10;0;6;0;3;1;A01
201800021956;1;10;0;0;2;3;5;A01
201800021956;2;7;0;0;2;3;1;B02
201800021957;1;7;0;0;2;3;1;A01
201800021957;2;7;0;0;2;3;1;B01
201800021958;2;7;0;0;2;2;1;A01
201800021958;1;7;0;0;2;1;1;B01
201800021959;2;7;0;0;2;3;1;B01
201800021959;1;7;0;0;2;2;1;A01
201800021960;1;7;0;0;2;2;1;A01
201800021960;0;7;0;0;2;3;9;B01
201800021961;0;7;0;0;2;1;0;B01
201800021961;0;1;0;0;2;1;0;A01
201800021962;1;33;0;0;2;7;1;A01
201800021962;0;10;0;0;2;1;9;B01
201800021963;2;2;0;11;0;1;5;A01
201800021963;2;33;0;0;0;0;1;B01
201800021963;2;33;0;0;0;0;1;C01
201800021964;0;31;0;0;2;1;5;A01
201800021964;0;7;0;0;2;1;1;B01
201800021965;1;7;0;0;0;8;1;A01
201800021966;0;2;0;0;0;1;1;A01
201800021967;1;7;0;6;2;2;13;A01
201800021967;2;7;0;0;2;2;1;B01
201800021968;0;7;0;0;2;1;2;A01
201800021968;0;7;0;0;0;4;1;B01
201800021969;0;7;0;0;2;8;15;A01
201800021969;0;2;0;0;2;8;17;B01
201800021970;2;7;0;0;2;1;1;B01
201800021970;1;7;0;0;2;1;5;A01
201800021971;1;2;0;0;0;0;1;A01
201800021972;2;33;0;0;0;1;1;A01
201800021973;0;1;0;0;2;4;1;A01
201800021973;2;7;0;0;2;3;1;B01
201800021974;2;10;0;6;0;3;1;A01
201800021975;2;33;0;0;2;1;1;B01
201800021975;1;7;0;0;2;8;15;A01
201800021976;2;33;0;0;2;1;17;A01
201800021976;2;7;0;0;0;8;15;B01
201800021977;1;21;0;0;0;4;1;B01
201800021977;1;7;0;0;2;1;1;A01
201800021978;2;7;0;0;2;1;5;B01
201800021978;1;7;0;0;2;1;5;A01
201800021979;1;7;0;0;2;1;2;B01
201800021979;1;7;0;0;2;7;9;A01
201800021979;0;7;0;0;2;3;1;C01
201800021980;0;7;0;0;2;3;19;A01
201800021980;2;2;0;0;0;7;1;B01
201800021981;1;7;0;0;2;1;13;A01
201800021981;2;7;0;0;2;9;1;C01
201800021981;2;7;0;0;2;9;1;B01
201800021982;1;7;0;0;1;2;0;A01
201800021983;1;15;0;0;2;2;1;B01
201800021983;2;7;0;0;2;1;13;A01
201800021984;0;2;0;0;2;1;1;B01
201800021984;0;7;0;0;2;3;9;A01
201800021985;1;33;0;0;2;1;1;A01
201800021985;2;7;0;0;2;3;1;D01
201800021985;2;7;0;0;2;3;1;B01
201800021985;2;7;0;0;2;1;1;C01
201800021986;0;7;0;0;2;1;9;A01
201800021986;0;7;0;0;2;6;9;B01
201800021987;1;7;0;0;1;2;1;A01
201800021988;0;7;0;0;2;1;1;A01
201800021988;0;7;0;0;2;4;1;B01
201800021989;1;31;0;0;1;1;1;A01
201800021990;0;7;0;0;1;1;1;A01
201800021991;0;7;0;0;1;1;1;A01
201800021992;1;7;0;0;2;1;10;A01
201800021992;1;33;0;0;2;1;1;B01
201800021993;0;7;0;0;1;1;1;A01
201800021994;1;32;0;0;2;1;11;A01
201800021994;1;7;0;0;2;5;1;B01
201800021995;1;7;0;0;1;1;1;A01
201800021996;1;7;0;0;2;1;9;A01
201800021996;1;7;0;0;2;8;1;B01
201800021997;1;7;0;0;2;0;15;A01
201800021997;2;1;0;0;2;1;1;B01
201800021998;1;7;0;0;1;1;15;A01
201800021999;2;7;0;0;2;1;1;B01
201800021999;2;7;0;0;2;1;10;A01
201800022000;0;7;0;0;1;1;1;A01
201800022001;1;7;0;0;1;1;1;A01
201800022002;2;7;0;0;2;1;1;B01
201800022002;0;7;0;0;2;3;9;A01
201800022003;1;7;0;0;0;0;15;A01
201800022003;2;1;0;0;0;0;18;B01
201800022004;0;34;0;0;1;0;1;A01
201800022005;2;13;0;0;2;1;9;A01
201800022005;1;31;0;0;2;7;1;B01
201800022006;0;7;0;0;2;1;1;A01
201800022006;0;7;0;0;2;4;0;B01
201800022007;1;7;0;0;2;2;1;A01
201800022007;1;7;0;0;2;3;1;B01
201800022008;0;7;0;0;2;1;1;B01
201800022008;0;7;0;0;2;1;1;A01
201800022009;1;34;0;0;2;1;2;A01
201800022009;1;7;0;0;2;4;23;B01
201800022010;0;2;0;0;2;1;1;B01
201800022010;0;7;0;0;2;2;15;A01
201800022011;1;7;0;7;0;2;1;A01
201800022012;1;7;0;1;0;1;14;B01
201800022012;1;7;0;0;0;0;9;A01
201800022013;1;7;0;1;2;1;17;A01
201800022013;1;7;0;0;2;2;1;B01
201800022014;1;7;0;0;2;3;1;B01
201800022015;0;1;0;0;2;1;1;A01
201800022015;0;7;0;0;2;1;1;B01
201800022016;0;7;0;0;1;1;1;A01
201800022017;1;33;0;0;2;1;2;A01
201800022017;1;7;0;0;2;4;2;B01
201800022018;1;7;0;0;2;2;0;A01
201800022018;1;7;0;0;2;6;1;B01
201800022019;1;7;0;0;2;3;9;A01
201800022019;1;1;0;0;2;8;1;B01
201800022020;0;7;0;0;1;1;1;A01
201800022021;1;3;0;0;2;1;1;A01
201800022021;1;7;0;0;2;1;1;B01
201800022022;1;7;0;0;2;1;2;A01
201800022022;1;7;0;0;2;4;1;B01
201800022023;1;7;0;0;2;7;19;B01
201800022023;1;2;0;0;2;1;19;A01
201800022024;1;7;0;0;1;1;1;A01
201800022025;1;7;0;8;0;1;13;A01
201800022026;1;7;0;6;0;1;0;A01
201800022027;1;7;0;0;2;0;2;A01
201800022027;1;30;0;0;2;4;1;B01
201800022028;1;31;0;0;2;8;1;B01
201800022028;1;7;0;0;2;1;1;A01
201800022029;1;7;0;1;0;2;1;A01
201800022030;1;37;5;0;2;7;1;B01
201800022030;1;7;0;0;2;1;15;A01
201800022031;0;7;0;0;1;1;1;A01
201800022032;0;7;0;0;2;1;1;A01
201800022032;0;1;0;0;2;4;2;B01
201800022033;0;7;0;0;2;3;0;A01
201800022033;0;7;0;0;2;3;0;B01
201800022034;1;7;0;0;2;5;1;A01
201800022034;1;33;0;0;2;1;1;B01
201800022035;1;7;0;4;0;1;1;A01
201800022036;0;2;0;0;2;7;2;A01
201800022036;0;7;0;0;2;4;1;B01
201800022037;1;30;0;0;2;1;7;A01
201800022037;1;7;0;0;2;3;15;B01
201800022038;2;33;0;0;2;7;15;B01
201800022038;0;7;0;0;2;1;9;A01
201800022039;1;7;0;0;2;1;1;B01
201800022039;1;7;0;0;2;1;1;A01
201800022040;1;7;0;0;4;2;19;A01
201800022040;1;40;10;0;2;1;1;B01
201800022041;1;7;0;0;1;4;4;A01
201800022042;0;21;0;4;6;0;0;A01
201800022043;0;7;0;8;0;1;1;A01
201800022044;0;10;0;0;2;6;1;B01
201800022044;0;1;0;0;2;6;1;A01
201800022045;0;7;0;0;2;8;9;A01
201800022045;0;7;0;0;2;1;9;B01
201800022046;1;34;0;0;2;3;18;A01
201800022046;1;7;0;0;2;2;16;B01
201800022047;0;7;0;0;1;0;1;A01
201800022048;1;30;0;0;1;1;1;A01
201800022049;0;7;0;0;2;8;15;A01
201800022049;0;31;0;0;2;1;1;B01
201800022050;0;7;0;0;2;3;9;A01
201800022050;0;33;0;0;2;4;1;B01
201800022051;1;7;0;0;2;2;1;A01
201800022051;1;7;0;0;0;0;0;B01
201800022052;1;10;0;0;6;7;19;A01
201800022052;1;1;0;0;2;1;19;B01
201800022053;1;7;0;0;1;1;1;Z01
201800022054;0;99;0;0;1;0;0;A01
201800022055;1;2;0;0;1;1;1;A01
201800022056;0;7;0;0;2;1;17;A01
201800022056;0;7;0;0;2;3;19;B01
201800022057;1;10;0;0;2;1;2;A01
201800022057;1;7;0;0;2;4;2;B01
201800022058;0;7;0;0;0;4;23;A01
201800022058;0;7;0;0;0;0;0;B01
201800022058;0;7;0;0;0;4;0;C01
201800022058;0;7;0;0;0;1;0;D01
201800022059;1;7;0;0;2;1;19;A01
201800022059;1;7;0;0;2;2;1;B01
201800022060;1;7;0;0;2;1;2;A01
201800022060;1;7;0;0;2;4;2;B01
201800022061;0;7;0;0;2;1;9;A01
201800022061;0;7;0;0;2;7;1;B01
201800022062;0;7;0;0;2;3;15;A01
201800022062;0;30;0;0;2;8;21;B01
201800022063;1;2;0;0;2;1;0;B01
201800022063;1;7;0;0;2;3;9;A01
201800022064;0;31;0;0;2;1;2;A01
201800022064;0;7;0;0;2;4;1;B01
201800022065;2;7;0;0;1;2;1;A01
201800022066;0;7;0;1;0;1;1;A01
201800022067;0;7;0;0;2;1;2;A01
201800022067;0;7;0;0;2;4;1;B01
201800022068;1;10;0;0;2;1;12;A01
201800022068;1;7;0;0;2;1;2;B01
201800022069;1;7;0;0;2;3;1;B01
201800022069;1;7;0;0;2;2;1;A01
201800022070;2;7;0;0;2;1;2;A01
201800022070;2;7;0;0;2;4;2;B01
201800022070;2;7;0;0;2;4;2;C01
201800022071;2;7;0;0;2;1;2;A01
201800022071;2;7;0;0;2;4;2;B01
201800022072;1;7;0;0;2;2;16;A01
201800022072;1;1;0;0;2;8;1;B01
201800022073;1;31;0;6;2;1;2;A01
201800022073;1;7;0;0;2;4;23;B01
201800022074;0;7;0;0;1;4;4;A01
201800022075;1;7;0;0;1;1;1;A01
201800022076;1;7;0;0;2;2;12;A01
201800022076;1;7;0;0;2;3;1;B01
201800022076;1;7;0;0;2;3;1;C01
201800022077;2;2;0;1;2;3;2;A01
201800022077;2;10;0;0;2;4;2;B01
201800022078;0;7;0;0;2;3;9;A01
201800022078;0;30;0;0;2;7;9;B01
201800022079;1;7;0;0;1;1;16;Z01
201800022080;0;7;0;0;2;1;2;A01
201800022080;0;7;0;0;2;4;1;B01
201800022081;1;7;0;0;2;1;2;A01
201800022081;1;7;0;0;2;4;2;B01
201800022082;0;7;0;0;1;1;1;A01
201800022083;1;7;0;0;2;1;17;A01
201800022083;2;7;0;0;2;1;1;B01
201800022084;1;7;0;0;2;3;19;B01
201800022084;1;30;0;0;2;1;19;A01
201800022085;2;7;0;0;2;1;13;A01
201800022085;1;7;0;0;2;1;1;B01
201800022086;1;7;0;0;1;1;1;A01
201800022087;1;30;0;0;0;0;0;A01
201800022088;0;7;0;0;2;1;2;A01
201800022088;0;7;0;0;2;4;1;C01
201800022088;0;7;0;0;2;1;1;B01
201800022089;0;30;0;0;2;3;1;B01
201800022089;0;7;0;0;2;7;2;A01
201800022090;1;7;0;0;1;8;1;A01
201800022091;2;7;0;0;2;1;2;A01
201800022091;2;7;0;0;2;2;2;B01
201800022092;0;7;0;0;2;1;9;A01
201800022092;0;30;0;0;2;2;9;B01
201800022093;0;7;0;0;4;1;15;A01
201800022093;0;40;70;0;2;1;0;B01
201800022094;1;7;0;0;2;1;2;A01
201800022094;1;7;0;0;2;4;1;B01
201800022095;1;7;0;0;2;1;2;A01
201800022095;1;7;0;0;2;4;2;B01
201800022096;1;34;0;0;2;2;17;A01
201800022096;1;7;0;0;2;8;15;B01
201800022097;1;7;0;0;2;1;9;A01
201800022097;0;7;0;0;2;7;1;B01
201800022098;0;7;0;0;2;1;9;B01
201800022098;1;2;0;0;2;1;15;A01
201800022099;1;7;0;6;0;8;1;A01
201800022100;1;7;0;1;2;1;1;A01
201800022100;1;7;0;0;2;0;0;B01
201800022101;0;7;0;0;2;2;17;A01
201800022101;0;2;0;0;0;0;0;B01
201800022101;0;7;0;0;2;8;0;C01
201800022102;0;7;0;0;2;3;1;A01
201800022102;0;7;0;0;0;1;0;B01
201800022103;0;7;0;0;2;1;2;A01
201800022103;1;7;0;0;2;4;1;B01
201800022103;1;7;0;0;2;4;16;C01
201800022104;0;7;0;0;2;5;6;A01
201800022104;0;7;0;0;2;1;6;B01
201800022105;1;1;0;0;2;0;0;B01
201800022105;1;10;0;0;2;3;0;A01
201800022106;1;10;0;0;2;2;15;A01
201800022106;2;1;0;0;2;1;1;B01
201800022107;1;7;0;0;1;2;1;A01
201800022108;1;7;0;0;1;1;1;A01
201800022109;1;7;0;0;2;1;13;A01
201800022109;2;7;0;0;2;1;1;B01
201800022110;1;7;0;0;2;3;9;A01
201800022110;1;31;0;0;2;1;1;B01
201800022111;0;7;0;0;1;4;0;A01
201800022112;1;7;0;0;2;1;15;A01
201800022112;1;30;0;0;2;7;1;B01
201800022113;0;30;0;0;1;3;1;A01
201800022114;1;10;0;0;2;1;9;A01
201800022114;1;1;0;0;2;7;1;B01
201800022115;0;7;0;0;2;3;20;A01
201800022115;0;1;0;0;2;1;1;B01
201800022116;1;7;0;0;2;2;15;A01
201800022116;1;7;0;8;2;3;1;B01
201800022117;1;7;0;1;0;2;0;A01
201800022117;1;7;0;1;2;3;0;B01
201800022118;0;10;0;0;2;3;2;A01
201800022118;1;7;0;0;2;4;1;B01
201800022119;0;7;0;0;1;1;1;A01
201800022120;1;7;0;0;2;7;15;A01
201800022120;1;7;0;0;2;1;1;B01
201800022121;0;7;0;0;2;1;13;A01
201800022121;0;33;0;0;2;1;1;B01
201800022122;0;40;1;0;1;3;1;A01
201800022123;1;7;0;0;1;1;16;A01
201800022124;1;7;0;0;2;1;9;A01
201800022124;1;1;0;0;2;5;1;B01
201800022125;1;33;0;0;0;2;1;A01
201800022126;1;7;0;0;2;1;1;A01
201800022126;2;7;0;0;2;4;4;B01
201800022127;0;7;0;1;0;0;0;A01
201800022128;1;7;0;0;1;1;0;Z01
201800022129;1;7;0;0;2;2;9;A01
201800022129;1;1;0;0;2;7;15;B01
201800022130;0;2;0;0;2;7;1;B01
201800022130;0;7;0;0;2;1;9;A01
201800022131;0;7;0;0;2;8;1;B01
201800022131;0;14;0;0;2;2;21;A01
201800022132;1;7;0;0;2;1;15;A01
201800022132;2;7;0;8;2;8;0;B01
201800022133;0;10;0;0;2;2;6;A01
201800022133;0;1;0;0;2;4;0;B01
201800022134;0;7;0;0;2;3;9;A01
201800022134;0;2;0;0;2;0;0;B01
201800022135;1;40;50;0;2;7;1;B01
201800022135;1;2;0;0;4;1;19;A01
201800022136;1;7;0;0;2;1;2;A01
201800022136;1;10;0;0;2;1;2;B01
201800022136;1;7;0;0;2;4;1;C01
201800022137;1;7;0;0;2;1;1;A01
201800022137;1;7;0;0;2;4;1;B01
201800022138;0;7;0;0;2;1;1;A01
201800022138;0;33;0;0;2;7;1;B01
201800022139;0;7;0;0;1;7;1;A01
201800022140;0;7;0;0;2;1;1;A01
201800022140;0;7;0;0;2;4;1;B01
201800022140;0;7;0;0;2;1;1;C01
201800022141;2;7;0;0;2;1;1;A01
201800022141;2;7;0;0;2;3;1;B01
201800022141;2;7;0;0;2;1;1;C01
201800022142;1;30;0;0;2;1;1;A01
201800022142;1;7;0;0;2;3;1;B01
201800022143;1;7;0;1;0;1;1;A01
201800022144;1;7;0;0;1;1;14;A01
201800022145;0;7;0;0;2;8;9;A01
201800022145;0;1;0;0;2;7;1;B01
201800022146;1;7;0;0;2;8;1;B01
201800022146;1;7;0;0;2;1;19;A01
201800022147;1;31;0;0;0;1;1;A01
201800022147;0;31;0;0;0;1;1;B01
201800022147;1;7;0;0;0;0;0;Z01
201800022148;1;7;0;0;2;1;2;A01
201800022148;1;7;0;0;2;0;0;B01
201800022149;0;7;0;0;2;1;1;B01
201800022149;0;7;0;0;2;1;15;A01
201800022150;0;7;0;0;2;0;0;Z01
201800022150;0;30;0;0;0;0;0;A01
201800022151;1;7;0;0;2;1;1;A01
201800022151;1;10;0;0;2;4;1;C01
201800022151;1;7;0;0;2;4;1;B01
201800022152;1;7;0;0;2;1;1;A01
201800022152;2;7;0;0;2;4;23;B01
201800022153;0;7;0;0;2;3;5;A01
201800022153;0;7;0;0;2;8;1;B01
201800022154;0;3;0;1;0;1;1;A01
201800022154;0;7;0;0;0;4;0;B01
201800022155;1;7;0;0;1;1;1;A01
201800022156;0;30;0;0;2;1;0;A01
201800022156;0;7;0;0;2;0;0;B01
201800022157;1;7;0;1;0;1;1;A01
201800022158;1;7;0;0;1;1;1;A01
201800022159;1;30;0;0;2;1;9;A01
201800022159;1;1;0;0;2;0;0;B01
201800022160;1;7;0;0;1;1;2;A01
201800022161;1;7;0;0;1;1;1;A01
201800022162;0;7;0;0;1;1;1;A01
201800022163;0;33;0;0;1;1;1;A01
201800022164;1;7;0;6;0;1;1;A01
201800022165;0;7;0;0;1;1;1;A01
201800022166;0;7;0;0;1;1;1;A01
201800022167;0;2;0;0;2;8;1;B01
201800022167;0;7;0;0;2;3;15;A01
201800022168;1;30;0;0;2;1;1;B01
201800022168;1;7;0;0;2;8;15;A01
201800022169;1;7;0;0;2;2;2;A01
201800022169;1;7;0;0;2;8;2;B01
201800022170;0;7;0;0;2;1;15;B01
201800022170;0;7;0;0;2;4;24;D01
201800022170;0;7;0;0;2;3;1;A01
201800022171;0;10;0;0;2;3;1;A01
201800022171;0;7;0;0;0;0;0;B01
201800022172;1;7;0;0;2;1;9;A01
201800022172;1;1;0;0;2;1;9;B01
201800022173;1;7;0;0;2;8;10;A01
201800022173;1;32;0;0;2;1;2;B01
201800022174;1;7;0;13;0;1;14;A01
201800022175;1;7;0;13;0;1;14;A01
201800022176;1;7;0;4;0;1;13;A01
201800022177;1;7;0;0;2;3;13;A01
201800022177;2;14;0;0;2;3;21;B01
201800022178;1;10;0;0;2;3;13;A01
201800022178;2;15;0;3;2;3;21;B01
201800022179;1;7;0;4;0;8;14;A01
201800022180;1;7;0;0;2;1;15;A01
201800022180;2;30;0;0;2;1;1;B01
201800022181;1;7;0;3;0;1;13;A01
201800022182;1;30;0;0;2;4;2;A01
201800022183;1;2;0;0;0;7;1;A01
201800022184;1;7;0;0;2;3;0;A01
201800022184;2;7;0;0;2;3;0;B01
201800022185;2;7;0;16;0;2;14;A01
201800022186;2;30;0;0;0;7;1;A01
201800022187;1;7;0;0;1;7;1;A01
201800022188;1;7;0;8;0;2;14;A01
201800022189;1;2;0;0;2;3;13;A01
201800022189;2;7;0;0;2;6;0;B01
201800022190;2;7;0;0;2;2;1;B01
201800022190;2;7;0;0;2;8;19;A01
201800022191;1;7;0;0;2;1;1;A01
201800022191;1;7;0;0;2;4;23;B01
201800022192;1;7;0;15;0;2;1;A01
201800022193;1;7;0;0;1;2;1;A01
201800022194;1;10;0;6;0;0;13;A01
201800022195;1;7;0;0;0;1;14;A01
201800022196;2;7;0;0;2;1;1;A01
201800022196;2;37;1;0;2;4;23;B01
201800022197;1;30;0;0;0;0;1;A01
201800022198;1;10;0;0;2;1;1;A01
201800022198;2;7;0;0;2;4;1;B01
201800022199;1;32;0;0;2;1;17;A01
201800022199;1;7;0;0;2;3;15;B01
201800022200;0;7;0;15;0;1;9;A01
201800022200;0;2;0;0;2;7;1;B01
201800022201;1;7;0;3;0;8;11;A01
201800022202;1;7;0;16;0;9;0;A01
201800022203;2;7;0;0;2;2;15;A01
201800022203;1;34;0;0;2;1;1;B01
201800022204;2;7;0;3;0;2;14;A01
201800022205;1;10;0;0;2;3;9;A01
201800022205;1;2;0;0;2;2;1;B01
201800022206;1;7;0;0;2;1;2;A01
201800022206;1;7;0;0;2;4;2;B01
201800022206;1;7;0;0;2;4;1;C01
201800022207;0;7;0;0;2;1;5;A01
201800022207;0;1;0;0;2;0;0;B01
201800022208;0;10;0;0;2;1;16;A01
201800022208;0;1;0;0;2;1;1;B01
201800022209;2;32;0;8;0;1;14;A01
201800022210;2;1;0;0;2;7;1;B01
201800022210;2;7;0;0;6;3;9;A01
201800022211;2;7;0;0;2;1;1;A01
201800022211;2;7;0;0;0;4;1;B01
201800022212;2;30;0;0;0;7;2;A01
201800022213;2;7;0;8;0;1;1;A01
201800022214;1;10;0;0;2;3;1;A01
201800022214;2;10;0;1;0;3;13;B01
201800022214;0;13;0;1;0;2;0;C01
201800022215;1;7;0;0;2;7;1;B01
201800022215;0;7;0;0;2;3;16;A01
201800022216;0;10;0;0;2;4;20;A01
201800022216;2;2;0;0;2;7;1;B01
201800022217;2;2;0;0;0;3;1;A01
201800022218;1;7;0;0;2;2;17;A01
201800022218;1;7;0;0;2;6;1;B01
201800022219;1;1;0;0;0;3;1;A01
201800022220;1;30;0;0;0;3;1;A01
201800022221;1;7;0;13;0;1;14;A01
201800022222;2;14;0;1;1;0;23;A01
201800022222;2;1;0;0;1;1;17;B01
201800022223;2;10;0;0;1;2;1;A01
201800022224;1;7;0;0;2;1;7;A01
201800022224;1;7;0;0;2;6;2;B01
201800022225;2;7;0;0;2;1;1;A01
201800022225;0;99;0;0;2;0;0;R01
201800022226;1;7;0;0;0;2;17;A01
201800022227;1;7;0;13;0;8;1;A01
201800022228;1;7;0;16;0;7;14;A01
201800022229;0;7;0;0;1;1;0;A01
201800022230;1;7;0;0;1;8;0;A01
201800022231;1;7;0;15;0;1;20;A01
201800022232;0;7;0;0;2;1;2;A01
201800022232;0;7;0;0;0;4;2;B01
201800022233;0;7;0;0;2;2;0;A01
201800022233;0;7;0;0;2;3;1;B01
201800022234;2;7;0;0;2;2;21;B01
201800022234;0;7;0;0;2;2;15;A01
201800022235;1;33;0;0;2;7;2;A01
201800022235;1;7;0;0;2;6;1;B01
201800022236;1;7;0;0;6;1;0;A01
201800022236;1;7;0;2;0;0;0;B01
201800022237;2;17;0;0;0;4;1;B01
201800022237;2;7;0;0;2;1;2;A01
201800022238;1;7;0;4;0;2;1;A01
201800022239;1;7;0;0;0;4;2;C01
201800022239;1;7;0;0;2;1;1;A01
201800022239;1;7;0;0;2;4;2;B01
201800022240;2;7;0;0;0;0;2;A01
201800022241;2;10;0;0;0;4;2;B01
201800022241;2;10;0;0;2;1;2;A01
201800022242;2;7;0;4;0;2;1;A01
201800022243;2;33;0;0;0;4;2;B01
201800022243;2;7;0;0;2;1;2;A01
201800022244;1;33;0;12;0;1;16;A01
201800022245;2;7;0;0;2;1;2;A01
201800022245;2;17;0;0;0;4;2;B01
201800022246;2;33;0;0;0;1;17;A01
201800022246;2;17;0;0;0;6;2;B01