num_acc;senc;catv;occutc;obs;obsm;choc;manv;num_veh
201800022247;2;10;0;15;0;7;1;A01
201800022248;0;1;0;0;2;1;19;A01
201800022248;0;7;0;0;2;7;1;B01
201800022249;2;7;0;1;0;2;1;A01
201800022250;1;33;0;0;0;7;1;A01
201800022251;1;7;0;1;0;1;1;A01
201800022252;1;7;0;0;2;3;1;A01
201800022252;2;7;0;0;2;3;1;B01
201800022253;2;7;0;0;2;3;1;A01
201800022253;1;7;0;0;2;3;1;B01
201800022254;1;7;0;0;1;3;1;A01
201800022255;0;2;0;0;0;0;1;A01
201800022256;2;33;0;0;2;1;1;B01
201800022256;1;7;0;0;2;2;15;A01
201800022257;1;7;0;0;2;8;13;A01
201800022257;1;17;0;0;2;3;1;C01
201800022257;2;17;0;0;2;1;1;B01
201800022258;2;17;0;3;2;1;11;A01
201800022258;1;10;0;0;2;3;1;B01
201800022258;1;7;0;0;2;3;21;C01
201800022258;1;7;0;0;2;1;21;D01
201800022259;1;15;0;3;0;8;2;A01
201800022260;2;7;0;3;0;9;1;A01
201800022261;2;10;0;13;0;0;1;A01
201800022262;2;10;0;0;2;2;1;B01
201800022262;2;17;0;0;0;6;1;A01
201800022263;1;14;0;13;0;9;1;A01
201800022264;1;7;0;13;0;1;0;A01
201800022265;1;31;0;0;2;7;17;A01
201800022265;1;37;2;0;2;8;15;B01
201800022266;1;7;0;2;0;1;1;A01
201800022266;2;7;0;0;9;6;2;B01
201800022267;2;7;0;0;2;8;19;A01
201800022267;1;33;0;0;2;1;21;B01
201800022268;1;7;0;0;2;1;15;A01
201800022268;2;7;0;0;2;1;1;B01
201800022269;1;7;0;0;1;8;15;A01
201800022270;1;1;0;0;2;8;2;A01
201800022270;1;99;0;;;;;B02
201800022271;0;34;0;0;1;1;9;A01
201800022272;1;7;0;0;2;1;2;A01
201800022272;1;7;0;0;2;1;2;B01
201800022272;1;7;0;0;2;4;2;C01
201800022273;2;7;0;8;0;3;13;A01
201800022274;1;7;0;0;1;3;1;A01
201800022275;1;7;0;13;0;1;14;A01
201800022276;1;7;0;0;2;4;1;A01
201800022276;2;7;0;0;2;1;2;B01
201800022277;1;7;0;0;2;4;1;A01
201800022277;1;7;0;0;2;1;1;B01
201800022278;2;7;0;0;1;1;1;A01
201800022279;1;7;0;0;0;1;14;A01
201800022280;0;7;0;0;2;1;21;A01
201800022280;0;7;0;0;2;4;21;B01
201800022281;1;2;0;0;0;0;1;A01
201800022282;2;7;0;0;2;1;2;A01
201800022282;2;7;0;0;2;4;23;B01
201800022283;1;31;0;0;1;7;1;A01
201800022284;1;7;0;16;2;1;13;A01
201800022284;1;7;0;0;2;8;1;B01
201800022285;1;2;0;0;0;0;1;A01
201800022286;2;7;0;0;2;3;19;A01
201800022286;1;2;0;0;2;8;1;B01
201800022287;2;31;0;0;2;1;1;A01
201800022287;1;10;0;0;2;8;15;B01
201800022288;1;7;0;8;0;9;14;A01
201800022289;1;7;0;0;2;4;16;A01
201800022289;1;7;0;0;2;1;16;B01
201800022290;1;7;0;0;2;1;9;A01
201800022290;1;7;0;8;0;7;21;B01
201800022291;2;7;0;13;0;1;14;A01
201800022292;2;30;0;0;0;0;2;A01
201800022293;1;7;0;0;2;3;1;A01
201800022293;1;7;0;0;2;1;9;B01
201800022294;0;7;0;0;2;3;1;A01
201800022294;0;2;0;0;2;1;13;B01
201800022295;1;7;0;0;2;3;9;A01
201800022295;1;31;0;0;2;7;0;B01
201800022296;1;7;0;0;1;1;1;A01
201800022297;1;7;0;13;9;1;14;A01
201800022298;2;7;0;0;2;1;9;A01
201800022298;1;7;0;0;2;7;2;B01
201800022299;1;7;0;13;0;1;13;A01
201800022300;1;30;0;15;0;7;2;A01
201800022301;1;31;0;0;0;0;16;A01
201800022302;1;7;0;0;0;3;23;A01
201800022303;2;7;0;2;0;2;14;A01
201800022304;0;2;0;0;0;0;16;A01
201800022305;1;7;0;0;2;4;2;A01
201800022305;1;10;0;0;2;1;2;B01
201800022306;1;7;0;0;1;4;20;A01
201800022307;1;7;0;0;2;4;2;A01
201800022307;1;30;0;0;2;1;2;B01
201800022308;1;7;0;0;2;1;2;B01
201800022308;1;7;0;0;2;4;1;A01
201800022308;1;7;0;0;2;4;20;C01
201800022309;1;7;0;0;2;3;11;A01
201800022309;1;33;0;0;2;7;17;B01
201800022310;1;7;0;0;2;8;9;A01
201800022310;1;7;0;0;2;1;1;B01
201800022311;1;7;0;0;2;1;2;A01
201800022311;1;7;0;0;2;4;23;B01
201800022312;1;2;0;0;0;8;0;A01
201800022313;1;7;0;5;0;2;14;A01
201800022314;1;7;0;0;2;0;0;A01
201800022314;1;7;0;0;6;3;0;B01
201800022315;0;1;0;0;2;0;0;B01
201800022316;2;7;0;0;2;1;2;A01
201800022316;2;7;0;0;2;4;23;B01
201800022317;1;7;0;0;2;1;1;A01
201800022317;1;10;0;0;2;4;1;B01
201800022318;1;7;0;0;1;2;15;A01
201800022319;1;1;0;0;2;1;1;A01
201800022319;1;10;0;0;2;5;1;B01
201800022320;1;7;0;0;2;6;13;A01
201800022320;1;7;0;3;2;2;17;B01
201800022321;0;2;0;0;0;0;9;A01
201800022322;1;7;0;0;2;1;2;A01
201800022322;1;7;0;0;2;3;9;B01
201800022323;1;7;0;0;1;1;1;A01
201800022324;1;7;0;0;2;1;1;A01
201800022324;1;1;0;0;2;8;19;B01
201800022325;0;7;0;0;2;8;15;A01
201800022325;0;2;0;0;2;7;17;B01
201800022326;2;31;0;3;0;1;1;A01
201800022327;1;7;0;0;2;3;15;A01
201800022327;1;33;0;0;2;7;1;B01
201800022328;1;13;0;13;0;7;14;A01
201800022329;1;7;0;0;2;0;13;A01
201800022329;2;7;0;0;2;0;0;B01
201800022330;1;7;0;3;0;1;16;A01
201800022331;2;1;0;0;2;1;1;B01
201800022331;1;7;0;0;6;3;9;A01
201800022332;0;30;0;0;2;1;2;A01
201800022332;0;7;0;0;2;0;0;B01
201800022333;1;7;0;0;2;8;22;A01
201800022333;1;1;0;1;0;8;0;B01
201800022334;1;10;0;0;2;1;2;A01
201800022334;1;10;0;0;2;4;2;B01
201800022334;1;10;0;0;2;4;2;C01
201800022335;0;7;0;13;0;2;14;A01
201800022336;1;10;0;0;2;2;1;A01
201800022336;2;33;0;0;2;1;1;B01
201800022337;2;7;0;0;1;1;0;A01
201800022338;1;7;0;0;2;3;15;A01
201800022338;1;31;0;0;2;1;1;B01
201800022339;2;10;0;4;0;2;1;A01
201800022340;0;30;0;0;2;1;2;A01
201800022340;0;7;0;0;2;6;2;B01
201800022341;0;7;0;6;0;8;0;A01
201800022342;2;17;0;0;2;2;9;A01
201800022342;2;7;0;0;2;8;2;B01
201800022343;2;7;0;5;0;1;1;A01
201800022344;1;31;0;0;0;0;1;A01
201800022345;2;7;0;0;1;1;1;A01
201800022346;0;7;0;0;2;1;19;A01
201800022346;0;10;0;0;2;7;1;B01
201800022347;2;7;0;4;0;2;1;A01
201800022348;1;7;0;0;2;2;16;A01
201800022348;1;31;0;0;2;1;15;B01
201800022349;0;7;0;0;2;6;24;B01
201800022349;1;7;0;1;0;2;14;A01
201800022350;0;7;0;0;2;1;19;A01
201800022350;0;7;0;0;2;3;19;B01
201800022351;1;7;0;9;0;1;14;A01
201800022352;2;33;0;11;0;2;21;A01
201800022353;1;38;1;1;1;6;4;A01
201800022354;1;2;0;0;2;8;15;A01
201800022354;1;7;0;0;2;2;16;B01
201800022355;0;7;0;0;2;4;23;A01
201800022355;0;7;0;0;2;4;23;B01
201800022355;0;7;0;0;2;1;2;C01
201800022356;1;33;0;0;2;1;18;A01
201800022356;1;7;0;0;2;4;16;B01
201800022357;0;7;0;0;2;3;15;A01
201800022357;0;33;0;0;2;1;0;B01
201800022358;2;1;0;0;2;3;5;A01
201800022358;1;7;0;0;2;2;12;B01
201800022359;1;7;0;15;0;2;19;A01
201800022360;1;7;0;11;0;2;1;A01
201800022361;1;7;0;0;0;4;15;A01
201800022361;1;7;0;0;2;1;0;B01
201800022362;1;1;0;0;2;1;2;A01
201800022362;1;10;0;0;2;4;2;B01
201800022363;1;30;0;0;0;1;1;A01
201800022364;0;7;0;0;1;1;15;A01
201800022365;1;7;0;2;0;8;14;A01
201800022366;1;10;0;4;0;3;13;A01
201800022367;2;34;0;0;2;2;2;A01
201800022367;2;7;0;0;2;6;1;B01
201800022368;2;7;0;13;0;0;0;A01
201800022369;2;30;0;0;0;1;0;A01
201800022370;1;7;0;0;2;1;0;A01
201800022370;1;7;0;0;0;4;1;B01
201800022371;1;7;0;0;1;2;1;A01
201800022372;1;33;0;0;0;8;16;A01
201800022373;0;7;0;0;2;8;10;A01
201800022373;1;7;0;0;2;2;1;B01
201800022374;1;7;0;13;0;1;13;A01
201800022375;1;7;0;13;0;1;14;A01
201800022376;1;7;0;4;0;1;0;A01
201800022377;0;30;0;16;0;3;15;A01
201800022378;1;2;0;0;2;2;0;A01
201800022378;1;7;0;0;0;4;1;B01
201800022379;0;7;0;6;0;1;1;A01
201800022380;1;7;0;0;1;2;1;A01
201800022381;1;7;0;0;2;2;9;A01
201800022381;1;2;0;0;2;3;1;B01
201800022382;1;7;0;2;0;2;14;A01
201800022383;1;7;0;0;2;7;12;A01
201800022383;1;7;0;0;2;6;1;B01
201800022384;1;7;0;13;0;2;14;A01
201800022385;0;7;0;0;1;2;15;A01
201800022386;2;7;0;0;0;0;0;A01
201800022386;2;31;0;0;2;1;1;B01
201800022387;2;7;0;0;1;3;0;A01
201800022388;2;7;0;13;0;2;1;A01
201800022389;2;3;0;0;0;0;1;A01
201800022390;2;7;0;1;0;2;0;A01
201800022390;0;7;0;1;0;8;0;B01
201800022390;0;7;0;1;0;8;0;C01
201800022391;0;15;0;12;0;7;0;A01
201800022392;1;7;0;13;0;0;1;A01
201800022393;1;31;0;12;0;8;16;A01
201800022394;1;7;0;0;1;3;16;A01
201800022395;2;7;0;0;2;3;15;A01
201800022395;1;2;0;0;2;1;1;B01
201800022396;0;7;0;0;1;1;16;A01
201800022397;2;30;0;0;2;4;1;A01
201800022397;2;7;0;0;6;4;20;B01
201800022398;2;7;0;6;0;5;20;A01
201800022399;1;13;0;0;2;2;13;A01
201800022399;1;37;1;0;2;6;1;B01
201800022400;1;7;0;0;2;5;1;A01
201800022400;1;7;0;0;2;6;21;B01
201800022401;1;7;0;1;0;2;0;A01
201800022402;1;7;0;13;0;1;14;A01
201800022403;1;7;0;0;0;4;0;A01
201800022404;1;7;0;0;2;8;1;B01
201800022404;1;1;0;0;2;1;19;A01
201800022405;1;7;0;8;0;1;14;A01
201800022406;0;7;0;8;0;3;15;A01
201800022407;1;7;0;0;1;1;1;A01
201800022408;0;7;0;0;1;1;0;A01
201800022409;2;7;0;0;2;3;15;A01
201800022409;2;2;0;0;2;1;1;B01
201800022410;1;7;0;0;2;4;1;A01
201800022410;1;7;0;0;2;1;2;B01
201800022411;2;7;0;0;2;0;13;A01
201800022411;1;7;0;0;2;1;1;B01
201800022411;1;15;0;0;2;8;1;C01
201800022411;1;7;0;0;2;3;21;D01
201800022411;1;10;0;0;2;9;21;E01
201800022412;1;30;0;0;2;4;1;A01
201800022413;2;7;0;0;0;0;14;A01
201800022414;0;10;0;0;2;1;2;A01
201800022414;2;30;0;0;2;4;1;B01
201800022415;1;7;0;3;0;2;2;A01
201800022416;1;30;0;0;2;2;16;A01
201800022416;1;7;0;0;2;3;16;B01
201800022417;1;32;0;0;0;7;1;A01
201800022418;1;7;0;0;1;3;16;A01
201800022419;1;7;0;0;1;3;0;A01
201800022420;1;33;0;3;0;1;14;A01
201800022421;2;7;0;0;2;1;1;A01
201800022421;2;7;0;0;2;4;23;B01
201800022421;2;7;0;0;2;4;23;C01
201800022422;0;30;0;16;0;3;16;A01
201800022423;2;7;0;4;0;1;2;A01
201800022424;0;1;0;15;0;1;15;A01
201800022425;0;7;0;0;2;3;15;A01
201800022425;0;1;0;0;2;6;1;B01
201800022426;2;7;0;13;2;2;13;A01
201800022426;2;7;0;0;2;3;0;B01
201800022426;2;10;0;0;2;1;0;C01
201800022427;1;7;0;0;1;2;1;A01
201800022428;1;10;0;6;0;2;1;A01
201800022429;2;7;0;0;0;4;0;C01
201800022429;2;7;0;0;2;4;0;B01
201800022429;2;7;0;0;2;1;0;A01
201800022430;1;7;0;0;1;2;15;A01
201800022431;1;7;0;0;1;2;1;A01
201800022432;0;10;0;0;1;3;1;A01
201800022433;1;7;0;0;1;4;20;A01
201800022434;0;7;0;3;0;4;1;A01
201800022435;1;7;0;0;1;1;0;A01
201800022436;0;2;0;0;0;8;0;A01
201800022437;1;7;0;13;0;9;1;A01
201800022438;2;7;0;2;0;8;0;A01
201800022439;1;1;0;0;2;1;1;B01
201800022439;1;7;0;0;9;3;15;A01
201800022440;2;7;0;0;2;2;17;A01
201800022440;2;21;0;0;2;3;15;B01
201800022441;2;7;0;0;2;2;1;A01
201800022441;1;7;0;0;2;1;1;B01
201800022442;1;7;0;2;0;1;14;A01
201800022443;0;7;0;0;0;9;0;A01
201800022444;2;7;0;0;2;1;1;B01
201800022444;1;7;0;0;2;1;13;A01
201800022445;2;7;0;2;0;3;14;A01
201800022446;0;7;0;0;1;2;1;A01
201800022447;1;7;0;0;2;7;15;A01
201800022447;2;33;0;0;2;0;1;B01
201800022448;1;33;0;0;0;9;1;A01
201800022449;2;33;0;13;0;1;1;A01
201800022450;2;36;0;0;0;0;1;A01
201800022451;1;7;0;15;0;9;14;A01
201800022452;1;7;0;3;0;6;11;A01
201800022452;1;7;0;0;2;2;1;B01
201800022453;1;33;0;0;2;2;21;A01
201800022453;2;7;0;0;2;8;1;C01
201800022453;2;7;0;0;2;2;21;B01
201800022454;1;7;0;7;0;9;1;A01
201800022455;2;7;0;4;0;3;1;A01
201800022456;1;7;0;0;2;7;13;A01
201800022456;2;7;0;0;2;1;1;B01
201800022457;2;7;0;0;0;0;5;A01
201800022458;2;33;0;0;0;3;0;A01
201800022458;1;7;0;0;0;3;1;B01
201800022459;0;2;0;15;0;1;0;A01
201800022460;2;7;0;0;2;1;19;B01
201800022460;0;7;0;0;2;8;0;A01
201800022461;0;7;0;0;2;2;1;A01
201800022461;0;1;0;0;2;2;1;B01
201800022462;0;7;0;0;0;3;9;A01
201800022462;0;33;0;0;2;1;9;B01
201800022463;0;7;0;13;0;1;16;A01
201800022464;0;7;0;0;1;2;16;A01
201800022465;2;17;0;0;2;1;1;B01
201800022465;0;10;0;8;0;7;19;A01
201800022466;0;7;0;6;0;2;0;A01
201800022467;2;7;0;0;2;9;13;A01
201800022467;1;7;0;0;2;8;1;D01
201800022467;2;7;0;0;2;9;1;B02
201800022467;1;7;0;0;2;8;1;E01
201800022467;1;31;0;0;2;8;1;F01
201800022467;2;7;0;0;2;9;14;C01
201800022468;2;7;0;2;0;3;13;A01
201800022469;2;7;0;0;2;3;9;A01
201800022469;1;1;0;0;2;2;1;B01
201800022470;1;7;0;0;1;3;1;A01
201800022471;1;7;0;0;9;1;1;B01
201800022471;2;31;0;0;2;1;5;A01
201800022472;1;7;0;0;2;3;1;B01
201800022472;2;7;0;0;2;1;5;A01
201800022473;2;7;0;0;2;2;15;A01
201800022473;1;2;0;0;2;1;14;B01
201800022474;1;7;0;0;2;3;13;A01
201800022474;2;7;0;0;2;8;1;B01
201800022475;2;7;0;15;0;1;14;A01
201800022476;1;10;0;0;2;2;9;A01
201800022476;2;10;0;0;2;7;15;B01
201800022477;2;33;0;1;0;1;14;A01
201800022477;2;7;0;0;2;6;24;B01
201800022478;2;10;0;0;1;1;1;A01
201800022479;1;33;0;0;2;1;1;B01
201800022479;0;1;0;0;2;7;19;A01
201800022480;2;10;0;0;2;1;13;A01
201800022480;1;7;0;0;2;1;1;B01
201800022481;2;7;0;0;2;1;2;A01
201800022481;2;7;0;14;0;1;2;B01
201800022482;2;2;0;0;1;1;1;A01
201800022483;1;7;0;0;2;1;1;B01
201800022483;2;7;0;0;2;1;17;A01
201800022484;1;7;0;0;2;1;13;A01
201800022484;2;7;0;0;2;1;1;B01
201800022485;2;33;0;0;2;1;2;A01
201800022485;2;10;0;0;2;4;2;B01
201800022486;1;7;0;8;0;1;6;A01
201800022487;0;7;0;0;2;1;1;B01
201800022487;0;7;0;0;2;2;5;A01
201800022488;0;7;0;0;1;4;4;A01
201800022489;1;30;0;0;0;0;1;A01
201800022490;2;7;0;8;0;1;11;A01
201800022491;2;33;0;0;2;1;1;A01
201800022491;1;7;0;0;2;5;23;B01
201800022492;1;34;0;0;2;0;2;A01
201800022492;1;13;0;0;0;0;0;B01
201800022493;2;99;0;0;0;7;1;A01
201800022494;2;2;0;0;2;4;2;B01
201800022494;2;33;0;0;2;1;2;A01
201800022495;0;7;0;0;2;1;0;B01
201800022495;0;30;0;0;2;1;5;A01
201800022496;2;7;0;0;2;3;13;A01
201800022496;2;33;0;0;2;9;1;B01
201800022497;1;7;0;0;0;9;14;A01
201800022498;1;32;0;0;2;3;13;A01
201800022498;2;7;0;0;2;3;1;B01
201800022499;2;34;0;9;2;1;17;A01
201800022499;2;32;0;0;2;6;0;B01
201800022500;0;7;0;0;2;8;1;B01
201800022500;1;1;0;0;2;3;1;A01
201800022501;0;33;0;0;2;2;1;B01
201800022501;0;7;0;0;2;6;11;A01
201800022502;1;7;0;0;1;1;2;A01
201800022503;2;7;0;13;0;1;5;A01
201800022504;1;7;0;0;1;1;1;A01
201800022505;1;7;0;0;2;1;0;A01
201800022505;1;7;0;0;2;7;1;B01
201800022506;1;7;0;0;6;1;1;B01
201800022506;1;30;0;0;2;1;1;A01
201800022507;0;7;0;6;0;3;13;A01
201800022508;2;7;0;0;1;4;4;A01
201800022509;1;30;0;0;2;6;1;A01
201800022509;1;7;0;0;2;6;15;B01
201800022510;0;17;0;0;2;8;1;B01
201800022510;0;7;0;0;2;2;12;A01
201800022511;1;7;0;0;2;1;15;A01
201800022511;1;10;0;0;2;8;1;B01
201800022512;1;7;0;0;1;1;1;A01
201800022513;1;7;0;14;0;9;1;A01
201800022514;2;7;0;0;1;1;1;A01
201800022515;2;7;0;0;2;1;0;A01
201800022515;0;2;0;0;2;7;1;B01
201800022516;0;10;0;0;1;1;1;A01
201800022517;2;7;0;6;0;1;1;A01
201800022518;0;7;0;0;2;1;16;A01
201800022518;0;7;0;0;2;8;15;B01
201800022519;1;7;0;0;2;1;1;B01
201800022519;2;10;0;0;2;1;17;A01
201800022520;2;99;0;0;1;1;1;A01
201800022521;0;10;0;0;1;1;1;A01
201800022522;1;7;0;0;1;1;1;A01
201800022523;2;7;0;0;2;4;15;B01
201800022523;2;7;0;0;2;1;2;A01
201800022524;1;7;0;0;2;1;1;B01
201800022524;2;7;0;9;2;8;19;A01
201800022525;1;7;0;0;1;5;0;A01
201800022526;1;7;0;0;1;2;1;A01
201800022527;1;33;0;0;0;2;17;A01
201800022528;2;7;0;0;1;1;1;A01
201800022529;1;7;0;0;2;3;15;A01
201800022529;1;7;0;0;2;3;8;B01
201800022530;0;1;0;0;2;3;1;B01
201800022530;0;7;0;0;2;2;15;A01
201800022531;1;7;0;0;1;2;1;A01
201800022532;1;7;0;2;0;1;0;A01
201800022533;1;10;0;0;2;7;1;A01
201800022533;2;7;0;0;2;1;1;B01
201800022534;1;30;0;0;2;1;7;B01
201800022534;1;7;0;0;2;7;16;A01
201800022535;0;7;0;13;2;1;1;B01
201800022535;0;7;0;0;2;0;13;A01
201800022536;0;7;0;0;1;1;1;A01
201800022537;0;7;0;0;1;3;1;A01
201800022538;2;7;0;0;2;1;1;A01
201800022538;1;7;0;0;2;8;15;B01
201800022539;1;7;0;0;2;3;15;A01
201800022539;1;33;0;1;2;5;17;B01
201800022540;2;7;0;8;2;3;1;A01
201800022540;2;7;0;0;2;1;1;B01
201800022541;0;31;0;0;2;1;1;B01
201800022541;0;10;0;0;2;5;1;A01
201800022542;1;7;0;2;0;7;1;A01
201800022543;2;7;0;0;2;1;2;A01
201800022543;2;7;0;0;2;4;2;B01
201800022543;2;7;0;0;2;6;2;C01
201800022544;2;7;0;0;2;1;14;A01
201800022544;1;7;0;8;2;1;1;B01
201800022545;0;7;0;6;1;7;20;A01
201800022546;2;7;0;16;0;1;1;A01
201800022547;0;7;0;0;1;0;1;A01
201800022548;1;7;0;0;1;0;1;A01
201800022549;1;7;0;0;1;1;16;A01
201800022550;1;33;0;12;2;5;12;A01
201800022550;1;7;0;0;2;3;15;B01
201800022551;2;33;0;0;2;7;7;B01
201800022551;2;7;0;0;2;1;9;A01
201800022552;2;33;0;4;2;3;1;B01
201800022552;2;7;0;0;2;7;12;A01
201800022553;1;7;0;0;2;1;1;A01
201800022553;1;7;0;0;2;3;15;B01
201800022554;1;7;0;0;1;4;20;A01
201800022555;1;7;0;0;2;3;13;A01
201800022555;1;1;0;0;2;1;15;B01
201800022556;0;32;0;0;2;6;1;B01
201800022556;0;7;0;0;2;1;1;A01
201800022557;2;7;0;0;2;3;11;A01
201800022557;2;7;0;0;2;8;23;D01
201800022557;1;7;0;0;2;3;23;C01
201800022557;2;7;0;8;2;2;1;B01
201800022558;2;10;0;0;1;4;4;A01
201800022559;1;7;0;0;2;5;10;A01
201800022559;2;33;0;0;2;1;1;B01
201800022560;0;7;0;0;2;3;13;A01
201800022560;0;7;0;0;2;3;21;B01
201800022561;1;7;0;0;2;1;15;A01
201800022561;2;7;0;0;2;5;1;B01
201800022562;0;7;0;0;1;2;0;A01
201800022563;1;7;0;0;6;4;0;B01
201800022563;1;1;0;0;2;1;0;A01
201800022564;0;7;0;0;2;8;15;B01
201800022564;0;33;0;0;2;1;17;A01
201800022565;2;7;0;0;2;0;0;E01
201800022565;2;7;0;6;2;5;1;D01
201800022565;1;7;0;0;2;1;1;B01
201800022565;2;7;0;0;2;0;1;F01
201800022565;2;7;0;0;2;0;1;C01
201800022565;1;14;0;0;2;1;13;A01
201800022566;0;33;0;12;0;0;0;A01
201800022567;1;7;0;0;2;3;15;A01
201800022567;2;7;0;0;2;1;1;B01
201800022568;0;31;0;0;2;7;16;B01
201800022568;0;7;0;0;2;2;16;A01
201800022569;2;30;0;8;2;1;8;A01
201800022569;1;7;0;0;2;1;9;B01
201800022570;0;7;0;0;1;2;10;A01
201800022571;1;32;0;0;2;1;1;B01
201800022571;1;7;0;0;2;3;0;A01
201800022572;0;7;0;0;1;0;21;A01
201800022573;1;1;0;0;2;8;5;A01
201800022573;2;7;0;0;6;1;1;B01
201800022574;0;10;0;0;2;3;1;B01
201800022574;0;32;0;0;2;1;1;A01
201800022575;2;7;0;0;1;2;1;A01
201800022576;1;20;0;0;2;1;1;A01
201800022576;1;20;0;0;0;4;11;B01
201800022577;0;1;0;0;2;1;1;B01
201800022577;1;7;0;0;2;1;15;A01
201800022578;2;7;0;0;2;7;15;A01
201800022578;1;1;0;0;2;1;1;B01
201800022579;1;7;0;7;0;1;1;A01
201800022580;1;10;0;0;2;6;15;B01
201800022580;1;7;0;0;2;1;17;A01
201800022581;0;7;0;0;1;1;1;A01
201800022582;1;1;0;0;2;7;1;B01
201800022582;2;7;0;0;6;1;1;A01
201800022583;1;7;0;12;2;3;13;A01
201800022583;1;7;0;0;2;5;1;B01
201800022584;1;10;0;0;1;4;4;A01
201800022585;1;10;0;0;2;3;1;C01
201800022585;1;7;0;0;2;1;1;A01
201800022585;1;7;0;0;2;2;1;B01
201800022586;1;7;0;0;2;2;0;B01
201800022586;2;7;0;0;2;3;1;A01
201800022587;0;7;0;0;1;3;1;B01
201800022588;0;7;0;0;2;3;1;A01
201800022588;0;32;0;0;2;1;16;B01
201800022589;2;7;0;0;1;3;0;A01
201800022590;1;33;0;0;2;7;2;B01
201800022590;1;7;0;0;2;3;2;A01
201800022591;1;34;0;0;2;1;13;A01
201800022591;1;7;0;0;2;3;1;B01
201800022592;1;33;0;0;2;2;17;A01
201800022592;1;7;0;0;2;3;15;B01
201800022593;0;7;0;0;1;3;15;A01
201800022594;0;7;0;0;2;3;19;A01
201800022594;0;7;0;0;2;3;15;B01
201800022595;0;7;0;0;2;2;5;A01
201800022595;0;7;0;0;2;2;1;B01
201800022596;1;7;0;0;2;2;21;A01
201800022596;1;7;0;0;2;8;0;B01
201800022596;1;7;0;0;2;1;0;C01
201800022597;2;10;0;0;2;1;5;A01
201800022597;1;7;0;0;2;3;1;B01
201800022598;0;7;0;0;2;7;19;A01
201800022598;2;2;0;0;2;1;1;B01
201800022599;1;1;0;0;2;1;1;B01
201800022599;1;7;0;0;2;3;15;A01
201800022600;2;31;0;0;2;1;13;A01
201800022600;1;7;0;0;2;3;1;B01
201800022601;2;7;0;0;2;3;15;B01
201800022601;2;7;0;9;2;2;17;A01
201800022602;2;7;0;0;2;1;1;A01
201800022602;2;7;0;0;2;5;1;B01
201800022603;1;7;0;0;2;1;2;A01
201800022603;1;7;0;0;2;4;0;B01
201800022604;1;7;0;0;1;0;4;A01
201800022605;0;7;0;0;1;2;0;A01
201800022606;1;7;0;0;2;1;13;A01
201800022606;1;7;0;1;2;1;1;B01
201800022607;0;7;0;0;2;8;13;A01
201800022607;1;33;0;8;2;1;1;B01
201800022608;1;7;0;0;2;1;15;A01
201800022608;1;7;0;6;2;1;1;B01
201800022609;1;7;0;0;6;6;0;C01
201800022609;2;7;0;0;6;7;1;B01
201800022609;0;1;0;0;0;0;0;A01
201800022610;1;7;0;0;1;1;1;A01
201800022611;2;7;0;0;2;3;13;A01
201800022611;2;1;0;10;2;4;0;B01
201800022612;0;7;0;0;2;2;15;A01
201800022612;0;7;0;0;2;1;1;B01
201800022613;2;7;0;0;2;1;0;A01
201800022613;2;33;0;0;2;4;23;B01
201800022614;2;7;0;0;1;2;9;A01
201800022615;1;7;0;0;1;6;15;A01
201800022616;2;1;0;0;2;2;1;A01
201800022616;1;7;0;0;6;2;15;B01
201800022617;2;7;0;0;1;1;0;A01
201800022618;0;33;0;12;0;0;0;A01
201800022619;2;7;0;0;1;1;1;A01
201800022620;1;7;0;0;1;1;1;A01
201800022621;0;7;0;0;1;2;8;A01
201800022622;2;7;0;0;2;1;1;A01
201800022622;1;7;0;0;2;8;1;B01
201800022623;0;7;0;0;1;1;0;A01
201800022624;1;7;0;0;2;3;5;A01
201800022624;2;37;1;0;2;3;1;B01
201800022625;2;99;0;0;2;1;13;A01
201800022625;1;7;0;0;2;3;1;B01
201800022626;0;7;0;0;1;3;1;A01
201800022627;2;10;0;0;2;3;15;A01
201800022627;1;31;0;0;2;3;1;B01
201800022628;1;7;0;0;2;1;2;A01
201800022628;1;7;0;0;2;4;2;B01
201800022629;0;7;0;0;1;3;16;A01
201800022630;1;34;0;8;0;1;13;A01
201800022631;2;7;0;8;0;2;1;A01
201800022632;2;7;0;8;0;1;14;A01
201800022633;1;7;0;0;1;3;1;A01
201800022634;1;33;0;0;2;1;1;B01
201800022634;1;10;0;0;2;2;10;A01
201800022635;0;7;0;0;1;1;1;A01
201800022636;2;31;0;0;2;1;17;A01
201800022636;2;10;0;0;2;8;13;B01
201800022637;1;7;0;0;2;3;15;A01
201800022637;1;33;0;0;2;1;5;B01
201800022638;1;33;0;0;2;4;2;B01
201800022638;1;7;0;0;2;1;2;A01
201800022639;1;7;0;0;2;1;1;A01
201800022639;2;10;0;0;2;3;1;B01
201800022640;1;7;0;0;2;8;1;A01
201800022640;2;7;0;0;2;8;15;B01
201800022641;1;7;0;8;0;3;0;A01
201800022642;0;7;0;0;1;1;1;A01
201800022643;0;7;0;0;2;0;0;C01
201800022643;0;7;0;0;2;0;0;B01
201800022643;0;7;0;0;2;0;0;A01
201800022643;0;7;0;0;2;0;0;D01
201800022644;2;7;0;13;0;2;1;A01
201800022645;2;7;0;0;2;1;15;A01
201800022645;1;7;0;0;2;3;1;B01
201800022646;1;7;0;0;2;2;0;A01