num_acc;senc;catv;occutc;obs;obsm;choc;manv;num_veh
201800023006;0;33;0;0;2;1;3;B01
201800023007;1;7;0;0;2;6;15;B01
201800023007;1;7;0;0;2;2;7;A01
201800023008;2;2;0;13;0;7;0;A01
201800023009;2;7;0;0;2;5;2;B01
201800023009;2;7;0;0;2;1;2;A01
201800023010;1;7;0;0;2;7;1;C01
201800023010;1;7;0;0;2;9;1;B01
201800023010;1;7;0;0;2;1;18;A01
201800023011;1;7;0;1;0;7;1;A01
201800023012;1;33;0;0;2;1;1;A01
201800023012;1;7;0;0;2;5;1;B01
201800023013;1;33;0;0;2;1;1;B01
201800023013;1;7;0;0;2;8;11;A01
201800023014;1;33;0;0;2;1;2;A01
201800023014;1;7;0;0;2;6;1;B01
201800023015;1;33;0;15;0;2;13;A01
201800023016;1;7;0;0;1;1;17;A01
201800023017;1;2;0;0;2;1;17;A01
201800023017;1;7;0;0;2;3;15;B01
201800023018;1;7;0;0;1;1;1;A01
201800023019;1;7;0;0;2;4;0;D01
201800023019;1;7;0;0;2;1;2;A01
201800023019;1;7;0;0;2;4;2;B01
201800023019;1;7;0;0;2;4;2;C01
201800023020;1;7;0;0;2;2;12;A01
201800023020;1;33;0;0;2;3;1;B01
201800023021;1;7;0;0;2;5;15;A01
201800023021;1;7;0;0;2;1;1;C01
201800023021;2;7;0;0;2;1;1;B01
201800023022;1;7;0;0;1;1;1;A01
201800023023;1;7;0;0;2;4;1;B01
201800023023;1;33;0;0;2;1;2;A01
201800023024;2;7;0;4;0;3;14;A01
201800023025;1;7;0;0;2;9;1;B01
201800023025;1;7;0;0;2;4;1;A01
201800023025;1;7;0;0;2;1;9;C01
201800023026;1;7;0;0;2;3;15;B01
201800023026;2;1;0;0;2;6;1;A01
201800023027;1;10;0;0;2;3;1;B01
201800023027;1;7;0;0;2;2;1;A01
201800023028;2;7;0;0;2;4;2;B01
201800023028;2;7;0;0;2;1;2;A01
201800023029;1;33;0;0;0;0;0;C01
201800023029;1;7;0;0;2;1;13;A01
201800023029;1;7;0;0;2;3;1;B01
201800023030;1;31;0;0;2;1;17;B01
201800023030;1;7;0;0;2;8;10;A01
201800023031;2;7;0;0;2;5;1;C01
201800023031;2;33;0;0;2;8;3;A01
201800023031;2;7;0;0;2;7;1;B01
201800023032;1;33;0;0;2;8;1;B01
201800023032;1;14;0;0;2;0;1;C01
201800023032;1;7;0;0;2;2;12;A01
201800023033;1;7;0;0;2;7;14;A01
201800023033;1;7;0;0;2;2;1;D01
201800023033;1;14;0;0;2;3;1;B01
201800023033;1;7;0;0;2;4;1;C01
201800023034;1;7;0;0;2;7;12;Z01
201800023034;1;1;0;0;2;4;1;B01
201800023034;1;31;0;0;2;8;1;A01
201800023035;1;31;0;0;2;1;2;A01
201800023035;1;7;0;0;2;6;2;B01
201800023036;1;32;0;0;2;3;7;A01
201800023036;1;7;0;1;2;2;14;B01
201800023037;0;7;0;2;0;3;13;A01
201800023038;1;7;0;0;2;7;15;A01
201800023038;2;34;0;0;2;1;1;B01
201800023039;1;7;0;0;2;3;9;A01
201800023039;1;34;0;0;2;7;1;B01
201800023040;1;1;0;0;2;1;1;B01
201800023040;1;7;0;0;2;2;1;A01
201800023041;1;7;0;0;2;4;1;D01
201800023041;1;7;0;0;2;1;17;A01
201800023041;1;7;0;0;2;1;2;C01
201800023041;1;7;0;0;2;3;1;B01
201800023042;1;7;0;4;0;3;1;A01
201800023042;1;7;0;0;2;6;1;B01
201800023043;2;7;0;0;2;1;1;C01
201800023043;0;7;0;0;2;3;24;A01
201800023043;1;7;0;0;2;1;1;B01
201800023044;1;7;0;0;2;2;15;A01
201800023044;2;1;0;0;2;1;1;B01
201800023045;1;7;0;0;2;0;15;Z01
201800023045;2;1;0;0;2;1;1;B01
201800023046;1;7;0;0;2;3;9;A01
201800023046;1;1;0;0;2;1;1;B01
201800023047;1;7;0;0;1;0;16;A01
201800023048;1;7;0;0;1;2;13;A01
201800023049;1;33;0;0;2;1;9;B01
201800023049;1;7;0;0;2;3;1;A01
201800023050;1;10;0;0;2;1;1;B01
201800023050;1;99;0;0;2;0;18;Z01
201800023051;0;7;0;0;1;4;0;A01
201800023052;0;7;0;0;1;4;4;A01
201800023053;1;7;0;0;2;6;13;A01
201800023053;1;34;0;0;2;1;1;B01
201800023054;1;7;0;0;2;1;2;A01
201800023054;1;7;0;0;2;4;2;B01
201800023055;1;7;0;0;2;3;13;A01
201800023055;2;7;0;0;2;8;1;B01
201800023056;1;7;0;0;2;6;2;B01
201800023056;2;1;0;0;2;8;1;C01
201800023056;2;7;0;0;2;2;13;A01
201800023057;1;14;0;0;1;2;1;A01
201800023058;1;7;0;0;2;1;2;A01
201800023058;1;7;0;0;2;4;2;B01
201800023059;1;7;0;8;0;3;1;A01
201800023060;1;7;0;0;1;8;1;A01
201800023061;1;7;0;11;0;3;17;A01
201800023062;1;7;0;0;1;7;21;A01
201800023063;0;32;0;0;2;9;0;B01
201800023063;1;7;0;0;2;2;15;A01
201800023064;2;7;0;0;1;7;1;A01
201800023065;1;7;0;0;1;4;4;A01
201800023066;2;1;0;0;2;8;19;B01
201800023066;1;33;0;0;2;1;1;A01
201800023067;1;7;0;0;1;0;1;A01
201800023068;1;7;0;0;2;8;1;B01
201800023068;1;10;0;0;2;1;11;A01
201800023069;1;1;0;0;2;7;1;B01
201800023069;1;7;0;0;2;1;9;A01
201800023070;1;7;0;0;1;1;1;A01
201800023071;1;2;0;0;2;3;1;B01
201800023071;1;7;0;0;2;6;15;A01
201800023072;2;7;0;0;2;1;2;C01
201800023072;2;7;0;0;2;4;1;A01
201800023072;2;7;0;0;2;4;2;B01
201800023073;1;33;0;0;2;2;9;B01
201800023073;1;7;0;0;2;1;15;A01
201800023074;1;7;0;0;2;4;2;B01
201800023074;1;7;0;0;2;4;2;C01
201800023074;1;10;0;0;2;1;2;A01
201800023075;1;7;0;0;2;6;9;A01
201800023075;1;7;0;0;2;0;9;Z01
201800023076;2;7;0;0;2;7;1;A01
201800023076;2;33;0;0;2;7;2;B01
201800023077;1;7;0;15;0;1;13;A01
201800023078;1;7;0;0;2;4;2;E01
201800023078;1;7;0;0;2;4;2;D01
201800023078;1;7;0;0;2;4;2;F01
201800023078;1;7;0;0;2;4;2;B01
201800023078;1;7;0;0;2;4;2;C01
201800023078;1;17;0;0;2;1;1;A01
201800023079;1;31;0;0;2;6;0;B01
201800023079;1;7;0;0;2;7;15;A01
201800023080;1;7;0;0;2;7;1;A01
201800023080;0;1;0;0;2;1;9;B01
201800023081;1;10;0;8;0;1;1;A01
201800023082;1;7;0;0;2;0;0;C01
201800023082;1;34;0;0;2;8;0;B01
201800023082;1;34;0;0;2;1;0;A01
201800023083;2;7;0;0;1;7;1;A01
201800023084;1;7;0;0;2;1;1;A01
201800023084;1;7;0;0;2;4;1;B01
201800023085;1;1;0;0;2;8;1;A01
201800023085;1;1;0;0;2;1;9;B01
201800023086;2;7;0;0;2;4;2;B01
201800023086;2;7;0;0;2;1;2;A01
201800023087;1;1;0;0;1;1;1;A01
201800023088;1;7;0;0;2;1;9;A01
201800023088;1;34;0;0;2;7;1;B01
201800023089;2;2;0;0;2;1;2;A01
201800023089;2;7;0;0;2;4;15;B01
201800023090;0;31;0;0;2;9;1;A01
201800023090;0;10;0;0;2;4;1;B01
201800023091;1;7;0;0;2;4;2;A01
201800023091;1;10;0;0;2;1;2;B01
201800023092;1;7;0;2;0;3;13;A01
201800023093;2;34;0;14;0;7;0;A01
201800023094;1;7;0;0;2;7;15;A01
201800023094;2;2;0;0;2;1;17;B01
201800023095;2;7;0;0;1;1;1;A01
201800023096;1;7;0;0;1;1;1;Z01
201800023097;1;7;0;0;2;1;17;A01
201800023097;1;7;0;0;2;4;1;C01
201800023097;1;7;0;0;2;4;2;B01
201800023098;1;7;0;0;2;3;13;A01
201800023098;2;7;0;0;2;1;1;B01
201800023099;1;7;0;0;2;1;5;A01
201800023099;2;10;0;0;2;2;1;B01
201800023100;1;32;0;0;2;6;18;A01
201800023100;1;1;0;0;2;1;1;B01
201800023101;0;7;0;0;2;1;15;A01
201800023101;0;33;0;0;2;1;1;B01
201800023102;0;7;0;0;1;1;1;A01
201800023103;0;7;0;0;2;8;1;B01
201800023103;0;33;0;0;2;8;14;A01
201800023104;1;7;0;0;1;1;1;A01
201800023105;1;7;0;0;2;1;1;A01
201800023105;1;7;0;0;2;4;1;C01
201800023105;1;7;0;0;2;4;1;B01
201800023106;1;33;0;0;2;7;17;B01
201800023106;1;7;0;0;2;3;10;A01
201800023107;1;15;0;0;2;3;9;B01
201800023107;1;15;0;0;2;7;9;A01
201800023108;1;33;0;0;2;1;17;A01
201800023108;1;7;0;0;2;6;15;B01
201800023109;1;7;0;0;1;3;1;A01
201800023110;2;7;0;0;2;3;15;A01
201800023110;1;1;0;0;2;0;1;B01
201800023111;1;7;0;0;2;7;12;A01
201800023111;1;7;0;0;2;3;1;B01
201800023112;2;33;0;0;2;1;2;A01
201800023112;2;7;0;0;2;4;2;B01
201800023113;2;1;0;0;2;0;1;A01
201800023113;2;7;0;0;2;7;16;Z01
201800023114;1;10;0;0;1;4;4;A01
201800023115;2;7;0;4;0;7;0;A01
201800023116;1;31;0;8;0;1;1;A01
201800023117;1;99;0;;1;;;Z01
201800023118;1;34;0;0;1;1;1;A01
201800023119;2;7;0;0;1;1;1;A01
201800023120;2;7;0;0;2;4;1;B01
201800023120;2;7;0;4;2;1;2;A01
201800023121;1;7;0;0;2;1;1;B01
201800023121;2;30;0;0;2;1;9;A01
201800023122;1;7;0;0;2;1;13;A01
201800023122;2;7;0;0;2;2;24;B01
201800023123;1;7;0;0;2;8;9;A01
201800023123;2;1;0;0;2;8;1;C01
201800023123;1;7;0;0;2;1;1;B01
201800023124;2;7;0;0;1;1;1;A01
201800023125;1;7;0;0;2;0;9;A01
201800023125;1;1;0;0;2;1;1;B01
201800023126;1;1;0;0;2;0;1;B01
201800023126;1;7;0;0;2;5;9;A01
201800023127;1;7;0;0;1;2;1;A01
201800023128;1;7;0;0;2;4;2;B01
201800023128;1;7;0;0;2;4;2;C01
201800023128;1;7;0;0;2;1;2;A01
201800023129;1;7;0;0;1;4;4;A01
201800023130;1;7;0;0;2;1;1;A01
201800023130;1;7;0;0;2;7;1;B01
201800023131;1;7;0;0;1;4;4;A01
201800023132;1;7;0;0;1;2;1;A01
201800023133;1;31;0;0;2;1;17;A01
201800023133;1;7;0;0;2;8;15;B01
201800023134;1;34;0;0;2;1;17;A01
201800023134;1;7;0;0;2;6;1;B01
201800023135;1;10;0;0;1;4;4;A01
201800023136;1;7;0;0;2;1;15;A01
201800023136;2;33;0;0;2;1;1;B01
201800023137;2;7;0;0;2;1;1;B01
201800023137;1;7;0;0;2;8;0;A01
201800023138;1;7;0;0;0;9;1;A01
201800023139;1;7;0;0;1;0;0;Z01
201800023140;2;7;0;0;2;3;1;B01
201800023140;1;1;0;0;2;1;13;A01
201800023141;1;10;0;0;2;1;1;B01
201800023141;1;2;0;0;2;0;0;A01
201800023142;1;7;0;0;2;1;15;B01
201800023142;1;1;0;0;2;1;5;A01
201800023143;1;7;0;0;1;3;1;A01
201800023144;1;1;0;0;1;0;1;Z01
201800023145;1;31;0;0;2;8;3;B01
201800023145;1;7;0;0;2;2;12;A01
201800023146;0;10;0;0;1;3;1;A01
201800023147;1;7;0;12;0;2;14;A01
201800023148;1;7;0;2;0;1;14;A01
201800023149;2;7;0;6;0;1;14;A01
201800023150;1;2;0;0;2;1;1;B01
201800023150;2;7;0;0;2;2;15;A01
201800023151;2;31;0;0;2;1;17;A01
201800023151;1;7;0;0;2;1;15;B01
201800023152;1;7;0;15;0;8;14;A01
201800023153;2;2;0;0;1;1;1;A01
201800023154;2;7;0;0;1;1;1;A01
201800023155;2;10;0;0;2;1;2;A01
201800023155;2;7;0;0;2;4;2;B01
201800023156;2;33;0;0;2;8;1;A01
201800023156;2;7;0;0;0;0;0;Z01
201800023157;2;7;0;0;2;8;1;B01
201800023157;1;7;0;0;2;7;1;A01
201800023158;0;7;0;0;2;0;9;A01
201800023158;1;1;0;0;2;1;1;B01
201800023158;1;1;0;0;2;1;1;C01
201800023159;1;7;0;0;2;2;16;B01
201800023159;1;2;0;0;2;1;18;A01
201800023160;1;7;0;0;2;2;1;A01
201800023160;1;10;0;0;2;3;1;B01
201800023161;2;7;0;0;2;6;1;B01
201800023161;1;7;0;0;2;8;18;A01
201800023162;1;7;0;0;2;2;15;A01
201800023162;2;2;0;0;2;1;5;B01
201800023163;2;31;0;0;2;7;15;A01
201800023163;2;7;0;0;2;1;1;B01
201800023164;1;7;0;0;1;4;4;A01
201800023165;2;7;0;0;2;0;0;Z01
201800023165;2;1;0;0;2;7;19;A01
201800023166;1;32;0;0;2;1;2;A01
201800023166;1;7;0;0;2;4;1;B01
201800023167;1;7;0;0;2;1;1;A01
201800023167;2;1;0;0;2;8;19;B01
201800023168;1;31;0;0;2;1;9;A01
201800023168;2;7;0;0;2;8;1;B01
201800023169;1;7;0;0;2;3;9;A01
201800023169;1;1;0;0;2;7;1;B01
201800023170;1;7;0;0;2;3;1;B01
201800023170;1;34;0;0;2;9;17;A01
201800023171;2;30;0;0;2;1;1;B01
201800023171;1;7;0;0;2;1;15;A01
201800023172;1;7;0;0;2;2;1;B01
201800023172;1;10;0;0;2;1;9;A01
201800023173;1;7;0;0;2;4;1;B01
201800023173;1;7;0;0;2;1;1;A01
201800023174;1;32;0;0;2;1;0;A01
201800023174;1;10;0;0;2;6;1;B01
201800023175;1;7;0;0;2;4;1;B01
201800023175;1;7;0;0;1;1;14;A01
201800023176;1;7;0;0;2;1;1;A01
201800023176;1;7;0;0;2;4;1;B01
201800023177;1;7;0;0;2;1;2;A01
201800023177;1;7;0;0;2;4;2;B01
201800023178;1;7;0;0;2;9;1;B01
201800023178;2;15;0;0;2;2;12;A01
201800023179;1;7;0;0;1;1;1;A01
201800023180;2;7;0;0;2;1;1;A01
201800023180;0;7;0;0;2;9;1;B01
201800023181;1;7;0;0;1;0;1;Z01
201800023182;1;7;0;0;1;2;1;A01
201800023183;1;7;0;0;2;1;1;B01
201800023183;1;7;0;0;2;4;1;A01
201800023184;0;1;0;0;2;1;1;A01
201800023184;0;7;0;0;2;0;9;B01
201800023185;1;7;0;0;2;0;0;A01
201800023185;1;7;0;0;2;0;1;B01
201800023186;0;1;0;0;2;1;1;B01
201800023186;0;7;0;0;2;3;9;A01
201800023187;0;7;0;0;2;3;13;A01
201800023187;0;7;0;0;2;1;1;B01
201800023188;0;7;0;0;2;3;1;B01
201800023188;0;2;0;0;2;7;9;A01
201800023189;0;34;0;0;2;1;8;B01
201800023189;0;7;0;0;2;2;15;A01
201800023190;1;7;0;0;2;4;1;A01
201800023190;1;7;0;0;2;1;2;Z01
201800023191;1;7;0;6;0;1;14;A01
201800023192;2;7;0;0;2;1;17;A01
201800023192;0;7;0;0;2;8;10;B01
201800023193;1;7;0;0;2;2;15;A01
201800023193;2;7;0;0;2;8;1;B01
201800023194;2;7;0;0;2;5;10;A01
201800023194;1;33;0;0;;1;1;B01
201800023195;1;7;0;0;2;1;2;A01
201800023195;1;37;5;0;2;4;1;B01
201800023196;1;7;0;0;2;1;13;A01
201800023196;1;7;0;0;2;1;1;B01
201800023197;0;10;0;0;2;0;1;B01
201800023197;0;1;0;0;2;1;1;A01
201800023198;1;2;0;0;2;1;1;B01
201800023198;2;10;0;0;2;2;15;A01
201800023199;0;1;0;0;2;8;9;A01
201800023199;2;31;0;0;2;8;23;B01
201800023200;1;10;0;0;1;4;4;A01
201800023201;1;7;0;0;2;4;1;B01
201800023201;1;7;0;0;2;1;1;A01
201800023202;1;7;0;0;2;3;18;A01
201800023202;1;7;0;0;2;5;1;B01
201800023203;1;7;0;0;2;6;9;A01
201800023203;1;34;0;0;2;1;1;B01
201800023204;2;7;0;0;2;2;16;A01
201800023204;2;2;0;0;2;8;7;B01
201800023205;2;33;0;0;2;7;1;B01
201800023205;2;7;0;0;2;3;12;A01
201800023206;2;31;0;0;2;1;9;B01
201800023206;1;31;0;0;2;8;9;A01
201800023207;1;33;0;0;2;1;1;A01
201800023207;1;7;0;0;2;1;1;C01
201800023207;1;7;0;0;2;4;2;B01
201800023208;2;31;0;0;2;1;1;B01
201800023208;2;7;0;0;2;3;15;A01
201800023209;1;10;0;0;2;3;1;A01
201800023209;1;7;0;0;2;6;15;B01
201800023210;1;7;0;1;0;3;13;A01
201800023211;1;7;0;0;2;9;1;B01
201800023211;1;7;0;0;2;4;1;C01
201800023211;1;10;0;0;2;0;0;Z01
201800023211;1;7;0;0;2;9;1;A01
201800023212;1;7;0;4;0;1;13;A01
201800023212;1;7;0;0;2;1;1;B01
201800023213;2;7;0;0;2;0;0;Z01
201800023213;1;32;0;0;2;2;1;A01
201800023214;0;30;0;0;2;1;1;A01
201800023214;0;7;0;0;2;3;15;B01
201800023215;0;14;0;0;2;4;4;A01
201800023215;0;32;0;0;2;1;1;B01
201800023216;1;34;0;0;2;7;1;B01
201800023216;1;10;0;0;2;0;16;A01
201800023217;1;7;0;0;2;1;1;B01
201800023217;0;1;0;0;2;2;0;A01
201800023218;1;2;0;0;1;1;1;A01
201800023219;0;10;0;0;2;3;11;B01
201800023219;0;34;0;0;2;7;1;A01
201800023220;0;7;0;0;2;5;1;B01
201800023220;0;34;0;0;2;1;11;A01
201800023221;1;7;0;0;2;9;1;C01
201800023221;1;10;0;0;2;4;1;D01
201800023221;1;7;0;0;2;9;1;B01
201800023221;1;14;0;0;2;1;1;A01
201800023222;0;7;0;8;0;1;1;A01
201800023223;1;7;0;0;2;7;16;B01
201800023223;1;34;0;0;2;1;7;A01
201800023224;2;7;0;0;2;7;1;B01
201800023224;2;7;0;0;2;5;1;C01
201800023224;2;7;0;0;2;2;1;A01
201800023225;0;7;0;10;2;9;0;A01
201800023225;0;7;0;0;2;3;1;B01
201800023226;0;1;0;0;2;1;1;B01
201800023226;0;7;0;0;2;3;16;A01
201800023227;1;1;0;0;2;1;1;A01
201800023227;1;7;0;0;2;1;1;B01
201800023228;1;31;0;0;2;3;1;A01
201800023228;1;1;0;0;2;1;19;B01
201800023229;1;7;0;0;2;1;1;A01
201800023229;1;7;0;0;2;5;15;B01
201800023230;1;34;0;0;2;7;1;B01
201800023230;1;7;0;0;2;3;15;A01
201800023231;1;1;0;0;2;1;1;B01
201800023231;1;7;0;0;2;1;23;A01
201800023232;1;1;0;0;2;1;19;B01
201800023232;1;7;0;0;2;1;1;A01
201800023233;1;7;0;0;1;3;1;A01
201800023234;1;7;0;0;2;9;1;B01
201800023234;1;7;0;0;2;1;1;C01
201800023234;1;7;0;0;2;4;1;A01
201800023235;1;7;0;0;1;1;1;A01
201800023236;0;7;0;0;2;6;1;A01
201800023236;1;33;0;0;2;1;17;B01
201800023237;2;7;0;0;2;7;1;C01
201800023237;2;7;0;0;2;3;1;A01
201800023237;2;7;0;0;2;4;1;B01
201800023237;2;7;0;0;2;4;1;D01
201800023238;1;15;0;0;2;1;2;A01
201800023238;2;7;0;0;2;4;2;B01
201800023239;2;1;0;0;2;1;9;A01
201800023239;1;7;0;0;2;2;9;Z01
201800023240;2;10;0;0;2;1;2;A01
201800023240;2;7;0;0;2;5;1;D01
201800023240;2;7;0;0;2;3;0;C01
201800023240;2;10;0;0;2;4;1;B01
201800023241;1;7;0;0;1;1;1;A01
201800023242;1;7;0;0;2;1;1;A01
201800023242;1;2;0;0;2;1;5;B01
201800023243;1;34;0;0;2;8;1;A01
201800023243;1;7;0;0;2;2;1;B01
201800023244;2;32;0;0;2;1;1;B01
201800023244;1;7;0;0;2;1;15;A01
201800023245;1;7;0;0;1;1;1;A01
201800023246;2;2;0;0;2;7;17;A01
201800023246;2;7;0;0;2;3;11;B01
201800023247;1;1;0;0;2;1;13;A01
201800023247;2;1;0;0;2;1;1;B01
201800023248;1;7;0;0;1;2;14;A01
201800023249;1;7;0;0;1;2;1;A01
201800023250;1;7;0;0;2;9;16;A01
201800023250;1;7;0;0;2;3;1;B01
201800023251;1;2;0;0;2;4;1;A01
201800023251;1;7;0;0;2;1;2;B01
201800023252;1;7;0;0;1;1;1;A01
201800023252;1;7;0;0;2;8;1;Z01
201800023252;0;10;0;0;2;0;24;B01
201800023253;1;7;0;0;2;0;0;Z01
201800023253;2;7;0;0;2;6;1;A01
201800023254;0;7;0;0;1;1;1;A01
201800023255;0;7;0;0;2;3;10;A01
201800023255;0;7;0;0;2;1;1;B01
201800023256;1;14;0;0;2;0;0;Z01
201800023256;1;34;0;0;2;7;9;A01
201800023257;0;7;0;0;1;4;4;A01
201800023258;0;7;0;0;2;4;1;D01
201800023258;0;10;0;0;2;9;1;B01
201800023258;0;7;0;0;2;9;1;C01
201800023258;0;10;0;0;2;1;1;A01
201800023259;0;7;0;0;2;3;24;A01
201800023259;0;1;0;1;0;1;1;B01
201800023260;0;1;0;0;2;1;19;A01
201800023260;0;10;0;0;2;3;1;B01
201800023261;1;33;0;0;2;7;1;A01
201800023261;1;7;0;0;2;8;13;Z01
201800023262;1;7;0;0;1;1;1;A01
201800023263;0;1;0;0;2;3;19;A01
201800023263;0;7;0;0;2;2;16;B01
201800023264;0;7;0;0;2;4;1;A01
201800023264;0;7;0;0;2;4;2;C01
201800023264;0;7;0;0;2;4;2;B01
201800023265;0;30;0;0;2;1;17;A01
201800023265;0;7;0;0;2;1;15;B01
201800023266;0;1;0;0;2;1;19;B01
201800023266;1;7;0;0;2;1;1;A01
201800023267;0;7;0;0;2;1;1;B01
201800023267;0;31;0;0;2;1;15;A01
201800023268;2;31;0;0;2;8;3;A01
201800023268;2;7;0;0;2;7;12;B01
201800023269;2;7;0;0;2;4;1;B01
201800023269;1;31;0;0;2;1;2;A01
201800023270;1;10;0;0;2;3;15;A01
201800023270;1;1;0;0;2;1;17;B01
201800023271;0;7;0;0;1;3;15;Z01
201800023272;1;7;0;0;2;1;1;A01
201800023272;1;7;0;0;2;9;1;B01
201800023272;1;10;0;0;2;9;1;C01
201800023272;0;7;0;0;2;4;1;D01
201800023273;0;1;0;0;2;7;9;B01
201800023273;2;7;0;0;2;1;9;A01
201800023274;0;10;0;0;2;1;2;A01
201800023274;0;7;0;0;2;4;2;B01
201800023275;0;7;0;0;1;3;1;A01
201800023276;2;10;0;0;2;6;10;A01
201800023276;2;31;0;0;2;1;17;B01
201800023277;2;10;0;0;2;6;1;B01
201800023277;2;2;0;0;2;1;2;A01
201800023278;2;1;0;0;2;1;1;B01
201800023278;1;7;0;0;2;7;15;A01
201800023279;2;33;0;0;2;1;17;B01
201800023279;2;7;0;0;2;8;15;A01
201800023280;2;32;0;0;2;0;1;A01
201800023281;2;10;0;0;2;8;15;B01
201800023281;2;32;0;0;2;8;17;A01
201800023282;2;1;0;0;1;1;1;A01
201800023283;1;1;0;0;2;1;2;A01
201800023283;0;7;0;0;2;4;1;B01
201800023284;2;7;0;0;2;1;1;A01
201800023284;2;1;0;0;2;8;19;B01
201800023285;0;1;0;0;2;4;1;B01
201800023285;0;7;0;0;2;3;9;A01
201800023286;2;33;0;0;2;1;17;A01
201800023286;1;15;0;0;2;4;1;B01
201800023287;0;2;0;0;2;8;13;A01
201800023287;0;7;0;0;2;3;1;B01
201800023288;1;33;0;0;2;1;17;A01
201800023288;1;7;0;0;2;8;15;B01
201800023289;1;30;0;0;2;8;1;A01
201800023289;1;7;0;0;2;7;14;Z01
201800023290;1;10;0;0;2;9;1;A01
201800023290;1;7;0;0;2;4;1;D01
201800023290;1;7;0;0;2;9;1;C01
201800023290;1;7;0;0;2;9;1;B01
201800023291;1;7;0;4;0;9;1;A01
201800023292;1;7;0;0;2;1;1;B01
201800023292;1;7;0;0;2;8;15;A01
201800023293;2;33;0;0;2;1;2;A01
201800023293;2;7;0;0;2;7;1;B01
201800023294;0;7;0;0;1;1;1;A01
201800023295;0;7;0;0;2;6;1;B01
201800023295;0;13;0;0;2;3;21;A01
201800023296;1;33;0;0;2;1;1;A01
201800023296;1;1;0;0;2;1;9;B01
201800023297;1;7;0;0;2;1;9;A01
201800023297;1;7;0;0;2;8;1;B01
201800023298;1;7;0;12;0;7;14;A01
201800023299;0;7;0;0;2;7;1;B01
201800023299;2;1;0;0;2;1;9;A01
201800023300;1;10;0;0;2;1;1;A01
201800023300;1;7;0;0;2;8;1;B01
201800023301;1;7;0;0;2;1;15;A01
201800023301;2;34;0;0;2;9;1;B01
201800023302;0;7;0;0;2;9;1;A01
201800023302;0;7;0;0;2;0;0;Z01
201800023303;1;7;0;0;2;3;10;A01
201800023303;1;32;0;0;2;1;1;B01
201800023304;0;37;1;0;1;0;15;A01
201800023305;1;1;0;0;2;1;1;A01
201800023305;2;7;0;0;2;2;15;Z01
201800023306;1;10;0;0;2;5;10;A01
201800023306;2;34;0;0;2;1;1;B01
201800023307;1;7;0;0;1;1;1;A01
201800023308;2;33;0;0;2;1;2;A01
201800023308;2;7;0;0;2;4;2;B01
201800023309;1;7;0;0;1;7;1;A01
201800023310;1;14;0;0;2;3;1;A01
201800023310;1;33;0;0;2;9;2;B01
201800023311;0;10;0;0;1;0;1;A01
201800023312;0;14;0;0;1;4;4;A01
201800023313;0;7;0;0;2;1;15;A01
201800023313;0;1;0;0;2;8;1;B01
201800023314;0;1;0;0;2;1;2;B01
201800023314;0;7;0;0;2;4;23;A01
201800023315;0;30;0;0;1;1;1;A01
201800023316;2;7;0;0;1;0;0;Z01
201800023317;0;7;0;0;0;9;1;A01
201800023318;0;7;0;0;2;4;2;B01
201800023318;0;10;0;0;2;1;2;A01
201800023319;2;7;0;0;2;1;2;A01
201800023319;2;7;0;0;2;4;2;B01
201800023320;2;7;0;0;2;1;2;A01
201800023320;2;7;0;0;2;6;2;B01
201800023320;2;7;0;0;2;4;2;C01
201800023321;0;7;0;0;0;0;0;Z01
201800023321;2;2;0;0;2;1;2;A01
201800023322;1;34;0;0;2;8;1;A01
201800023322;0;7;0;0;2;0;0;Z01
201800023323;1;1;0;0;2;1;1;A01
201800023323;0;40;1;0;4;1;1;B02
201800023324;2;7;0;0;2;3;10;A01
201800023324;2;33;0;0;2;1;1;B01
201800023325;0;7;0;0;2;4;2;D01
201800023325;2;10;0;0;2;1;2;A01
201800023325;2;7;0;0;2;5;2;B01
201800023325;2;7;0;0;2;5;2;C01
201800023326;0;7;0;0;2;7;15;A01
201800023326;0;1;0;0;2;8;1;B01
201800023327;2;7;0;0;4;7;1;A01
201800023327;0;39;50;0;2;1;1;B01
201800023328;2;32;0;0;2;8;1;B01
201800023328;1;7;0;0;2;1;15;Z01
201800023329;0;40;9;0;2;1;1;B01
201800023329;0;14;0;0;4;1;1;A01
201800023330;0;7;0;0;1;4;4;A01
201800023331;2;7;0;0;2;1;1;B01
201800023331;1;7;0;0;2;7;13;A01
201800023332;2;7;0;0;2;3;15;A01
201800023332;1;1;0;0;2;1;1;B01
201800023333;0;7;0;0;1;4;4;A01
201800023334;0;10;0;0;1;4;4;A01
201800023335;1;33;0;0;2;1;17;A01
201800023335;1;7;0;0;2;8;15;B01
201800023336;0;7;0;0;2;3;15;A01
201800023336;0;1;0;0;2;1;1;B01
201800023337;1;10;0;0;1;1;1;A01
201800023338;0;7;0;0;2;4;1;B01
201800023338;0;7;0;0;2;1;1;A01
201800023339;0;10;0;0;2;3;23;D01
201800023339;1;99;0;0;2;1;2;Z01
201800023339;0;7;0;0;2;5;23;C01
201800023339;0;7;0;0;2;6;23;A01
201800023339;0;7;0;0;2;5;23;B01
201800023340;0;7;0;0;2;2;1;B01
201800023340;0;7;0;0;2;7;15;A01
201800023341;0;7;0;0;1;1;16;A01
201800023342;0;7;0;0;2;0;0;B01
201800023342;0;10;0;0;2;1;2;A01
201800023342;0;7;0;0;2;4;2;C01
201800023343;1;7;0;0;2;1;1;A01
201800023343;1;7;0;0;2;4;1;C01
201800023343;1;7;0;0;2;9;1;B01
201800023344;0;7;0;0;2;1;1;A01