num_acc;senc;catv;occutc;obs;obsm;choc;manv;num_veh
201800023344;0;33;0;0;2;8;1;B01
201800023345;0;2;0;0;2;1;17;B01
201800023345;0;7;0;0;2;1;15;A01
201800023346;0;1;0;0;2;9;18;B01
201800023346;1;14;0;0;2;7;16;A01
201800023347;1;7;0;0;2;1;2;A01
201800023347;1;7;0;0;2;4;2;B01
201800023348;1;33;0;0;2;1;17;A01
201800023348;1;7;0;0;2;8;15;B01
201800023349;0;7;0;0;2;2;1;B01
201800023349;0;7;0;0;2;3;9;A01
201800023350;0;10;0;0;2;3;1;B01
201800023350;0;31;0;0;2;1;16;A01
201800023351;0;7;0;0;2;3;15;A01
201800023351;0;33;0;0;2;1;17;B01
201800023352;0;31;0;0;0;9;1;A01
201800023353;1;7;0;0;2;4;2;B01
201800023353;1;7;0;0;2;1;2;A01
201800023354;1;7;0;0;2;6;9;C01
201800023354;1;7;0;0;2;2;14;A01
201800023354;1;7;0;0;2;9;1;B01
201800023355;2;7;0;0;2;1;1;A01
201800023355;2;21;0;0;2;6;1;B01
201800023355;2;7;0;0;2;8;1;C01
201800023355;2;7;0;0;2;4;1;D01
201800023356;0;7;0;0;0;9;0;A01
201800023357;0;31;0;0;2;4;2;B01
201800023357;0;7;0;0;2;4;2;C01
201800023357;0;7;0;0;2;1;1;A01
201800023358;0;34;0;0;2;1;1;B01
201800023358;0;7;0;0;2;7;12;A01
201800023359;1;10;0;0;2;0;1;A01
201800023359;1;7;0;0;2;0;0;D01
201800023359;2;15;0;0;2;0;1;B01
201800023359;2;31;0;0;2;4;1;C01
201800023360;1;7;0;0;2;0;9;A01
201800023360;2;1;0;0;2;0;9;B01
201800023361;1;7;0;0;2;4;1;B01
201800023361;1;7;0;0;2;1;1;A01
201800023362;2;7;0;0;2;1;1;A01
201800023362;1;7;0;0;2;2;15;B01
201800023363;1;10;0;0;2;3;15;A01
201800023363;2;33;0;0;2;1;1;B01
201800023364;2;10;0;0;2;0;15;A01
201800023364;1;33;0;0;2;1;1;B01
201800023365;0;1;0;0;2;7;19;B01
201800023365;0;10;0;0;2;1;9;A01
201800023366;2;10;0;0;2;6;23;B01
201800023366;2;33;0;0;2;1;2;A01
201800023367;1;1;0;0;2;8;1;B01
201800023367;1;31;0;0;2;0;16;A01
201800023368;1;7;0;0;2;1;1;B01
201800023368;0;3;0;0;2;3;9;A01
201800023369;1;10;0;0;1;1;15;A01
201800023370;0;34;0;0;1;2;1;A01
201800023370;0;7;0;0;1;3;23;B01
201800023371;2;40;10;0;2;1;1;B01
201800023371;1;7;0;0;4;3;17;A01
201800023372;2;7;0;0;2;4;2;C01
201800023372;2;33;0;0;2;4;2;B01
201800023372;2;10;0;0;2;2;2;A01
201800023373;1;7;0;0;2;4;2;B01
201800023373;1;7;0;0;2;1;2;D01
201800023373;1;7;0;0;2;4;2;C01
201800023373;1;10;0;0;2;4;1;A01
201800023374;0;7;0;12;0;0;14;A01
201800023375;2;7;0;0;2;0;0;Z01
201800023375;1;1;0;0;2;4;1;A01
201800023376;1;34;0;0;2;6;0;A01
201800023376;2;99;0;0;2;0;0;Z01
201800023377;1;1;0;0;2;1;0;A01
201800023377;0;7;0;0;2;0;9;B01
201800023378;1;7;0;0;2;3;15;A01
201800023378;2;2;0;0;2;8;1;B01
201800023379;0;7;0;0;2;1;15;A01
201800023379;0;31;0;0;2;1;1;B01
201800023380;1;7;0;0;2;1;2;A01
201800023380;1;7;0;0;2;3;2;B01
201800023381;1;34;0;0;2;4;1;B01
201800023381;1;7;0;0;2;1;1;A01
201800023382;0;33;0;12;0;1;14;A01
201800023383;2;7;0;0;2;8;23;D01
201800023383;2;7;0;0;2;1;2;A01
201800023383;2;7;0;0;2;4;23;B01
201800023383;2;7;0;0;2;6;23;C01
201800023383;2;7;0;0;2;5;23;E01
201800023384;0;7;0;0;2;1;9;A01
201800023384;0;1;0;0;2;7;1;B01
201800023385;2;10;0;0;2;1;1;B01
201800023385;1;32;0;0;2;0;1;A01
201800023386;1;7;0;0;1;7;15;A01
201800023387;1;7;0;0;1;1;1;A01
201800023388;0;34;0;0;2;7;1;B01
201800023388;0;7;0;0;2;8;11;A01
201800023389;0;7;0;0;1;3;1;A01
201800023390;1;33;0;0;2;7;3;B01
201800023390;1;7;0;0;2;4;1;C01
201800023390;1;7;0;0;2;6;13;A01
201800023391;1;34;0;0;2;1;1;B01
201800023391;2;14;0;0;2;7;13;A01
201800023392;1;7;0;3;0;1;1;A01
201800023393;1;1;0;0;2;8;1;B01
201800023393;2;7;0;0;2;8;9;A01
201800023394;1;2;0;0;2;1;18;A01
201800023394;1;7;0;0;2;2;16;B01
201800023395;0;2;0;0;1;7;1;A01
201800023396;0;34;0;0;2;2;1;B01
201800023396;0;7;0;0;2;1;15;A01
201800023397;0;7;0;0;1;1;9;A01
201800023398;1;7;0;0;2;6;1;B01
201800023398;1;34;0;0;2;8;3;A01
201800023399;1;1;0;0;2;0;0;B01
201800023399;1;7;0;0;2;3;9;A01
201800023400;0;7;0;0;2;3;9;B01
201800023400;0;33;0;0;2;2;17;A01
201800023401;1;7;0;0;2;4;2;B01
201800023401;1;7;0;0;2;4;1;A01
201800023401;1;7;0;0;2;1;2;C01
201800023402;0;7;0;0;1;1;1;A01
201800023403;2;7;0;0;2;7;15;A01
201800023403;2;2;0;0;2;1;1;B01
201800023404;2;10;0;0;2;1;2;A01
201800023404;2;7;0;0;2;3;2;C01
201800023404;2;7;0;0;2;4;2;B01
201800023405;0;7;0;0;1;2;1;A01
201800023406;1;7;0;0;2;1;17;A01
201800023406;2;7;0;0;2;1;1;B01
201800023407;0;7;0;0;1;0;14;Z01
201800023408;0;7;0;0;2;1;15;A01
201800023408;0;7;0;0;2;3;1;B01
201800023409;0;10;0;0;1;1;1;A01
201800023410;0;7;0;0;0;9;0;A01
201800023411;2;7;0;0;1;2;15;A01
201800023412;0;7;0;0;1;3;1;A01
201800023413;1;17;0;0;2;3;1;B01
201800023413;1;7;0;0;2;7;1;A01
201800023414;2;7;0;0;2;0;9;A01
201800023414;1;1;0;0;2;1;1;B01
201800023415;1;7;0;0;1;3;1;A01
201800023416;1;7;0;0;2;1;9;A01
201800023416;1;2;0;0;2;5;17;B01
201800023417;0;7;0;0;1;4;4;A01
201800023418;0;2;0;14;0;1;1;A01
201800023419;0;7;0;0;1;2;15;A01
201800023420;1;10;0;0;2;1;1;A01
201800023420;1;1;0;0;2;4;1;C01
201800023420;1;1;0;0;2;4;1;B01
201800023421;1;7;0;8;0;1;1;A01
201800023422;1;7;0;0;2;8;1;B01
201800023422;1;7;0;0;2;3;19;A01
201800023423;0;7;0;14;0;1;0;A01
201800023424;2;33;0;0;0;1;1;A01
201800023425;1;7;0;11;0;1;1;A01
201800023426;1;15;0;0;2;1;1;B01
201800023426;2;7;0;0;2;1;1;A01
201800023427;0;7;0;0;2;1;1;A01
201800023427;;7;0;0;2;5;19;B01
201800023428;0;7;0;0;1;2;20;A01
201800023429;2;33;0;16;0;7;1;A01
201800023430;1;33;0;0;0;0;0;A01
201800023431;1;2;0;1;0;1;13;A01
201800023432;1;7;0;0;0;0;2;A01
201800023432;1;31;0;0;0;0;1;B01
201800023433;2;7;0;0;2;6;15;A01
201800023433;1;33;0;0;2;1;1;B01
201800023434;2;7;0;0;0;0;1;A01
201800023435;1;33;0;0;2;1;17;B01
201800023435;1;3;0;0;2;3;15;A01
201800023436;1;7;0;0;2;3;16;A01
201800023436;2;7;0;0;2;1;1;C01
201800023436;2;7;0;0;2;1;21;B01
201800023437;0;7;0;0;2;1;15;B01
201800023437;0;7;0;0;2;3;1;A01
201800023438;2;7;0;0;2;1;13;A01
201800023438;1;15;0;0;2;1;1;B01
201800023439;2;3;0;0;0;4;2;B01
201800023439;2;7;0;0;2;1;2;A01
201800023440;2;7;0;3;1;5;1;A01
201800023441;0;7;0;8;0;8;16;A01
201800023442;0;15;0;7;2;3;1;B01
201800023442;0;7;0;0;2;7;19;A01
201800023443;1;7;0;0;2;1;2;B01
201800023443;2;7;0;0;2;1;5;A01
201800023444;1;2;0;0;2;1;1;A01
201800023444;1;7;0;0;2;3;1;B01
201800023445;2;2;0;13;0;0;0;A01
201800023446;1;31;0;0;6;1;1;A01
201800023447;2;7;0;3;0;9;0;A01
201800023448;2;10;0;0;2;2;13;A01
201800023448;2;15;0;0;2;2;21;B01
201800023449;1;1;0;0;2;1;19;A01
201800023449;2;7;0;0;2;7;1;B01
201800023450;1;7;0;0;0;3;13;A01
201800023450;2;7;0;0;2;3;1;B01
201800023451;1;7;0;3;0;9;2;A01
201800023452;2;7;0;13;0;2;1;A01
201800023453;1;7;0;2;0;1;9;A01
201800023454;1;7;0;0;0;9;1;A01
201800023455;2;33;0;0;0;9;13;A01
201800023456;2;2;0;0;2;0;1;B01
201800023456;1;7;0;0;2;1;9;A01
201800023457;1;2;0;0;0;2;1;A01
201800023458;1;7;0;0;0;9;1;A01
201800023459;1;38;50;0;1;7;1;A01
201800023460;0;33;0;15;1;1;0;A01
201800023461;0;2;0;0;0;0;9;A01
201800023462;2;7;0;0;2;4;2;B01
201800023462;2;7;0;0;2;1;2;A01
201800023463;1;7;0;0;0;0;0;A01
201800023463;1;7;0;0;0;9;21;B01
201800023464;0;30;0;0;2;1;15;A01
201800023464;0;7;0;0;2;2;15;B01
201800023465;1;7;0;0;1;3;1;A01
201800023466;2;7;0;12;0;1;0;A01
201800023467;1;7;0;6;0;1;1;A01
201800023468;2;10;0;0;0;9;0;A01
201800023469;2;7;0;0;1;2;1;A01
201800023470;2;7;0;0;0;9;1;A01
201800023471;1;33;0;0;0;8;1;A01
201800023472;2;7;0;0;2;7;19;A01
201800023472;2;7;0;0;2;2;1;B01
201800023473;1;7;0;0;2;3;15;A01
201800023473;2;33;0;0;0;8;1;B01
201800023474;1;7;0;0;0;7;1;B01
201800023474;1;7;0;8;2;1;18;A01
201800023475;2;7;0;0;2;1;17;A01
201800023475;1;7;0;2;2;3;1;B01
201800023475;2;7;0;0;0;6;1;C01
201800023476;1;7;0;0;2;4;23;B01
201800023476;1;7;0;0;0;4;23;C01
201800023476;1;38;5;0;2;1;1;A01
201800023477;1;7;0;0;2;4;23;B01
201800023477;1;7;0;0;2;1;1;A01
201800023477;1;7;0;0;2;3;23;C01
201800023478;1;1;0;0;0;0;1;A01
201800023478;0;7;0;0;0;1;12;B01
201800023479;1;33;0;0;0;9;17;A01
201800023480;2;33;0;0;2;1;1;B01
201800023480;1;33;0;0;0;1;1;A01
201800023481;1;7;0;0;0;8;15;A01
201800023481;1;33;0;0;2;1;17;B01
201800023482;0;36;0;2;0;2;1;A01
201800023483;2;33;0;12;0;7;1;A01
201800023484;1;33;0;13;0;3;1;A01
201800023485;2;17;0;0;2;2;13;A01
201800023485;1;7;0;0;0;1;1;B01
201800023486;2;33;0;0;0;9;1;A01
201800023487;2;33;0;0;2;1;1;A01
201800023487;1;21;0;0;2;1;1;B01
201800023488;1;31;0;0;0;9;1;A01
201800023489;2;7;0;2;0;1;1;A01
201800023490;1;7;0;2;0;1;1;A01
201800023491;2;7;0;0;5;3;1;A01
201800023492;1;33;0;0;0;9;1;A01
201800023493;2;7;0;6;0;2;1;A01
201800023494;2;7;0;2;0;1;1;A01
201800023495;0;30;0;0;2;7;5;A01
201800023495;0;7;0;0;0;1;1;B01
201800023496;1;2;0;0;2;2;1;B01
201800023496;1;7;0;0;0;6;1;A01
201800023497;0;10;0;0;1;0;1;A01
201800023498;2;33;0;0;2;9;1;B01
201800023498;1;7;0;0;2;7;15;A01
201800023499;1;7;0;0;9;2;2;A01
201800023499;1;1;0;0;0;4;2;B01
201800023500;1;7;0;0;2;3;23;C01
201800023500;1;10;0;0;2;1;2;B01
201800023500;1;7;0;0;2;4;9;A01
201800023501;1;7;0;0;2;3;1;A01
201800023501;1;7;0;0;2;2;1;B01
201800023502;1;7;0;2;0;1;1;A01
201800023503;2;7;0;0;2;3;1;B01
201800023503;1;7;0;0;2;3;1;A01
201800023504;2;7;0;13;0;9;1;A01
201800023505;1;33;0;0;0;9;21;A01
201800023506;1;7;0;0;1;1;1;A01
201800023507;2;17;0;4;0;1;6;A01
201800023508;2;7;0;4;2;3;13;A01
201800023508;2;14;0;0;2;1;2;B01
201800023509;1;7;0;4;2;2;1;A01
201800023510;2;17;0;0;0;6;1;B01
201800023510;2;7;0;0;2;8;12;A01
201800023511;2;7;0;0;2;1;1;B01
201800023511;2;10;0;3;0;1;1;A01
201800023512;2;33;0;0;0;7;1;A01
201800023513;2;16;0;0;2;6;1;B01
201800023513;2;7;0;0;2;2;14;A01
201800023514;2;10;0;0;2;3;2;A01
201800023514;2;13;0;0;0;5;2;B01
201800023515;2;7;0;0;2;2;3;A01
201800023515;2;7;0;0;2;6;1;B01
201800023516;1;7;0;15;0;1;14;A01
201800023517;1;7;0;4;2;3;11;A01
201800023517;1;15;0;0;9;3;1;C01
201800023517;1;7;0;4;0;2;1;B01
201800023518;1;17;0;0;2;4;9;A01
201800023518;1;38;20;0;2;2;1;B01
201800023519;1;7;0;0;2;1;14;A01
201800023519;1;17;0;0;0;5;1;B01
201800023520;1;17;0;4;0;3;13;A01
201800023521;1;7;0;4;0;2;1;A01
201800023522;2;7;0;0;2;3;2;A01
201800023522;2;10;0;0;2;3;2;B01
201800023522;2;7;0;0;2;1;2;E01
201800023522;2;7;0;0;2;1;2;D01
201800023522;2;17;0;0;0;2;2;C01
201800023523;1;17;0;0;0;6;1;B01
201800023523;1;7;0;0;2;2;14;A01
201800023524;1;7;0;4;0;3;23;A01
201800023524;1;7;0;14;0;3;2;B01
201800023525;1;7;0;4;0;2;1;A01
201800023526;2;7;0;0;2;2;2;A01
201800023526;2;7;0;0;2;4;2;B01
201800023527;2;34;0;0;2;3;3;B01
201800023527;2;7;0;0;2;2;12;A01
201800023528;1;7;0;4;0;1;1;A01
201800023529;1;32;0;0;0;7;1;A01
201800023530;2;7;0;0;0;4;2;B01
201800023530;2;7;0;0;2;1;2;A01
201800023531;1;33;0;12;0;2;12;A01
201800023532;1;7;0;0;0;4;1;A01
201800023532;1;7;0;0;2;4;1;B01
201800023532;1;7;0;0;2;1;1;C01
201800023533;1;33;0;4;2;1;0;A01
201800023533;1;10;0;0;2;1;1;B01
201800023534;2;33;0;0;0;0;1;A01
201800023535;1;33;0;4;0;8;13;A01
201800023536;1;34;0;0;0;3;0;A01
201800023537;1;15;0;1;0;2;1;A01
201800023537;1;15;0;0;2;6;23;B01
201800023538;1;7;0;0;0;5;1;B01
201800023538;1;7;0;0;2;3;1;A01
201800023539;1;17;0;0;2;6;1;B01
201800023539;1;7;0;0;2;2;17;A01
201800023540;1;7;0;4;0;7;17;A01
201800023541;2;15;0;0;0;6;24;B01
201800023541;2;15;0;1;0;2;14;A01
201800023542;2;7;0;0;2;1;1;D01
201800023542;2;17;0;0;2;1;1;E01
201800023542;2;7;0;0;9;1;1;C01
201800023542;1;14;0;0;2;4;2;B01
201800023542;1;10;0;0;2;1;2;A01
201800023543;1;7;0;4;0;8;1;A01
201800023544;1;10;0;0;2;1;2;A01
201800023544;1;17;0;0;0;0;2;B01
201800023545;1;7;0;3;0;1;1;A01
201800023546;2;7;0;0;2;1;2;A01
201800023546;2;7;0;0;2;9;2;B01
201800023546;2;7;0;0;0;4;2;C01
201800023546;2;7;0;0;2;1;2;D01
201800023546;2;31;0;0;0;1;2;E01
201800023547;2;33;0;4;0;3;0;A01
201800023548;2;7;0;0;0;3;2;B01
201800023548;2;7;0;0;2;1;1;A01
201800023549;1;7;0;0;2;1;2;A01
201800023549;1;17;0;0;2;6;1;B01
201800023550;1;7;0;13;0;2;1;A01
201800023551;1;7;0;4;0;3;1;A01
201800023552;2;15;0;0;2;6;1;B01
201800023552;2;10;0;0;2;2;1;A01
201800023553;2;15;0;0;2;6;1;B01
201800023553;2;7;0;0;2;2;17;A01
201800023554;1;7;0;4;0;3;13;A01
201800023555;1;7;0;8;0;2;0;A01
201800023556;2;7;0;2;0;1;14;A01
201800023557;1;7;0;13;0;2;1;A01
201800023558;2;7;0;13;0;1;17;A01
201800023559;2;7;0;0;0;1;1;A01
201800023560;2;7;0;3;0;1;1;A01
201800023561;1;7;0;0;2;1;1;B01
201800023561;2;7;0;0;2;2;5;A01
201800023562;2;10;0;3;0;3;14;A01
201800023563;2;7;0;0;2;2;1;A01
201800023563;2;17;0;0;0;6;1;B01
201800023564;1;7;0;0;0;1;1;A01
201800023565;2;7;0;0;2;1;2;A01
201800023565;2;17;0;0;0;6;2;B01
201800023566;1;7;0;0;0;2;1;A01
201800023567;2;7;0;3;0;1;0;A01
201800023568;1;33;0;0;0;0;11;C01
201800023568;1;7;0;0;0;0;13;A01
201800023569;2;7;0;4;0;3;1;A01
201800023570;2;33;0;0;2;9;1;B01
201800023570;0;14;0;0;2;8;10;A01
201800023571;1;1;0;0;2;3;13;A01
201800023571;1;37;1;0;9;2;1;B01
201800023572;1;38;1;0;0;2;1;B01
201800023572;2;7;0;0;2;3;15;A01
201800023573;1;14;0;0;2;1;1;B01
201800023573;2;7;0;0;2;1;13;A01
201800023574;2;15;0;0;9;3;1;B01
201800023574;1;1;0;0;2;1;13;A01
201800023575;2;7;0;13;0;1;0;A01
201800023576;0;7;0;13;2;3;18;A01
201800023576;0;7;0;0;2;7;1;B01
201800023577;1;34;0;0;2;1;0;A01
201800023577;2;7;0;0;2;6;15;B01
201800023578;1;7;0;0;1;2;1;A01
201800023579;2;7;0;3;0;4;20;B01
201800023579;2;7;0;1;0;1;2;A01
201800023580;1;7;0;3;0;5;21;E01
201800023580;1;13;0;0;0;5;1;C01
201800023580;1;13;0;3;2;6;13;A01
201800023580;1;13;0;0;2;3;1;D01
201800023580;1;7;0;3;2;2;1;B01
201800023581;1;15;0;1;0;2;1;A01
201800023581;1;7;0;0;2;6;23;B01
201800023582;1;7;0;0;0;0;1;A01
201800023583;1;15;0;13;0;2;14;A01
201800023584;2;7;0;4;0;3;1;A01
201800023585;2;33;0;4;0;3;1;A01
201800023586;2;7;0;0;2;2;17;A01
201800023586;2;13;0;0;2;6;1;B01
201800023587;2;7;0;0;0;9;2;A01
201800023588;0;7;0;2;0;9;1;A01
201800023589;0;7;0;2;0;7;13;A01
201800023590;1;7;0;0;2;1;1;A01
201800023590;1;7;0;0;0;4;1;B01
201800023591;0;7;0;0;2;5;15;B01
201800023591;0;7;0;0;2;1;1;A01
201800023592;0;3;0;0;2;1;1;A01
201800023592;0;1;0;0;2;7;19;B01
201800023593;1;2;0;15;0;0;1;A01
201800023594;1;2;0;0;0;0;14;A01
201800023595;2;7;0;0;2;6;23;C01
201800023595;2;7;0;0;2;4;1;B01
201800023595;2;10;0;0;2;1;1;A01
201800023596;1;7;0;0;2;6;23;B01
201800023596;1;7;0;1;0;3;2;A01
201800023597;1;33;0;10;0;3;1;A01
201800023598;2;7;0;0;0;0;1;A01
201800023599;1;7;0;8;0;1;1;A01
201800023600;2;7;0;0;0;0;1;A01
201800023601;1;7;0;0;2;1;17;B01
201800023601;1;7;0;0;2;3;15;A01
201800023602;0;36;0;13;0;0;1;A01
201800023603;1;7;0;2;0;1;0;A01
201800023604;1;7;0;13;2;0;0;A01
201800023604;2;1;0;0;2;8;1;B01
201800023605;0;33;0;0;0;0;0;A01
201800023606;2;7;0;0;2;3;1;B01
201800023606;1;7;0;0;2;6;1;A01
201800023607;2;10;0;2;0;3;1;A01
201800023608;1;7;0;2;6;1;1;A01
201800023609;1;7;0;0;2;8;19;A01
201800023609;2;7;0;0;2;1;1;B01
201800023610;2;10;0;2;0;9;1;A01
201800023611;1;7;0;0;2;7;15;A01
201800023611;2;2;0;0;2;1;1;B01
201800023612;1;7;0;0;9;1;1;B01
201800023612;2;2;0;0;2;1;13;A01
201800023613;1;7;0;6;0;2;17;A01
201800023614;0;7;0;0;2;1;1;B01
201800023614;0;7;0;0;2;1;11;A01
201800023615;2;7;0;0;2;2;11;A01
201800023615;2;7;0;3;0;6;1;B01
201800023616;1;7;0;0;1;1;1;A01
201800023617;2;7;0;0;2;4;1;B01
201800023617;2;7;0;0;2;1;2;A01
201800023618;2;7;0;0;2;3;19;A01
201800023618;2;33;0;0;2;1;1;B01
201800023619;2;2;0;0;2;0;21;A01
201800023619;2;99;0;0;9;0;5;Z01
201800023620;2;7;0;0;2;1;17;A01
201800023620;2;7;0;0;2;6;2;B01
201800023621;2;7;0;8;0;1;21;C01
201800023621;2;7;0;0;2;1;1;B01
201800023621;1;7;0;0;2;2;15;A01
201800023622;2;7;0;0;1;2;1;A01
201800023623;1;30;0;0;2;0;15;A01
201800023623;1;7;0;0;2;1;0;Z01
201800023624;1;7;0;0;1;3;1;A01
201800023625;1;7;0;0;1;0;1;A01
201800023626;1;7;0;0;1;1;1;A01
201800023627;0;7;0;0;2;1;15;A01
201800023627;0;30;0;0;2;1;1;B01
201800023628;1;7;0;0;2;1;1;A01
201800023628;1;7;0;0;2;1;1;B01
201800023629;0;7;0;0;2;1;1;A01
201800023629;0;32;0;0;2;7;1;B01
201800023630;2;7;0;0;2;4;2;B01
201800023630;2;7;0;0;2;1;2;A01
201800023630;2;7;0;0;2;5;2;C01
201800023631;1;7;0;13;0;9;1;A01
201800023632;2;7;0;0;2;1;13;A01
201800023632;1;10;0;0;2;1;1;B01
201800023633;2;1;0;0;2;0;2;B01
201800023633;2;7;0;0;2;8;2;A01
201800023634;2;30;0;0;2;1;13;A01
201800023634;1;7;0;0;2;3;1;B01
201800023635;0;2;0;13;0;1;0;A01
201800023636;1;30;0;0;0;0;1;A01
201800023637;1;7;0;0;2;7;0;A01
201800023637;0;1;0;0;2;1;19;B01
201800023638;0;7;0;0;2;1;2;A01
201800023638;0;10;0;0;0;4;2;B01
201800023639;1;33;0;0;2;0;1;A01
201800023639;1;7;0;9;2;3;0;Z01
201800023640;2;1;0;0;2;1;21;B01
201800023640;1;7;0;0;2;3;9;A01
201800023641;1;7;0;0;2;7;15;A01
201800023641;2;7;0;0;2;1;1;B01
201800023642;1;33;0;0;0;7;15;A01
201800023643;0;7;0;0;0;1;1;A01
201800023644;0;7;0;16;0;0;1;A01
201800023645;2;1;0;0;0;1;1;A01
201800023646;0;7;0;0;1;1;1;A01
201800023647;1;2;0;0;2;7;1;B01
201800023647;1;7;0;0;2;8;11;A01
201800023648;1;7;0;0;2;3;10;A01
201800023648;1;2;0;0;2;7;1;B01
201800023649;2;7;0;0;1;0;1;A01
201800023650;0;7;0;0;1;2;1;A01
201800023651;2;30;0;0;2;7;17;A01
201800023651;2;7;0;0;2;8;23;B01
201800023652;2;7;0;0;2;1;15;A01
201800023652;1;7;0;0;2;1;1;B01
201800023653;0;7;0;0;2;4;2;B01
201800023653;1;7;0;0;2;1;2;A01
201800023654;2;1;0;0;1;1;1;A01
201800023655;2;7;0;0;6;1;9;A01
201800023655;1;1;0;0;2;7;1;B01
201800023656;1;7;0;0;5;1;1;A01
201800023657;2;99;0;0;1;0;1;Z01
201800023658;1;10;0;0;2;4;2;B01
201800023658;1;7;0;0;2;1;1;A01
201800023659;2;30;0;12;0;0;0;A01
201800023660;0;7;0;0;2;1;2;A01
201800023660;0;7;0;0;2;4;2;B01
201800023661;2;7;0;0;6;1;1;B01
201800023661;1;1;0;0;2;8;9;A01
201800023662;0;7;0;0;1;1;1;A01
201800023663;0;7;0;0;1;2;15;A01
201800023664;1;2;0;0;2;2;3;B01
201800023664;0;7;0;0;2;3;9;A01
201800023665;0;7;0;8;0;0;0;A01
201800023666;0;7;0;0;1;2;1;A01
201800023667;2;7;0;0;1;1;1;A01
201800023668;1;7;0;0;1;3;1;A01
201800023669;1;7;0;13;0;8;0;A01
201800023670;1;7;0;0;2;1;13;A01
201800023670;2;7;0;0;2;3;1;B01
201800023671;1;7;0;0;2;1;13;A01
201800023671;2;7;0;0;2;3;1;B01
201800023672;2;7;0;13;0;0;13;A01
201800023673;1;7;0;0;2;1;1;A01
201800023673;2;7;0;0;2;1;1;B01
201800023674;2;33;0;0;6;1;1;A01
201800023675;2;1;0;0;2;3;19;A01
201800023675;0;7;0;0;2;2;1;B01
201800023676;2;7;0;2;0;0;1;A01
201800023677;1;7;0;0;0;0;5;A01
201800023678;0;7;0;13;0;9;1;A01
201800023679;2;34;0;0;2;8;9;A01
201800023679;1;7;0;0;2;1;1;B01
201800023680;0;21;0;0;0;0;16;A01
201800023681;1;7;0;0;2;3;1;A01
201800023681;2;7;0;0;2;3;1;B01
201800023681;2;7;0;0;0;0;1;C01
201800023682;2;7;0;0;0;4;0;B01
201800023682;2;7;0;1;0;1;0;A01
201800023683;2;7;0;0;0;9;2;A01
201800023684;2;17;0;1;2;3;1;A01
201800023684;2;7;0;3;2;6;23;B01
201800023685;2;7;0;13;0;6;9;B01
201800023685;2;7;0;13;2;2;12;A01
201800023686;2;7;0;0;2;2;18;A01
201800023686;2;13;0;0;0;6;1;B01
201800023687;1;7;0;0;0;1;1;A01
201800023688;1;7;0;13;0;1;1;A01
201800023689;1;7;0;0;2;7;5;D01
201800023689;2;7;0;0;2;9;1;A01
201800023689;2;7;0;0;2;1;1;B01
201800023689;2;7;0;0;2;8;1;C01
201800023690;1;17;0;0;0;6;1;A01
201800023690;1;17;0;3;2;1;2;B01
201800023690;1;17;0;4;2;1;2;C01
201800023691;1;7;0;4;2;5;1;B01
201800023691;1;7;0;4;2;3;21;A01
201800023692;2;7;0;0;2;2;15;A01
201800023692;1;33;0;0;2;3;1;B01
201800023693;1;7;0;6;0;1;1;A01
201800023694;2;33;0;0;2;1;1;A01
201800023694;0;7;0;0;2;6;19;B01
201800023695;1;7;0;0;1;2;1;A01
201800023696;1;34;0;0;2;1;17;B01
201800023696;1;7;0;0;2;6;15;A01
201800023697;0;33;0;0;0;8;0;A01
201800023698;2;10;0;0;2;1;9;A01
201800023698;2;1;0;0;2;3;0;B01
201800023699;0;7;0;0;0;0;0;B01
201800023699;0;31;0;8;0;0;0;A01
201800023700;2;7;0;2;0;1;14;A01
201800023701;0;7;0;0;0;0;9;A01
201800023701;0;33;0;7;0;0;21;B01
201800023702;2;7;0;3;0;2;1;A01
201800023703;1;7;0;0;1;3;1;A01
201800023704;2;7;0;0;2;1;15;B01
201800023704;1;2;0;0;2;1;1;A01
201800023705;2;7;0;0;2;3;1;B01
201800023705;1;7;0;0;2;3;13;A01
201800023706;1;7;0;13;0;1;1;A01
201800023707;2;7;0;0;2;6;17;A01
201800023707;1;7;0;0;2;2;1;B01
201800023707;0;7;0;0;0;3;23;C01
201800023708;1;7;0;13;0;9;21;A01
201800023709;2;33;0;0;2;1;17;B01
201800023709;2;7;0;0;0;3;15;A01
201800023710;2;10;0;7;2;2;1;A01
201800023710;2;7;0;0;2;1;1;B01
201800023711;2;7;0;0;2;1;1;B01
201800023711;1;33;0;0;2;1;13;A01
201800023712;1;7;0;0;2;8;15;B01
201800023712;1;32;0;13;2;1;17;A01
201800023713;0;7;0;0;2;3;9;A01
201800023713;1;2;0;0;2;2;1;B01
201800023714;2;7;0;0;2;1;1;B01
201800023714;1;7;0;0;2;7;15;A01
201800023715;1;7;0;0;2;1;2;B01
201800023715;1;7;0;2;2;1;14;A01
201800023716;0;33;0;0;2;1;17;B01
201800023716;0;7;0;0;2;8;2;A01
201800023717;0;7;0;0;2;2;1;A01
201800023717;0;37;30;0;2;3;1;B01
201800023718;2;7;0;2;0;7;0;A01
201800023719;0;33;0;15;2;1;1;B01
201800023719;0;7;0;0;2;3;15;A01
201800023720;2;7;0;0;2;8;1;B01
201800023720;1;7;0;0;2;1;1;A01
201800023721;2;2;0;0;0;7;1;A01
201800023722;1;2;0;0;0;2;1;A01
201800023723;1;7;0;0;2;1;1;B01
201800023723;2;7;0;0;2;3;1;C01
201800023723;1;7;0;0;2;2;1;A01