num_acc;senc;catv;occutc;obs;obsm;choc;manv;num_veh
201800023724;1;1;0;0;2;0;21;C01
201800023724;1;1;0;0;2;0;21;D01
201800023724;1;7;0;0;0;0;15;A01
201800023724;1;1;0;0;2;1;21;B01
201800023725;2;2;0;0;2;1;13;A01
201800023725;1;7;0;0;2;3;1;B01
201800023726;0;33;0;0;6;2;1;A01
201800023727;2;32;0;0;0;5;1;B01
201800023727;1;2;0;0;0;0;15;A01
201800023728;0;7;0;0;2;1;1;B01
201800023728;0;33;0;0;2;1;1;A01
201800023729;0;7;0;0;9;1;15;A01
201800023729;0;1;0;0;2;1;1;B01
201800023730;1;7;0;0;2;2;1;B01
201800023730;1;1;0;0;0;8;2;A01
201800023731;1;1;0;0;2;4;1;B01
201800023731;1;7;0;0;1;2;1;A01
201800023732;2;7;0;0;2;1;1;B01
201800023732;1;7;0;0;2;2;15;A01
201800023733;2;7;0;12;0;2;1;A01
201800023734;2;1;0;0;0;4;2;B01
201800023734;2;7;0;0;9;1;1;A01
201800023735;1;31;0;15;0;0;0;A01
201800023736;1;7;0;13;0;1;0;A01
201800023737;1;7;0;0;2;3;15;A01
201800023737;2;1;0;0;2;2;0;B01
201800023738;2;33;0;0;0;1;1;B01
201800023738;2;33;0;0;0;4;1;A01
201800023739;0;2;0;0;2;3;10;A01
201800023739;0;2;0;0;2;2;1;B01
201800023740;2;33;0;0;0;1;1;A01
201800023741;1;1;0;0;2;1;13;A01
201800023741;2;7;0;0;9;1;1;B01
201800023742;1;1;0;0;2;1;13;B01
201800023742;2;33;0;0;2;1;1;A01
201800023743;2;99;0;0;0;2;15;A01
201800023743;1;7;0;0;2;1;1;B01
201800023744;0;1;0;11;2;7;1;B01
201800023744;0;7;0;0;9;0;1;A01
201800023745;0;7;0;0;1;3;15;A01
201800023746;1;7;0;0;2;2;15;A01
201800023746;2;2;0;0;2;1;1;B01
201800023747;0;7;0;0;2;7;15;B01
201800023747;0;2;0;0;2;1;1;A01
201800023748;0;7;0;0;0;1;1;A01
201800023748;0;1;0;0;0;4;2;B01
201800023749;0;33;0;0;2;8;2;A01
201800023749;0;7;0;0;2;2;15;B01
201800023750;0;33;0;0;2;4;0;A01
201800023750;0;7;0;0;2;3;0;B01
201800023751;0;7;0;0;1;3;1;A01
201800023752;0;7;0;0;2;5;4;A01
201800023752;0;31;0;0;2;3;1;B01
201800023753;0;7;0;0;1;1;1;A01
201800023754;0;33;0;0;0;0;16;A01
201800023755;0;7;0;0;2;1;1;A01
201800023755;0;33;0;0;2;8;23;B01
201800023755;0;7;0;0;2;8;23;C01
201800023755;0;7;0;0;2;3;23;D01
201800023756;0;7;0;0;1;4;4;A01
201800023757;0;33;0;0;2;1;17;A01
201800023757;0;7;0;0;2;1;1;B01
201800023758;0;7;0;0;2;1;1;B01
201800023758;0;7;0;0;2;1;13;A01
201800023759;0;7;0;0;2;3;15;A01
201800023759;0;34;0;0;2;1;1;B01
201800023760;0;33;0;0;2;7;1;B01
201800023760;0;13;0;0;2;1;9;A01
201800023761;0;33;0;0;2;1;1;B01
201800023761;0;7;0;0;2;6;10;A01
201800023762;0;7;0;0;0;6;1;B01
201800023762;0;31;0;0;2;1;2;A01
201800023763;1;7;0;13;9;1;1;A01
201800023764;2;2;0;15;0;1;1;A01
201800023765;1;33;0;0;2;1;13;A01
201800023765;1;7;0;0;0;8;15;B01
201800023766;2;7;0;0;1;4;20;A01
201800023767;1;99;0;0;0;0;18;B01
201800023767;1;7;0;8;0;9;1;A01
201800023768;2;7;0;0;1;2;1;A01
201800023769;2;7;0;0;2;3;1;B01
201800023769;1;7;0;0;2;3;13;A01
201800023770;2;7;0;0;1;3;1;A01
201800023771;0;7;0;0;2;2;1;A01
201800023771;0;1;0;0;2;1;19;B01
201800023772;0;31;0;7;2;1;6;B01
201800023772;0;7;0;0;0;3;1;A01
201800023773;1;33;0;0;0;4;23;B01
201800023773;1;33;0;0;2;1;1;A01
201800023774;2;7;0;0;0;0;1;C01
201800023774;1;7;0;0;2;1;1;B01
201800023774;2;7;0;0;2;2;13;A01
201800023775;0;7;0;8;0;8;1;A01
201800023776;0;7;0;13;0;1;1;A01
201800023777;0;33;0;13;0;0;1;A01
201800023778;1;7;0;0;9;7;1;A01
201800023778;1;1;0;0;2;8;1;B01
201800023779;1;33;0;0;6;7;1;A01
201800023780;0;7;0;0;2;2;1;B01
201800023780;0;1;0;0;2;1;5;A01
201800023781;1;2;0;0;2;7;1;B01
201800023781;1;7;0;0;2;1;9;A01
201800023782;0;33;0;0;2;1;17;A01
201800023782;0;7;0;0;2;6;1;B01
201800023783;0;2;0;0;6;1;21;A01
201800023784;2;7;0;0;0;2;0;A01
201800023785;1;7;0;0;1;1;1;A01
201800023786;2;7;0;0;6;1;1;A01
201800023787;0;7;0;0;2;1;1;B01
201800023787;0;7;0;0;2;1;1;A01
201800023788;2;33;0;0;2;1;5;A01
201800023788;1;7;0;0;2;3;1;B01
201800023789;1;33;0;0;2;1;1;B01
201800023789;1;7;0;0;2;8;16;A01
201800023790;1;7;0;1;0;2;14;A01
201800023790;1;7;0;0;0;6;24;B01
201800023791;0;7;0;0;1;4;4;A01
201800023792;2;7;0;0;2;1;13;A01
201800023792;1;30;0;0;2;1;1;B01
201800023793;1;10;0;0;2;1;15;A01
201800023793;2;31;0;0;2;2;1;B01
201800023794;1;10;0;0;1;3;15;A01
201800023795;2;7;0;0;2;3;1;B01
201800023795;1;7;0;0;2;1;13;A01
201800023796;2;7;0;0;2;5;10;A01
201800023796;1;33;0;0;2;1;1;B01
201800023797;2;7;0;0;1;0;20;B01
201800023798;2;34;0;0;2;1;17;B01
201800023798;2;7;0;0;2;3;15;A01
201800023799;2;7;0;0;2;5;15;A01
201800023799;1;33;0;0;2;1;1;B01
201800023800;1;7;0;0;2;1;1;A01
201800023800;1;33;0;15;2;1;1;B01
201800023801;2;7;0;0;1;1;1;A01
201800023802;1;7;0;0;2;3;1;B01
201800023802;2;33;0;0;5;3;13;A01
201800023803;2;7;0;0;2;3;1;B01
201800023803;1;1;0;0;2;3;0;A01
201800023804;1;34;0;0;1;1;1;A01
201800023805;1;1;0;0;2;3;15;A01
201800023805;2;30;0;0;2;1;1;B01
201800023806;1;30;0;0;2;1;1;A01
201800023806;1;7;0;0;0;0;0;B01
201800023807;2;7;0;0;1;1;1;A01
201800023808;1;7;0;0;2;4;23;A01
201800023808;1;33;0;0;2;1;1;B01
201800023809;2;7;0;0;2;2;13;A01
201800023809;1;7;0;0;2;2;1;B01
201800023810;1;7;0;13;0;3;13;A01
201800023811;;7;0;0;1;7;1;A01
201800023812;1;7;0;0;1;2;1;A01
201800023813;2;7;0;6;0;2;1;A01
201800023814;0;10;0;0;1;7;1;A01
201800023815;2;7;0;0;2;1;2;C01
201800023815;2;7;0;0;2;9;1;B01
201800023815;2;7;0;0;0;4;1;A01
201800023816;2;7;0;0;2;1;1;C01
201800023816;2;7;0;0;2;1;1;B01
201800023816;1;7;0;0;2;1;13;A01
201800023817;2;7;0;3;0;2;14;A01
201800023818;1;7;0;0;0;9;13;A01
201800023819;1;7;0;0;2;1;15;A01
201800023819;1;33;0;0;2;7;17;B01
201800023820;1;33;0;0;0;9;13;A01
201800023821;2;10;0;0;2;2;1;A01
201800023821;1;1;0;0;2;1;21;B01
201800023822;2;1;0;0;9;9;1;A01
201800023823;1;7;0;9;0;1;14;A01
201800023824;1;33;0;0;0;1;1;A01
201800023825;1;7;0;0;2;3;13;A01
201800023825;2;7;0;0;2;6;1;B01
201800023826;2;7;0;2;0;1;19;A01
201800023827;1;10;0;0;1;0;16;A01
201800023828;1;33;0;0;2;7;1;B01
201800023828;1;7;0;0;2;3;9;A01
201800023829;1;7;0;0;2;1;1;A01
201800023829;2;34;0;0;2;3;1;B01
201800023830;2;7;0;0;1;1;1;A01
201800023831;1;7;0;0;1;1;1;A01
201800023832;1;32;0;0;0;7;1;A01
201800023832;1;7;0;0;2;3;1;B01
201800023833;1;7;0;0;2;2;1;A01
201800023833;1;37;3;0;2;1;1;B01
201800023834;1;7;0;0;2;6;1;B01
201800023834;2;7;0;0;2;3;1;Z01
201800023835;2;7;0;10;0;2;1;A01
201800023836;1;7;0;0;2;1;1;B01
201800023836;1;1;0;0;2;1;1;A01
201800023837;2;7;0;12;2;1;19;A01
201800023837;2;7;0;0;0;6;1;B01
201800023838;2;32;0;0;1;1;1;A01
201800023839;2;7;0;0;9;1;1;A01
201800023840;2;31;0;0;2;6;16;A01
201800023840;2;7;0;0;2;1;1;B01
201800023841;1;33;0;0;2;1;21;A01
201800023841;1;37;42;0;0;2;1;B01
201800023842;2;1;0;0;2;4;1;B01
201800023842;2;10;0;8;2;1;14;A01
201800023843;1;7;0;0;1;3;1;A01
201800023844;1;7;0;0;2;8;15;B01
201800023844;1;7;0;0;2;1;1;A01
201800023845;1;40;100;0;1;2;1;A01
201800023846;1;7;0;0;2;1;0;B01
201800023846;1;7;0;0;2;1;0;A01
201800023847;2;40;200;0;0;1;1;B01
201800023847;1;10;0;0;4;3;19;A01
201800023848;1;7;0;0;1;1;1;A01
201800023849;1;7;0;0;0;5;20;A01
201800023849;1;31;0;0;2;8;7;B01
201800023850;1;7;0;0;0;4;1;B01
201800023850;1;7;0;0;2;1;1;A01
201800023851;1;7;0;0;1;1;1;Z01
201800023852;1;7;0;0;2;1;17;Z01
201800023852;2;7;0;0;0;1;15;A01
201800023853;2;1;0;0;2;4;9;B01
201800023853;2;7;0;0;2;1;1;A01
201800023854;1;7;0;0;2;6;24;A01
201800023854;1;7;0;1;0;2;1;Z01
201800023855;1;7;0;0;1;1;1;A01
201800023856;1;7;0;0;1;1;1;A01
201800023857;2;7;0;0;1;1;1;A01
201800023858;1;33;0;0;2;2;17;B01
201800023858;1;7;0;0;2;6;15;A01
201800023859;2;7;0;0;2;1;1;B01
201800023859;1;7;0;0;0;7;15;A01
201800023860;2;7;0;9;0;1;14;A01
201800023861;1;31;0;0;1;1;1;Z01
201800023862;1;33;0;0;2;1;1;B01
201800023862;1;7;0;0;2;2;15;A01
201800023863;1;30;0;0;2;1;1;B01
201800023863;1;7;0;0;2;1;5;A01
201800023864;1;7;0;0;2;5;15;B01
201800023864;2;33;0;0;0;8;1;A01
201800023865;1;7;0;0;2;1;1;A01
201800023865;1;10;0;0;0;4;23;B01
201800023866;1;7;0;0;1;2;1;A01
201800023867;1;7;0;0;1;1;15;A01
201800023868;1;7;0;0;1;1;1;A01
201800023869;2;7;0;0;2;1;15;A01
201800023869;1;30;0;0;2;8;1;B01
201800023870;2;3;0;0;2;3;1;B01
201800023870;1;7;0;0;2;1;13;A01
201800023871;1;7;0;0;1;1;21;A01
201800023872;1;2;0;0;2;1;1;A01
201800023872;2;7;0;0;2;2;15;B01
201800023873;2;7;0;1;0;9;1;A01
201800023874;1;7;0;6;0;1;13;A01
201800023875;1;33;0;0;1;1;1;A01
201800023876;1;7;0;0;1;1;1;A01
201800023877;2;7;0;0;1;3;1;A01
201800023878;1;30;0;0;2;1;1;A01
201800023878;1;37;20;0;2;7;1;B01
201800023879;1;7;0;0;1;1;1;A01
201800023880;1;7;0;0;2;3;15;B01
201800023880;1;33;0;0;2;1;17;A01
201800023881;2;33;0;0;2;1;13;A01
201800023881;1;7;0;0;0;3;1;B01
201800023882;1;1;0;0;1;1;1;A01
201800023883;1;31;0;0;2;1;1;B01
201800023883;2;7;0;0;2;1;15;A01
201800023884;1;40;200;0;2;2;1;B01
201800023884;2;7;0;9;4;3;1;A01
201800023885;2;7;0;2;0;1;1;A01
201800023886;1;7;0;0;2;1;1;B01
201800023886;1;7;0;0;2;1;1;A01
201800023887;1;14;0;0;0;1;1;B01
201800023887;2;7;0;6;2;1;13;A01
201800023888;2;1;0;0;1;1;5;A01
201800023889;1;7;0;0;1;1;1;A01
201800023890;1;33;0;0;2;1;1;B01
201800023890;2;7;0;0;2;6;15;A01
201800023891;1;7;0;0;0;3;1;B01
201800023891;1;34;0;0;2;1;15;A01
201800023892;1;7;0;0;2;2;7;Z01
201800023892;1;1;0;0;2;8;1;A01
201800023893;2;7;0;0;0;3;15;B01
201800023893;2;34;0;0;2;1;3;A01
201800023894;1;7;0;0;2;3;15;Z01
201800023894;2;32;0;0;2;3;1;A01
201800023895;2;7;0;6;0;1;21;A01
201800023895;1;7;0;0;0;0;15;B01
201800023896;1;7;0;0;1;2;1;A01
201800023897;2;7;0;0;2;3;10;B01
201800023897;1;32;0;0;2;3;1;A01
201800023898;1;7;0;0;1;1;1;A01
201800023899;1;7;0;0;2;4;1;B01
201800023899;1;7;0;0;1;1;1;A01
201800023900;1;17;0;13;0;1;14;A01
201800023901;2;37;20;0;1;2;1;A01
201800023902;1;40;100;0;1;1;1;A01
201800023903;1;7;0;0;1;3;1;A01
201800023904;1;7;0;0;2;4;4;A01
201800023904;1;7;0;0;2;1;1;B01
201800023905;1;33;0;0;2;0;1;B01
201800023905;1;7;0;0;2;0;5;A01
201800023906;2;7;0;0;2;1;1;A01
201800023906;2;7;0;0;2;4;1;B01
201800023907;1;7;0;0;1;7;1;A01
201800023908;1;33;0;1;0;1;1;A01
201800023909;1;40;1;0;1;2;1;A01
201800023910;2;1;0;0;2;1;19;B01
201800023910;1;32;0;0;2;1;1;A01
201800023911;2;7;0;;2;1;9;A01
201800023911;1;7;0;7;2;3;1;B01
201800023912;1;7;0;0;4;1;1;A01
201800023912;1;40;1;0;2;1;1;B01
201800023913;1;7;0;0;2;1;15;A01
201800023913;2;30;0;0;2;1;1;B01
201800023914;1;7;0;0;2;2;16;B01
201800023914;1;33;0;0;2;1;18;A01
201800023915;2;7;0;0;2;1;1;A01
201800023915;2;7;0;0;2;4;23;B01
201800023915;2;7;0;0;2;4;23;D01
201800023915;2;7;0;0;2;4;23;C01
201800023916;2;40;200;0;1;2;1;A01
201800023917;1;7;0;0;2;2;15;B01
201800023917;2;34;0;0;2;1;1;A01
201800023918;1;7;0;6;2;2;1;B01
201800023918;1;10;0;0;2;1;1;A01
201800023919;2;14;0;0;2;2;15;A01
201800023919;1;1;0;0;2;1;1;B01
201800023920;1;40;100;0;2;2;1;B01
201800023920;1;1;0;0;4;3;19;A01
201800023921;1;33;0;6;0;1;1;A01
201800023922;2;7;0;0;2;4;23;B01
201800023922;2;7;0;0;2;1;1;A01
201800023923;2;40;100;0;1;2;1;A01
201800023924;1;30;0;12;0;2;1;A01
201800023925;1;7;0;0;1;2;17;A01
201800023926;1;10;0;0;1;1;1;A01
201800023927;1;13;0;1;1;5;1;A01
201800023928;1;2;0;1;0;1;1;A01
201800023929;1;7;0;0;0;0;12;Z01
201800023929;1;33;0;0;0;8;1;A01
201800023930;2;1;0;15;0;1;0;A01
201800023931;1;7;0;0;2;2;1;Z01
201800023931;1;7;0;0;2;3;1;A01
201800023932;1;40;150;0;1;1;1;A01
201800023933;1;7;0;0;1;3;1;A01
201800023934;1;33;0;0;2;3;1;A01
201800023934;2;7;0;0;2;3;15;B01
201800023935;1;40;100;0;2;3;1;B01
201800023935;1;7;0;0;4;2;1;A01
201800023936;1;7;0;0;2;7;1;B01
201800023936;1;7;0;1;2;1;1;A01
201800023937;1;1;0;0;2;3;1;B01
201800023937;1;14;0;0;2;7;16;A01
201800023938;2;10;0;0;2;1;1;B01
201800023938;1;34;0;11;2;1;13;A01
201800023938;2;7;0;0;2;1;1;C01
201800023939;1;7;0;0;1;1;15;A01
201800023940;2;7;0;0;2;1;15;Z01
201800023940;1;2;0;0;2;2;1;A01
201800023941;1;7;0;0;2;3;9;A01
201800023941;2;1;0;0;2;4;1;B01
201800023942;1;7;0;0;2;8;1;B01
201800023942;1;7;0;0;2;1;1;A01
201800023943;2;7;0;0;2;1;1;A01
201800023943;2;1;0;0;2;8;19;B01
201800023944;1;7;0;0;1;2;1;A01
201800023945;1;7;0;0;2;8;1;B01
201800023945;2;7;0;1;2;3;13;A01
201800023946;2;10;0;0;2;3;15;A01
201800023946;2;34;0;0;2;2;3;B01
201800023947;1;7;0;1;2;5;23;B01
201800023947;1;7;0;0;2;1;1;A01
201800023948;1;7;0;0;2;2;17;A01
201800023948;1;7;0;0;2;1;1;C01
201800023948;1;7;0;0;2;1;1;B01
201800023949;1;1;0;0;4;1;19;B01
201800023949;1;40;1;0;2;2;1;A01
201800023950;2;37;1;0;2;5;1;B01
201800023950;2;1;0;0;2;1;1;A01
201800023951;1;7;0;0;1;2;1;A01
201800023952;1;33;0;8;0;1;1;A01
201800023953;2;7;0;0;2;5;15;B01
201800023953;2;33;0;0;2;3;1;A01
201800023954;1;7;0;0;1;1;1;A01
201800023955;1;30;0;0;2;6;23;A01
201800023955;1;7;0;0;2;1;1;Z01
201800023956;1;1;0;0;2;3;19;A01
201800023956;2;7;0;0;2;7;1;B01
201800023957;1;33;0;0;2;1;1;B01
201800023957;2;7;0;0;2;2;15;A01
201800023958;1;7;0;0;1;2;1;A01
201800023959;2;7;0;0;1;1;1;A01
201800023960;1;33;0;0;2;1;1;A01
201800023960;2;33;0;0;2;3;16;B01
201800023961;1;10;0;0;2;7;16;B01
201800023961;1;30;0;0;2;1;18;A01
201800023962;1;7;0;0;1;1;1;A01
201800023963;2;7;0;0;2;1;1;B01
201800023963;1;7;0;0;2;3;13;A01
201800023964;1;7;0;0;1;1;15;A01
201800023965;2;7;0;0;2;1;1;A01
201800023965;1;31;0;0;2;1;1;B01
201800023966;1;33;0;12;2;7;1;B01
201800023966;1;7;0;0;2;1;15;A01
201800023967;1;7;0;0;2;5;1;A01
201800023967;1;7;0;0;2;1;1;B01
201800023968;2;7;0;0;2;1;1;B01
201800023968;1;7;0;0;2;1;5;A01
201800023969;1;33;0;0;2;7;1;B01
201800023969;1;1;0;0;2;8;13;A01
201800023970;1;7;0;0;2;6;16;A01
201800023970;2;7;0;0;2;8;1;B01
201800023971;1;7;0;8;0;1;13;A01
201800023972;1;37;1;0;1;2;7;A01
201800023973;2;7;0;0;2;1;1;Z01
201800023973;2;2;0;0;2;4;15;B01
201800023974;2;7;0;0;2;8;1;B01
201800023974;1;7;0;0;2;1;5;A01
201800023975;1;32;0;0;2;0;1;B01
201800023975;2;7;0;0;0;8;9;A01
201800023976;1;7;0;0;2;1;2;Z01
201800023976;1;33;0;0;2;4;23;A01
201800023977;2;32;0;0;2;1;1;B01
201800023977;1;7;0;0;2;2;15;A01
201800023978;1;7;0;0;0;4;23;B01
201800023978;1;7;0;0;2;1;1;Z01
201800023978;1;7;0;0;2;4;23;A01
201800023979;0;33;0;1;2;3;13;A01
201800023979;0;7;0;0;0;0;0;C01
201800023979;0;7;0;0;0;7;1;B01
201800023980;0;7;0;0;2;0;1;Z01
201800023980;0;1;0;0;2;0;16;A01
201800023981;0;7;0;0;1;7;4;A01
201800023982;1;1;0;0;4;8;19;B01
201800023982;1;40;100;0;2;3;1;A01
201800023983;1;7;0;0;0;1;1;Z01
201800023984;1;7;0;0;4;2;1;A01
201800023984;1;40;100;0;2;3;1;B01
201800023985;2;32;0;0;2;3;1;B01
201800023985;2;7;0;0;2;3;10;A01
201800023986;1;2;0;0;2;1;1;A01
201800023986;1;7;0;0;2;2;23;C01
201800023986;1;7;0;0;2;8;23;B01
201800023987;1;7;0;0;2;2;23;C01
201800023987;1;2;0;0;2;1;1;A01
201800023987;1;7;0;0;2;8;23;B01
201800023988;0;1;0;0;2;0;0;B01
201800023988;0;7;0;0;6;7;1;A01
201800023989;1;30;0;0;2;2;1;B01
201800023989;1;10;0;0;2;5;1;A01
201800023990;2;7;0;0;2;1;1;B01
201800023990;1;7;0;0;2;1;13;A01
201800023991;1;37;1;0;2;3;15;B01
201800023991;1;30;0;0;2;1;17;A01
201800023992;1;33;0;0;2;1;1;B01
201800023992;1;7;0;0;2;7;1;A01
201800023993;2;7;0;0;2;1;13;A01
201800023993;1;7;0;0;2;1;1;B01
201800023994;1;37;1;0;1;7;1;A01
201800023995;1;30;0;0;1;8;5;A01
201800023996;2;1;0;0;2;2;1;A01
201800023996;2;7;0;0;2;0;1;Z01
201800023997;2;7;0;0;1;4;4;A01
201800023998;1;7;0;0;2;1;1;B01
201800023998;1;1;0;0;2;2;19;A01
201800023999;1;7;0;0;2;3;1;B01
201800023999;1;31;0;0;2;3;17;A01
201800024000;1;7;0;0;2;3;15;A01
201800024000;2;32;0;0;2;1;1;B01
201800024001;0;30;0;0;0;4;2;B01
201800024001;0;7;0;0;2;2;2;A01
201800024002;0;7;0;0;2;4;23;B01
201800024002;0;2;0;0;2;1;1;A01
201800024003;0;40;100;0;1;0;1;A01
201800024004;0;30;0;0;2;0;0;A01
201800024005;0;37;1;1;1;1;1;A01
201800024006;1;7;0;0;2;3;9;A01
201800024006;0;1;0;0;2;1;1;B01
201800024007;0;7;0;0;2;4;1;A01
201800024007;0;7;0;8;0;1;1;B01
201800024008;0;7;0;0;1;3;1;A01
201800024009;1;33;0;8;2;7;1;B01
201800024009;1;7;0;0;2;3;9;A01
201800024010;2;7;0;0;2;7;1;A01
201800024010;2;7;0;0;2;0;0;Z01
201800024011;2;31;0;0;2;3;1;B01
201800024011;1;7;0;0;2;3;15;A01
201800024012;1;7;0;8;0;7;1;A01
201800024013;2;7;0;0;1;4;4;Z01
201800024014;0;1;0;0;2;7;1;B01
201800024014;0;7;0;0;2;5;1;A01
201800024015;1;14;0;0;1;1;1;A01
201800024016;0;7;0;0;1;1;1;A01
201800024017;2;7;0;1;0;2;5;A01
201800024018;2;30;0;0;2;1;2;A01
201800024018;2;10;0;0;2;4;0;B01
201800024019;1;1;0;0;2;1;1;A01
201800024019;2;7;0;0;0;7;1;B01
201800024020;1;7;0;14;0;1;2;A01
201800024020;1;7;0;0;0;4;2;C01
201800024020;1;7;0;14;0;4;2;B01
201800024021;0;7;0;14;2;1;5;A01
201800024021;0;7;0;14;2;1;1;B01
201800024022;1;10;0;0;1;1;16;A01
201800024023;0;1;0;0;2;1;1;B01
201800024023;0;7;0;0;2;2;1;A01
201800024024;0;7;0;1;1;3;1;A01
201800024025;0;7;0;0;2;3;1;B01
201800024025;0;7;0;0;2;2;19;A01
201800024026;2;33;0;0;2;3;1;B01
201800024026;1;30;0;0;2;7;1;A01
201800024027;2;7;0;0;2;7;16;B01
201800024027;2;1;0;0;2;8;1;A01
201800024028;0;7;0;0;2;2;1;A01
201800024028;0;31;0;0;2;1;1;B01
201800024029;0;7;0;0;2;2;1;B01
201800024029;0;7;0;0;2;3;1;C01
201800024029;0;7;0;0;2;1;1;A01
201800024030;0;31;0;0;2;7;1;B01
201800024030;0;1;0;0;2;1;1;A01
201800024031;0;7;0;8;0;1;1;A01
201800024032;2;1;0;0;2;1;1;A01
201800024032;2;7;0;0;2;2;1;B01
201800024033;0;33;0;0;2;1;1;A01
201800024033;0;7;0;0;2;4;1;B01
201800024034;0;1;0;0;4;1;9;B01
201800024034;0;40;1;0;2;2;1;A01
201800024035;0;1;0;0;2;1;1;A01
201800024035;0;7;0;0;2;2;16;B01
201800024036;1;30;0;0;0;1;1;A01
201800024037;0;7;0;0;1;1;1;A01
201800024038;0;40;1;0;1;5;1;A01
201800024039;0;2;0;0;0;0;0;Z01
201800024039;0;1;0;0;2;1;1;A01
201800024040;0;7;0;1;1;1;16;A01
201800024041;1;7;0;0;1;1;1;A01
201800024042;0;7;0;0;2;1;1;A01
201800024042;0;7;0;0;2;7;1;B01
201800024043;2;7;0;0;1;1;1;A01
201800024044;0;7;0;0;2;3;1;A01
201800024044;0;1;0;0;2;1;1;B01
201800024045;2;7;0;0;1;3;1;A01
201800024046;2;14;0;0;2;3;16;A01
201800024046;2;1;0;0;2;1;17;B01
201800024047;0;31;0;0;2;7;1;B01
201800024047;0;7;0;0;2;3;1;A01
201800024048;0;7;0;0;2;3;1;C01
201800024048;0;31;0;0;2;3;1;A01
201800024048;2;7;0;0;2;6;15;B01
201800024049;1;7;0;0;1;2;17;A01
201800024050;0;7;0;0;1;0;9;A01
201800024051;0;99;0;0;2;1;19;A01
201800024051;0;7;0;0;0;2;1;B01
201800024052;1;7;0;0;2;1;14;A01
201800024052;2;7;0;0;2;1;1;B01
201800024053;1;7;0;0;1;1;1;A01
201800024054;0;31;0;0;2;1;1;A01
201800024054;0;7;0;0;2;1;1;B01
201800024055;1;30;0;1;2;1;1;A01
201800024055;1;7;0;0;2;0;10;Z01
201800024056;0;7;0;0;1;1;1;A01
201800024057;2;7;0;0;2;3;9;B01
201800024057;1;30;0;0;2;2;1;A01
201800024058;1;33;0;0;2;1;1;B01
201800024058;2;7;0;0;2;7;15;A01
201800024059;0;30;0;0;1;1;1;A01
201800024060;0;7;0;0;1;1;1;A01
201800024061;1;1;0;0;2;4;1;B01
201800024061;1;7;0;0;2;1;14;A01
201800024062;0;7;0;14;0;1;0;A01
201800024063;2;7;0;0;2;3;1;B01
201800024063;1;1;0;0;2;1;1;A01
201800024064;0;7;0;0;1;2;1;A01
201800024065;0;7;0;0;0;6;0;B01
201800024065;0;7;0;0;2;1;0;A01
201800024066;2;33;0;0;2;3;1;B01
201800024066;0;7;0;0;2;1;9;A01
201800024067;2;7;0;0;2;2;15;A01
201800024067;1;7;0;0;2;1;1;B01
201800024068;2;37;1;0;1;1;1;A01
201800024069;2;7;0;0;5;5;1;A01
201800024069;1;2;0;0;2;1;1;B01
201800024070;2;7;0;0;2;7;15;B01
201800024070;1;33;0;0;2;1;1;A01
201800024071;1;1;0;0;5;8;19;B01
201800024071;2;2;0;0;5;1;1;A01
201800024072;0;7;0;9;0;3;0;A01
201800024073;0;7;0;14;0;2;1;A01
201800024074;2;7;0;0;2;2;1;A01
201800024074;1;7;0;0;2;8;1;C01
201800024074;2;7;0;0;2;8;16;B01
201800024075;0;7;0;0;2;1;15;B01
201800024075;0;30;0;0;2;1;1;A01
201800024076;2;7;0;0;2;3;13;A01
201800024076;1;7;0;0;2;3;1;B01
201800024077;2;7;0;0;2;7;23;A01
201800024077;2;33;0;0;2;8;3;B01
201800024077;2;7;0;0;2;6;23;C01
201800024078;2;33;0;0;1;1;1;A01
201800024079;2;7;0;0;2;1;21;A01
201800024079;2;1;0;0;2;4;23;B01
201800024079;2;7;0;0;2;7;23;C01
201800024080;2;32;0;12;0;3;21;A01
201800024081;2;7;0;0;1;3;1;A01
201800024082;1;7;0;0;2;1;1;A01
201800024082;1;7;0;0;2;4;23;B01
201800024083;1;7;0;0;2;3;23;B01
201800024083;2;7;0;1;2;1;5;A01
201800024084;0;7;0;0;1;2;1;A01
201800024085;2;7;0;0;2;4;15;A01
201800024085;2;7;0;0;2;1;1;B01
201800024086;1;30;0;0;2;7;1;A01
201800024086;1;10;0;0;2;8;11;B01
201800024087;1;34;0;0;2;6;1;A01
201800024087;2;7;0;0;2;3;15;B01
201800024088;2;7;0;0;2;7;22;A01
201800024088;2;1;0;0;2;8;1;B01
201800024089;1;7;0;0;2;7;16;A01
201800024089;1;1;0;0;2;1;1;B01
201800024090;1;7;0;0;1;3;1;A01
201800024091;2;7;0;0;1;1;1;A01
201800024092;1;7;0;1;1;3;1;A01
201800024093;0;10;0;0;1;0;0;A01
201800024094;2;1;0;0;2;8;1;A01
201800024094;2;7;0;0;2;7;1;B01
201800024095;1;1;0;0;2;1;1;A01
201800024095;1;7;0;0;2;5;16;B01
201800024096;1;1;0;0;2;5;1;A01
201800024096;0;7;0;0;2;1;9;Z01
201800024097;2;7;0;0;2;7;23;A01
201800024097;2;1;0;0;2;1;1;B01
201800024098;2;7;0;0;2;4;4;A01
201800024098;2;7;0;0;2;1;23;B01
201800024099;2;7;0;0;1;1;1;A01
201800024100;1;1;0;0;1;1;1;A01
201800024101;2;7;0;0;2;1;1;B01
201800024101;2;1;0;0;2;4;23;A01
201800024102;2;7;0;;2;4;23;B02
201800024102;2;7;0;;2;1;2;A01
201800024103;2;1;0;;2;8;1;A01