num_acc;senc;catv;occutc;obs;obsm;choc;manv;num_veh
201800024103;1;7;0;;2;3;1;B02
201800024104;1;30;0;;2;;1;A01
201800024104;1;7;0;;2;;16;B02
201800024105;1;7;0;0;2;8;1;A01
201800024105;2;7;0;0;2;1;1;B01
201800024106;1;7;0;;2;2;9;A01
201800024106;2;1;0;;2;1;1;B02
201800024107;1;7;0;;1;2;1;A01
201800024108;2;14;0;9;2;6;1;A01
201800024108;1;7;0;0;2;8;15;B01
201800024109;1;7;0;;2;4;23;B02
201800024109;2;7;0;;2;1;1;A01
201800024110;1;7;0;;2;3;13;A01
201800024110;1;32;0;;2;1;1;B02
201800024111;1;7;0;;2;4;23;B02
201800024111;1;7;0;;2;1;1;A01
201800024112;1;7;0;;2;1;1;A01
201800024112;;1;0;;2;2;19;B02
201800024113;1;7;0;;1;4;4;A01
201800024114;1;1;0;0;2;8;15;B01
201800024114;1;7;0;0;2;2;17;A01
201800024115;2;1;0;0;2;1;1;B01
201800024115;2;7;0;0;2;5;16;A01
201800024116;1;7;0;0;2;3;1;A01
201800024116;2;1;0;0;2;2;15;B01
201800024117;1;7;0;0;2;6;10;A01
201800024117;1;32;0;0;2;1;17;B01
201800024118;2;1;0;0;2;6;5;B01
201800024118;2;7;0;0;2;1;1;A01
201800024119;0;99;0;0;2;0;0;R01
201800024119;2;1;0;0;2;1;1;A01
201800024120;1;7;0;;2;1;1;B02
201800024120;2;32;0;;2;4;1;A01
201800024121;2;30;0;;1;1;17;A01
201800024122;1;30;0;;1;1;1;A01
201800024123;1;7;0;;2;;17;A01
201800024123;1;1;0;;2;4;1;B02
201800024124;2;7;0;;2;5;15;B01
201800024124;2;30;0;;2;1;1;A01
201800024125;1;7;0;;1;3;15;A01
201800024126;2;7;0;;0;;9;A01
201800024126;2;1;0;;;8;21;B02
201800024127;1;2;0;0;2;8;9;A01
201800024127;2;7;0;0;2;2;1;B01
201800024128;1;7;0;13;2;0;17;A01
201800024128;1;7;0;13;2;0;1;B01
201800024129;0;33;0;0;6;1;1;A01
201800024130;0;7;0;13;0;9;14;A01
201800024131;0;31;0;7;0;9;1;A01
201800024132;0;7;0;0;1;1;20;A01
201800024133;0;7;0;0;2;1;15;A01
201800024133;0;7;0;0;2;3;1;B01
201800024134;0;7;0;0;2;1;1;B01
201800024134;0;7;0;13;2;7;0;A01
201800024135;0;7;0;13;0;1;1;A01
201800024136;1;7;0;0;2;3;1;B01
201800024136;1;2;0;0;2;7;1;A01
201800024137;0;7;0;0;9;6;1;B01
201800024137;0;1;0;0;2;8;19;A01
201800024138;0;33;0;0;0;8;1;B01
201800024138;0;7;0;0;2;1;15;A01
201800024139;0;7;0;0;2;2;19;A01
201800024139;0;33;0;0;2;1;1;B01
201800024140;0;10;0;0;1;2;1;A01
201800024141;0;7;0;0;2;3;15;B01
201800024141;0;7;0;0;2;1;1;A01
201800024142;2;7;0;2;0;3;1;A01
201800024143;2;7;0;6;0;1;1;A01
201800024144;2;33;0;0;2;8;19;B01
201800024144;2;7;0;0;2;1;1;A01
201800024145;0;33;0;0;0;2;1;A01
201800024146;1;7;0;2;0;8;1;B01
201800024146;2;7;0;0;2;3;13;A01
201800024147;1;7;0;0;9;3;15;A01
201800024147;0;1;0;0;2;8;10;B01
201800024148;2;7;0;0;2;1;21;A01
201800024148;1;7;0;0;2;1;21;B01
201800024149;1;1;0;0;0;2;1;B01
201800024149;2;7;0;0;2;3;9;A01
201800024150;1;7;0;0;2;3;17;A01
201800024150;2;7;0;0;2;3;1;B01
201800024151;1;7;0;1;1;2;1;B01
201800024152;0;7;0;0;2;2;15;A01
201800024152;0;2;0;0;2;8;1;B01
201800024153;0;33;0;0;2;2;17;A01
201800024153;0;7;0;0;2;3;16;B01
201800024154;2;7;0;0;0;7;16;A01
201800024154;2;7;0;0;2;3;1;B01
201800024155;0;2;0;0;2;1;1;A01
201800024155;0;7;0;0;2;4;1;B01
201800024156;0;7;0;0;2;3;10;A01
201800024156;0;32;0;0;2;1;1;B01
201800024157;1;7;0;0;2;2;1;A01
201800024157;1;7;0;0;2;4;21;B01
201800024157;1;7;0;0;2;4;1;C01
201800024158;2;33;0;0;0;4;2;A01
201800024158;2;7;0;0;2;3;2;B01
201800024159;0;7;0;0;2;2;22;A01
201800024159;0;2;0;0;2;1;22;B01
201800024160;0;7;0;1;1;3;0;A01
201800024161;0;33;0;4;0;1;0;A01
201800024161;0;7;0;0;0;4;1;B01
201800024162;1;33;0;0;0;8;1;A01
201800024163;0;7;0;0;0;2;16;A01
201800024163;0;32;0;0;2;1;18;B01
201800024164;1;7;0;0;2;5;15;A01
201800024164;2;33;0;0;2;1;1;B01
201800024164;2;33;0;0;0;8;21;C01
201800024165;0;33;0;0;2;7;12;A01
201800024165;0;7;0;0;2;8;13;B01
201800024166;1;31;0;0;2;1;17;A01
201800024166;1;7;0;0;2;8;15;B01
201800024167;0;7;0;0;2;2;15;A01
201800024167;0;33;0;0;2;1;1;B01
201800024168;2;36;0;0;0;3;1;A01
201800024169;0;31;0;0;2;7;3;B01
201800024169;0;7;0;0;2;3;19;A01
201800024170;0;7;0;0;1;1;1;A01
201800024171;0;7;0;0;1;1;0;A01
201800024172;0;7;0;0;2;3;13;A01
201800024172;0;30;0;0;2;1;17;B01
201800024173;0;2;0;0;1;1;13;A01
201800024174;1;7;0;0;2;1;13;A01
201800024174;0;7;0;0;2;1;1;B01
201800024174;2;10;0;0;2;8;1;C01
201800024175;0;7;0;0;2;7;15;A01
201800024175;0;34;0;0;2;1;1;B01
201800024176;0;7;0;0;2;1;5;A01
201800024176;0;33;0;0;2;1;1;B01
201800024177;0;7;0;0;1;1;2;A01
201800024177;0;7;0;0;2;4;23;B01
201800024178;0;31;0;0;2;1;9;A01
201800024178;0;7;0;0;2;2;1;B01
201800024179;1;7;0;0;2;3;0;A01
201800024179;1;31;0;0;2;7;17;B01
201800024180;0;10;0;0;1;8;16;A01
201800024181;0;7;0;0;2;6;1;B01
201800024181;0;7;0;0;2;3;13;A01
201800024182;0;30;0;2;0;1;1;A01
201800024183;0;7;0;0;1;1;16;A01
201800024184;0;7;0;0;1;1;1;A01
201800024185;0;1;0;0;2;1;19;A01
201800024185;0;7;0;0;2;3;1;B01
201800024186;2;30;0;0;2;1;1;B01
201800024186;1;7;0;0;2;3;9;A01
201800024187;2;7;0;0;1;1;9;Z01
201800024188;2;30;0;0;2;8;1;B01
201800024188;1;7;0;0;2;2;15;A01
201800024189;2;7;0;0;1;1;1;A01
201800024190;2;7;0;0;1;1;1;A01
201800024191;2;7;0;1;2;1;1;B01
201800024191;1;7;0;0;2;1;13;A01
201800024192;2;7;0;0;1;8;1;A01
201800024193;2;7;0;0;1;1;1;A01
201800024194;1;7;0;0;1;0;1;A01
201800024195;1;7;0;0;2;1;13;A01
201800024195;2;7;0;0;2;2;1;B01
201800024196;2;7;0;0;1;1;1;A01
201800024197;1;7;0;0;2;1;1;A01
201800024197;1;33;0;0;2;4;1;B01
201800024198;1;33;0;0;2;1;9;A01
201800024198;1;7;0;0;2;8;1;B01
201800024199;1;7;0;0;1;1;1;A01
201800024200;1;7;0;0;2;1;2;A01
201800024200;1;7;0;3;2;4;1;B01
201800024200;2;15;0;0;2;6;1;C01
201800024201;1;7;0;0;1;1;1;A01
201800024202;1;7;0;0;2;1;0;B01
201800024202;1;7;0;0;2;1;0;Z01
201800024203;0;7;0;0;1;1;1;A01
201800024204;1;7;0;0;2;6;1;B01
201800024204;1;33;0;0;2;1;1;A01
201800024205;2;7;0;0;2;1;15;A01
201800024205;1;2;0;0;2;1;1;B01
201800024206;2;33;0;2;0;1;1;A01
201800024207;1;99;0;0;2;5;1;B01
201800024207;2;7;0;0;6;2;1;A01
201800024208;2;10;0;0;1;1;1;A01
201800024209;0;7;0;0;2;8;15;A01
201800024209;0;7;0;0;2;1;1;B01
201800024210;1;7;0;0;1;3;1;A01
201800024211;1;30;0;0;2;1;9;A01
201800024211;1;7;0;0;2;3;16;B01
201800024212;1;2;0;0;2;8;19;B01
201800024212;1;32;0;0;2;1;17;A01
201800024213;2;7;0;1;0;9;0;A01
201800024214;1;36;0;0;2;7;1;B01
201800024214;1;7;0;0;2;1;0;Z01
201800024215;2;7;0;2;0;1;1;A01
201800024216;1;7;0;0;1;1;15;A01
201800024217;2;7;0;0;1;7;1;A01
201800024218;2;1;0;0;2;1;1;A01
201800024218;1;10;0;0;2;5;16;B01
201800024219;2;30;0;0;2;1;1;A01
201800024219;2;7;0;0;2;4;1;B01
201800024220;1;7;0;0;2;8;1;A01
201800024220;2;2;0;0;2;1;1;B01
201800024221;1;10;0;0;2;8;9;A01
201800024221;1;33;0;0;2;1;1;B01
201800024222;2;7;0;0;1;2;0;A01
201800024223;2;33;0;0;2;7;17;B01
201800024223;2;7;0;0;2;8;15;A01
201800024224;1;7;0;0;1;1;1;A01
201800024225;2;2;0;0;2;1;13;A01
201800024225;2;10;0;0;2;4;1;B01
201800024226;2;20;0;0;1;6;1;A01
201800024227;0;7;0;3;2;7;13;A01
201800024227;0;7;0;0;2;1;1;B01
201800024228;1;7;0;0;2;4;15;A01
201800024228;1;30;0;0;2;1;1;B01
201800024229;1;7;0;5;1;2;1;A01
201800024230;1;7;0;0;2;1;2;A01
201800024230;1;33;0;0;2;4;16;B01
201800024231;1;1;0;0;2;1;19;A01
201800024231;1;7;0;0;2;7;16;B01
201800024232;1;7;0;0;2;4;2;B01
201800024232;1;7;0;0;2;1;1;A01
201800024233;1;7;0;0;2;1;15;A01
201800024233;1;34;0;0;2;3;15;B01
201800024234;1;1;0;0;2;7;19;A01
201800024234;2;7;0;0;9;1;1;B01
201800024235;2;7;0;0;2;4;1;B01
201800024235;2;7;0;0;2;1;2;A01
201800024236;1;30;0;0;2;1;1;B01
201800024236;1;7;0;0;2;3;15;A01
201800024237;1;7;0;0;2;3;15;A01
201800024237;1;34;0;0;2;1;17;B01
201800024238;1;7;0;0;1;4;4;A01
201800024239;1;34;0;0;2;1;1;B01
201800024239;2;7;0;0;2;3;15;A01
201800024240;1;7;0;0;1;1;17;A01
201800024241;1;7;0;0;1;1;1;A01
201800024242;1;7;0;13;0;1;21;A01
201800024243;2;31;0;0;2;1;1;A01
201800024243;0;99;0;0;2;0;0;R01
201800024244;2;7;0;2;1;1;0;A01
201800024245;1;7;0;0;2;2;10;A01
201800024245;2;34;0;0;2;1;1;C01
201800024245;1;31;0;0;2;1;11;B01
201800024246;0;7;0;9;0;1;1;A01
201800024247;1;7;0;0;1;1;20;A01
201800024248;2;7;0;0;1;3;15;A01
201800024249;1;7;0;0;2;1;1;A01
201800024249;1;7;0;0;1;1;1;B01
201800024250;2;7;0;4;0;1;1;A01
201800024251;1;7;0;0;1;7;1;A01
201800024252;2;7;0;0;2;1;1;A01
201800024252;2;7;0;0;2;4;11;B01
201800024253;1;7;0;0;2;2;1;B01
201800024253;1;30;0;0;2;1;15;A01
201800024254;1;7;0;0;2;4;1;C01
201800024254;1;7;0;0;2;1;1;A01
201800024254;1;7;0;0;2;4;1;B01
201800024255;1;33;0;0;2;1;1;B01
201800024255;1;7;0;0;2;0;16;A01
201800024256;1;31;0;0;0;8;0;A01
201800024257;1;7;0;0;1;1;1;A01
201800024258;2;7;0;6;0;2;14;A01
201800024259;0;30;0;0;2;0;13;A01
201800024259;1;7;0;0;2;3;15;B01
201800024260;1;7;0;0;2;5;0;B01
201800024260;1;31;0;0;2;1;0;A01
201800024261;1;7;0;0;1;2;1;A01
201800024262;1;31;0;0;2;1;1;B01
201800024262;1;7;0;0;2;6;15;A01
201800024263;2;7;0;0;1;1;1;A01
201800024264;1;7;0;0;1;1;1;A01
201800024265;1;37;0;0;1;0;0;B01
201800024266;2;10;0;0;2;1;1;A01
201800024266;1;7;0;0;2;1;15;B01
201800024267;0;33;0;0;0;1;1;A01
201800024268;1;7;0;0;2;2;15;A01
201800024268;2;31;0;0;2;1;1;B01
201800024269;2;7;0;0;1;1;15;A01
201800024270;2;7;0;0;2;1;1;A01
201800024270;2;7;0;0;2;4;1;B01
201800024271;1;33;0;0;1;1;1;A01
201800024272;1;33;0;0;2;1;17;A01
201800024272;1;7;0;0;2;8;15;B01
201800024273;1;31;0;0;2;1;1;A01
201800024273;1;10;0;0;2;3;15;B01
201800024274;1;7;0;0;2;4;1;B01
201800024274;1;7;0;0;2;1;2;A01
201800024275;2;7;0;0;2;0;1;A01
201800024275;1;7;0;0;2;1;19;B01
201800024276;1;14;0;0;2;1;11;A01
201800024276;2;7;0;0;2;7;1;B01
201800024277;2;7;0;0;2;2;1;A01
201800024277;2;7;0;0;2;6;9;B01
201800024278;0;7;0;0;2;1;1;B01
201800024278;0;7;0;0;2;7;1;A01
201800024279;2;7;0;0;2;2;2;A01
201800024279;2;7;0;0;2;3;0;B01
201800024280;0;7;0;6;0;2;15;A01
201800024281;0;32;0;0;2;7;1;A01
201800024281;1;7;0;0;2;1;1;B01
201800024282;1;10;0;0;2;1;15;A01
201800024282;2;33;0;7;2;1;1;B01
201800024282;1;1;0;0;2;0;0;C01
201800024282;1;7;0;1;9;4;0;D01
201800024283;1;7;0;0;2;3;15;A01
201800024283;1;32;0;0;2;2;17;B01
201800024284;1;7;0;12;0;2;1;A01
201800024285;2;7;0;0;2;1;5;A01
201800024285;1;7;0;0;2;1;1;B01
201800024286;1;7;0;0;2;1;1;B01
201800024286;1;10;0;0;2;8;13;A01
201800024287;2;7;0;2;0;8;0;A01
201800024288;1;30;0;0;1;1;1;A01
201800024289;1;7;0;9;0;2;1;A01
201800024290;1;10;0;0;0;0;1;B01
201800024290;1;34;0;0;2;0;18;A01
201800024291;1;7;0;0;2;1;2;A01
201800024291;1;7;0;0;2;4;15;B01
201800024292;0;7;0;4;0;1;1;A01
201800024293;2;7;0;0;2;6;1;B01
201800024293;1;33;0;0;2;1;12;A01
201800024294;2;10;0;0;1;1;1;A01
201800024295;1;7;0;0;1;2;1;A01
201800024296;0;7;0;0;1;4;20;A01
201800024297;1;7;0;0;1;2;1;A01
201800024298;2;7;0;0;2;4;2;B01
201800024298;2;7;0;0;2;4;2;C01
201800024298;2;7;0;0;2;1;2;A01
201800024299;2;7;0;12;1;1;21;Z01
201800024300;1;10;0;0;2;3;15;A01
201800024300;1;7;0;0;2;4;15;B01
201800024301;1;30;0;12;0;1;0;A01
201800024302;0;7;0;0;2;3;15;A01
201800024302;0;7;0;0;2;3;1;B01
201800024303;1;7;0;2;0;1;14;A01
201800024304;2;7;0;0;1;5;2;A01
201800024305;0;7;0;0;2;1;1;B01
201800024305;0;7;0;0;2;1;15;A01
201800024306;1;10;0;0;1;2;1;A01
201800024307;1;7;0;0;1;3;1;A01
201800024308;2;7;0;0;2;1;15;B01
201800024308;0;34;0;0;2;1;17;A01
201800024309;0;7;0;0;1;2;15;A01
201800024310;0;1;0;0;2;1;1;B01
201800024310;0;7;0;0;2;2;19;A01
201800024311;0;33;0;0;2;7;12;A01
201800024311;0;7;0;0;2;3;1;B01
201800024312;0;40;2;0;2;2;1;B01
201800024312;0;7;0;8;4;3;1;A01
201800024313;1;7;0;8;0;0;1;A01
201800024314;1;7;0;0;2;1;1;B01
201800024314;2;7;0;7;2;1;1;A01
201800024315;1;7;0;0;2;1;15;A01
201800024315;1;32;0;0;2;1;0;B01
201800024316;0;10;0;0;1;4;4;A01
201800024317;0;7;0;0;1;0;0;A01
201800024318;2;7;0;0;2;1;1;A01
201800024318;2;7;0;0;0;4;1;B01
201800024319;1;10;0;0;1;2;1;Z01
201800024320;1;7;0;0;2;6;1;C01
201800024320;2;33;0;1;2;1;2;B01
201800024320;2;7;0;0;2;3;10;A01
201800024321;2;7;0;0;2;3;13;A01
201800024321;1;7;0;0;2;3;1;B01
201800024322;0;7;0;0;1;0;1;A01
201800024323;0;33;0;0;2;2;1;B01
201800024323;0;7;0;0;2;7;15;A01
201800024324;2;7;0;0;2;1;1;B01
201800024324;1;32;0;0;2;2;1;A01
201800024325;2;32;0;0;1;1;17;B01
201800024326;0;7;0;0;2;3;15;A01
201800024326;0;32;0;0;2;3;0;B01
201800024327;0;33;0;0;0;7;16;A01
201800024328;0;33;0;9;0;1;17;A01
201800024329;2;7;0;0;1;8;1;A01
201800024330;0;7;0;0;1;4;20;A01
201800024331;0;2;0;0;2;3;15;A01
201800024331;0;30;0;0;2;2;17;B01
201800024332;1;7;0;0;2;2;15;A01
201800024332;2;33;0;1;2;7;17;B01
201800024333;1;7;0;0;1;1;1;B01
201800024334;2;7;0;0;2;7;15;A01
201800024334;1;34;0;0;2;1;1;B01
201800024335;1;33;0;0;2;1;0;A01
201800024335;1;7;0;0;0;4;1;B01
201800024336;2;7;0;2;0;1;1;A01
201800024337;0;7;0;0;2;1;15;A01
201800024337;0;34;0;0;2;1;1;B01
201800024338;2;7;0;0;2;1;16;B01
201800024338;1;99;0;0;2;1;5;A01
201800024339;1;7;0;0;2;8;18;Z01
201800024339;0;7;0;0;0;3;15;B01
201800024340;0;7;0;0;2;1;15;A01
201800024340;1;32;0;0;2;1;1;B01
201800024341;1;7;0;0;2;2;19;A01
201800024341;1;7;0;0;2;5;1;B01
201800024342;1;33;0;0;2;1;2;A01
201800024342;2;7;0;0;2;5;15;B01
201800024343;0;7;0;6;6;9;1;A01
201800024344;2;7;0;7;0;3;14;A01
201800024345;0;7;0;0;2;2;16;B01
201800024345;0;7;0;0;2;3;13;A01
201800024346;1;30;0;1;0;1;14;A01
201800024346;1;7;0;0;2;5;24;B01
201800024347;2;10;0;0;2;1;1;A01
201800024347;2;10;0;0;2;4;1;B01
201800024348;2;33;0;0;2;3;1;B01
201800024348;0;7;0;0;2;2;0;A01
201800024349;1;32;0;0;1;0;0;Y01
201800024350;2;7;0;0;2;3;2;B01
201800024350;2;1;0;0;2;1;13;A01
201800024351;1;7;0;0;1;1;2;B01
201800024352;2;33;0;0;2;8;1;B01
201800024352;1;7;0;0;2;1;19;A01
201800024353;1;33;0;0;2;1;17;B01
201800024353;1;7;0;0;2;8;1;C01
201800024353;2;7;0;0;2;3;15;A01
201800024354;2;7;0;0;2;1;1;B01
201800024354;1;7;0;0;2;8;0;A01
201800024355;1;10;0;0;2;3;15;A01
201800024355;2;33;0;0;2;8;1;B01
201800024356;1;13;0;0;2;2;16;A01
201800024356;1;33;0;0;2;1;0;B01
201800024357;1;10;0;0;2;2;1;A01
201800024357;1;1;0;0;2;3;1;B01
201800024358;0;7;0;0;2;5;1;B01
201800024358;0;7;0;0;2;1;5;A01
201800024359;2;7;0;0;2;7;1;B01
201800024359;1;7;0;0;2;3;15;C01
201800024359;1;7;0;0;2;1;19;A01
201800024360;0;7;0;13;0;1;16;A01
201800024361;2;7;0;0;1;7;1;A01
201800024362;0;7;0;0;2;8;1;A01
201800024362;2;33;0;0;2;1;1;B01
201800024363;0;34;0;0;2;3;13;A01
201800024363;0;7;0;0;2;5;17;B01
201800024364;1;7;0;0;2;3;23;C01
201800024364;2;1;0;0;2;8;1;B01
201800024364;2;7;0;0;2;2;13;A01
201800024365;1;32;0;15;0;1;14;A01
201800024366;2;99;0;0;2;6;23;C01
201800024366;1;32;0;0;2;1;1;D01
201800024366;2;7;0;0;2;1;1;A01
201800024366;2;7;0;0;2;4;23;B01
201800024367;2;7;0;0;2;3;1;B01
201800024367;0;7;0;0;2;6;0;C01
201800024367;1;7;0;0;2;3;15;A01
201800024368;1;1;0;0;2;1;19;A01
201800024368;2;1;0;0;2;1;1;B01
201800024369;2;7;0;2;0;1;14;A01
201800024370;1;7;0;8;2;1;1;A01
201800024370;1;7;0;0;0;4;1;C01
201800024370;1;7;0;0;2;5;1;B01
201800024371;2;7;0;10;2;2;17;A01
201800024372;1;7;0;0;2;2;16;A01
201800024372;1;1;0;0;2;1;1;B01
201800024373;0;7;0;0;1;2;0;A01
201800024374;1;7;0;0;2;1;1;D01
201800024374;1;7;0;0;2;1;0;A01
201800024374;1;7;0;0;2;5;2;C01
201800024374;1;7;0;0;2;2;1;B01
201800024375;1;7;0;0;2;4;2;B01
201800024375;1;7;0;0;2;1;2;A01
201800024376;2;7;0;0;1;2;2;A01
201800024377;0;7;0;0;2;4;23;F01
201800024377;0;7;0;0;2;4;23;G01
201800024377;1;7;0;0;2;2;23;D01
201800024377;1;7;0;0;2;4;23;C01
201800024377;1;7;0;0;2;6;23;B01
201800024377;1;7;0;0;2;4;23;E01
201800024377;1;7;0;0;2;1;1;A01
201800024378;1;7;0;0;1;3;15;A01
201800024379;1;7;0;0;2;1;2;A01
201800024379;1;7;0;0;2;6;0;B01
201800024380;1;7;0;12;2;1;19;A01
201800024380;2;7;0;0;2;1;1;B01
201800024381;1;32;0;0;2;3;17;A01
201800024382;2;7;0;0;2;3;13;A01
201800024382;2;33;0;0;2;2;2;B01
201800024383;1;1;0;0;2;1;1;B01
201800024383;0;10;0;0;2;0;0;A01
201800024384;1;7;0;0;2;1;1;B01
201800024384;2;7;0;12;0;5;15;A01
201800024385;1;7;0;0;1;2;1;A01
201800024386;1;1;0;0;2;1;1;B01
201800024386;1;10;0;0;2;1;9;A01
201800024387;1;7;0;0;2;3;1;A01
201800024387;1;7;0;0;2;5;1;B01
201800024388;0;30;0;8;0;1;14;A01
201800024389;2;7;0;0;2;4;1;B01
201800024389;1;7;0;0;2;1;0;A01
201800024390;0;10;0;0;2;6;0;B01
201800024390;0;10;0;0;2;1;0;C01
201800024390;0;33;0;0;2;1;16;A01
201800024391;2;7;0;0;2;7;15;A01
201800024391;1;32;0;0;2;1;1;B01
201800024392;1;7;0;0;2;3;15;A01
201800024392;2;31;0;0;2;8;1;B01
201800024393;1;7;0;0;6;5;1;B01
201800024393;0;1;0;0;2;1;19;A01
201800024394;0;10;0;0;2;4;2;B01
201800024394;0;10;0;0;2;1;2;A01
201800024395;1;33;0;0;2;1;2;A01
201800024395;0;7;0;0;0;4;23;B01
201800024396;2;33;0;0;2;1;7;A01
201800024396;2;7;0;0;2;2;16;B01
201800024397;2;7;0;0;1;1;16;A01
201800024398;2;10;0;3;0;1;16;A01
201800024399;1;7;0;0;1;2;1;A01
201800024400;2;7;0;0;2;3;16;A01
201800024400;2;7;0;0;2;2;16;Z01
201800024401;0;7;0;0;2;1;1;B01
201800024401;0;7;0;0;2;7;1;A01
201800024402;2;7;0;0;0;4;23;B01
201800024402;2;7;0;0;2;1;1;A01
201800024403;1;32;0;0;2;2;1;B01
201800024403;2;7;0;0;2;2;15;A01
201800024404;2;31;0;0;2;2;1;A01
201800024404;1;7;0;0;2;1;1;B01
201800024405;0;14;0;0;2;5;16;B01
201800024405;2;1;0;0;2;1;0;A01
201800024406;1;7;0;0;2;1;2;A01
201800024406;1;7;0;0;2;4;2;B01
201800024407;2;7;0;0;2;2;1;B01
201800024407;0;33;0;0;2;6;23;A01
201800024408;2;7;0;0;2;8;1;B01
201800024408;1;7;0;0;2;3;13;A01
201800024408;2;7;0;0;2;3;1;C01
201800024409;0;1;0;0;2;1;0;A01
201800024409;2;7;0;0;2;5;16;B01
201800024410;0;32;0;0;2;1;1;B01
201800024410;0;7;0;0;2;2;19;A01
201800024411;1;7;0;0;1;2;1;A01
201800024412;1;7;0;0;2;4;2;C01
201800024412;1;7;0;0;2;4;2;B01
201800024412;1;10;0;0;2;1;2;A01
201800024413;0;7;0;0;2;1;0;A01
201800024413;0;7;0;0;2;0;0;B01
201800024414;1;7;0;0;2;4;2;B01
201800024414;1;7;0;0;2;1;2;A01
201800024415;1;7;0;0;2;8;1;C01
201800024415;2;7;0;11;1;1;17;A01
201800024416;2;32;0;0;2;1;2;A01
201800024416;2;7;0;0;0;6;23;B01
201800024417;0;33;0;0;0;0;0;A01
201800024418;1;7;0;0;1;2;1;A01
201800024419;2;34;0;0;1;1;1;A01
201800024420;2;7;0;0;1;1;1;A01
201800024421;1;7;0;0;1;1;17;A01
201800024422;0;7;0;0;2;2;14;A01
201800024422;0;7;0;0;2;6;1;B01
201800024423;2;33;0;0;1;1;17;A01
201800024424;0;7;0;0;2;1;15;A01
201800024424;0;7;0;0;2;3;1;B01
201800024425;1;34;0;0;1;1;1;A01
201800024426;0;7;0;0;2;1;2;A01
201800024426;0;7;0;0;0;4;2;B01
201800024427;1;40;1;0;2;1;1;B01
201800024427;1;7;0;0;4;2;0;A01
201800024428;0;7;0;0;1;2;2;A01
201800024429;2;1;0;14;0;8;1;B01
201800024429;2;7;0;0;6;7;22;A01
201800024430;0;10;0;0;2;3;0;B01
201800024430;0;1;0;0;2;1;19;A01
201800024431;0;1;0;0;2;1;5;A01
201800024431;0;7;0;0;2;8;15;B01
201800024432;0;7;0;0;2;1;5;A01
201800024432;0;33;0;0;2;1;1;B01
201800024433;0;1;0;0;2;4;1;B01
201800024433;0;7;0;0;2;6;9;A01
201800024434;0;30;0;13;0;0;0;A01
201800024435;1;37;1;0;1;1;0;A01
201800024436;2;1;0;0;1;1;1;A01
201800024437;1;33;0;0;2;3;1;B01
201800024437;0;7;0;0;2;3;15;A01
201800024438;2;33;0;0;2;2;2;B01
201800024438;2;7;0;0;2;8;11;A01
201800024439;2;10;0;0;1;1;1;A01
201800024440;1;7;0;0;2;3;1;B01
201800024440;2;7;0;0;2;1;1;A01
201800024441;1;7;0;0;2;4;0;B01
201800024441;2;33;0;0;2;1;2;A01
201800024442;2;10;0;2;0;2;14;A01
201800024443;2;32;0;0;1;1;17;A01
201800024444;1;10;0;0;2;2;1;Z01
201800024444;2;1;0;0;2;2;0;A01
201800024445;2;7;0;0;1;1;1;A01
201800024446;0;32;0;0;2;2;1;B01
201800024446;0;10;0;0;2;3;20;A01
201800024447;1;10;0;0;2;1;1;B01
201800024447;1;99;0;0;2;8;19;A01
201800024448;1;34;0;0;1;1;17;A01
201800024449;2;7;0;0;0;4;2;B01
201800024449;2;7;0;0;2;1;2;A01
201800024450;0;7;0;0;0;9;1;A01
201800024451;1;7;0;0;1;1;1;A01
201800024452;1;1;0;0;2;7;19;A01
201800024452;1;7;0;0;2;1;1;B01
201800024453;1;40;1;0;1;2;1;A01
201800024454;0;7;0;0;2;3;15;A01
201800024454;0;33;0;0;2;1;1;B01
201800024455;2;7;0;0;2;4;1;B01
201800024455;2;7;0;0;2;1;1;A01
201800024456;2;7;0;1;0;2;15;A01
201800024456;2;7;0;0;2;6;24;C01
201800024456;0;7;0;0;2;3;24;B01
201800024457;2;7;0;0;2;2;1;A01
201800024457;2;7;0;0;2;2;1;B01
201800024458;1;7;0;0;2;2;16;A01
201800024458;1;32;0;0;2;3;1;B01
201800024459;2;7;0;0;2;3;10;A01
201800024459;2;33;0;0;2;2;17;B01
201800024460;2;40;1;0;2;2;1;B01
201800024460;1;1;0;0;4;2;19;A01
201800024461;1;10;0;0;0;6;23;B01
201800024461;1;7;0;0;2;2;1;A01
201800024462;2;7;0;0;2;8;15;A01
201800024462;2;32;0;0;2;1;1;B01
201800024463;1;7;0;1;1;4;20;A01
201800024464;1;7;0;0;2;3;1;A01
201800024464;1;1;0;0;2;4;1;B01
201800024465;1;40;30;0;2;5;1;B01
201800024465;1;7;0;0;4;1;1;A01
201800024466;1;7;0;0;2;8;22;A01
201800024466;2;2;0;0;2;1;17;B01
201800024467;1;7;0;0;2;2;15;A01
201800024467;1;32;0;0;2;8;1;B01
201800024468;2;10;0;0;2;2;16;B01
201800024468;0;7;0;1;0;8;0;C01
201800024468;2;33;0;0;2;3;18;A01
201800024469;2;32;0;0;0;7;1;A01
201800024470;2;33;0;0;2;1;1;A01
201800024470;2;7;0;0;0;6;15;B01
201800024471;0;10;0;0;2;8;0;A01
201800024471;1;2;0;0;2;2;17;B01
201800024472;1;7;0;0;1;1;1;A01
201800024473;1;7;0;0;1;3;1;A01
201800024474;0;10;0;0;1;4;20;A01