num_acc;senc;catv;occutc;obs;obsm;choc;manv;num_veh
201800025967;1;1;0;0;2;7;1;B01
201800025967;2;7;0;0;9;3;9;A01
201800025968;0;7;0;0;2;8;19;A01
201800025968;1;2;0;0;2;1;1;B01
201800025969;2;7;0;0;2;1;15;A01
201800025969;1;7;0;0;2;8;1;B01
201800025970;1;7;0;0;1;1;16;A01
201800025971;1;10;0;0;2;1;2;B01
201800025971;1;7;0;0;2;4;23;A01
201800025972;0;7;0;1;0;7;6;A01
201800025973;0;7;0;0;2;7;15;A01
201800025973;0;34;0;0;2;8;0;B01
201800025974;0;7;0;0;1;0;15;A01
201800025975;0;3;0;0;1;3;15;A01
201800025976;1;7;0;0;2;1;1;C01
201800025976;1;7;0;0;2;1;1;B01
201800025976;1;7;0;0;2;4;1;D01
201800025976;1;7;0;0;2;1;1;A01
201800025977;2;7;0;15;2;3;1;B01
201800025977;1;7;0;0;2;3;15;A01
201800025978;0;7;0;1;1;1;20;A01
201800025979;1;7;0;0;1;1;0;Z01
201800025980;1;14;0;0;2;5;23;B01
201800025980;1;7;0;0;1;1;21;A01
201800025981;2;7;0;0;2;4;2;B01
201800025981;2;7;0;0;2;1;2;A01
201800025982;0;2;0;0;2;7;1;B01
201800025982;0;7;0;0;2;3;15;A01
201800025983;0;7;0;13;0;9;0;A01
201800025984;1;7;0;0;2;6;2;A01
201800025984;2;2;0;0;2;1;2;B01
201800025985;1;7;0;0;1;7;19;A01
201800025986;0;7;0;0;1;1;16;A01
201800025987;1;7;0;0;2;2;15;A01
201800025987;2;7;0;0;2;3;1;B01
201800025988;1;7;0;0;2;4;23;B01
201800025988;1;7;0;0;2;1;1;A01
201800025989;1;7;0;13;0;9;1;A01
201800025990;1;30;0;0;2;3;1;B01
201800025990;2;7;0;0;2;3;15;A01
201800025991;1;7;0;1;0;2;7;A01
201800025991;1;7;0;0;2;6;24;B01
201800025992;1;7;0;0;2;4;2;B01
201800025992;1;7;0;0;2;2;2;A01
201800025993;0;7;0;0;2;2;19;A01
201800025993;0;7;0;0;2;3;1;B01
201800025994;1;7;0;0;2;4;2;C01
201800025994;1;7;0;0;2;4;2;B01
201800025994;1;7;0;0;2;4;2;E01
201800025994;1;7;0;0;2;4;2;D01
201800025994;1;13;0;0;2;1;2;A01
201800025995;1;14;0;1;0;3;0;A01
201800025995;1;7;0;0;0;0;0;B01
201800025996;1;7;0;0;2;1;0;A01
201800025996;1;7;0;0;2;4;0;B01
201800025997;2;30;0;0;2;1;13;A01
201800025997;1;7;0;0;2;1;1;B01
201800025997;1;7;0;0;0;0;0;C01
201800025998;0;7;0;0;2;3;1;B01
201800025998;0;7;0;0;2;2;15;A01
201800025999;0;7;0;2;0;1;19;A01
201800026000;2;7;0;0;1;1;15;A01
201800026001;0;7;0;0;2;1;1;B01
201800026001;0;7;0;0;2;7;19;A01
201800026002;0;1;0;0;2;8;1;B01
201800026002;0;37;1;0;2;5;12;A01
201800026003;1;7;0;0;1;7;1;A01
201800026004;1;7;0;0;2;0;21;A01
201800026004;0;1;0;16;2;0;21;B01
201800026005;1;30;0;0;2;1;1;B01
201800026005;2;7;0;0;2;7;15;A01
201800026006;2;37;20;0;1;2;1;A01
201800026007;0;7;0;0;2;8;15;A01
201800026007;0;31;0;0;2;1;17;B01
201800026008;1;7;0;6;0;3;0;A01
201800026009;1;7;0;0;1;1;9;A01
201800026010;1;15;0;0;2;2;0;A01
201800026010;1;7;0;0;2;1;19;B01
201800026011;1;7;0;0;2;1;13;A01
201800026011;2;7;0;0;2;1;1;B01
201800026012;0;30;0;0;2;1;17;A01
201800026012;0;7;0;0;2;8;2;B01
201800026013;0;7;0;0;1;0;0;Z01
201800026014;0;33;0;0;2;1;1;B01
201800026014;0;7;0;0;2;2;19;A01
201800026015;2;7;0;0;2;3;1;B01
201800026015;1;7;0;0;2;1;13;A01
201800026016;2;7;0;0;1;2;16;A01
201800026017;1;7;0;0;1;3;1;A01
201800026018;0;7;0;8;0;1;2;A01
201800026019;2;34;0;0;2;1;1;B01
201800026019;1;7;0;0;2;6;10;A01
201800026020;1;99;0;0;1;0;0;A01
201800026021;2;10;0;0;2;4;0;C01
201800026021;2;10;0;0;2;4;23;B01
201800026021;2;10;0;0;2;1;0;A01
201800026022;1;7;0;0;2;7;1;B01
201800026022;2;7;0;0;2;1;19;A01
201800026023;0;1;0;0;2;1;19;A01
201800026023;0;7;0;0;0;1;0;B01
201800026024;0;7;0;0;1;8;0;A01
201800026025;2;10;0;4;0;3;13;A01
201800026026;2;2;0;0;2;0;0;A01
201800026026;0;7;0;0;2;2;0;B01
201800026027;0;7;0;0;2;5;0;B01
201800026027;1;2;0;0;1;0;0;A01
201800026028;1;7;0;0;2;2;1;B01
201800026028;1;7;0;0;2;1;15;A01
201800026029;1;7;0;0;2;3;15;A01
201800026029;2;30;0;0;2;1;0;B01
201800026030;1;7;0;0;2;2;15;A01
201800026030;2;1;0;0;2;0;0;B01
201800026031;1;7;0;0;2;3;15;B01
201800026031;1;7;0;0;2;7;15;A01
201800026032;1;7;0;0;2;1;1;B01
201800026032;2;7;0;0;2;7;1;A01
201800026033;2;2;0;0;2;1;0;B01
201800026033;1;7;0;0;2;3;9;A01
201800026034;2;7;0;0;1;1;0;A01
201800026035;2;7;0;0;2;3;1;C01
201800026035;2;7;0;0;2;1;1;D01
201800026035;1;7;0;0;2;1;1;B01
201800026035;1;7;0;0;2;1;17;A01
201800026036;0;7;0;2;0;1;14;A01
201800026037;2;7;0;1;2;1;10;A01
201800026037;1;7;0;9;0;8;0;B01
201800026038;2;7;0;0;2;0;0;B01
201800026038;1;7;0;0;2;1;1;A01
201800026039;1;7;0;0;1;2;19;A01
201800026040;0;7;0;0;0;0;0;B01
201800026040;1;7;0;0;2;1;1;A01
201800026041;0;7;0;0;2;3;19;A01
201800026041;0;30;0;0;0;0;0;B01
201800026042;1;7;0;0;2;2;0;A01
201800026043;2;7;0;0;1;1;1;A01
201800026044;1;7;0;0;2;1;0;A01
201800026044;1;7;0;0;0;4;23;B01
201800026045;1;7;0;0;2;8;13;A01
201800026045;2;7;0;0;2;8;1;B01
201800026046;2;7;0;0;1;2;0;A01
201800026047;2;30;0;0;2;1;1;B01
201800026047;2;7;0;0;6;3;19;A01
201800026048;1;7;0;0;6;2;9;A01
201800026048;1;32;0;0;2;2;0;B01
201800026049;2;7;0;0;2;3;19;A01
201800026049;2;32;0;0;2;1;1;B01
201800026050;1;7;0;8;2;6;9;A01
201800026050;0;7;0;0;2;2;0;B01
201800026051;1;33;0;6;0;1;17;A01
201800026052;0;7;0;0;2;2;0;A01
201800026052;0;1;0;0;2;7;0;B01
201800026053;0;10;0;0;2;1;21;B01
201800026053;0;2;0;0;2;1;13;A01
201800026054;0;7;0;0;0;4;23;D01
201800026054;0;7;0;0;2;4;1;C01
201800026054;0;7;0;0;2;1;1;B01
201800026054;0;7;0;0;2;1;1;A01
201800026055;0;7;0;0;2;7;1;B01
201800026055;0;7;0;0;2;1;15;A01
201800026056;1;33;0;0;2;1;2;A01
201800026056;1;7;0;0;0;6;2;B01
201800026057;1;7;0;0;2;1;9;A01
201800026057;1;2;0;0;2;7;1;B01
201800026058;0;7;0;0;2;1;15;A01
201800026058;0;1;0;0;2;7;1;B01
201800026059;2;7;0;0;2;8;0;B01
201800026059;1;7;0;0;2;2;15;A01
201800026060;1;7;0;0;2;1;15;A01
201800026060;2;2;0;0;2;8;1;B01
201800026061;2;7;0;0;1;2;1;A01
201800026062;1;17;0;0;2;3;0;B01
201800026062;2;7;0;0;2;3;13;A01
201800026063;0;7;0;0;1;1;1;A01
201800026064;2;10;0;0;2;3;1;B01
201800026064;2;7;0;0;2;1;15;A01
201800026065;0;31;0;0;0;0;0;A01
201800026066;2;3;0;0;2;1;19;A01
201800026066;1;10;0;0;2;8;19;B01
201800026067;1;34;0;6;0;3;1;A01
201800026068;2;7;0;0;2;3;1;B01
201800026068;1;7;0;0;2;3;13;A01
201800026068;2;7;0;0;2;3;1;C01
201800026069;2;7;0;0;1;1;1;A01
201800026070;2;2;0;0;2;0;5;Z01
201800026070;2;7;0;0;2;2;9;B01
201800026071;1;7;0;0;2;1;1;Z01
201800026071;1;7;0;0;2;8;1;B01
201800026072;2;7;0;0;2;8;1;B01
201800026072;1;7;0;0;2;8;13;A01
201800026073;2;40;2;0;1;2;1;A01
201800026074;1;7;0;0;1;2;1;A01
201800026075;2;2;0;0;2;1;1;B01
201800026075;2;7;0;0;2;3;15;A01
201800026076;1;7;0;0;2;1;9;A01
201800026076;1;7;0;12;2;7;1;B01
201800026077;2;7;0;0;0;9;15;A01
201800026078;2;7;0;0;1;3;19;A01
201800026079;2;7;0;0;1;2;11;A01
201800026080;1;7;0;0;1;1;19;A01
201800026081;1;7;0;0;1;4;20;A01
201800026082;1;7;0;0;2;0;1;A01
201800026083;1;7;0;0;2;1;1;B01
201800026083;2;7;0;0;2;7;9;A01
201800026084;1;1;0;0;2;6;1;B01
201800026084;2;7;0;0;2;2;17;Z01
201800026085;1;7;0;0;2;1;9;B01
201800026085;1;7;0;0;2;8;9;A01
201800026086;1;7;0;0;2;3;1;A01
201800026086;1;7;0;0;2;2;1;B01
201800026087;1;7;0;0;1;1;1;A01
201800026088;1;7;0;0;1;2;2;A01
201800026089;1;7;0;0;1;1;15;Z01
201800026090;1;34;0;0;2;2;15;A01
201800026090;2;7;0;0;2;1;1;B01
201800026091;1;1;0;0;1;1;2;A01
201800026092;1;7;0;0;2;4;2;B01
201800026092;1;7;0;0;2;1;2;A01
201800026093;2;37;1;0;2;1;1;B01
201800026093;2;7;0;0;2;8;9;A01
201800026094;2;7;0;0;2;5;2;B01
201800026094;2;2;0;0;2;1;2;A01
201800026095;1;7;0;0;2;1;19;A01
201800026095;2;7;0;0;2;3;1;B01
201800026096;2;31;0;0;2;4;2;B01
201800026096;2;7;0;0;2;1;2;A01
201800026097;2;7;0;0;2;1;1;B01
201800026097;1;7;0;0;2;5;1;A01
201800026098;1;1;0;0;2;4;1;B01
201800026098;1;7;0;0;2;1;1;Z01
201800026099;2;7;0;0;1;0;1;Z01
201800026100;2;7;0;0;1;3;1;A01
201800026101;1;7;0;0;2;8;1;B01
201800026101;1;7;0;0;2;1;9;A01
201800026102;1;7;0;0;2;1;9;A01
201800026102;2;7;0;0;2;6;1;B01
201800026103;2;1;0;0;2;4;16;A01
201800026103;1;7;0;0;2;2;1;B01
201800026104;2;10;0;0;2;1;1;A01
201800026104;2;7;0;0;2;4;23;D01
201800026104;2;7;0;0;2;4;23;B01
201800026104;2;7;0;0;2;4;23;C01
201800026105;1;7;0;0;1;0;0;Z01
201800026106;2;7;0;0;2;5;4;A01
201800026106;2;32;0;0;2;1;23;B01
201800026107;1;7;0;0;2;8;18;Z01
201800026107;1;1;0;0;2;7;1;B01
201800026108;2;7;0;0;2;2;1;B01
201800026108;2;7;0;1;2;7;1;A01
201800026109;1;7;0;0;2;1;9;A01
201800026109;1;7;0;0;2;8;9;B01
201800026110;1;7;0;0;2;1;1;Z01
201800026110;1;7;0;0;2;4;1;B01
201800026111;1;7;0;0;1;8;1;A01
201800026112;1;7;0;0;1;1;1;A01
201800026113;1;7;0;0;1;2;21;A01
201800026114;1;7;0;0;2;0;15;A01
201800026114;2;1;0;0;2;0;1;B01
201800026115;0;7;0;0;2;9;1;A01
201800026115;0;7;0;0;2;1;1;B01
201800026115;1;7;0;0;2;1;23;C01
201800026116;2;7;0;0;2;4;23;C01
201800026116;2;7;0;0;2;4;23;D01
201800026116;2;7;0;0;2;4;23;B01
201800026116;2;7;0;0;2;1;1;Z01
201800026117;2;7;0;0;1;3;0;A01
201800026118;1;1;0;0;1;1;0;A01
201800026119;2;7;0;0;1;1;15;A01
201800026120;1;33;0;11;0;1;1;A01
201800026121;1;1;0;0;2;4;1;B01
201800026121;1;7;0;0;2;2;2;A01
201800026122;2;7;0;0;2;0;16;A01
201800026122;2;1;0;0;2;0;1;B01
201800026123;1;17;0;0;2;5;9;A01
201800026123;1;7;0;0;2;1;9;B01
201800026124;2;7;0;0;1;1;0;A01
201800026125;2;7;0;0;2;2;1;B01
201800026125;1;7;0;0;2;1;1;A01
201800026126;1;7;0;0;2;3;1;A01
201800026126;2;7;0;0;2;1;1;B01
201800026127;2;32;0;11;0;1;1;A01
201800026128;2;10;0;0;1;1;1;A01
201800026129;0;7;0;0;2;2;0;A01
201800026129;0;33;0;0;2;1;0;B01
201800026130;1;1;0;1;0;1;22;B01
201800026130;1;7;0;1;0;1;0;A01
201800026131;1;7;0;0;2;4;16;Z01
201800026131;1;2;0;0;2;1;0;B01
201800026132;2;33;0;0;2;1;1;A01
201800026132;0;7;0;0;2;5;1;B01
201800026133;2;2;0;0;2;3;9;B01
201800026133;1;7;0;0;2;2;16;A01
201800026134;1;7;0;0;1;3;15;A01
201800026135;2;1;0;0;2;1;1;B01
201800026135;1;99;0;0;6;1;5;A01
201800026136;1;7;0;6;1;1;0;A01
201800026137;1;7;0;0;2;2;12;A01
201800026137;1;33;0;0;2;8;1;B01
201800026138;1;7;0;0;2;1;1;B01
201800026138;1;7;0;0;2;8;1;A01
201800026139;2;7;0;6;0;1;1;A01
201800026140;2;33;0;0;2;1;9;B01
201800026140;2;31;0;0;2;7;9;A01
201800026141;1;7;0;0;2;3;13;A01
201800026141;2;33;0;0;2;8;13;B01
201800026142;1;7;0;0;2;4;1;B01
201800026142;1;7;0;0;2;1;1;A01
201800026143;0;30;0;0;2;1;16;A01
201800026143;0;7;0;0;2;8;1;B01
201800026144;1;32;0;0;0;0;1;A01
201800026145;2;7;0;0;1;2;16;A01
201800026146;1;7;0;0;1;1;1;A01
201800026147;1;7;0;0;2;7;1;B01
201800026147;1;30;0;0;2;1;1;A01
201800026148;2;1;0;0;1;2;1;A01
201800026149;1;7;0;0;1;3;1;A01
201800026150;2;7;0;0;1;1;15;Z01
201800026151;1;7;0;0;1;1;15;A01
201800026152;2;7;0;0;1;3;15;A01
201800026153;2;7;0;0;2;8;13;A01
201800026153;1;7;0;0;2;8;15;B01
201800026154;0;7;0;0;2;0;0;A01
201800026154;0;7;0;0;2;0;0;B01
201800026155;2;7;0;0;2;1;1;B01
201800026155;1;7;0;0;2;8;1;A01
201800026156;1;7;0;0;1;2;1;A01
201800026157;1;7;0;6;0;1;1;A01
201800026158;1;7;0;0;2;7;15;A01
201800026158;2;31;0;0;2;1;1;B01
201800026159;2;33;0;0;0;1;1;A01
201800026160;2;7;0;0;1;2;1;A01
201800026161;2;7;0;1;2;6;16;B01
201800026161;2;7;0;0;2;2;1;A01
201800026162;1;40;1;0;1;1;1;A01
201800026163;2;7;0;0;1;2;1;A01
201800026164;2;7;0;0;2;2;15;A01
201800026164;1;7;0;0;2;3;1;B01
201800026165;0;7;0;0;1;1;1;A01
201800026166;1;7;0;0;2;8;15;B01
201800026166;1;33;0;0;2;1;17;A01
201800026167;2;7;0;0;2;3;13;A01
201800026167;1;7;0;0;2;3;1;B01
201800026168;2;31;0;0;0;0;0;A01
201800026169;1;7;0;0;2;4;1;B01
201800026169;1;7;0;0;6;4;1;C01
201800026169;1;7;0;0;2;1;2;A01
201800026170;2;10;0;0;2;1;0;A01
201800026170;1;7;0;0;2;3;0;B01
201800026171;2;7;0;0;1;2;1;A01
201800026172;1;31;0;0;2;1;1;B01
201800026172;1;7;0;0;2;3;16;A01
201800026173;2;7;0;0;1;2;2;A01
201800026174;1;7;0;0;1;2;13;A01
201800026175;2;7;0;1;0;7;1;B01
201800026175;1;7;0;0;2;1;16;A01
201800026176;2;7;0;0;2;2;10;A01
201800026176;2;33;0;0;2;1;1;B01
201800026177;1;7;0;0;2;4;1;B01
201800026177;1;7;0;0;2;1;0;A01
201800026178;2;7;0;0;1;4;4;A01
201800026179;1;7;0;0;1;3;15;A01
201800026180;1;7;0;0;2;6;0;B01
201800026180;1;30;0;1;0;1;1;A01
201800026181;1;7;0;0;2;7;16;B01
201800026181;1;33;0;0;2;8;18;A01
201800026182;1;7;0;0;1;1;0;A01
201800026183;1;7;0;0;1;2;0;A01
201800026184;2;10;0;0;2;4;1;B01
201800026184;2;10;0;0;2;1;0;A01
201800026185;2;10;0;0;1;3;0;A01
201800026186;1;7;0;0;2;9;1;A01
201800026186;2;7;0;0;2;8;1;B01
201800026187;2;36;0;1;0;1;1;A01
201800026187;0;7;0;0;2;3;20;B01
201800026188;0;7;0;0;2;2;1;A01
201800026188;0;7;0;0;0;3;20;B01
201800026189;0;7;0;0;2;1;2;B01
201800026189;0;7;0;0;2;3;0;C01
201800026189;0;7;0;1;2;4;20;A01
201800026190;2;7;0;0;1;1;0;A01
201800026191;1;7;0;0;2;8;15;B01
201800026191;1;31;0;0;2;7;17;A01
201800026192;2;10;0;0;2;2;15;A01
201800026192;1;7;0;0;2;8;1;B01
201800026193;2;7;0;0;1;2;1;A01
201800026194;0;7;0;0;2;2;17;A01
201800026194;1;33;0;0;2;0;15;B01
201800026195;0;10;0;13;0;3;14;A01
201800026196;0;7;0;0;2;2;1;A01
201800026196;0;7;0;0;2;5;0;B01
201800026197;0;33;0;0;2;1;2;A01
201800026197;0;7;0;0;0;6;10;B01
201800026198;1;20;0;0;6;3;0;A01
201800026198;2;1;0;0;2;1;13;B01
201800026199;2;7;0;0;6;3;10;A01
201800026199;1;2;0;0;2;1;2;B01
201800026200;1;10;0;0;2;5;13;B01
201800026200;1;99;0;0;2;0;0;A01
201800026201;2;7;0;0;2;4;1;C01
201800026201;2;7;0;0;2;1;5;A01
201800026201;1;7;0;0;2;3;16;B01
201800026201;2;7;0;0;2;0;1;T01
201800026202;1;7;0;0;2;6;0;A01
201800026202;1;7;0;0;2;1;1;B01
201800026203;2;7;0;0;2;3;15;B01
201800026203;2;7;0;0;2;2;17;A01
201800026204;2;7;0;14;0;4;1;A01
201800026204;2;7;0;0;2;1;1;C01
201800026204;2;7;0;0;2;4;1;B01
201800026205;0;7;0;0;1;2;0;A01
201800026206;2;7;0;0;2;3;13;A01
201800026206;1;7;0;0;2;3;1;B01
201800026207;0;7;0;0;2;3;1;B01
201800026207;0;7;0;0;2;3;1;A01
201800026208;2;2;0;0;2;5;1;B01
201800026208;1;7;0;0;2;5;15;A01
201800026209;0;7;0;0;1;0;0;A01
201800026210;1;7;0;0;1;1;1;A01
201800026211;1;7;0;0;1;0;15;A01
201800026212;2;7;0;6;0;3;1;A01
201800026213;2;7;0;0;1;1;1;A01
201800026214;2;1;0;0;1;1;1;A01
201800026215;1;33;0;0;2;1;1;B01
201800026215;1;7;0;0;2;3;15;A01
201800026216;1;7;0;0;1;3;1;A01
201800026217;1;7;0;0;2;8;19;B01
201800026217;1;30;0;0;2;1;1;A01
201800026218;1;7;0;0;2;6;23;B01
201800026218;1;2;0;0;2;8;21;A01
201800026219;1;7;0;0;1;1;1;A01
201800026220;1;7;0;0;2;3;1;A01
201800026220;1;7;0;0;2;1;1;B01
201800026221;2;2;0;0;1;3;21;A01
201800026222;2;2;0;0;2;7;17;A01
201800026222;2;7;0;0;2;8;15;B01
201800026223;2;7;0;0;1;2;16;A01
201800026224;1;31;0;0;2;1;1;B01
201800026224;1;7;0;0;2;2;19;A01
201800026225;0;30;0;6;0;8;21;A01
201800026226;1;7;0;0;2;1;20;A01
201800026226;2;33;0;0;2;8;1;B01
201800026227;1;1;0;0;5;1;1;A01
201800026228;2;7;0;0;2;3;15;A01
201800026228;2;33;0;0;2;1;1;B01
201800026229;2;33;0;0;2;3;2;A01
201800026229;2;7;0;0;2;4;1;B01
201800026230;1;7;0;0;1;3;1;A01
201800026231;1;30;0;0;1;1;1;A01
201800026232;1;10;0;0;1;1;20;A01
201800026233;1;7;0;0;2;1;1;A01
201800026233;2;7;0;0;2;1;1;B01
201800026234;1;31;0;0;2;1;2;A01
201800026234;1;7;0;0;2;4;23;B01
201800026235;1;7;0;0;1;1;15;A01
201800026236;1;2;0;0;2;1;1;B01
201800026236;1;7;0;0;2;3;15;A01
201800026237;1;7;0;9;1;1;5;A01
201800026238;1;7;0;0;1;1;15;A01
201800026239;1;1;0;0;2;0;0;B01
201800026239;2;7;0;0;2;3;9;A01
201800026240;1;7;0;0;2;2;0;A01
201800026240;1;99;0;0;2;1;2;B01
201800026241;1;1;0;0;2;1;1;B01
201800026241;1;10;0;0;2;2;15;A01
201800026242;1;1;0;0;2;7;1;B01
201800026242;2;7;0;0;9;2;15;A01
201800026243;1;7;0;0;0;3;15;A01
201800026243;1;34;0;0;2;1;21;B01
201800026244;0;7;0;13;0;7;1;A01
201800026245;1;7;0;0;0;0;1;A01
201800026246;0;1;0;0;6;0;1;B01
201800026246;0;7;0;0;6;0;1;A01
201800026247;2;7;0;0;1;1;0;A01
201800026248;2;1;0;0;2;5;5;A01
201800026248;1;7;0;0;6;2;1;B01
201800026249;2;7;0;1;0;3;24;A01
201800026249;2;1;0;1;0;1;2;B01
201800026250;2;7;0;6;1;1;21;A01
201800026251;1;1;0;0;2;1;1;B01
201800026251;2;7;0;0;2;2;15;A01
201800026252;1;7;0;0;1;3;1;A01
201800026253;0;7;0;0;1;1;0;A01
201800026254;1;7;0;0;1;2;1;A01
201800026255;0;7;0;0;2;0;1;A01
201800026255;2;1;0;0;2;0;1;B01
201800026256;2;14;0;3;2;6;1;B01
201800026256;2;10;0;0;2;2;17;A01
201800026257;2;10;0;0;0;4;1;B01
201800026257;2;10;0;0;2;1;1;A01
201800026258;1;7;0;1;2;3;0;B01
201800026258;2;30;0;12;2;1;5;A01
201800026259;0;7;0;0;1;0;0;Z01
201800026260;1;7;0;2;0;1;14;A01
201800026261;0;7;0;0;2;0;0;A01
201800026261;0;31;0;0;2;0;1;B01
201800026262;1;7;0;0;1;1;1;A01
201800026263;1;7;0;0;2;1;2;B01
201800026263;1;7;0;3;9;4;23;A01
201800026264;1;7;0;0;1;2;1;A01
201800026265;0;7;0;0;1;1;1;A01
201800026266;0;7;0;0;1;1;1;A01
201800026267;0;7;0;0;2;1;1;A01
201800026267;0;99;0;0;2;0;0;R01
201800026268;0;7;0;0;2;1;13;A01
201800026268;0;7;0;0;2;1;1;B01
201800026269;0;7;0;0;9;3;11;A01
201800026269;0;33;0;15;2;1;1;B01
201800026270;0;7;0;0;1;1;1;A01
201800026271;0;7;0;0;2;1;1;B01
201800026271;0;7;0;0;2;1;13;A01
201800026272;0;7;0;0;1;2;1;A01
201800026273;0;7;0;0;2;1;1;B01
201800026273;0;7;0;6;2;7;1;A01
201800026274;0;7;0;0;1;1;1;A01
201800026275;0;7;0;0;2;1;6;A01
201800026275;0;7;0;0;2;1;1;B01
201800026276;0;7;0;1;0;1;1;A01
201800026276;0;7;0;0;2;8;24;B01
201800026277;1;7;0;0;2;4;13;B01
201800026277;1;7;0;0;2;1;17;A01
201800026277;1;7;0;3;2;1;1;C01
201800026278;0;7;0;0;2;1;13;A01
201800026278;0;7;0;0;2;1;1;C01
201800026278;0;7;0;0;2;2;1;B01
201800026279;0;40;25;0;1;1;1;A01
201800026280;0;10;0;0;2;0;23;A01
201800026280;0;7;0;1;0;0;1;Z01
201800026281;0;30;0;0;2;1;2;A01
201800026281;0;7;0;0;2;9;2;B01
201800026281;0;7;0;0;2;4;2;C01
201800026282;0;7;0;0;1;1;1;A01
201800026283;0;7;0;0;1;4;4;A01
201800026284;0;7;0;0;1;1;16;A01
201800026285;0;7;0;6;0;1;1;A01
201800026286;0;1;0;0;9;0;1;B01
201800026286;0;30;0;0;9;0;1;A01
201800026287;0;7;0;0;2;1;2;A01
201800026287;0;7;0;0;2;4;2;B01
201800026288;0;33;0;0;2;1;1;B01
201800026288;0;7;0;0;9;5;10;A01
201800026289;0;7;0;0;9;2;15;A01
201800026289;0;99;0;0;2;1;1;B01
201800026290;0;7;0;0;2;6;1;C01
201800026290;0;7;0;0;2;1;7;A01
201800026290;0;7;0;0;2;3;15;B01
201800026291;0;7;0;0;2;1;1;B01
201800026291;0;7;0;0;2;1;5;Z01
201800026292;0;7;0;0;1;1;1;A01
201800026293;0;7;0;0;2;0;1;Z01
201800026293;0;99;0;0;2;1;1;B01
201800026294;0;7;0;0;2;1;2;A01
201800026294;0;7;0;0;2;4;23;B01
201800026295;0;7;0;0;1;1;16;A01
201800026296;0;30;0;0;2;1;1;A01
201800026296;0;7;0;0;9;3;15;B01
201800026297;0;1;0;0;2;8;15;A01
201800026297;0;14;0;0;9;2;1;B01
201800026298;0;10;0;0;1;1;0;A01
201800026299;0;7;0;0;2;3;1;B01
201800026299;0;7;0;0;2;1;1;A01
201800026300;0;7;0;0;0;0;24;B01
201800026300;0;7;0;14;1;1;17;A01
201800026301;1;7;0;7;0;1;14;A01
201800026302;0;7;0;0;1;0;0;A01
201800026303;1;7;0;4;2;1;1;A01
201800026303;1;7;0;3;2;6;2;B01
201800026304;2;7;0;0;1;2;1;A01
201800026305;0;34;0;14;0;0;1;A01
201800026306;0;7;0;0;1;1;1;A01
201800026307;0;7;0;0;2;1;2;A01
201800026307;0;7;0;0;2;4;2;B01
201800026308;0;1;0;0;9;1;1;B01
201800026308;0;32;0;0;9;1;5;A01
201800026309;0;1;0;0;1;1;1;A01
201800026310;1;15;0;0;2;2;2;A01
201800026310;1;7;0;0;2;1;2;B01
201800026310;1;10;0;0;2;6;2;C01
201800026311;0;37;15;0;2;3;1;C01
201800026311;0;7;0;14;2;1;1;A01
201800026311;0;7;0;6;2;6;9;B01
201800026312;2;7;0;8;0;1;1;A01
201800026313;0;7;0;0;1;1;1;A01
201800026314;2;7;0;0;2;8;1;B01
201800026314;2;14;0;0;2;2;12;A01
201800026315;0;7;0;0;1;1;1;A01
201800026316;1;34;0;0;1;1;1;A01
201800026317;0;7;0;0;1;1;1;A01
201800026318;1;7;0;0;2;3;1;B01
201800026318;2;7;0;0;2;1;15;A01
201800026319;1;7;0;0;2;1;1;A01
201800026319;1;7;0;0;2;1;1;B01
201800026320;0;7;0;0;2;3;19;A01
201800026320;0;1;0;0;2;1;1;B01
201800026321;0;7;0;0;2;8;24;B01
201800026321;0;7;0;1;2;1;2;A01
201800026321;0;10;0;0;2;4;2;C01
201800026322;1;7;0;0;1;7;1;A01
201800026323;0;7;0;0;2;3;1;B01
201800026323;0;32;0;0;2;1;1;A01
201800026324;1;7;0;0;1;3;16;A01
201800026325;0;7;0;0;2;1;1;B01
201800026325;0;30;0;0;2;1;13;A01
201800026326;2;33;0;13;0;1;1;A01
201800026327;0;7;0;0;2;1;2;D01
201800026327;0;7;0;0;2;1;2;C01
201800026327;0;7;0;0;2;4;1;A01
201800026327;0;7;0;0;2;1;2;B01
201800026328;0;7;0;0;2;4;0;B01
201800026328;1;7;0;0;2;1;1;A01
201800026329;0;7;0;0;1;1;1;A01
201800026330;0;7;0;0;2;1;2;A01
201800026330;0;1;0;0;2;4;2;B01
201800026331;0;7;0;0;2;0;1;A01
201800026331;0;14;0;0;0;0;1;B01
201800026332;1;1;0;0;2;8;1;B01
201800026332;1;7;0;0;2;1;16;A01
201800026333;0;10;0;0;1;1;1;A01
201800026334;0;30;0;16;0;0;0;A01
201800026335;2;7;0;0;2;7;17;D01
201800026335;2;7;0;0;2;1;2;C01
201800026335;2;17;0;0;2;4;23;A01
201800026335;2;7;0;1;0;4;1;B01
201800026336;0;1;0;0;2;4;19;A01
201800026336;0;7;0;0;0;1;1;B01
201800026337;2;7;0;0;1;2;1;A01
201800026338;0;34;0;0;2;1;1;B01
201800026338;0;7;0;0;2;8;10;A01
201800026339;0;7;0;0;2;0;1;A01
201800026339;0;7;0;0;2;0;1;B01
201800026340;0;7;0;0;2;0;1;B01
201800026340;0;7;0;0;2;5;0;Z01
201800026341;1;99;0;0;2;6;0;A01
201800026341;1;1;0;0;2;7;0;B01
201800026342;1;31;0;0;0;0;1;A01
201800026343;1;1;0;0;2;8;1;B01
201800026343;1;99;0;0;2;0;1;A01
201800026344;0;7;0;0;1;4;4;Z01
201800026345;0;1;0;0;0;0;0;B01