num_acc;senc;catv;occutc;obs;obsm;choc;manv;num_veh
201800026345;0;30;0;0;2;0;0;Z01
201800026346;1;7;0;0;1;1;1;A01
201800026347;0;7;0;0;0;4;0;B01
201800026347;0;1;0;0;2;1;1;A01
201800026348;0;7;0;0;1;1;17;A01
201800026349;0;7;0;0;1;0;1;A01
201800026350;0;7;0;2;0;1;1;A01
201800026351;0;7;0;0;2;4;2;B01
201800026351;0;7;0;0;2;1;2;A01
201800026352;1;1;0;0;2;1;1;B01
201800026352;0;7;0;0;9;2;23;A01
201800026353;0;30;0;0;2;7;21;B01
201800026353;1;7;0;0;6;1;9;A01
201800026354;0;7;0;0;2;1;1;A01
201800026354;0;33;0;0;2;2;1;B01
201800026355;0;7;0;0;2;4;1;B01
201800026355;0;2;0;0;2;8;1;A01
201800026356;0;30;0;8;0;1;0;A01
201800026357;0;7;0;0;2;0;1;Z01
201800026357;0;7;0;0;0;1;1;B01
201800026358;0;7;0;0;1;3;1;A01
201800026359;0;7;0;0;2;0;2;B01
201800026359;0;33;0;0;2;1;1;A01
201800026360;0;35;0;0;2;1;1;A01
201800026360;0;7;0;0;2;5;1;B01
201800026361;2;7;0;0;2;6;1;B01
201800026361;1;7;0;0;2;3;13;A01
201800026362;0;7;0;0;1;8;0;A01
201800026363;1;31;0;0;2;2;9;A01
201800026363;1;7;0;0;2;7;17;C01
201800026363;1;7;0;0;2;5;17;B01
201800026364;0;7;0;0;2;8;20;A01
201800026364;0;30;0;0;2;1;1;B01
201800026365;1;37;1;0;2;5;1;A01
201800026365;1;1;0;0;2;3;1;B01
201800026366;0;7;0;0;0;0;0;Z01
201800026366;1;7;0;0;2;1;1;B01
201800026367;0;31;0;0;2;2;1;B01
201800026367;0;7;0;0;2;2;1;A01
201800026368;0;30;0;0;1;1;1;A01
201800026369;1;7;0;0;1;6;4;A01
201800026370;0;1;0;0;2;1;1;B01
201800026370;0;10;0;0;2;7;20;A01
201800026371;1;7;0;0;2;4;2;B01
201800026371;1;7;0;0;2;4;1;D01
201800026371;1;7;0;0;2;4;1;C01
201800026371;1;7;0;0;2;1;2;A01
201800026372;0;33;0;0;2;1;1;B01
201800026372;0;7;0;0;2;6;10;A01
201800026373;0;7;0;0;2;1;15;A01
201800026373;0;1;0;0;2;1;1;B01
201800026374;0;7;0;0;2;1;9;Z01
201800026374;0;30;0;0;0;5;0;B01
201800026375;0;7;0;0;2;3;1;B01
201800026376;1;7;0;0;2;4;2;B01
201800026376;1;7;0;0;2;4;0;C01
201800026376;1;7;0;0;2;2;2;A01
201800026377;1;7;0;0;2;1;16;B01
201800026377;1;34;0;0;2;8;1;A01
201800026378;0;7;0;0;2;0;9;Z01
201800026378;0;30;0;0;0;1;1;B01
201800026379;0;7;0;0;2;1;0;Z01
201800026379;0;30;0;0;2;0;1;B01
201800026380;0;10;0;0;1;1;1;A01
201800026381;0;7;0;0;1;1;1;A01
201800026382;0;7;0;0;0;0;1;Z01
201800026382;0;7;0;0;2;0;1;B01
201800026383;0;40;1;0;1;0;1;A01
201800026384;1;1;0;0;2;1;1;B01
201800026384;1;7;0;0;2;2;15;A01
201800026385;0;7;0;0;0;0;0;B01
201800026385;0;7;0;0;0;0;0;Z01
201800026386;0;1;0;0;2;4;0;B01
201800026386;0;7;0;0;2;4;2;A01
201800026387;1;31;0;0;2;7;1;B01
201800026387;1;7;0;0;0;0;1;Z01
201800026388;0;33;0;0;2;2;1;A01
201800026388;0;1;0;0;2;6;1;B01
201800026389;0;1;0;0;2;0;1;B01
201800026389;0;10;0;0;2;4;4;A01
201800026390;1;33;0;8;0;8;1;A01
201800026391;1;7;0;0;2;4;0;B01
201800026391;1;7;0;0;2;5;1;C01
201800026391;1;10;0;0;2;2;1;A01
201800026392;1;7;0;0;2;4;1;B01
201800026392;1;7;0;0;0;0;1;Z01
201800026393;1;7;0;0;2;2;0;X01
201800026393;1;7;0;0;2;6;1;B01
201800026394;1;31;0;0;2;1;1;A01
201800026394;1;7;0;0;2;4;1;B01
201800026395;0;1;0;0;2;1;1;B01
201800026395;0;7;0;0;2;3;1;A01
201800026396;1;7;0;1;0;4;23;C01
201800026396;1;7;0;1;0;4;23;D01
201800026396;1;7;0;1;0;4;23;B01
201800026396;1;10;0;0;2;1;1;A01
201800026396;1;17;0;0;0;4;23;E01
201800026397;1;7;0;0;2;8;0;B01
201800026397;1;14;0;0;2;0;0;A01
201800026398;1;7;0;0;2;6;23;B01
201800026398;1;2;0;0;2;1;1;A01
201800026399;1;7;0;0;2;1;1;D01
201800026399;1;7;0;0;2;4;1;A01
201800026399;1;7;0;0;2;9;1;C01
201800026399;1;7;0;0;2;9;1;B01
201800026400;0;7;0;13;2;6;2;B01
201800026400;0;7;0;0;2;4;2;C01
201800026400;0;7;0;13;2;1;2;A01
201800026400;0;7;0;0;2;4;2;D01
201800026401;0;10;0;0;2;2;1;A01
201800026401;0;1;0;0;2;1;2;B01
201800026402;0;7;0;0;2;1;15;A01
201800026402;0;7;0;0;2;2;1;B01
201800026403;2;33;0;0;2;0;1;A01
201800026403;2;7;0;0;0;0;0;B01
201800026404;1;7;0;0;0;4;2;B01
201800026404;1;7;0;0;2;1;2;A01
201800026405;1;33;0;0;2;1;2;A01
201800026405;1;7;0;0;2;4;1;B01
201800026406;0;7;0;12;0;6;0;B01
201800026406;0;7;0;0;2;2;17;A01
201800026406;0;7;0;0;0;1;23;C01
201800026407;0;1;0;0;1;1;1;A01
201800026408;1;7;0;0;2;5;2;B01
201800026408;1;7;0;0;2;1;2;A01
201800026408;1;7;0;0;0;5;2;C01
201800026409;0;7;0;0;2;7;1;Z01
201800026409;0;1;0;0;2;1;1;A01
201800026410;0;30;0;14;0;1;1;A01
201800026411;0;40;25;0;1;3;24;A01
201800026412;0;1;0;0;0;0;1;B01
201800026412;0;31;0;0;2;0;1;A01
201800026413;1;7;0;0;2;4;1;C01
201800026413;1;7;0;0;2;4;1;B01
201800026413;1;7;0;0;2;1;1;A01
201800026414;0;33;0;0;6;0;1;B01
201800026414;0;1;0;0;2;0;15;A01
201800026415;0;33;0;0;0;1;1;B01
201800026415;0;7;0;0;2;8;9;A01
201800026416;0;7;0;0;2;1;13;A01
201800026416;0;7;0;0;0;1;1;B01
201800026417;0;7;0;0;0;8;1;B01
201800026417;0;7;0;0;2;1;1;A01
201800026418;0;1;0;1;1;1;21;A01
201800026419;1;7;0;0;2;1;1;B01
201800026419;1;7;0;0;2;1;1;A01
201800026420;0;1;0;0;0;0;0;B01
201800026420;0;7;0;0;2;0;11;A01
201800026421;0;7;0;0;1;1;1;A01
201800026422;0;7;0;0;2;0;0;Z01
201800026422;0;2;0;0;0;1;1;B01
201800026423;2;7;0;0;2;1;1;B01
201800026423;2;7;0;0;2;1;5;A01
201800026424;1;1;0;0;2;8;1;B01
201800026424;1;1;0;0;2;7;16;A01
201800026425;1;7;0;0;1;1;1;A01
201800026426;1;7;0;0;1;1;1;A01
201800026427;0;33;0;0;0;0;1;B01
201800026427;0;7;0;0;2;0;20;A01
201800026428;2;33;0;0;2;2;1;A01
201800026428;2;7;0;0;2;5;2;C01
201800026428;2;7;0;0;2;0;2;B01
201800026429;2;32;0;0;1;1;0;Z01
201800026430;0;34;0;0;0;1;1;B01
201800026430;0;7;0;0;2;1;13;A01
201800026431;0;7;0;0;1;0;1;A01
201800026432;1;7;0;0;2;4;1;B01
201800026432;1;7;0;0;2;1;1;A01
201800026433;0;7;0;0;1;0;0;Z01
201800026434;1;7;0;0;0;0;1;A01
201800026435;1;99;0;0;1;0;19;Z01
201800026436;0;7;0;0;2;0;1;A01
201800026436;0;34;0;0;0;0;1;C01
201800026436;0;34;0;0;0;0;1;B01
201800026437;1;7;0;0;1;1;1;A01
201800026438;1;7;0;0;2;5;1;B01
201800026438;1;7;0;0;2;4;1;D01
201800026438;1;7;0;0;2;1;1;C01
201800026438;1;7;0;0;2;1;1;A01
201800026438;1;7;0;0;2;1;1;E01
201800026439;1;1;0;0;2;1;15;A01
201800026439;1;37;1;0;2;6;1;B01
201800026440;1;10;0;0;2;8;15;A01
201800026440;1;37;1;0;2;2;1;B01
201800026441;1;1;0;0;2;7;1;B01
201800026441;1;7;0;0;2;7;16;A01
201800026442;1;7;0;0;2;0;1;Z01
201800026442;1;7;0;0;1;8;1;B01
201800026443;0;99;0;0;1;0;0;Z01
201800026444;1;7;0;0;2;1;1;A01
201800026444;0;7;0;0;2;3;1;B01
201800026445;1;7;0;0;2;2;1;A01
201800026445;1;7;0;0;2;6;1;B01
201800026446;1;7;0;0;0;4;1;B01
201800026446;1;33;0;0;2;1;1;A01
201800026447;1;10;0;0;2;1;1;A01
201800026447;1;7;0;0;2;4;1;C01
201800026447;1;7;0;0;2;4;1;B01
201800026448;1;34;0;0;2;1;1;B01
201800026448;2;7;0;0;2;1;15;A01
201800026449;1;7;0;0;2;7;16;B01
201800026449;1;33;0;0;2;8;18;A01
201800026450;0;7;0;0;2;3;23;B01
201800026450;0;30;0;0;2;1;1;A01
201800026451;1;7;0;0;2;4;1;C01
201800026451;1;7;0;0;2;1;1;A01
201800026451;1;7;0;0;2;4;1;B01
201800026452;0;32;0;0;1;1;1;A01
201800026453;1;1;0;0;2;7;1;B01
201800026453;1;10;0;0;2;3;9;A01
201800026454;0;7;0;0;0;4;2;B01
201800026454;0;7;0;0;2;1;2;A01
201800026455;1;7;0;0;2;3;9;A01
201800026455;1;1;0;0;0;7;1;B01
201800026456;0;7;0;0;2;1;2;A01
201800026456;0;7;0;0;2;1;2;B01
201800026456;0;7;0;0;0;4;2;C01
201800026457;0;1;0;0;0;1;1;B01
201800026457;0;7;0;0;2;0;1;A01
201800026458;0;31;0;0;0;3;1;A01
201800026459;0;7;0;0;2;1;1;A01
201800026459;0;1;0;0;0;3;1;B01
201800026460;1;99;0;0;2;0;16;Z01
201800026460;1;1;0;0;2;7;1;B01
201800026461;1;7;0;0;2;0;1;Z01
201800026461;1;7;0;0;2;5;1;B01
201800026462;1;7;0;0;1;0;2;B01
201800026463;1;7;0;10;0;8;17;A01
201800026464;0;1;0;0;1;0;0;Z01
201800026465;0;1;0;0;2;0;1;Z01
201800026465;0;1;0;0;0;0;1;B01
201800026466;0;30;0;0;2;1;1;A01
201800026466;0;7;0;0;0;0;1;B01
201800026467;0;7;0;0;2;8;10;A01
201800026467;0;33;0;0;0;1;0;B01
201800026468;0;2;0;0;2;1;15;A01
201800026468;0;7;0;0;2;3;1;B01
201800026469;0;7;0;0;2;1;1;A01
201800026469;0;1;0;0;0;7;1;B01
201800026470;0;7;0;0;1;1;1;A01
201800026471;0;7;0;0;1;0;1;A01
201800026472;0;7;0;0;1;0;1;Z01
201800026473;0;7;0;0;1;0;1;Z01
201800026474;0;7;0;0;1;0;1;Z01
201800026475;0;7;0;0;1;1;1;A01
201800026476;2;7;0;0;2;1;13;A01
201800026476;1;7;0;0;2;3;1;B01
201800026477;0;7;0;0;0;1;0;B01
201800026477;0;32;0;0;2;1;9;A01
201800026478;0;10;0;0;2;1;1;A01
201800026478;0;1;0;0;2;4;1;B01
201800026479;0;7;0;6;0;1;1;A01
201800026480;1;1;0;0;2;0;0;B01
201800026480;1;7;0;0;2;8;22;A01
201800026481;0;7;0;0;0;1;1;B01
201800026481;0;7;0;0;2;3;16;A01
201800026482;2;7;0;0;2;1;9;A01
201800026482;2;7;0;1;0;4;23;B01
201800026483;0;7;0;0;1;0;1;Z01
201800026484;1;17;0;0;1;0;20;A01
201800026485;0;1;0;0;0;0;0;B01
201800026485;0;10;0;0;2;0;17;Z01
201800026486;0;7;0;0;1;1;1;A01
201800026487;2;7;0;0;1;0;16;A01
201800026488;0;7;0;0;1;0;0;A01
201800026489;0;7;0;0;1;2;1;A01
201800026490;0;30;0;0;2;1;5;Z01
201800026490;0;1;0;0;2;1;1;B01
201800026491;0;7;0;0;1;0;1;A01
201800026492;1;7;0;0;2;7;24;B01
201800026492;1;7;0;1;0;1;1;A01
201800026493;1;10;0;0;2;0;1;A01
201800026493;1;31;0;0;2;9;1;B01
201800026494;0;10;0;0;1;2;1;A01
201800026495;1;7;0;0;2;1;1;B01
201800026495;1;7;0;0;2;7;1;A01
201800026496;1;7;0;0;1;1;1;A01
201800026497;1;7;0;0;2;4;2;B01
201800026497;1;7;0;0;2;1;1;A01
201800026498;1;7;0;0;2;2;1;B01
201800026498;1;7;0;0;2;9;11;A01
201800026499;1;7;0;0;2;8;1;C01
201800026499;1;7;0;0;2;2;1;A01
201800026499;1;7;0;0;2;8;1;B01
201800026500;0;30;0;0;2;8;10;A01
201800026500;0;7;0;0;2;0;9;B01
201800026501;0;99;0;0;0;0;1;A01
201800026502;0;7;0;0;1;0;1;A01
201800026503;1;7;0;0;2;0;1;Z01
201800026503;0;1;0;0;0;0;1;B01
201800026504;2;7;0;0;2;6;2;D01
201800026504;2;15;0;0;0;0;2;C01
201800026504;2;7;0;0;2;7;2;B01
201800026504;2;7;0;0;2;4;17;A01
201800026505;1;7;0;0;2;1;1;C01
201800026505;1;7;0;0;2;1;1;B01
201800026505;1;7;0;0;2;4;1;A01
201800026506;1;7;0;0;1;1;1;A01
201800026507;1;37;1;0;1;0;23;A01
201800026508;1;99;0;0;1;0;0;A01
201800026509;0;7;0;0;1;2;1;A01
201800026510;2;7;0;0;1;1;1;A01
201800026511;0;7;0;0;1;2;1;A01
201800026512;1;7;0;0;2;8;1;B01
201800026512;1;34;0;0;2;1;1;A01
201800026513;1;2;0;0;2;1;1;A01
201800026513;2;7;0;0;2;3;4;B01
201800026514;;7;0;0;1;1;1;A01
201800026515;2;7;0;0;2;3;8;A01
201800026515;1;37;10;0;2;2;1;B01
201800026516;0;7;0;6;2;1;1;A01
201800026516;0;7;0;8;2;1;16;B01
201800026517;0;1;0;0;2;1;16;B01
201800026517;0;7;0;0;2;1;15;A01
201800026518;1;7;0;0;2;1;2;A01
201800026518;1;7;0;0;2;4;2;B01
201800026518;1;7;0;0;2;4;2;C01
201800026519;0;7;0;0;2;3;1;B01
201800026519;0;10;0;0;2;2;1;A01
201800026520;1;7;0;0;1;1;0;A01
201800026521;1;7;0;0;1;1;1;A01
201800026522;2;7;0;0;2;1;2;A01
201800026522;2;7;0;0;2;4;1;B01
201800026523;1;7;0;13;0;9;14;A01
201800026524;1;30;0;0;2;5;1;B01
201800026524;0;7;0;0;2;1;9;A01
201800026525;2;7;0;0;2;1;1;A01
201800026525;2;7;0;0;2;6;1;B01
201800026526;1;7;0;0;1;4;4;A01
201800026527;1;7;0;0;1;4;4;A01
201800026528;1;7;0;0;2;2;1;A01
201800026528;2;7;0;0;2;2;1;B01
201800026529;0;7;0;0;1;0;4;A01
201800026530;0;99;0;0;2;0;0;R01
201800026530;1;7;0;0;2;2;1;A01
201800026531;2;7;0;0;2;4;1;B01
201800026531;2;10;0;0;2;1;1;A01
201800026532;1;7;0;0;2;4;1;C01
201800026532;1;7;0;0;2;4;1;B01
201800026532;1;10;0;0;2;1;1;A01
201800026533;2;7;0;0;2;4;1;B01
201800026533;2;7;0;0;2;1;1;A01
201800026534;2;7;0;0;2;3;19;A01
201800026534;1;31;0;0;2;9;1;B01
201800026535;0;7;0;0;2;2;15;A01
201800026535;0;33;0;0;2;1;1;B01
201800026536;1;10;0;0;2;1;1;B01
201800026536;1;7;0;0;2;4;1;C01
201800026536;1;7;0;0;2;4;1;A01
201800026537;0;7;0;0;2;5;9;B01
201800026537;0;7;0;0;2;1;0;C01
201800026537;1;99;0;0;2;1;1;A01
201800026538;0;1;0;0;2;8;1;B01
201800026538;2;7;0;0;2;1;16;A01
201800026539;2;7;0;0;1;1;16;Z01
201800026540;1;7;0;0;2;2;1;A01
201800026540;1;31;0;0;2;1;1;B01
201800026541;0;32;0;0;2;1;1;B01
201800026541;0;37;1;0;2;3;15;A01
201800026542;0;2;0;0;2;1;1;B01
201800026542;0;7;0;0;2;5;4;A01
201800026543;1;7;0;0;2;8;1;B01
201800026543;1;33;0;0;2;2;9;A01
201800026544;0;7;0;0;2;1;1;A01
201800026544;0;1;0;0;2;1;15;B01
201800026545;2;7;0;0;2;2;1;B01
201800026545;1;30;0;1;2;1;9;A01
201800026546;0;7;0;0;2;4;1;B01
201800026546;0;17;0;0;2;1;2;A01
201800026546;0;7;0;0;2;4;20;C01
201800026547;0;7;0;0;2;6;1;A01
201800026547;0;37;4;0;2;2;1;B01
201800026548;2;7;0;0;2;6;10;A01
201800026548;2;33;0;0;2;1;1;B01
201800026549;1;7;0;0;2;7;16;B01
201800026549;1;2;0;0;2;1;18;A01
201800026550;2;33;0;0;2;7;1;B01
201800026550;2;7;0;0;2;6;16;A01
201800026551;1;7;0;0;2;7;1;B01
201800026551;1;7;0;0;2;1;1;A01
201800026552;1;7;0;0;2;3;15;A01
201800026552;0;33;0;0;2;1;3;B01
201800026553;1;7;0;0;1;1;1;A01
201800026554;0;7;0;0;2;1;1;A01
201800026554;0;7;0;0;2;0;1;B01
201800026555;1;33;0;0;2;1;1;A01
201800026555;1;10;0;0;2;2;1;B01
201800026556;1;1;0;1;0;7;1;B01
201800026556;2;7;0;0;2;3;22;A01
201800026557;0;31;0;1;2;3;1;B01
201800026557;0;7;0;0;2;2;10;A01
201800026558;0;7;0;0;1;1;1;A01
201800026559;2;33;0;0;0;0;1;A01
201800026560;1;7;0;0;2;6;19;A01
201800026560;0;7;0;0;2;3;16;C01
201800026560;1;37;1;0;2;1;1;B01
201800026561;2;7;0;9;1;7;5;A01
201800026562;1;7;0;0;2;6;1;B01
201800026562;2;7;0;0;2;1;1;A01
201800026563;1;7;0;0;1;1;16;A01
201800026564;1;7;0;0;2;3;1;A01
201800026564;1;2;0;0;2;2;16;Z01
201800026565;2;7;0;0;2;8;1;B01
201800026565;2;99;0;0;2;3;13;A01
201800026565;1;99;0;0;2;3;1;C01
201800026566;0;1;0;0;2;0;1;B01
201800026566;0;7;0;0;2;1;1;A01
201800026567;2;10;0;0;2;1;14;A01
201800026567;2;7;0;0;2;6;1;B01
201800026568;0;7;0;0;2;1;1;A01
201800026568;0;1;0;0;2;8;3;B01
201800026569;2;10;0;0;2;4;2;B01
201800026569;2;10;0;0;2;1;9;A01
201800026570;0;7;0;0;2;7;24;B01
201800026570;1;10;0;1;1;2;1;A01
201800026571;1;10;0;0;2;3;15;A01
201800026571;1;31;0;15;2;1;17;B01
201800026572;0;2;0;0;2;1;17;A01
201800026572;0;7;0;0;2;2;16;B01
201800026573;1;7;0;0;2;4;1;B01
201800026573;1;7;0;0;2;4;23;C01
201800026573;1;7;0;0;2;1;1;A01
201800026574;1;7;0;0;2;2;1;A01
201800026574;2;7;0;0;2;1;1;C01
201800026574;2;7;0;0;2;3;15;B01
201800026575;0;7;0;0;1;3;1;A01
201800026576;2;7;0;0;1;1;1;A01
201800026577;1;7;0;0;2;0;1;Z01
201800026577;2;1;0;0;2;1;1;A01
201800026578;2;7;0;0;2;2;14;A01
201800026578;2;1;0;0;2;6;1;B01
201800026579;1;7;0;0;1;2;16;A01
201800026580;1;30;0;0;2;2;9;A01
201800026580;1;7;0;0;2;2;1;B01
201800026581;2;7;0;0;2;1;1;A01
201800026581;2;1;0;0;2;1;19;B01
201800026582;1;32;0;0;2;1;3;A01
201800026582;1;7;0;0;2;3;15;B01
201800026583;0;10;0;0;2;3;1;B01
201800026583;0;1;0;0;2;1;1;A01
201800026584;2;7;0;0;2;4;1;D01
201800026584;2;7;0;0;2;0;1;C01
201800026584;2;7;0;0;2;4;1;E01
201800026584;2;10;0;0;2;1;2;A01
201800026584;2;7;0;0;2;4;0;B01
201800026585;2;7;0;0;2;1;1;B01
201800026585;1;7;0;0;2;2;15;A01
201800026586;1;7;0;0;1;0;23;C01
201800026586;1;7;0;0;2;0;23;B01
201800026586;1;10;0;0;2;1;1;A01
201800026587;2;10;0;0;2;4;1;B01
201800026587;2;10;0;0;2;4;1;C01
201800026587;2;10;0;0;2;1;1;A01
201800026588;1;7;0;0;1;0;1;Z01
201800026589;0;7;0;0;2;7;1;Z01
201800026589;0;30;0;13;0;6;1;A01
201800026590;0;2;0;0;2;1;2;A01
201800026590;0;7;0;0;2;6;2;B01
201800026591;1;7;0;0;1;1;1;A01
201800026592;0;2;0;0;2;0;1;B01
201800026592;0;7;0;0;2;5;11;A01
201800026593;1;7;0;0;1;4;4;A01
201800026594;0;10;0;0;2;1;1;B01
201800026594;0;10;0;0;2;2;15;A01
201800026595;2;7;0;3;0;1;1;A01
201800026596;0;7;0;0;1;8;13;A01
201800026597;0;7;0;0;1;1;16;A01
201800026598;0;1;0;0;2;8;1;B01
201800026598;0;7;0;0;2;3;15;A01
201800026599;2;2;0;0;2;4;1;B01
201800026599;2;7;0;0;2;2;1;A01
201800026599;2;7;0;0;2;1;1;C01
201800026600;0;7;0;0;2;3;15;A01
201800026600;0;7;0;0;2;2;1;B01
201800026601;0;7;0;0;1;1;1;A01
201800026602;0;99;0;0;6;1;1;A01
201800026602;0;99;0;0;2;0;1;B01
201800026603;1;7;0;0;1;2;1;A01
201800026604;0;7;0;0;2;8;10;A01
201800026604;0;7;0;0;2;2;2;B01
201800026605;1;2;0;0;2;1;1;B01
201800026605;2;7;0;0;2;1;15;A01
201800026606;1;2;0;0;2;4;2;B01
201800026606;1;7;0;0;2;1;2;A01
201800026607;1;7;0;0;1;1;1;Z01
201800026608;0;7;0;0;2;4;1;B01
201800026608;0;30;0;0;2;1;1;A01
201800026609;1;13;0;0;2;4;1;B01
201800026609;1;30;0;0;2;1;2;A01
201800026610;0;7;0;0;2;8;1;B01
201800026610;0;7;0;0;2;1;1;A01
201800026611;1;99;0;0;1;0;1;A01
201800026612;1;7;0;0;2;2;13;A01
201800026612;2;7;0;0;2;2;1;B01
201800026613;0;7;0;0;2;1;1;B01
201800026613;0;7;0;15;2;7;19;A01
201800026614;1;7;0;15;0;2;14;A01
201800026615;0;7;0;0;0;4;23;A01
201800026615;0;7;0;0;2;1;1;B01
201800026616;1;15;0;4;2;1;14;A01
201800026616;2;15;0;9;2;1;17;B01
201800026616;1;15;0;0;0;3;1;C01
201800026617;2;7;0;0;2;6;0;B01
201800026617;1;7;0;0;2;3;13;A01
201800026618;1;7;0;3;0;1;13;A01
201800026619;1;7;0;0;2;3;13;A01
201800026619;2;10;0;0;2;0;1;B01
201800026620;0;7;0;0;2;2;1;A01
201800026620;0;7;0;0;2;3;16;B01
201800026621;0;7;0;0;1;2;16;A01
201800026622;2;2;0;14;0;1;19;A01
201800026623;2;34;0;0;2;8;1;B01
201800026623;1;7;0;0;2;3;15;A01
201800026624;1;7;0;0;2;2;5;A01
201800026624;2;7;0;0;2;2;23;B01
201800026625;1;7;0;0;2;1;21;B01
201800026625;1;10;0;0;2;6;9;A01
201800026626;0;7;0;0;1;2;1;A01
201800026627;2;7;0;0;1;1;19;A01
201800026628;1;7;0;0;0;1;14;A01
201800026629;1;33;0;0;2;1;17;A01
201800026629;1;7;0;0;2;5;2;B01
201800026630;1;7;0;0;2;3;1;A01
201800026630;1;7;0;0;2;1;9;B01
201800026631;1;7;0;2;0;1;19;A01
201800026632;2;7;0;0;2;1;9;A01
201800026632;2;37;3;0;2;6;0;B01
201800026633;0;1;0;0;2;1;2;A01
201800026633;0;7;0;0;2;5;1;B01
201800026634;1;7;0;0;2;6;15;B01
201800026634;1;2;0;0;2;3;17;A01
201800026635;0;7;0;0;2;1;1;B01
201800026635;0;1;0;0;2;8;1;A01
201800026636;1;7;0;0;2;1;0;A01
201800026636;1;7;0;0;1;4;1;B01
201800026637;1;10;0;0;1;1;0;A01
201800026638;0;7;0;0;0;2;1;B01
201800026638;0;2;0;0;2;1;15;A01
201800026639;2;7;0;8;0;7;1;A01
201800026640;0;7;0;0;2;3;9;A01
201800026640;0;7;0;0;2;5;0;B01
201800026641;1;7;0;0;2;1;1;B01
201800026641;2;7;0;0;2;1;17;A01
201800026642;1;7;0;7;0;3;13;A01
201800026643;1;7;0;1;0;1;1;A01
201800026644;1;10;0;0;1;2;15;A01
201800026645;1;33;0;0;2;8;9;A01
201800026645;1;7;0;0;2;0;1;B01
201800026646;2;7;0;6;0;2;14;A01
201800026647;1;7;0;2;0;1;0;A01
201800026648;0;7;0;0;2;1;1;A01
201800026648;0;7;0;0;0;4;1;B01
201800026649;2;1;0;0;1;7;0;A01
201800026650;0;30;0;0;0;0;0;A01
201800026651;0;7;0;0;0;6;2;A01
201800026651;0;34;0;0;2;1;2;B01
201800026652;0;30;0;12;0;1;1;A01
201800026653;0;30;0;0;0;0;23;A01
201800026654;2;7;0;0;2;8;0;A01
201800026654;2;2;0;0;2;1;1;B01
201800026655;1;10;0;0;2;1;0;A01
201800026655;2;10;0;0;2;3;0;B01
201800026656;0;7;0;0;2;1;1;A01
201800026656;0;7;0;0;2;1;1;B01
201800026657;0;7;0;0;1;2;15;A01
201800026658;1;2;0;0;0;0;21;A01
201800026659;1;7;0;4;0;3;13;A01
201800026660;1;7;0;0;0;4;2;B01
201800026660;1;7;0;0;2;1;2;A01
201800026661;2;7;0;0;2;5;2;A01
201800026661;2;2;0;0;2;1;0;B01
201800026662;0;10;0;1;0;3;0;A01
201800026662;0;10;0;1;0;3;0;B01
201800026663;1;7;0;0;2;1;1;A01
201800026663;1;7;0;0;2;1;2;B01
201800026663;1;7;0;0;0;4;2;C01
201800026664;1;7;0;0;2;6;0;A01
201800026664;1;7;0;0;2;1;1;B01
201800026665;1;31;0;0;2;8;17;A01
201800026665;2;7;0;0;2;8;1;B01
201800026666;2;7;0;2;0;3;13;A01
201800026667;1;10;0;0;2;2;2;A01
201800026667;1;10;0;0;2;6;0;B01
201800026668;0;7;0;0;2;2;1;B01
201800026668;0;7;0;0;2;8;1;A01
201800026669;2;7;0;0;2;2;1;A01
201800026669;1;7;0;0;2;7;15;B01
201800026670;0;7;0;0;1;1;1;A01
201800026671;2;7;0;0;0;3;10;A01
201800026671;2;33;0;0;0;1;21;B01
201800026672;2;31;0;1;0;1;1;A01
201800026673;1;7;0;0;0;4;23;B01
201800026673;2;7;0;0;2;1;1;A01
201800026674;2;10;0;0;2;3;0;A01
201800026674;1;2;0;0;2;3;1;B01
201800026675;2;33;0;0;2;7;1;B01
201800026675;1;7;0;0;2;3;1;A01
201800026676;2;33;0;16;0;0;19;A01
201800026677;1;7;0;9;0;1;15;A01
201800026678;2;7;0;0;2;1;17;A01
201800026678;2;7;0;0;2;0;0;C01
201800026678;2;7;0;0;2;8;1;B01
201800026678;2;7;0;0;2;0;0;D01
201800026679;1;7;0;0;2;1;15;A01
201800026679;2;7;0;0;2;3;1;B01
201800026680;1;10;0;0;2;1;0;A01
201800026680;1;10;0;0;2;4;23;B01
201800026680;1;10;0;0;0;4;23;C01
201800026681;2;7;0;0;1;1;21;A01
201800026682;0;7;0;0;1;1;16;A01
201800026683;2;7;0;0;1;1;1;A01
201800026684;2;33;0;0;2;4;23;B01
201800026684;2;7;0;0;2;4;23;C01
201800026684;2;7;0;0;2;1;1;A01
201800026685;2;7;0;0;2;1;0;A01
201800026685;2;7;0;0;2;4;1;B01
201800026686;0;7;0;0;1;3;16;A01
201800026687;1;7;0;1;1;2;1;A01
201800026688;2;7;0;0;0;4;23;B01
201800026688;2;7;0;0;2;1;2;A01
201800026689;1;1;0;0;2;3;1;A01
201800026689;0;7;0;0;2;3;15;B01
201800026690;2;33;0;3;0;7;1;A01
201800026691;2;7;0;0;2;6;20;B01
201800026691;2;33;0;0;2;2;17;A01
201800026692;0;2;0;0;2;1;1;A01
201800026692;0;7;0;0;2;3;9;B01
201800026693;2;33;0;0;2;1;1;A01
201800026693;1;7;0;0;2;1;15;B01
201800026693;2;7;0;0;2;3;0;C01
201800026694;1;30;0;0;9;7;0;A01
201800026695;0;37;4;0;2;1;23;A01
201800026695;0;99;0;0;2;1;5;B01
201800026696;0;10;0;0;2;1;5;A01
201800026696;0;7;0;0;2;1;1;B01
201800026697;0;30;0;0;0;0;9;A01
201800026698;1;2;0;0;0;0;1;A01