num_acc;senc;catv;occutc;obs;obsm;choc;manv;num_veh
201800026699;0;7;0;0;1;2;2;A01
201800026700;1;1;0;0;2;3;1;B01
201800026700;0;7;0;0;2;1;1;A01
201800026701;0;33;0;0;0;0;0;A01
201800026702;2;7;0;0;0;2;1;A01
201800026703;1;7;0;0;2;1;1;A01
201800026703;1;7;0;0;2;1;15;B01
201800026704;1;30;0;16;0;6;15;A01
201800026705;1;2;0;1;2;1;17;A01
201800026705;1;7;0;0;2;3;15;B01
201800026706;1;7;0;0;2;2;15;A01
201800026706;2;2;0;0;2;1;1;B01
201800026707;2;7;0;0;2;1;1;A01
201800026707;2;7;0;0;2;4;1;B01
201800026708;0;99;0;0;0;1;19;A01
201800026709;0;7;0;0;1;2;1;A01
201800026710;2;7;0;2;0;0;1;A01
201800026711;0;7;0;0;1;1;1;A01
201800026712;0;7;0;0;2;0;0;A01
201800026712;0;7;0;0;2;3;1;B01
201800026713;0;37;1;0;2;1;0;A01
201800026713;0;7;0;0;2;4;23;B01
201800026713;0;7;0;0;2;4;23;C01
201800026713;0;10;0;0;2;4;2;D01
201800026714;0;7;0;0;2;3;13;A01
201800026714;0;7;0;0;2;3;1;B01
201800026715;1;7;0;0;2;1;15;A01
201800026715;2;7;0;0;2;1;1;B01
201800026716;0;30;0;0;0;2;1;A01
201800026717;0;7;0;3;0;1;1;A01
201800026718;1;7;0;13;0;1;21;A01
201800026719;1;7;0;4;0;1;1;A01
201800026720;2;7;0;0;1;1;15;A01
201800026721;2;7;0;2;0;3;9;A01
201800026722;2;7;0;0;1;1;19;A01
201800026723;1;7;0;0;2;1;19;B01
201800026723;2;7;0;0;2;2;15;A01
201800026724;1;7;0;0;1;2;1;A01
201800026725;1;40;50;0;1;1;1;A01
201800026726;1;7;0;0;2;3;15;A01
201800026727;2;7;0;0;2;3;13;A01
201800026727;1;7;0;0;2;3;1;B01
201800026728;1;7;0;0;1;3;2;A01
201800026729;1;32;0;0;1;1;21;A01
201800026730;1;33;0;0;1;1;1;A01
201800026731;2;7;0;0;2;1;16;A01
201800026731;1;33;0;0;2;2;1;B01
201800026732;1;7;0;0;1;3;17;A01
201800026733;2;7;0;0;2;1;2;A01
201800026733;2;7;0;0;2;4;2;B01
201800026734;1;7;0;0;2;3;9;A01
201800026734;1;1;0;0;2;1;1;B01
201800026735;1;7;0;0;2;2;16;A01
201800026735;1;30;0;0;2;1;18;B01
201800026736;2;7;0;9;0;1;9;A01
201800026737;1;7;0;8;0;2;7;A01
201800026738;1;7;0;0;2;1;21;A01
201800026738;1;7;0;0;2;4;2;B01
201800026739;1;7;0;1;2;3;9;A01
201800026739;1;7;0;1;2;3;21;B01
201800026740;1;7;0;0;2;6;9;A01
201800026740;1;1;0;0;2;7;1;B01
201800026741;1;1;0;0;2;8;16;B01
201800026741;1;14;0;0;2;7;16;A01
201800026742;2;33;0;0;0;8;13;A01
201800026743;1;7;0;0;2;0;14;A01
201800026743;1;7;0;0;2;4;1;C01
201800026743;1;7;0;0;2;4;2;D01
201800026743;1;7;0;0;2;8;2;E01
201800026743;1;7;0;0;2;5;2;F01
201800026743;1;7;0;0;2;8;2;B02
201800026744;1;7;0;7;2;3;19;A01
201800026744;1;7;0;0;2;3;19;B01
201800026745;2;7;0;0;2;1;9;A01
201800026745;1;37;10;0;2;2;15;B01
201800026746;2;7;0;0;2;2;2;A01
201800026746;2;7;0;0;2;8;15;B01
201800026747;2;7;0;6;0;1;13;A01
201800026748;2;1;0;0;2;1;2;A01
201800026748;2;7;0;0;2;4;23;B01
201800026749;1;7;0;0;2;2;12;A01
201800026749;1;7;0;0;2;8;1;B01
201800026750;1;7;0;0;1;1;19;A01
201800026751;1;2;0;14;0;1;1;A01
201800026752;1;7;0;0;2;7;1;A01
201800026752;2;7;0;0;2;1;19;B01
201800026753;1;1;0;0;2;1;19;A01
201800026753;1;7;0;0;2;7;2;B01
201800026754;0;33;0;0;2;3;2;A01
201800026754;0;7;0;0;2;3;23;B01
201800026755;1;7;0;0;0;1;2;A01
201800026756;1;1;0;0;1;3;1;A01
201800026757;1;7;0;0;1;8;15;A01
201800026758;1;7;0;1;0;4;2;C01
201800026759;1;7;0;0;2;1;2;A01
201800026759;1;7;0;0;2;4;2;B01
201800026760;1;33;0;0;0;7;1;A01
201800026761;1;30;0;15;0;8;13;A01
201800026762;0;1;0;0;2;8;19;B02
201800026762;1;7;0;0;2;1;0;A01
201800026763;1;7;0;0;2;1;13;A01
201800026763;1;7;0;4;2;1;1;B01
201800026764;0;2;0;0;2;0;0;A01
201800026764;0;7;0;0;2;3;0;B01
201800026765;1;7;0;0;2;1;1;B01
201800026765;0;7;0;0;2;2;19;A01
201800026766;0;7;0;0;2;1;1;B01
201800026766;0;7;0;0;2;7;0;A01
201800026767;2;7;0;0;2;7;0;A01
201800026767;1;7;0;0;2;1;1;B01
201800026768;1;15;0;0;2;1;1;A01
201800026768;1;7;0;0;2;3;1;B01
201800026769;1;33;0;0;2;1;2;A01
201800026769;1;7;0;0;2;5;23;B01
201800026770;1;7;0;0;2;3;15;B01
201800026770;1;7;0;0;2;1;1;A01
201800026771;0;33;0;15;0;1;15;A01
201800026772;1;7;0;8;0;3;16;A01
201800026773;1;7;0;0;2;1;1;B01
201800026773;2;7;0;0;2;1;15;A01
201800026774;2;7;0;0;2;3;13;A01
201800026774;1;7;0;0;2;3;1;B01
201800026775;1;7;0;0;1;8;1;A01
201800026776;2;10;0;0;2;1;13;A01
201800026776;1;17;0;0;2;8;14;B01
201800026777;;33;0;0;2;1;1;B01
201800026777;;7;0;0;2;2;15;A01
201800026778;1;7;0;2;0;1;13;A01
201800026779;1;30;0;0;2;7;17;B01
201800026779;2;7;0;0;2;3;15;A01
201800026780;0;7;0;0;1;2;1;A01
201800026781;1;30;0;0;2;1;1;B01
201800026781;2;33;0;0;2;1;15;A01
201800026782;1;7;0;15;1;2;0;A01
201800026783;1;7;0;0;2;1;0;A01
201800026783;1;17;0;0;2;4;0;B01
201800026784;2;7;0;0;2;2;1;A01
201800026784;0;7;0;0;2;3;1;B01
201800026785;0;1;0;0;2;7;19;A01
201800026785;0;7;0;0;2;1;1;B01
201800026786;2;7;0;0;2;2;2;A01
201800026786;1;1;0;12;2;1;1;B01
201800026787;2;1;0;0;2;7;19;A01
201800026787;0;7;0;0;0;1;1;B01
201800026788;1;2;0;0;2;1;19;A01
201800026788;2;7;0;0;2;8;1;B01
201800026789;2;7;0;6;0;3;1;A01
201800026790;1;7;0;0;2;1;2;A01
201800026790;1;7;0;0;2;5;2;B01
201800026791;2;10;0;0;2;1;2;A01
201800026791;2;7;0;0;2;4;2;B01
201800026792;2;33;0;8;0;1;0;A01
201800026793;0;7;0;0;2;6;20;A01
201800026793;0;33;0;0;2;2;1;B01
201800026794;1;40;20;0;4;1;1;A01
201800026794;2;99;0;0;4;1;5;B01
201800026795;1;7;0;0;1;2;16;A01
201800026796;2;31;0;0;1;1;1;A01
201800026797;2;7;0;0;2;1;19;A01
201800026797;2;7;0;0;2;2;1;B01
201800026798;2;7;0;0;2;1;2;A01
201800026798;1;2;0;0;0;7;1;B01
201800026799;1;33;0;0;2;8;1;B01
201800026799;1;7;0;0;2;6;9;A01
201800026800;0;7;0;16;0;1;0;A01
201800026801;2;40;1;0;1;1;1;A01
201800026802;2;7;0;0;1;7;1;A01
201800026803;2;33;0;3;0;1;13;A01
201800026804;2;7;0;0;2;6;11;A01
201800026804;2;10;0;4;2;2;1;B01
201800026804;2;7;0;0;2;7;1;C01
201800026805;1;10;0;0;2;1;2;A01
201800026805;1;7;0;0;2;4;23;B01
201800026806;0;30;0;0;2;2;17;B01
201800026806;0;7;0;0;2;1;15;A01
201800026807;0;7;0;0;4;7;1;A01
201800026807;0;40;40;0;2;1;1;B01
201800026808;1;10;0;0;2;1;2;A01
201800026808;1;10;0;0;0;4;2;B01
201800026809;2;1;0;0;2;1;0;A01
201800026809;2;3;0;0;2;3;15;B01
201800026810;2;7;0;0;2;1;15;A01
201800026810;2;33;0;0;2;1;1;B01
201800026811;2;1;0;0;2;1;1;B01
201800026811;2;7;0;0;2;8;23;A01
201800026812;1;7;0;0;2;1;1;A01
201800026812;1;2;0;0;2;8;1;B01
201800026813;0;33;0;15;0;1;0;A01
201800026814;0;7;0;0;2;7;19;A01
201800026814;0;7;0;0;2;1;1;B01
201800026815;0;7;0;0;2;5;1;B01
201800026815;0;7;0;0;2;1;9;A01
201800026816;0;7;0;0;2;2;0;B01
201800026816;0;1;0;0;2;2;1;A01
201800026817;1;7;0;0;2;3;9;A01
201800026817;1;15;0;0;2;2;1;B01
201800026818;1;7;0;0;2;1;2;A01
201800026818;1;7;0;0;0;4;2;B01
201800026819;0;7;0;0;1;5;4;A01
201800026820;0;7;0;0;2;3;15;A01
201800026820;1;32;0;0;2;1;1;B01
201800026821;1;7;0;0;1;3;15;A01
201800026822;0;33;0;0;0;7;15;A01
201800026823;;99;0;0;1;0;0;A01
201800026824;0;99;0;0;2;3;16;A01
201800026824;0;7;0;0;2;2;1;B01
201800026825;1;7;0;0;0;4;2;B01
201800026825;1;7;0;14;0;1;2;A01
201800026826;2;1;0;0;0;0;16;A01
201800026827;1;7;0;0;0;1;16;A01
201800026827;2;1;0;0;2;8;1;B01
201800026828;0;7;0;0;2;1;2;A01
201800026828;0;7;0;0;2;4;2;B01
201800026828;0;7;0;0;2;4;2;C01
201800026829;1;7;0;0;2;2;11;B01
201800026829;1;7;0;0;2;3;9;A01
201800026830;2;1;0;0;2;8;1;B01
201800026830;1;99;0;0;2;2;19;A01
201800026831;0;30;0;0;2;1;2;A01
201800026831;0;30;0;0;0;4;2;B01
201800026832;2;7;0;0;2;3;1;A01
201800026832;2;1;0;0;2;7;1;B01
201800026833;2;7;0;0;2;4;23;B01
201800026833;2;7;0;0;2;1;2;A01
201800026834;1;7;0;9;2;3;1;A01
201800026834;1;7;0;4;2;2;1;B01
201800026835;1;7;0;0;2;1;0;A01
201800026835;1;7;0;0;0;4;0;B01
201800026836;2;7;0;0;2;1;2;A01
201800026836;2;7;0;0;2;4;2;B01
201800026837;2;7;0;2;0;1;13;A01
201800026838;1;33;0;0;2;1;2;A01
201800026838;1;7;0;0;2;8;5;B01
201800026839;1;7;0;0;1;1;15;A01
201800026840;1;2;0;0;1;1;0;A01
201800026841;0;20;0;0;0;0;0;A01
201800026841;0;33;0;2;2;3;17;B01
201800026842;1;7;0;0;1;7;11;A01
201800026843;1;7;0;0;2;4;23;C01
201800026843;1;7;0;0;2;1;2;A01
201800026843;1;7;0;0;2;4;23;B01
201800026844;2;99;0;0;2;1;1;A01
201800026844;2;1;0;0;2;5;1;B01
201800026845;0;7;0;6;0;2;14;A01
201800026846;0;7;0;0;1;2;15;A01
201800026847;0;3;0;0;2;2;0;A01
201800026847;0;1;0;0;2;4;1;B01
201800026848;1;33;0;0;2;1;1;A01
201800026848;1;7;0;0;2;5;16;B01
201800026849;1;7;0;0;1;1;1;A01
201800026850;1;2;0;0;1;1;18;A01
201800026851;1;10;0;0;2;1;5;A01
201800026851;2;7;0;0;2;1;1;B01
201800026852;2;7;0;2;0;1;1;A01
201800026853;1;7;0;0;1;1;1;A01
201800026854;0;7;0;0;2;1;2;A01
201800026854;0;10;0;0;2;4;2;B01
201800026854;0;7;0;0;2;4;2;C01
201800026854;0;7;0;0;2;4;2;D01
201800026855;0;7;0;0;2;1;13;A01
201800026855;0;1;0;0;2;1;1;B01
201800026856;1;7;0;0;2;3;16;A01
201800026856;2;36;0;0;2;3;15;B01
201800026857;0;1;0;0;0;1;0;A01
201800026858;0;34;0;0;2;7;17;A01
201800026858;0;7;0;0;2;8;15;B01
201800026859;1;7;0;0;1;1;0;A01
201800026860;1;7;0;0;2;5;1;B01
201800026860;1;33;0;0;2;8;13;A01
201800026861;1;7;0;0;2;3;15;B01
201800026861;0;7;0;0;2;2;1;A01
201800026862;2;1;0;0;2;1;1;B01
201800026862;2;7;0;0;2;1;15;A01
201800026863;0;7;0;3;0;2;0;A01
201800026864;1;10;0;0;2;1;1;A01
201800026864;1;7;0;0;2;4;1;C01
201800026864;1;10;0;0;2;4;1;B01
201800026865;2;34;0;2;0;0;6;A01
201800026866;0;3;0;0;2;1;2;A01
201800026866;0;7;0;0;0;4;2;B01
201800026867;0;31;0;0;2;1;21;A01
201800026867;0;7;0;0;2;1;15;B01
201800026867;0;7;0;0;0;0;0;C01
201800026868;2;7;0;1;2;1;1;A01
201800026868;1;10;0;0;2;1;1;B01
201800026869;1;7;0;0;2;1;1;A01
201800026869;1;7;0;0;0;5;15;B01
201800026870;0;7;0;0;2;1;9;A01
201800026870;0;7;0;6;0;3;1;B01
201800026871;2;7;0;0;0;0;0;A01
201800026872;0;7;0;0;2;2;15;A01
201800026872;0;33;0;0;2;1;1;B01
201800026873;0;7;0;0;0;0;0;A01
201800026874;2;7;0;0;2;2;15;A01
201800026874;1;34;0;0;2;1;0;B01
201800026875;0;7;0;0;1;2;1;B01
201800026876;2;7;0;4;0;8;13;A01
201800026877;2;7;0;0;2;4;23;B01
201800026877;2;7;0;0;2;1;1;A01
201800026878;2;7;0;0;2;8;15;A01
201800026878;2;33;0;0;2;7;17;B01
201800026879;1;33;0;8;2;5;16;A01
201800026879;1;10;0;0;2;3;1;B01
201800026880;0;7;0;0;2;2;1;A01
201800026880;0;1;0;9;0;0;1;B01
201800026881;1;7;0;0;2;4;2;A01
201800026881;1;7;0;0;2;1;2;B01
201800026882;0;30;0;12;0;1;14;A01
201800026883;2;7;0;1;0;1;2;B01
201800026883;2;7;0;0;2;0;0;C01
201800026883;2;7;0;0;1;2;2;A01
201800026883;2;14;0;0;0;0;0;D01
201800026884;0;30;0;0;2;1;1;A01
201800026884;0;7;0;0;2;3;15;B01
201800026885;1;7;0;0;2;3;9;A01
201800026885;1;32;0;0;2;2;1;B01
201800026886;2;7;0;0;2;3;1;B01
201800026886;1;7;0;14;2;1;1;A01
201800026887;1;7;0;0;2;1;1;A01
201800026887;1;10;0;0;2;2;1;B01
201800026888;1;33;0;9;0;8;21;A01
201800026889;1;7;0;0;2;9;0;B01
201800026889;1;7;0;0;2;4;0;C01
201800026889;1;7;0;0;2;1;0;A01
201800026890;0;32;0;14;0;1;17;A01
201800026891;1;30;0;0;2;1;5;A01
201800026891;2;33;0;0;2;1;1;B01
201800026892;1;33;0;0;2;1;1;A01
201800026892;1;7;0;0;0;4;1;B01
201800026893;0;7;0;0;1;3;1;A01
201800026894;0;7;0;15;0;1;16;A01
201800026895;2;7;0;0;2;1;1;A01
201800026895;2;7;0;0;2;4;1;B01
201800026896;0;40;2;0;2;3;1;B01
201800026896;0;20;0;0;4;2;1;A01
201800026897;0;7;0;1;2;8;24;B01
201800026897;0;7;0;1;0;3;3;A01
201800026898;0;32;0;0;2;1;1;A01
201800026898;0;7;0;0;2;4;2;B01
201800026898;0;7;0;0;2;3;2;C01
201800026899;0;7;0;0;2;1;19;B01
201800026899;0;31;0;0;2;3;0;A01
201800026900;1;7;0;0;2;1;1;A01
201800026900;0;7;0;1;2;8;1;B01
201800026901;1;30;0;0;0;3;0;A01
201800026902;1;7;0;0;2;8;1;C01
201800026902;1;7;0;0;2;2;1;A01
201800026902;1;10;0;0;2;4;2;B01
201800026903;0;7;0;0;2;3;10;A01
201800026903;0;7;0;0;2;1;1;B01
201800026904;1;7;0;1;1;1;13;A01
201800026905;2;17;0;0;2;4;2;B01
201800026905;2;10;0;0;2;4;2;C01
201800026905;2;7;0;0;0;4;2;E01
201800026905;2;7;0;0;2;4;2;D01
201800026905;2;17;0;0;2;1;2;A01
201800026906;2;1;0;9;0;3;15;A01
201800026907;2;7;0;0;2;1;1;B01
201800026907;1;7;0;0;2;1;5;A01
201800026908;1;10;0;0;0;2;21;A01
201800026909;1;7;0;0;2;7;1;B01
201800026909;1;30;0;0;2;1;16;A01
201800026910;1;7;0;0;2;7;1;B01
201800026910;1;30;0;0;2;1;16;A01
201800026911;2;30;0;0;0;2;23;A01
201800026912;2;7;0;0;0;0;0;D01
201800026912;2;7;0;0;0;0;0;C01
201800026912;2;7;0;0;0;0;0;B01
201800026912;2;7;0;0;2;1;1;A01
201800026913;2;7;0;0;2;1;15;A01
201800026913;1;2;0;0;2;1;0;B01
201800026914;2;7;0;0;0;1;2;A01
201800026914;2;1;0;0;2;4;23;B01
201800026915;0;7;0;0;2;1;1;A01
201800026915;0;7;0;0;0;4;16;B01
201800026916;0;7;0;0;2;1;0;A01
201800026916;0;1;0;0;2;3;19;B01
201800026917;1;7;0;0;0;4;15;B01
201800026917;1;7;0;0;0;1;2;A01
201800026918;0;1;0;0;0;0;0;A01
201800026919;2;7;0;0;2;4;24;E01
201800026919;2;7;0;0;0;4;2;B01
201800026919;2;7;0;0;2;2;2;A01
201800026920;2;7;0;0;2;2;1;B01
201800026920;0;7;0;0;2;7;19;A01
201800026921;1;10;0;0;2;3;11;A01
201800026921;1;33;0;0;2;7;1;B01
201800026922;0;33;0;0;2;1;1;A01
201800026922;0;7;0;0;0;6;23;B01
201800026923;2;7;0;0;2;1;2;A01
201800026923;2;7;0;0;2;4;2;B01
201800026923;2;7;0;0;0;4;23;C01
201800026924;0;7;0;0;2;2;16;A01
201800026924;0;30;0;0;2;1;1;B01
201800026925;1;7;0;3;0;3;1;A01
201800026926;0;33;0;0;2;1;1;A01
201800026926;0;7;0;0;2;1;1;B01
201800026927;1;7;0;0;2;1;15;A01
201800026927;2;2;0;0;2;1;1;B01
201800026928;1;10;0;9;1;1;1;A01
201800026929;1;30;0;0;0;8;16;A01
201800026930;1;33;0;0;2;1;21;A01
201800026930;1;7;0;0;2;3;9;B01
201800026931;2;7;0;0;1;7;16;A01
201800026932;2;7;0;0;2;0;16;A01
201800026932;2;1;0;0;2;0;1;B01
201800026933;0;7;0;0;1;2;16;A01
201800026934;1;7;0;0;1;1;16;A01
201800026935;0;10;0;0;2;7;15;A01
201800026935;0;33;0;0;2;1;1;B01
201800026936;2;7;0;15;1;1;7;A01
201800026937;1;33;0;0;0;0;0;A01
201800026938;0;7;0;0;2;2;9;A01
201800026938;0;7;0;0;2;3;16;B01
201800026939;2;7;0;6;2;3;1;A01
201800026939;1;7;0;0;2;3;1;B01
201800026940;1;1;0;0;2;1;19;A01
201800026940;2;7;0;0;2;7;1;B01
201800026941;1;7;0;1;0;8;15;A01
201800026941;1;14;0;1;0;2;17;B01
201800026942;1;7;0;0;1;1;1;A01
201800026943;0;10;0;0;2;0;1;A01
201800026943;0;10;0;0;2;4;1;B01
201800026944;0;7;0;0;2;5;0;A01
201800026944;0;7;0;0;2;1;1;B01
201800026945;2;7;0;0;2;7;5;A01
201800026945;1;7;0;0;2;1;1;B01
201800026946;2;33;0;0;2;2;3;A01
201800026946;2;33;0;0;0;4;3;B01
201800026947;1;2;0;0;2;2;1;B01
201800026947;0;7;0;0;2;3;9;A01
201800026948;1;7;0;0;2;1;16;A01
201800026948;2;1;0;0;2;7;19;B01
201800026949;2;1;0;0;1;1;0;A01
201800026950;1;7;0;0;2;1;2;A01
201800026950;1;31;0;16;0;4;0;B01
201800026951;1;7;0;4;0;4;2;A01
201800026951;1;7;0;4;2;1;2;B01
201800026952;0;33;0;0;2;8;17;A01
201800026952;0;7;0;0;2;3;15;B01
201800026953;0;32;0;0;0;3;16;A01
201800026954;1;7;0;0;2;8;9;A01
201800026954;1;33;0;0;2;1;1;B01
201800026955;2;7;0;0;2;8;10;A01
201800026955;2;7;0;0;2;2;1;B01
201800026956;0;32;0;0;0;8;1;A01
201800026957;2;7;0;0;1;1;9;A01
201800026958;1;10;0;0;2;3;16;A01
201800026958;2;10;0;0;2;7;1;B01
201800026959;2;7;0;1;2;2;1;A01
201800026959;0;10;0;0;0;2;24;B01
201800026959;1;7;0;0;2;1;1;C01
201800026960;2;7;0;0;2;1;1;A01
201800026960;2;7;0;0;2;4;1;B01
201800026960;2;7;0;0;2;1;1;C01
201800026961;0;7;0;0;2;1;1;A01
201800026961;0;1;0;0;2;7;1;B01
201800026962;0;7;0;0;2;3;9;A01
201800026962;0;1;0;0;2;1;1;B01
201800026963;0;7;0;0;2;2;1;A01
201800026963;0;1;0;0;2;1;1;B01
201800026964;1;7;0;0;2;2;15;A01
201800026964;2;33;0;0;2;1;1;B01
201800026965;2;7;0;0;2;1;2;A01
201800026965;2;7;0;0;2;4;2;B01
201800026965;2;7;0;0;2;4;2;C01
201800026966;1;33;0;3;0;8;13;A01
201800026967;0;7;0;0;2;1;0;A01
201800026967;0;7;0;0;0;5;1;B01
201800026968;1;20;0;0;1;1;0;A01
201800026969;0;7;0;0;2;8;15;A01
201800026969;0;33;0;0;2;1;1;B01
201800026970;2;7;0;0;2;2;2;A01
201800026970;2;30;0;0;2;7;23;B01
201800026970;2;7;0;0;2;6;23;C01
201800026971;2;7;0;2;0;2;1;A01
201800026972;1;7;0;12;0;3;2;A01
201800026973;1;7;0;0;1;1;16;A01
201800026974;1;7;0;4;0;7;0;A01
201800026975;2;7;0;0;1;1;15;A01
201800026976;2;7;0;0;2;3;13;B01
201800026976;1;7;0;0;2;1;1;A01
201800026977;1;7;0;12;0;3;16;A01
201800026978;0;7;0;0;2;2;15;A01
201800026978;0;32;0;0;2;1;1;B01
201800026979;2;7;0;0;2;6;13;A01
201800026979;1;7;0;0;2;8;1;B01
201800026980;0;7;0;0;1;4;4;A01
201800026981;0;33;0;0;2;5;2;A01
201800026981;0;7;0;0;0;5;2;B01
201800026982;1;7;0;0;1;2;15;A01
201800026983;1;7;0;0;2;3;1;B01
201800026983;2;7;0;0;2;3;19;A01
201800026984;1;7;0;0;1;2;15;A01
201800026985;2;33;0;0;2;7;1;B01
201800026985;2;7;0;0;2;8;11;A01
201800026986;2;33;0;0;2;1;2;A01
201800026987;1;7;0;0;2;3;1;A01
201800026987;1;7;0;0;2;4;20;B01
201800026987;1;7;0;2;2;4;24;C01
201800026988;1;7;0;4;0;1;13;A01
201800026989;0;7;0;0;2;3;13;A01
201800026989;0;7;0;0;2;3;1;B01
201800026990;2;7;0;3;0;3;14;A01
201800026991;1;33;0;3;2;7;0;A01
201800026991;1;7;0;0;2;3;9;B01
201800026992;1;30;0;0;2;1;1;B01
201800026992;2;7;0;0;2;2;15;A01
201800026993;0;7;0;0;1;2;15;A01
201800026994;2;7;0;0;2;3;1;A01
201800026994;1;7;0;0;2;3;1;B01
201800026995;2;7;0;0;2;1;1;B01
201800026995;2;7;0;0;2;1;2;C01
201800026995;2;7;0;0;2;1;1;D01
201800026995;2;7;0;0;2;1;2;E01
201800026995;2;7;0;0;2;4;1;A01
201800026996;2;7;0;9;2;7;15;A01
201800026996;1;7;0;0;2;1;1;B01
201800026997;1;7;0;0;2;1;16;A01
201800026997;1;7;0;0;2;2;0;B01
201800026998;1;2;0;0;2;1;2;A01
201800026998;1;7;0;0;0;4;2;B01
201800026999;1;15;0;0;2;8;11;A01
201800026999;1;10;0;0;2;2;17;B01
201800026999;1;7;0;0;2;3;0;C01
201800027000;0;31;0;0;0;7;21;A01
201800027001;1;7;0;0;2;1;15;A01
201800027001;1;1;0;0;2;8;19;B01
201800027002;1;7;0;0;2;1;15;A01
201800027002;1;7;0;0;2;8;1;B01
201800027003;1;30;0;0;2;1;2;A01
201800027003;1;7;0;0;2;5;1;B01
201800027004;2;7;0;0;2;3;1;A01
201800027004;1;7;0;0;2;8;15;B01
201800027005;1;7;0;0;2;7;11;A01
201800027005;2;7;0;0;2;3;1;B01
201800027006;0;1;0;0;0;0;1;A01
201800027007;1;7;0;0;0;0;0;A01
201800027007;1;2;0;0;2;0;1;B01
201800027008;0;7;0;8;0;1;19;A01
201800027009;2;7;0;0;2;1;1;A01
201800027009;2;7;0;0;2;4;1;B01
201800027009;2;7;0;0;2;4;1;C01
201800027009;2;7;0;0;2;1;1;Z01
201800027010;1;7;0;0;0;1;1;A01
201800027011;1;7;0;0;0;2;1;A01
201800027012;0;7;0;0;2;6;9;A01
201800027012;2;30;0;0;2;1;1;B01
201800027013;1;7;0;0;2;1;1;B01
201800027013;1;7;0;0;2;3;5;A01
201800027014;0;7;0;0;2;1;1;A01
201800027014;2;7;0;0;2;2;15;B01
201800027015;1;7;0;0;2;3;0;A01
201800027015;2;32;0;0;2;3;15;B01
201800027016;1;7;0;0;2;5;21;A01
201800027016;2;7;0;0;2;0;0;Z01
201800027017;1;7;0;14;0;1;0;A01
201800027018;1;7;0;0;2;2;1;A01
201800027018;1;7;0;0;0;6;15;B01
201800027019;0;7;0;0;1;2;23;A01
201800027020;1;30;0;0;1;1;1;A01
201800027021;1;7;0;3;2;3;9;A01
201800027021;1;7;0;3;2;2;1;B01
201800027022;2;7;0;13;0;9;1;A01
201800027022;2;7;0;3;2;2;1;B01
201800027022;2;7;0;0;0;0;0;Z01
201800027023;2;7;0;0;2;1;2;A01
201800027023;2;7;0;0;2;4;2;B01
201800027023;2;7;0;0;2;4;2;C01
201800027024;1;33;0;0;2;1;1;B01
201800027024;2;10;0;0;2;7;15;A01
201800027025;0;32;0;0;2;1;1;A01
201800027025;2;7;0;0;2;3;16;B01
201800027026;1;7;0;0;2;1;1;A01
201800027026;1;34;0;0;2;7;1;B01
201800027027;0;7;0;0;2;6;11;A01
201800027027;0;32;0;0;2;2;1;B01
201800027028;1;7;0;0;2;5;2;C01
201800027028;1;7;0;0;2;4;23;B01
201800027028;1;7;0;0;2;4;9;A01
201800027029;0;99;0;0;0;0;0;B01
201800027029;0;7;0;0;0;6;19;A01
201800027030;0;7;0;0;2;7;1;A01
201800027030;0;7;0;0;2;3;12;B01
201800027031;2;7;0;6;0;1;1;A01
201800027032;1;7;0;3;2;2;12;A01
201800027032;1;7;0;0;2;8;9;B01
201800027033;0;7;0;12;0;1;2;A01
201800027034;1;7;0;3;2;8;9;A01
201800027034;1;17;0;3;2;2;1;B01
201800027035;1;33;0;0;2;1;1;B01
201800027035;2;7;0;0;2;3;15;A01
201800027036;2;7;0;0;2;3;5;A01
201800027036;1;2;0;0;2;1;16;B01
201800027037;2;7;0;8;0;1;17;A01
201800027038;1;33;0;0;1;0;21;A01
201800027039;1;7;0;0;0;9;1;A01
201800027040;0;2;0;0;2;1;17;B01
201800027040;0;7;0;0;2;1;17;A01
201800027041;2;99;0;0;1;0;1;Z01
201800027042;2;7;0;6;0;1;1;A01
201800027043;1;7;0;13;0;1;14;A01
201800027044;0;10;0;0;1;6;4;A01
201800027045;2;7;0;0;1;1;1;A01
201800027046;1;7;0;0;1;1;1;A01
201800027046;1;7;0;0;2;4;1;B01
201800027047;1;7;0;0;1;1;1;A01
201800027048;0;33;0;0;2;1;1;A01
201800027048;0;7;0;0;2;5;1;B01
201800027049;1;7;0;0;2;3;13;A01
201800027049;2;7;0;0;2;2;1;B01
201800027050;1;7;0;0;2;3;13;A01
201800027050;1;15;0;0;2;3;1;B01
201800027051;2;7;0;0;2;1;1;B01
201800027051;1;7;0;0;2;1;6;A01
201800027052;1;7;0;0;2;1;1;A01
201800027052;1;30;0;0;2;1;1;B01
201800027053;2;7;0;0;2;1;13;A01
201800027053;1;7;0;16;0;0;1;C01
201800027053;1;7;0;0;2;1;1;B01
201800027054;1;7;0;0;2;3;13;A01
201800027054;1;7;0;0;2;8;1;B01
201800027055;0;7;0;1;0;1;1;A01
201800027056;0;7;0;0;2;1;1;B01
201800027056;0;7;0;0;2;2;15;A01
201800027057;2;7;0;0;1;1;1;A01
201800027058;1;7;0;0;2;5;1;B01
201800027058;1;30;0;0;2;1;1;A01
201800027059;0;7;0;0;2;3;1;B01
201800027059;0;33;0;0;2;1;14;A01
201800027060;0;30;0;0;2;1;1;A01
201800027060;0;7;0;0;2;5;2;B01
201800027061;1;7;0;0;2;1;13;A01
201800027061;2;7;0;0;2;1;1;B01
201800027062;0;7;0;0;1;1;19;A01