num_acc;senc;catv;occutc;obs;obsm;choc;manv;num_veh
201800027063;0;33;0;0;2;1;1;B01
201800027063;0;7;0;0;2;3;15;A01
201800027064;2;7;0;0;1;1;1;A01
201800027065;0;1;0;0;2;7;14;A01
201800027065;0;7;0;0;2;8;2;B01
201800027066;0;2;0;0;2;1;2;B01
201800027066;0;7;0;0;2;8;16;A01
201800027067;1;2;0;0;2;4;0;B01
201800027067;1;7;0;0;2;1;2;Z01
201800027068;2;2;0;0;2;1;1;B01
201800027068;1;7;0;0;2;3;15;A01
201800027069;1;7;0;0;2;8;1;A01
201800027069;2;1;0;0;2;7;19;B01
201800027070;2;7;0;0;2;3;0;B01
201800027070;1;7;0;0;2;8;0;A01
201800027071;2;14;0;0;1;1;17;A01
201800027072;0;1;0;0;2;1;0;B01
201800027072;1;7;0;0;2;1;1;A01
201800027073;1;7;0;0;2;3;16;B01
201800027073;0;30;0;0;2;1;0;A01
201800027074;1;7;0;0;2;2;15;A01
201800027074;2;7;0;0;2;1;1;B01
201800027075;0;10;0;6;0;2;14;A01
201800027076;1;7;0;6;0;1;1;A01
201800027077;0;7;0;0;2;2;15;A01
201800027077;0;33;0;0;2;1;1;B01
201800027078;2;37;1;0;2;5;15;C01
201800027078;2;7;0;0;2;3;13;A01
201800027078;1;7;0;6;2;3;1;B01
201800027079;1;7;0;0;2;3;9;A01
201800027079;1;7;0;0;2;5;1;B01
201800027080;1;7;0;6;0;8;13;A01
201800027081;1;7;0;13;0;1;14;A01
201800027082;0;7;0;16;0;1;1;A01
201800027083;2;30;0;0;2;3;13;A01
201800027083;2;7;0;0;2;3;1;B01
201800027084;1;7;0;0;2;2;9;A01
201800027084;1;32;0;0;2;4;2;B01
201800027085;2;7;0;0;2;4;2;B01
201800027085;2;7;0;0;2;1;2;A01
201800027085;2;7;0;0;2;4;2;C01
201800027085;2;7;0;0;2;4;2;D01
201800027086;2;7;0;13;2;1;2;A01
201800027086;2;30;0;0;2;4;2;B01
201800027087;1;33;0;3;0;7;14;A01
201800027088;1;7;0;0;1;3;1;A01
201800027089;1;7;0;0;2;2;19;A01
201800027089;1;1;0;0;2;1;1;B01
201800027090;1;7;0;0;1;3;1;A01
201800027091;1;30;0;0;0;0;0;A01
201800027092;1;7;0;0;2;6;13;A01
201800027092;1;2;0;0;2;2;21;B01
201800027093;0;1;0;0;2;6;19;B01
201800027093;0;7;0;0;2;2;16;A01
201800027094;0;31;0;3;0;1;19;A01
201800027095;1;7;0;8;0;8;2;A01
201800027096;1;7;0;13;0;3;14;A01
201800027097;1;15;0;0;1;5;1;A01
201800027098;1;7;0;0;1;5;16;A01
201800027099;1;7;0;3;0;8;13;A01
201800027100;0;1;0;0;0;0;0;A01
201800027101;0;7;0;0;1;1;1;A01
201800027102;0;7;0;0;2;1;9;A01
201800027102;0;1;0;0;2;7;1;B01
201800027103;0;33;0;0;2;2;1;B01
201800027103;0;7;0;0;2;6;4;A01
201800027104;0;1;0;0;0;0;1;A01
201800027105;0;7;0;0;2;4;1;B01
201800027105;0;30;0;0;2;1;1;A01
201800027106;0;7;0;8;0;3;9;A01
201800027107;0;7;0;0;1;1;1;A01
201800027108;0;1;0;5;0;1;1;A01
201800027109;2;7;0;3;0;1;2;A01
201800027110;1;31;0;0;2;3;1;B01
201800027110;1;7;0;0;2;1;15;A01
201800027111;0;7;0;0;1;1;15;A01
201800027112;0;7;0;0;2;1;1;A01
201800027112;0;7;0;0;2;5;23;C01
201800027112;0;7;0;0;2;7;1;B01
201800027113;1;7;0;4;0;1;0;A01
201800027114;1;7;0;0;1;1;1;A01
201800027115;1;7;0;0;2;1;12;A01
201800027115;1;7;0;0;2;2;9;B01
201800027116;1;7;0;0;1;1;15;A01
201800027117;2;2;0;0;2;2;1;B01
201800027117;1;7;0;0;2;1;1;A01
201800027118;1;33;0;10;0;1;1;A01
201800027119;0;7;0;0;2;1;1;B01
201800027119;0;7;0;0;2;8;1;A01
201800027120;1;7;0;3;0;1;1;A01
201800027121;0;7;0;0;2;1;9;A01
201800027121;0;1;0;0;2;7;1;B01
201800027122;0;1;0;12;0;7;1;A01
201800027123;0;7;0;0;2;4;1;B01
201800027123;0;7;0;0;2;1;1;A01
201800027124;0;7;0;0;2;1;1;A01
201800027124;0;99;0;0;2;0;0;R01
201800027125;0;7;0;0;2;1;1;B01
201800027125;0;33;0;0;2;2;1;A01
201800027126;1;7;0;0;1;1;1;A01
201800027127;1;7;0;0;2;4;1;B01
201800027127;1;7;0;0;2;1;1;A01
201800027128;1;7;0;0;2;7;1;B01
201800027128;1;1;0;0;2;1;1;A01
201800027129;1;7;0;0;2;3;11;A01
201800027129;2;7;0;0;2;1;1;C01
201800027129;1;7;0;0;2;2;1;B01
201800027130;2;10;0;0;2;1;1;D01
201800027130;2;7;0;0;2;6;1;E01
201800027130;2;7;0;0;2;4;1;B01
201800027130;2;7;0;0;2;4;1;C01
201800027130;2;7;0;0;2;1;1;A01
201800027131;0;7;0;0;1;1;1;A01
201800027132;0;7;0;0;2;5;15;A01
201800027132;0;33;0;0;2;1;1;B01
201800027133;0;10;0;0;2;1;1;A01
201800027133;0;7;0;0;2;8;2;B01
201800027134;0;2;0;0;2;1;11;A01
201800027134;0;1;0;0;2;4;15;B01
201800027135;0;1;0;0;1;1;1;A01
201800027136;0;2;0;0;0;3;16;A01
201800027137;0;10;0;0;1;1;16;A01
201800027138;1;7;0;0;1;3;1;A01
201800027139;1;32;0;0;2;1;1;B01
201800027139;1;7;0;0;2;1;9;A01
201800027140;1;2;0;0;2;0;1;B01
201800027140;1;7;0;0;2;1;1;A01
201800027141;1;7;0;9;0;1;1;A01
201800027142;1;7;0;0;1;4;4;A01
201800027143;0;7;0;0;2;8;1;A01
201800027143;0;1;0;0;2;1;1;B01
201800027144;0;33;0;0;0;8;1;A01
201800027145;1;33;0;8;0;1;1;A01
201800027146;0;7;0;0;1;1;15;A01
201800027147;1;37;0;0;1;3;1;A01
201800027148;1;7;0;0;1;1;1;A01
201800027149;1;7;0;0;0;1;1;A01
201800027150;1;2;0;0;2;7;1;B01
201800027150;1;7;0;0;2;1;4;A01
201800027151;1;30;0;0;2;6;1;B01
201800027151;1;7;0;0;2;2;1;A01
201800027152;1;7;0;0;1;1;1;A01
201800027153;0;1;0;0;0;1;21;A01
201800027154;0;7;0;0;1;2;1;A01
201800027155;0;7;0;0;1;2;9;A01
201800027156;1;30;0;12;0;1;17;A01
201800027157;0;1;0;0;2;7;1;B01
201800027157;0;7;0;0;2;2;15;A01
201800027158;0;40;20;0;1;2;1;A01
201800027159;0;7;0;0;2;1;1;A01
201800027159;0;7;0;0;2;5;1;B01
201800027160;0;7;0;0;2;1;2;A01
201800027160;0;7;0;0;2;1;1;B01
201800027161;0;10;0;0;2;6;1;A01
201800027161;0;2;0;0;2;8;1;B01
201800027162;0;7;0;0;2;1;1;B01
201800027162;0;7;0;0;2;1;15;A01
201800027163;0;1;0;0;2;7;1;B01
201800027163;0;1;0;0;2;1;1;A01
201800027164;0;7;0;9;0;1;1;A01
201800027165;0;31;0;0;0;7;1;A01
201800027166;0;2;0;0;2;5;1;B01
201800027166;0;7;0;0;2;3;15;A01
201800027167;1;7;0;0;2;8;1;C01
201800027167;1;7;0;0;2;2;1;A01
201800027167;1;7;0;0;2;6;1;B01
201800027168;0;7;0;0;2;2;15;A01
201800027168;0;1;0;0;2;1;1;B01
201800027169;1;14;0;0;9;5;16;A01
201800027169;1;2;0;0;2;0;16;B01
201800027170;1;7;0;0;2;4;2;B01
201800027170;1;7;0;0;2;1;2;A01
201800027171;1;14;0;0;1;4;4;A01
201800027172;1;7;0;13;0;1;1;A01
201800027173;1;7;0;0;2;4;0;C01
201800027173;1;7;0;0;2;1;2;A01
201800027173;1;7;0;0;2;4;0;B01
201800027174;1;7;0;0;1;2;0;A01
201800027175;1;7;0;0;1;4;4;A01
201800027176;1;7;0;0;1;4;20;A01
201800027177;1;7;0;6;2;4;2;A01
201800027177;1;7;0;0;2;1;16;B01
201800027178;1;7;0;0;2;4;2;B01
201800027178;1;2;0;0;2;1;2;A01
201800027179;1;2;0;0;0;0;0;A01
201800027180;1;7;0;0;2;2;0;A01
201800027180;1;1;0;0;2;1;1;B01
201800027181;1;7;0;0;2;1;1;A01
201800027181;1;2;0;0;2;4;1;B01
201800027182;1;7;0;1;0;3;0;A01
201800027183;1;31;0;0;0;0;0;A01
201800027184;1;7;0;13;0;1;0;A01
201800027185;1;7;0;0;2;5;15;A01
201800027185;1;2;0;0;2;1;21;B01
201800027186;1;31;0;0;2;1;0;B01
201800027186;1;7;0;0;2;2;0;A01
201800027187;1;7;0;0;2;1;16;A01
201800027187;1;7;0;0;2;3;15;B01
201800027188;1;7;0;0;2;0;0;A01
201800027188;2;30;0;0;2;0;0;B01
201800027189;2;7;0;0;2;8;10;A01
201800027189;2;7;0;0;2;1;1;B01
201800027190;2;1;0;0;0;0;1;A01
201800027191;1;7;0;4;0;1;0;A01
201800027192;1;7;0;0;2;4;0;B01
201800027192;1;7;0;0;2;1;1;A01
201800027193;1;31;0;0;0;0;0;A01
201800027194;1;7;0;0;1;1;15;A01
201800027195;1;7;0;5;2;2;1;A01
201800027196;1;7;0;0;1;1;0;A01
201800027197;1;7;0;0;2;2;2;A01
201800027197;1;7;0;0;2;6;20;B01
201800027198;1;7;0;3;0;2;1;A01
201800027199;1;7;0;0;2;3;15;A01
201800027199;2;7;0;0;2;8;2;B01
201800027200;1;7;0;5;0;3;1;A01
201800027201;2;7;0;0;9;2;19;A01
201800027201;1;1;0;0;2;4;19;B01
201800027202;1;2;0;0;0;0;0;A01
201800027203;2;7;0;0;2;6;0;B01
201800027203;1;2;0;0;2;1;0;A01
201800027204;2;7;0;1;1;0;20;A01
201800027205;1;14;0;0;2;1;0;A01
201800027205;1;7;0;0;2;4;15;B01
201800027206;2;7;0;0;1;7;1;A01
201800027207;1;1;0;0;0;0;21;A01
201800027208;1;7;0;0;2;2;12;A01
201800027208;1;13;0;0;2;6;1;B01
201800027209;1;7;0;0;2;2;0;A01
201800027209;1;7;0;0;2;1;0;B01
201800027210;2;2;0;4;0;0;0;A01
201800027211;1;1;0;0;2;2;0;B01
201800027211;1;7;0;0;2;1;0;A01
201800027212;1;7;0;0;2;5;0;B01
201800027212;1;2;0;0;2;2;0;A01
201800027213;1;1;0;0;0;0;1;A01
201800027214;1;2;0;14;0;2;1;A01
201800027215;1;7;0;0;2;1;1;A01
201800027215;2;33;0;0;2;7;1;B01
201800027216;2;7;0;0;1;1;1;A01
201800027217;1;1;0;0;0;0;1;A01
201800027218;2;10;0;0;2;2;1;B01
201800027218;1;7;0;0;2;3;9;A01
201800027219;1;7;0;0;2;6;1;A01
201800027219;1;33;0;0;2;2;0;B01
201800027220;1;7;0;3;0;1;0;A01
201800027221;1;10;0;0;2;3;7;A01
201800027221;1;7;0;0;2;5;16;B01
201800027222;1;7;0;0;2;1;0;A01
201800027222;1;7;0;13;2;5;0;B01
201800027223;1;7;0;0;2;4;2;B01
201800027223;1;31;0;0;2;1;1;A01
201800027224;1;7;0;8;0;2;14;A01
201800027225;0;2;0;0;0;0;21;A01
201800027226;1;10;0;0;2;1;15;A01
201800027226;1;7;0;0;2;7;1;B01
201800027227;1;1;0;0;2;1;8;A01
201800027227;2;7;0;0;2;6;0;B01
201800027228;0;37;20;0;0;0;0;B01
201800027228;0;7;0;0;0;0;0;A01
201800027229;1;7;0;0;2;2;0;B01
201800027229;1;7;0;0;2;1;0;A01
201800027230;1;7;0;0;2;4;1;B01
201800027230;1;7;0;0;2;1;1;A01
201800027231;1;7;0;0;2;2;1;B01
201800027231;1;7;0;0;2;1;19;A01
201800027232;1;7;0;0;2;1;0;A01
201800027232;1;14;0;0;2;5;0;B01
201800027233;1;7;0;3;0;1;15;A01
201800027234;1;7;0;0;2;1;15;A01
201800027234;0;1;0;0;0;0;0;C01
201800027234;1;1;0;0;2;1;0;B01
201800027235;1;7;0;0;2;1;1;B01
201800027235;1;7;0;0;2;3;9;A01
201800027236;1;2;0;10;0;1;1;A01
201800027237;0;7;0;0;2;1;0;A01
201800027237;1;1;0;0;2;5;1;B01
201800027238;1;7;0;0;1;1;1;A01
201800027239;0;7;0;0;0;0;0;A01
201800027239;0;2;0;0;0;0;0;B01
201800027240;1;10;0;0;2;4;23;B01
201800027240;1;33;0;14;0;1;0;A01
201800027241;1;33;0;0;2;1;0;A01
201800027241;1;7;0;0;2;6;11;B01
201800027242;0;37;30;0;1;2;0;A01
201800027243;1;7;0;0;2;2;15;A01
201800027243;2;2;0;0;2;3;1;B01
201800027244;0;7;0;0;2;1;0;B01
201800027244;1;7;0;0;2;8;1;A01
201800027245;1;1;0;12;0;0;1;A01
201800027246;2;33;0;4;0;1;1;A01
201800027247;1;30;0;14;0;1;0;A01
201800027248;1;7;0;0;2;1;15;A01
201800027248;2;2;0;0;2;1;1;B01
201800027249;1;7;0;0;2;4;0;A01
201800027249;1;7;0;0;2;1;0;B01
201800027250;0;7;0;0;2;1;1;A01
201800027250;1;1;0;0;2;1;1;B01
201800027251;1;10;0;0;1;4;20;A01
201800027252;1;7;0;0;2;1;0;B01
201800027252;1;7;0;0;2;1;0;A01
201800027253;1;7;0;0;1;1;0;A01
201800027254;1;7;0;0;2;1;15;A01
201800027254;1;2;0;0;2;8;1;B01
201800027255;1;1;0;12;0;1;9;A01
201800027256;1;10;0;0;1;1;0;A01
201800027257;1;7;0;0;1;3;1;A01
201800027258;1;3;0;1;0;1;1;A01
201800027259;1;7;0;0;2;1;1;A01
201800027259;1;1;0;0;2;4;1;B01
201800027260;1;1;0;0;0;1;0;A01
201800027261;0;30;0;0;0;3;14;A01
201800027262;0;7;0;15;1;1;0;A01
201800027263;1;7;0;0;1;1;1;A01
201800027264;1;30;0;0;0;0;0;A01
201800027265;1;7;0;0;1;1;0;A01
201800027266;1;33;0;0;2;7;0;A01
201800027266;1;7;0;0;2;8;0;B01
201800027267;0;33;0;0;2;1;0;A01
201800027267;0;7;0;0;6;4;0;B01
201800027268;1;7;0;4;0;1;0;A01
201800027269;0;1;0;0;0;7;0;A01
201800027270;2;7;0;0;2;8;0;B01
201800027270;1;3;0;0;2;0;0;A01
201800027271;2;7;0;0;2;1;1;B01
201800027271;1;2;0;0;2;1;1;A01
201800027272;1;2;0;0;2;1;0;B01
201800027272;1;7;0;0;2;3;0;A01
201800027273;1;30;0;0;0;0;0;A01
201800027274;1;7;0;0;2;1;1;B01
201800027274;1;1;0;0;2;1;9;A01
201800027275;1;7;0;0;1;8;0;A01
201800027276;1;7;0;0;2;4;1;B01
201800027276;1;7;0;0;2;1;1;A01
201800027277;1;7;0;0;2;1;15;A01
201800027277;2;7;0;8;2;3;1;B01
201800027278;1;7;0;0;2;7;1;B01
201800027278;1;14;0;0;2;3;9;A01
201800027279;1;7;0;15;0;1;2;A01
201800027280;1;2;0;0;2;1;1;B01
201800027280;1;7;0;0;2;1;15;A01
201800027281;1;7;0;9;0;1;0;A01
201800027282;2;7;0;0;1;1;1;A01
201800027283;1;2;0;0;0;8;16;A01
201800027284;1;7;0;0;2;4;0;A01
201800027284;2;7;0;0;2;1;0;B01
201800027285;1;7;0;0;2;6;0;A01
201800027285;1;1;0;0;2;1;1;B01
201800027286;1;1;0;0;0;0;0;A01
201800027287;1;7;0;16;0;1;2;A01
201800027288;1;7;0;0;2;1;2;A01
201800027288;1;2;0;0;2;4;16;B01
201800027289;1;7;0;0;2;1;0;A01
201800027289;1;7;0;0;2;2;0;B01
201800027290;1;7;0;0;2;1;0;A01
201800027290;1;1;0;0;2;5;0;B01
201800027291;1;7;0;0;2;4;0;B01
201800027291;1;7;0;0;2;1;0;A01
201800027292;1;1;0;0;0;0;0;A01
201800027293;1;7;0;0;2;3;10;A01
201800027293;1;2;0;0;2;1;2;B01
201800027294;1;7;0;0;2;3;15;A01
201800027294;1;2;0;0;2;1;1;B01
201800027295;1;7;0;0;2;7;20;A01
201800027295;1;33;0;0;2;8;1;B01
201800027296;1;7;0;0;2;4;9;A01
201800027296;1;33;0;0;2;1;1;B01
201800027297;0;33;0;0;5;1;1;A01
201800027298;1;30;0;0;2;1;15;A01
201800027298;2;7;0;0;2;1;1;B01
201800027299;1;7;0;1;0;1;6;A01
201800027300;2;7;0;0;2;6;15;A01
201800027300;1;2;0;0;2;1;1;B01
201800027301;1;7;0;0;1;1;1;A01
201800027302;1;7;0;0;2;3;0;B01
201800027302;1;14;0;0;2;3;12;A01
201800027303;2;7;0;0;2;1;2;B01
201800027303;1;7;0;0;2;1;11;A01
201800027304;1;7;0;2;0;1;0;A01
201800027305;2;1;0;0;2;1;1;B01
201800027305;1;7;0;0;2;5;15;A01
201800027306;1;1;0;0;0;0;0;A01
201800027307;1;7;0;0;0;8;1;A01
201800027308;1;7;0;0;2;0;0;A01
201800027308;1;1;0;0;2;0;0;B01
201800027309;1;7;0;0;1;1;0;A01
201800027310;0;7;0;13;0;3;0;A01
201800027311;1;1;0;0;2;1;1;B01
201800027311;1;7;0;0;2;1;9;A01
201800027312;1;7;0;14;0;1;1;A01
201800027312;1;7;0;0;2;4;1;B01
201800027313;1;7;0;0;2;0;15;A01
201800027313;1;1;0;0;2;7;0;B01
201800027314;1;1;0;0;0;0;0;A01
201800027315;1;7;0;14;0;1;0;A01
201800027316;2;7;0;6;0;8;13;A01
201800027317;1;2;0;0;1;0;0;A01
201800027318;2;30;0;0;2;8;1;B01
201800027318;1;7;0;1;2;1;10;A01
201800027319;1;7;0;0;2;1;1;A01
201800027319;2;1;0;0;2;6;1;B01
201800027320;0;7;0;0;2;3;0;A01
201800027320;0;7;0;0;0;0;0;B01
201800027321;1;7;0;15;0;1;0;A01
201800027322;2;1;0;0;2;1;1;B01
201800027322;0;7;0;0;2;5;19;A01
201800027323;1;1;0;0;0;0;0;A01
201800027324;1;30;0;0;0;8;0;A01
201800027325;1;7;0;0;2;4;23;D01
201800027325;1;7;0;0;2;4;23;B01
201800027325;1;7;0;14;0;1;2;Z01
201800027325;1;7;0;0;2;6;23;C01
201800027326;0;30;0;1;0;1;21;A01
201800027327;0;99;0;2;0;1;2;A01
201800027328;0;7;0;0;0;0;0;A01
201800027328;0;7;0;0;2;2;1;Z01
201800027329;1;7;0;1;0;9;1;A01
201800027330;0;7;0;0;2;1;1;A01
201800027330;1;7;0;1;2;5;0;B01
201800027331;0;7;0;0;2;2;0;B01
201800027331;0;7;0;0;2;2;15;A01
201800027332;1;32;0;0;0;1;1;A01
201800027333;1;2;0;0;2;2;0;B01
201800027333;1;7;0;0;2;1;16;A01
201800027334;2;7;0;0;1;5;1;A01
201800027335;1;7;0;0;2;3;19;A01
201800027335;1;7;0;0;2;2;1;C01
201800027335;1;7;0;0;2;6;1;B01
201800027336;2;1;0;12;0;1;1;A01
201800027337;2;7;0;0;1;1;15;A01
201800027338;1;1;0;0;0;1;1;A01
201800027339;2;1;0;0;2;1;1;B01
201800027339;1;7;0;0;2;2;15;A01
201800027340;1;7;0;4;0;3;1;A01
201800027341;1;7;0;0;6;3;15;A01
201800027341;1;1;0;0;2;2;0;B01
201800027342;0;33;0;0;2;3;1;B01
201800027342;0;7;0;0;2;2;15;A01
201800027343;2;10;0;0;1;2;16;A01
201800027344;1;33;0;0;2;1;1;B01
201800027344;1;1;0;0;2;8;11;A01
201800027345;1;1;0;0;2;8;1;B01
201800027345;1;14;0;0;2;7;17;A01
201800027346;1;1;0;0;0;0;0;A01
201800027347;1;99;0;0;0;0;1;A01
201800027348;2;1;0;0;2;1;19;B01
201800027348;1;7;0;0;2;3;1;A01
201800027349;1;7;0;0;2;1;1;A01
201800027349;1;33;0;0;2;7;1;B01
201800027350;2;7;0;6;0;1;1;A01
201800027351;1;1;0;0;0;0;0;A01
201800027352;1;7;0;0;2;4;2;D01
201800027352;1;7;0;0;2;4;2;B01
201800027352;0;7;0;0;2;4;2;C01
201800027352;1;7;0;0;2;5;2;A01
201800027353;2;7;0;14;0;0;0;A01
201800027354;2;1;0;15;0;1;1;A01
201800027355;1;7;0;0;2;1;15;A01
201800027355;2;7;0;0;2;1;1;B01
201800027356;1;33;0;0;2;8;3;B01
201800027356;1;10;0;0;2;7;1;A01
201800027357;1;7;0;0;2;2;16;B01
201800027357;1;2;0;0;2;1;7;A01
201800027358;0;7;0;0;1;1;0;A01
201800027359;1;7;0;0;2;4;1;B01
201800027359;1;7;0;0;2;1;1;A01
201800027360;1;10;0;0;2;4;4;A01
201800027360;1;10;0;0;2;1;1;B01
201800027361;1;10;0;0;2;2;15;A01
201800027361;1;10;0;0;2;3;1;B01
201800027362;1;2;0;0;2;1;1;B01
201800027362;1;7;0;0;2;3;16;A01
201800027363;1;7;0;0;2;8;0;A01
201800027363;2;7;0;0;2;1;1;B01
201800027364;1;33;0;0;0;7;16;A01
201800027365;1;7;0;8;0;1;0;A01
201800027366;0;3;0;0;6;0;9;A01
201800027366;0;2;0;0;0;0;21;B01
201800027367;1;2;0;0;2;7;0;A01
201800027367;1;7;0;0;2;3;0;B01
201800027368;1;7;0;0;2;7;16;A01
201800027368;1;1;0;0;2;8;0;B01
201800027369;1;7;0;0;2;3;0;B01
201800027369;2;7;0;0;2;1;19;A01
201800027370;2;7;0;0;2;1;1;A01
201800027370;0;1;0;0;2;8;19;B01
201800027371;1;7;0;6;0;1;1;A01
201800027372;0;7;0;3;0;1;1;A01
201800027373;1;99;0;0;2;7;19;B01
201800027373;1;7;0;0;2;1;1;A01
201800027374;2;7;0;0;2;3;15;A01
201800027374;1;1;0;0;2;1;1;B01
201800027375;1;10;0;0;2;8;15;A01
201800027375;2;1;0;0;2;1;1;B01
201800027376;1;7;0;0;2;2;15;A01
201800027376;2;2;0;0;2;1;1;B01
201800027377;1;1;0;0;0;0;0;A01
201800027378;1;1;0;0;2;1;0;B01
201800027378;1;1;0;0;6;0;0;A01
201800027378;1;1;0;0;2;1;1;C01
201800027379;1;1;0;0;0;1;0;A01
201800027380;0;2;0;0;2;3;5;A01
201800027380;0;7;0;0;2;8;5;B01
201800027381;1;1;0;0;0;0;0;A01
201800027382;1;7;0;0;2;4;2;A01
201800027382;1;32;0;0;2;1;2;B01
201800027383;0;1;0;0;0;0;0;A01
201800027384;1;7;0;0;2;1;1;A01
201800027384;2;7;0;0;2;2;1;B01
201800027385;1;1;0;0;1;1;17;A01
201800027386;0;7;0;8;0;1;0;A01
201800027387;0;7;0;0;2;1;0;B01
201800027387;1;7;0;0;2;1;1;A01
201800027388;0;1;0;0;0;0;21;A01
201800027389;1;2;0;0;0;0;21;A01
201800027390;1;7;0;0;2;3;1;B01
201800027390;1;2;0;0;2;1;0;A01
201800027391;0;7;0;0;6;4;1;B01
201800027391;0;7;0;0;2;1;0;A01
201800027392;1;2;0;0;1;1;0;A01
201800027393;1;7;0;0;2;4;2;B01
201800027393;1;7;0;0;2;1;2;A01
201800027394;0;7;0;0;2;3;16;A01
201800027394;0;7;0;0;2;5;0;B01
201800027395;0;33;0;10;0;7;0;A01
201800027396;1;7;0;0;2;1;9;A01
201800027396;1;1;0;0;2;2;9;B01
201800027397;1;7;0;0;1;1;0;A01
201800027398;0;21;0;0;6;4;0;A01
201800027398;0;33;0;0;2;1;1;B01
201800027399;2;37;1;0;2;4;23;A01
201800027399;2;10;0;0;2;1;2;B01
201800027400;1;7;0;0;1;1;0;A01
201800027401;0;2;0;0;0;1;1;A01
201800027402;1;7;0;0;2;1;1;A01
201800027402;2;7;0;0;2;7;1;B01
201800027403;1;1;0;0;0;0;0;A01
201800027404;1;10;0;13;0;7;21;A01
201800027405;1;7;0;0;2;7;1;B01
201800027405;1;7;0;0;2;1;16;A01
201800027406;1;1;0;0;0;0;0;A01
201800027407;1;2;0;0;0;0;0;A01
201800027408;2;7;0;0;2;1;1;B01
201800027408;1;7;0;0;2;8;0;A01
201800027409;2;7;0;0;2;1;2;A01
201800027409;2;7;0;0;2;4;2;B01
201800027410;2;1;0;0;0;0;0;A01
201800027411;1;1;0;0;0;0;0;A01
201800027412;1;7;0;0;2;2;1;B01
201800027412;1;7;0;0;2;3;0;A01
201800027413;1;7;0;0;2;1;14;A01
201800027413;1;1;0;0;2;3;1;B01
201800027414;1;1;0;0;0;1;1;A01
201800027415;1;2;0;0;0;1;1;A01
201800027416;1;2;0;0;0;7;1;A01
201800027417;1;1;0;0;2;1;1;B01
201800027417;0;7;0;0;2;4;20;A01
201800027418;2;7;0;0;1;1;15;A01
201800027419;1;7;0;0;2;8;22;A01
201800027419;1;1;0;1;0;1;1;B01
201800027420;1;1;0;0;1;1;0;A01
201800027421;1;1;0;0;0;0;0;A01
201800027422;2;7;0;0;2;1;0;A01
201800027422;1;1;0;0;2;4;0;B01
201800027423;0;7;0;0;6;4;0;B01
201800027423;0;7;0;0;2;1;1;A01
201800027424;2;1;0;12;0;1;1;A01
201800027425;1;7;0;0;0;0;21;A01
201800027426;1;7;0;0;2;2;1;A01
201800027426;1;7;0;0;2;6;16;B01
201800027427;1;7;0;0;2;7;15;A01
201800027427;2;2;0;0;2;1;1;B01
201800027428;0;31;0;0;0;0;0;B01
201800027428;0;7;0;0;2;7;20;A01
201800027429;0;7;0;0;2;4;1;B01
201800027429;0;32;0;0;2;1;1;A01
201800027430;1;7;0;0;1;8;1;A01
201800027431;1;7;0;0;1;3;15;A01
201800027432;0;2;0;12;0;1;14;A01
201800027433;1;1;0;0;1;1;1;A01
201800027434;2;14;0;0;2;1;1;A01
201800027434;2;7;0;0;2;4;23;B01
201800027435;1;1;0;0;1;1;15;A01
201800027436;2;7;0;0;2;4;1;B01
201800027436;2;2;0;0;2;1;2;A01
201800027437;1;1;0;0;2;4;1;B01
201800027437;1;7;0;0;2;1;2;A01
201800027438;1;1;0;0;0;1;0;A01
201800027439;1;7;0;0;1;1;16;A01
201800027440;0;2;0;0;0;7;0;A01
201800027441;1;7;0;16;0;1;1;A01
201800027442;1;7;0;0;2;3;2;A01
201800027442;1;1;0;0;2;8;1;B01
201800027443;1;7;0;0;2;2;15;A01
201800027443;1;7;0;0;2;1;1;B01
201800027444;1;1;0;16;0;1;1;A01
201800027445;0;1;0;0;2;6;15;B01
201800027445;0;7;0;0;6;2;0;A01
201800027446;1;7;0;0;2;4;1;B01
201800027446;1;7;0;0;2;1;2;A01
201800027447;2;7;0;0;2;1;1;A01
201800027447;2;7;0;0;2;4;23;C01
201800027447;2;7;0;0;2;4;23;B01
201800027448;1;7;0;0;1;2;0;A01
201800027449;0;1;0;0;0;0;0;A01
201800027450;0;7;0;0;1;1;16;A01
201800027451;2;7;0;0;1;4;4;A01
201800027452;2;7;0;0;2;1;1;Z01
201800027452;2;7;0;0;2;4;23;A01
201800027453;1;1;0;0;0;1;1;A01
201800027454;2;33;0;0;2;1;2;A01
201800027454;2;7;0;0;2;4;2;B01
201800027455;0;7;0;2;0;1;0;A01
201800027456;1;1;0;0;0;1;0;A01
201800027457;1;7;0;0;2;1;1;B01
201800027457;1;7;0;0;2;2;19;A01
201800027458;0;7;0;0;6;2;0;A01
201800027458;0;1;0;0;2;4;11;B01
201800027459;2;3;0;0;2;3;1;B01
201800027459;1;7;0;0;2;2;15;A01
201800027460;1;7;0;0;2;7;16;A01
201800027460;1;33;0;0;2;8;1;B01
201800027461;1;1;0;0;0;1;1;A01
201800027462;1;7;0;0;2;4;1;C01
201800027462;1;7;0;0;2;1;1;A01
201800027462;0;7;0;0;2;4;1;B01
201800027463;1;7;0;0;2;2;16;A01
201800027463;1;1;0;0;2;3;16;B01
201800027464;1;7;0;0;2;1;1;A01
201800027464;1;7;0;0;2;8;1;B01
201800027465;0;7;0;0;2;1;0;A01
201800027465;1;1;0;0;2;7;1;B01
201800027466;1;10;0;0;2;2;1;A01
201800027466;1;1;0;0;2;8;1;B01
201800027467;0;32;0;14;1;1;0;A01
201800027468;1;7;0;3;0;1;0;A01
201800027469;2;1;0;1;0;3;22;B01
201800027469;1;7;0;0;2;3;22;A01