num_acc;senc;catv;occutc;obs;obsm;choc;manv;num_veh
201800027470;1;1;0;0;0;0;1;A01
201800027471;0;99;0;0;2;4;1;B01
201800027471;1;7;0;0;2;2;1;A01
201800027472;2;7;0;0;2;3;1;A01
201800027472;1;7;0;0;2;7;1;B01
201800027473;1;7;0;0;2;6;24;B01
201800027473;1;13;0;1;0;2;2;A01
201800027474;1;7;0;0;2;7;15;A01
201800027474;1;7;0;0;2;1;15;B01
201800027475;2;7;0;0;2;3;1;A01
201800027475;2;1;0;0;2;1;1;B01
201800027476;1;30;0;0;0;1;1;A01
201800027477;1;2;0;0;2;7;1;B01
201800027477;1;3;0;0;2;1;1;A01
201800027478;1;99;0;0;0;0;1;A01
201800027479;2;2;0;0;2;3;1;B01
201800027479;2;7;0;0;2;2;1;A01
201800027480;0;2;0;0;2;8;0;B01
201800027480;0;7;0;0;6;2;0;A01
201800027481;1;7;0;8;0;1;15;A01
201800027482;0;33;0;0;0;8;0;A01
201800027483;2;1;0;0;0;0;0;A01
201800027484;2;1;0;0;0;0;1;A01
201800027485;2;7;0;0;2;3;9;A01
201800027485;2;1;0;0;2;1;9;B01
201800027486;1;7;0;0;2;1;13;A01
201800027486;2;7;0;0;2;1;0;B01
201800027487;1;7;0;8;0;1;1;A01
201800027488;1;1;0;0;0;1;1;A01
201800027489;1;1;0;0;0;1;1;A01
201800027490;1;7;0;0;1;7;1;A01
201800027491;2;2;0;0;2;1;2;B01
201800027491;2;7;0;0;2;4;2;A01
201800027492;1;40;1;0;1;2;1;A01
201800027493;0;7;0;0;2;4;20;A01
201800027493;0;2;0;0;2;7;1;B01
201800027494;2;7;0;0;2;1;19;A01
201800027494;0;1;0;0;2;3;0;B01
201800027495;1;2;0;0;1;1;1;A01
201800027496;2;1;0;0;0;1;1;A01
201800027497;1;7;0;0;2;1;1;B01
201800027497;0;7;0;0;2;7;19;A01
201800027498;1;2;0;0;1;1;11;A01
201800027499;2;1;0;0;0;0;0;A01
201800027500;0;7;0;5;0;1;0;A01
201800027501;1;2;0;0;0;0;0;A01
201800027502;0;2;0;0;2;1;0;A01
201800027502;0;7;0;15;0;4;0;B01
201800027503;1;2;0;12;0;1;1;A01
201800027504;2;7;0;0;2;1;2;A01
201800027504;2;2;0;0;2;4;2;B01
201800027505;0;7;0;0;2;3;0;B01
201800027505;0;7;0;0;2;1;0;A01
201800027506;2;1;0;12;0;0;0;A01
201800027507;0;2;0;0;2;1;0;A01
201800027507;0;7;0;14;0;4;0;B01
201800027508;0;7;0;0;6;2;0;A01
201800027508;0;37;30;0;2;3;0;B01
201800027509;1;7;0;0;2;2;0;B01
201800027509;2;7;0;0;2;8;9;A01
201800027510;0;7;0;0;2;4;0;B01
201800027510;0;1;0;0;2;1;0;A01
201800027511;0;7;0;0;6;6;0;A01
201800027511;0;30;0;0;2;4;0;B01
201800027512;1;1;0;12;0;1;2;A01
201800027513;2;1;0;0;2;1;1;B01
201800027513;1;7;0;0;2;1;15;A01
201800027514;2;7;0;0;2;4;2;B01
201800027514;2;7;0;0;2;1;1;A01
201800027515;0;7;0;0;1;1;0;A01
201800027516;2;1;0;0;2;1;12;A01
201800027516;2;1;0;0;2;7;1;B01
201800027517;0;7;0;0;2;1;0;A01
201800027517;0;7;0;0;2;0;0;B01
201800027518;1;7;0;0;2;1;15;A01
201800027518;2;7;0;0;2;1;1;B01
201800027519;2;7;0;0;0;0;0;A01
201800027520;0;1;0;0;2;1;0;B01
201800027520;0;7;0;0;6;1;0;A01
201800027521;1;33;0;12;0;1;1;A01
201800027522;2;1;0;0;2;1;1;B01
201800027522;1;7;0;0;2;0;0;A01
201800027523;1;2;0;0;2;1;1;B01
201800027523;2;7;0;0;2;1;15;A01
201800027524;1;7;0;0;2;9;23;B01
201800027524;1;7;0;0;2;1;1;A01
201800027524;1;7;0;0;2;4;23;C01
201800027524;1;32;0;0;2;9;23;D01
201800027525;0;7;0;0;2;1;0;B01
201800027525;0;7;0;0;2;1;0;A01
201800027525;0;7;0;0;2;4;0;C01
201800027526;1;7;0;0;2;2;20;A01
201800027526;1;7;0;0;2;3;1;B01
201800027527;1;7;0;0;2;1;1;A01
201800027527;1;7;0;0;2;4;1;B01
201800027528;2;7;0;0;0;1;0;A01
201800027529;1;7;0;0;2;4;23;A01
201800027529;1;1;0;14;0;1;1;B01
201800027530;1;7;0;0;2;4;15;B01
201800027530;1;7;0;0;2;1;1;A01
201800027531;1;7;0;0;2;4;2;D01
201800027531;1;7;0;0;2;1;2;C01
201800027531;1;7;0;0;2;4;2;B01
201800027531;1;7;0;0;2;1;2;A01
201800027532;1;2;0;0;2;1;1;B01
201800027532;1;7;0;0;2;1;0;A01
201800027533;1;7;0;0;2;3;1;A01
201800027533;1;33;0;0;2;5;0;B01
201800027534;1;2;0;0;2;0;15;B01
201800027534;1;7;0;0;2;1;1;A01
201800027535;1;7;0;0;1;2;1;A01
201800027536;1;7;0;0;2;1;15;A01
201800027536;2;7;0;0;2;3;1;B01
201800027537;2;1;0;0;2;4;19;B01
201800027537;1;7;0;0;2;1;16;A01
201800027538;1;7;0;0;2;1;2;C01
201800027538;1;7;0;0;2;4;1;B01
201800027538;1;7;0;0;2;1;2;A01
201800027539;0;7;0;0;6;1;0;A01
201800027539;0;1;0;0;6;4;0;B01
201800027540;2;2;0;0;2;3;1;B01
201800027540;1;7;0;0;2;2;15;A01
201800027541;1;1;0;0;2;4;21;B01
201800027541;1;7;0;0;2;1;1;A01
201800027542;2;7;0;0;2;1;1;B01
201800027542;1;7;0;0;2;1;15;A01
201800027543;1;7;0;1;0;1;1;A01
201800027544;0;7;0;0;2;1;0;A01
201800027544;0;7;0;0;2;4;0;B01
201800027545;2;7;0;0;2;3;1;B01
201800027545;1;7;0;0;2;1;15;A01
201800027546;1;2;0;0;0;0;0;A01
201800027547;2;7;0;0;0;0;0;A01
201800027548;2;2;0;0;0;0;0;A01
201800027549;0;7;0;0;2;1;0;A01
201800027549;0;7;0;0;2;4;0;C01
201800027549;0;7;0;0;2;4;0;B01
201800027550;1;1;0;0;0;0;0;A01
201800027551;1;7;0;0;2;4;1;B01
201800027551;1;7;0;0;2;1;1;A01
201800027551;1;7;0;0;2;4;1;C01
201800027552;1;2;0;0;2;1;1;A01
201800027552;2;7;0;0;2;7;0;B01
201800027553;1;7;0;0;1;2;1;A01
201800027554;1;7;0;0;2;1;1;A01
201800027554;1;7;0;0;2;4;1;B01
201800027555;2;7;0;4;0;1;1;A01
201800027556;1;7;0;0;1;2;1;A01
201800027557;1;7;0;0;1;1;11;A01
201800027558;1;1;0;0;2;0;1;B01
201800027558;1;7;0;0;2;4;10;A01
201800027559;1;7;0;0;2;2;15;A01
201800027559;2;7;0;0;2;1;1;B01
201800027560;1;7;0;0;2;1;1;A01
201800027560;1;1;0;0;2;1;1;B01
201800027561;1;7;0;1;0;1;0;A01
201800027562;1;7;0;0;2;3;1;B01
201800027562;1;7;0;0;2;2;10;A01
201800027563;0;7;0;0;2;4;0;C01
201800027563;0;7;0;0;2;1;0;B01
201800027563;0;7;0;0;2;1;0;A01
201800027564;1;7;0;0;2;4;1;B01
201800027564;1;7;0;0;2;1;1;A01
201800027565;0;30;0;0;2;1;0;B01
201800027565;0;7;0;0;6;3;0;A01
201800027566;2;2;0;0;2;1;1;B01
201800027566;2;7;0;0;2;3;15;A01
201800027567;2;7;0;0;2;4;1;B01
201800027567;2;7;0;0;2;1;1;A01
201800027568;1;2;0;0;0;7;0;A01
201800027569;1;7;0;0;2;1;1;A01
201800027569;1;7;0;0;2;4;1;B01
201800027570;1;1;0;0;2;7;1;B01
201800027570;1;7;0;0;2;3;0;A01
201800027571;1;7;0;0;2;6;10;A01
201800027571;1;31;0;0;2;1;1;B01
201800027572;1;7;0;0;2;4;1;B01
201800027572;1;7;0;0;2;1;1;A01
201800027573;1;7;0;0;2;1;1;A01
201800027573;1;1;0;0;2;4;1;B01
201800027574;1;1;0;0;2;0;0;B01
201800027574;1;7;0;0;2;0;0;A01
201800027575;1;7;0;0;0;8;0;A01
201800027576;1;7;0;0;1;1;1;A01
201800027577;1;2;0;0;2;1;1;A01
201800027577;2;7;0;0;2;2;15;B01
201800027578;0;1;0;0;2;1;0;B01
201800027578;0;7;0;0;6;8;0;A01
201800027579;1;7;0;0;1;1;1;A01
201800027580;2;1;0;0;2;8;15;B01
201800027580;2;7;0;0;2;2;1;A01
201800027581;1;10;0;0;1;4;4;A01
201800027582;1;33;0;0;2;7;1;B01
201800027582;1;7;0;0;2;8;15;A01
201800027583;2;30;0;0;2;1;9;B01
201800027583;1;7;0;0;2;3;9;A01
201800027584;1;7;0;0;2;2;1;B01
201800027584;1;7;0;0;2;6;4;A01
201800027585;1;7;0;0;2;1;13;A01
201800027585;2;7;0;0;2;1;1;B01
201800027586;1;33;0;6;0;1;14;A01
201800027587;0;1;0;0;2;1;9;B01
201800027587;0;15;0;0;2;5;1;A01
201800027588;1;7;0;0;2;3;10;A01
201800027588;1;33;0;1;2;7;21;B01
201800027589;2;7;0;0;2;2;9;B01
201800027589;2;7;0;0;2;3;9;A01
201800027590;2;7;0;0;2;1;14;A01
201800027590;1;7;0;0;2;1;15;B01
201800027591;1;7;0;0;2;3;15;A01
201800027591;2;2;0;0;2;1;1;B01
201800027592;2;33;0;0;2;1;1;B01
201800027592;1;7;0;0;2;5;15;A01
201800027593;2;7;0;0;2;7;17;A01
201800027593;2;1;0;0;2;8;1;B01
201800027594;2;7;0;6;0;2;14;A01
201800027595;2;30;0;0;2;4;23;B01
201800027595;2;30;0;0;2;1;1;A01
201800027596;2;33;0;12;0;1;21;A01
201800027597;1;33;0;0;2;5;21;B01
201800027597;1;33;0;0;2;3;21;A01
201800027598;2;31;0;0;2;1;1;A01
201800027598;1;7;0;0;2;3;16;B01
201800027599;1;33;0;0;2;1;1;B01
201800027599;2;7;0;0;2;3;9;A01
201800027600;2;30;0;0;0;0;1;A01
201800027601;2;20;0;0;2;8;0;A01
201800027601;1;33;0;0;2;1;1;B01
201800027602;1;33;0;0;0;7;1;A01
201800027603;2;10;0;0;2;2;16;A01
201800027603;2;2;0;0;2;1;18;B01
201800027604;1;30;0;0;0;8;1;A01
201800027605;2;7;0;0;2;2;16;A01
201800027605;2;1;0;0;2;1;1;B01
201800027606;1;1;0;0;1;7;1;A01
201800027607;1;7;0;0;2;4;1;C01
201800027607;1;33;0;0;2;9;1;B01
201800027607;1;7;0;0;2;1;1;A01
201800027608;0;7;0;6;0;2;14;A01
201800027609;1;2;0;0;0;0;1;A01
201800027610;1;2;0;0;0;7;14;A01
201800027611;1;33;0;13;0;1;1;A01
201800027612;2;7;0;15;0;8;13;A01
201800027613;2;7;0;13;0;1;0;A01
201800027614;2;33;0;0;0;7;16;A01
201800027615;2;7;0;0;2;3;15;A01
201800027615;1;2;0;0;2;8;1;B01
201800027616;1;7;0;0;1;3;1;A01
201800027617;1;7;0;0;1;1;15;A01
201800027618;1;7;0;0;1;1;16;Z01
201800027619;2;33;0;0;2;3;1;B01
201800027619;2;7;0;0;2;1;1;A01
201800027620;1;7;0;0;2;2;9;A01
201800027620;2;7;0;0;2;8;1;B01
201800027621;1;7;0;0;2;6;2;B01
201800027621;1;7;0;0;2;2;1;A01
201800027622;2;7;0;0;1;1;16;A01
201800027623;1;15;0;0;1;5;1;A01
201800027624;1;7;0;0;2;1;1;B01
201800027624;1;7;0;0;2;2;15;A01
201800027625;2;33;0;2;0;7;1;A01
201800027626;2;7;0;0;2;3;1;B01
201800027626;1;7;0;0;2;2;9;A01
201800027627;1;2;0;0;2;1;0;A01
201800027627;2;7;0;0;2;8;0;B01
201800027628;2;30;0;0;2;7;1;B01
201800027628;1;7;0;0;2;1;9;A01
201800027629;1;7;0;0;2;3;1;A01
201800027629;2;7;0;7;2;2;1;B01
201800027630;0;7;0;0;2;4;23;B01
201800027630;0;10;0;0;2;1;2;A01
201800027631;1;7;0;0;1;1;16;A01
201800027632;1;7;0;0;1;1;1;A01
201800027633;1;3;0;0;2;3;15;A01
201800027633;1;2;0;0;2;1;1;B01
201800027634;1;2;0;0;2;8;1;B01
201800027634;0;7;0;0;2;3;15;A01
201800027635;1;7;0;0;1;1;1;A01
201800027636;1;7;0;0;2;1;1;B01
201800027636;1;7;0;0;2;2;1;A01
201800027637;1;30;0;0;0;8;1;A01
201800027638;2;7;0;0;2;1;2;A01
201800027638;2;7;0;0;2;4;2;B01
201800027639;1;7;0;0;1;2;9;A01
201800027640;2;7;0;0;6;3;1;B01
201800027640;1;1;0;0;2;1;9;A01
201800027641;1;1;0;0;0;8;2;B01
201800027641;1;7;0;14;6;7;2;A01
201800027642;0;30;0;0;2;1;13;A01
201800027642;0;30;0;0;2;1;1;B01
201800027643;1;7;0;0;2;4;2;B01
201800027643;1;7;0;0;2;1;2;A01
201800027643;1;7;0;0;2;4;2;C01
201800027644;0;7;0;0;2;8;15;A01
201800027644;2;7;0;0;2;2;17;B01
201800027645;0;7;0;0;1;4;4;A01
201800027646;2;7;0;0;2;2;9;A01
201800027646;1;2;0;0;2;8;1;B01
201800027647;2;33;0;0;0;1;5;A01
201800027647;1;7;0;0;0;2;5;B01
201800027648;2;7;0;3;0;9;0;A01
201800027649;1;7;0;0;2;1;5;A01
201800027649;2;2;0;0;2;8;5;B01
201800027650;2;7;0;7;2;1;1;A01
201800027650;2;7;0;0;2;2;1;B01
201800027651;2;17;0;0;2;2;2;A01
201800027651;2;7;0;0;2;4;23;B01
201800027652;2;2;0;0;2;3;15;B01
201800027652;1;7;0;0;2;3;15;A01
201800027653;1;7;0;0;1;7;1;A01
201800027654;2;7;0;0;2;5;15;A01
201800027654;2;2;0;0;2;1;1;B01
201800027655;1;7;0;0;6;3;9;A01
201800027655;1;1;0;0;2;1;9;B01
201800027656;2;7;0;0;2;1;2;C01
201800027656;2;7;0;0;2;8;1;B01
201800027656;1;7;0;0;2;3;1;A01
201800027657;1;3;0;0;2;1;1;A01
201800027657;1;2;0;0;2;4;1;B01
201800027658;2;7;0;0;2;1;1;B01
201800027658;1;7;0;0;2;3;13;A01
201800027659;2;1;0;0;2;1;1;B01
201800027659;1;7;0;0;2;1;9;A01
201800027660;2;10;0;0;2;1;5;A01
201800027660;1;7;0;0;2;8;15;B01
201800027661;2;7;0;0;2;1;2;B01
201800027661;2;7;0;0;2;4;2;C01
201800027661;2;7;0;0;2;1;2;A01
201800027662;2;7;0;0;2;7;1;A01
201800027662;2;2;0;0;2;1;1;B01
201800027663;2;1;0;0;2;7;1;B01
201800027663;1;7;0;0;2;1;9;A01
201800027664;0;30;0;0;2;3;13;A01
201800027664;0;7;0;0;2;7;1;B01
201800027665;2;33;0;13;0;1;16;A01
201800027666;0;7;0;0;1;1;1;A01
201800027666;0;7;0;0;2;1;2;B01
201800027667;0;7;0;0;2;3;15;A01
201800027667;0;33;0;0;2;1;1;B01
201800027668;0;7;0;0;1;1;2;A01
201800027668;0;7;0;0;0;0;12;B01
201800027669;0;7;0;0;1;2;15;Z01
201800027670;2;7;0;15;2;1;1;A01
201800027670;0;7;0;0;2;1;1;B01
201800027671;1;7;0;13;0;1;1;A01
201800027672;0;7;0;0;1;1;1;A01
201800027673;2;7;0;0;2;1;1;A01
201800027673;2;7;0;0;2;4;1;B01
201800027674;1;7;0;0;2;1;15;A01
201800027674;2;2;0;0;2;1;1;B01
201800027675;0;7;0;0;2;5;15;A01
201800027675;0;32;0;0;2;2;1;B01
201800027676;1;7;0;13;0;2;14;A01
201800027677;2;7;0;0;2;3;9;A01
201800027677;2;1;0;0;2;7;1;B01
201800027678;0;1;0;0;2;1;1;B01
201800027678;0;7;0;0;2;3;16;A01
201800027679;0;10;0;0;1;2;1;A01
201800027680;0;7;0;0;2;2;15;A01
201800027680;0;30;0;0;2;1;1;B01
201800027681;0;7;0;1;2;1;13;A01
201800027682;0;31;0;1;0;1;15;A01
201800027683;0;31;0;0;0;8;1;A01
201800027683;0;7;0;0;0;0;15;B01
201800027684;0;7;0;0;2;4;1;A01
201800027684;0;7;0;0;2;1;2;B01
201800027685;0;7;0;8;0;2;14;A01
201800027686;0;7;0;0;2;1;1;A01
201800027686;0;7;0;0;2;1;13;B01
201800027687;0;7;0;0;2;4;16;A01
201800027687;0;30;0;0;2;1;1;B01
201800027688;0;7;0;0;2;1;9;A01
201800027688;0;7;0;0;2;7;1;B01
201800027688;0;7;0;0;2;1;1;C01
201800027689;0;7;0;0;2;8;1;A01
201800027689;0;7;0;0;2;1;1;B01
201800027690;0;7;0;1;0;2;14;A01
201800027691;0;7;0;8;0;1;16;A01
201800027692;0;7;0;0;2;3;10;A01
201800027692;0;2;0;0;2;1;1;B01
201800027693;0;7;0;15;0;2;14;A01
201800027694;0;7;0;0;2;3;1;A01
201800027694;0;7;0;0;2;3;1;B01
201800027695;0;7;0;2;0;1;13;A01
201800027696;0;7;0;0;2;3;20;A01
201800027696;0;33;0;0;2;4;23;B01
201800027697;1;7;0;0;2;1;1;A01
201800027697;2;7;0;0;2;3;15;B01
201800027698;0;10;0;0;2;8;9;A01
201800027698;0;7;0;0;2;2;1;B01
201800027699;0;7;0;0;2;2;15;A01
201800027699;0;7;0;0;2;1;1;B01
201800027700;0;7;0;1;0;1;14;A01
201800027701;0;1;0;0;2;7;19;A01
201800027701;2;7;0;0;2;1;1;B01
201800027702;0;33;0;14;0;8;1;A01
201800027703;0;7;0;1;0;2;14;A01
201800027704;0;7;0;0;2;2;16;A01
201800027704;0;2;0;0;2;8;2;B01
201800027705;0;7;0;0;1;3;1;A01
201800027706;1;31;0;0;2;1;2;A01
201800027706;1;7;0;0;2;4;23;B01
201800027707;0;7;0;0;2;0;15;A01
201800027707;0;2;0;0;2;3;1;B01
201800027708;1;7;0;0;2;1;2;A01
201800027708;1;7;0;0;2;4;1;B01
201800027709;0;7;0;0;2;7;19;A01
201800027709;0;3;0;0;2;1;1;B01
201800027710;0;7;0;0;1;2;1;A01
201800027711;0;7;0;0;1;3;1;A01
201800027712;1;7;0;4;0;3;6;A01
201800027713;0;7;0;0;1;1;1;A01
201800027714;2;7;0;0;2;1;2;A01
201800027714;2;7;0;0;2;4;1;B01
201800027715;0;2;0;0;1;1;1;A01
201800027716;0;2;0;0;1;1;21;A01
201800027717;0;7;0;1;2;3;13;A01
201800027717;0;7;0;0;2;1;1;B01
201800027718;0;7;0;0;2;1;1;B01
201800027718;0;7;0;6;2;8;19;A01
201800027719;0;7;0;0;2;8;13;A01
201800027719;0;10;0;0;2;7;1;B01
201800027720;0;7;0;0;2;4;4;A01
201800027720;0;7;0;0;2;1;2;B01
201800027721;1;31;0;7;0;1;14;A01
201800027722;0;2;0;0;2;1;9;A01
201800027722;0;7;0;1;2;2;1;B01
201800027723;2;7;0;0;2;1;2;A01
201800027723;2;7;0;0;2;4;1;B01
201800027724;0;33;0;0;2;3;13;A01
201800027724;0;7;0;0;2;3;1;B01
201800027725;0;7;0;0;1;2;1;A01
201800027726;0;7;0;0;1;1;1;A01
201800027727;0;1;0;0;1;1;1;A01
201800027728;2;1;0;0;2;1;1;A01
201800027728;0;7;0;0;2;2;1;B01
201800027729;1;10;0;0;2;2;15;A01
201800027729;2;7;0;0;2;3;1;B01
201800027730;;7;0;0;1;0;1;A01
201800027731;0;33;0;0;0;8;17;A01
201800027731;0;7;0;0;0;0;15;B01
201800027732;0;7;0;1;2;1;14;A01
201800027732;0;7;0;0;2;3;1;B01
201800027733;0;7;0;4;0;8;1;A01
201800027734;0;10;0;0;1;6;20;A01
201800027735;1;1;0;0;2;1;2;A01
201800027735;1;7;0;0;2;4;1;B01
201800027736;0;7;0;6;0;1;14;A01
201800027737;0;7;0;0;1;6;15;A01
201800027738;0;7;0;0;1;1;15;A01
201800027739;0;7;0;0;2;2;1;B01
201800027739;0;3;0;0;2;3;9;A01
201800027740;1;7;0;8;0;1;14;A01
201800027741;0;7;0;0;2;1;13;A01
201800027741;0;7;0;3;2;3;1;B01
201800027742;1;10;0;0;2;1;2;A01
201800027742;1;7;0;0;2;4;1;B01
201800027743;0;1;0;0;2;7;16;A01
201800027743;0;1;0;0;2;1;1;B01
201800027744;2;2;0;0;2;1;2;A01
201800027744;2;7;0;0;2;4;1;B01
201800027745;0;10;0;0;2;7;15;A01
201800027745;0;2;0;0;2;1;1;B01
201800027746;0;2;0;0;2;8;9;A01
201800027746;0;3;0;0;2;1;1;B01
201800027747;0;7;0;0;1;1;16;A01
201800027748;1;33;0;0;2;8;21;B01
201800027748;1;7;0;0;2;0;9;A01
201800027749;2;7;0;0;2;3;15;A01
201800027749;1;1;0;0;2;8;1;B01
201800027750;0;7;0;0;2;3;15;A01
201800027750;0;7;0;0;2;3;1;B01
201800027751;2;10;0;0;2;3;1;A01
201800027751;0;7;0;0;2;6;1;B01
201800027752;0;7;0;0;2;1;15;A01
201800027752;0;7;0;15;2;3;1;B01
201800027753;1;17;0;0;2;2;12;A01
201800027753;1;7;0;0;2;8;1;B01
201800027754;1;7;0;0;2;1;2;A01
201800027754;1;7;0;0;2;4;1;B01
201800027755;0;30;0;0;2;1;9;A01
201800027755;0;7;0;0;2;8;1;B01
201800027756;1;7;0;3;0;1;14;A01
201800027757;0;7;0;0;1;1;8;A01
201800027758;0;2;0;0;0;7;16;A01
201800027759;0;10;0;0;2;1;1;B01
201800027759;0;30;0;0;2;2;19;A01
201800027760;0;1;0;0;2;1;2;A01
201800027760;0;7;0;0;2;4;20;B01
201800027761;0;2;0;0;2;3;9;A01
201800027761;0;1;0;0;2;1;17;B01
201800027762;2;7;0;0;2;7;17;A01
201800027762;2;2;0;0;2;8;1;B01
201800027763;0;7;0;0;2;3;13;A01
201800027763;0;7;0;0;2;3;1;B01
201800027764;0;7;0;6;0;1;14;A01
201800027765;0;2;0;0;2;1;2;A01
201800027765;0;7;0;0;2;4;1;B01
201800027766;0;7;0;0;2;3;13;A01
201800027766;0;7;0;0;2;3;15;B01
201800027767;0;7;0;0;1;3;1;A01
201800027768;1;33;0;0;2;2;16;A01
201800027768;1;7;0;0;2;3;18;B01
201800027769;0;2;0;0;0;8;1;A01
201800027770;0;1;0;0;1;2;1;B01
201800027771;1;7;0;0;2;3;9;A01
201800027771;2;33;0;0;2;1;15;B01
201800027772;2;7;0;0;2;1;1;A01
201800027772;2;7;0;0;2;4;23;B01
201800027772;2;7;0;0;2;4;23;C01
201800027773;0;7;0;0;1;6;4;A01
201800027774;0;7;0;0;1;3;1;A01
201800027775;0;7;0;1;0;2;14;A01
201800027776;0;2;0;0;2;7;17;A01
201800027776;0;2;0;0;2;0;1;B01
201800027777;0;33;0;0;2;1;17;A01
201800027777;0;7;0;0;2;3;15;B01
201800027778;1;10;0;0;2;1;2;A01
201800027778;1;7;0;0;2;4;1;B01
201800027779;1;33;0;4;2;1;1;A01
201800027779;2;7;0;0;2;1;1;B01
201800027780;0;99;0;0;2;1;1;A01
201800027780;0;7;0;0;6;3;1;B01
201800027781;1;7;0;0;2;3;13;A01
201800027781;2;33;0;0;2;3;1;B01
201800027782;0;33;0;16;0;0;13;A01
201800027783;0;7;0;0;2;6;4;A01
201800027783;0;7;0;0;2;8;1;B01
201800027784;0;1;0;0;2;1;2;A01
201800027784;0;7;0;0;2;4;16;B01
201800027785;0;7;0;0;2;1;2;A01
201800027785;0;7;0;0;2;5;1;B01
201800027786;0;7;0;0;1;1;1;A01
201800027787;2;2;0;0;2;3;18;A01
201800027787;2;2;0;1;2;4;1;B01
201800027788;1;31;0;0;2;1;1;A01
201800027788;2;7;0;0;2;3;15;B01
201800027789;0;7;0;13;0;9;1;A01
201800027790;2;2;0;0;2;2;17;A01
201800027790;2;37;30;0;2;6;1;B01
201800027791;0;7;0;0;1;3;1;A01
201800027792;0;7;0;0;1;1;16;A01
201800027793;0;2;0;0;2;1;2;A01
201800027793;0;10;0;0;2;4;1;B01
201800027794;1;7;0;0;2;2;1;A01
201800027794;2;7;0;0;2;5;15;B01
201800027795;0;10;0;0;1;2;16;A01
201800027796;0;7;0;0;1;3;1;A01
201800027797;0;7;0;3;0;3;13;A01
201800027798;0;7;0;0;1;2;1;A01
201800027799;0;7;0;8;0;1;13;A01
201800027800;0;7;0;0;2;1;9;A01
201800027800;0;1;0;0;2;5;1;B01
201800027801;0;2;0;16;0;3;17;A01
201800027802;0;2;0;12;0;1;14;A01
201800027803;0;2;0;14;0;2;1;A01
201800027804;0;7;0;8;0;2;1;A01
201800027805;0;7;0;0;1;1;21;A01
201800027806;1;7;0;0;2;8;10;A01
201800027806;1;2;0;0;2;1;1;B01
201800027807;0;7;0;0;2;2;15;A01
201800027807;0;2;0;0;2;1;1;B01
201800027808;0;1;0;0;2;1;0;A01
201800027808;0;7;0;0;2;2;0;B01
201800027809;0;7;0;0;2;3;1;A01
201800027809;0;7;0;0;2;3;17;B01
201800027810;0;10;0;2;0;1;1;A01
201800027811;0;7;0;1;0;1;1;A01
201800027812;0;7;0;0;2;5;15;A01
201800027812;0;2;0;0;2;1;1;B01
201800027813;0;7;0;6;0;6;1;A01
201800027814;1;10;0;0;2;2;15;A01
201800027814;1;7;0;0;2;2;1;B01
201800027815;0;14;0;0;2;2;4;A01
201800027815;0;2;0;0;2;1;1;B01
201800027816;0;3;0;0;2;3;11;A01
201800027816;0;10;0;0;2;3;17;B01
201800027817;1;7;0;0;2;1;2;A01
201800027817;1;7;0;0;2;4;2;B01
201800027817;1;7;0;0;2;4;1;C01
201800027818;0;7;0;8;0;1;16;A01
201800027819;2;17;0;0;2;1;2;A01
201800027819;2;7;0;0;0;0;1;B01
201800027820;0;7;0;6;0;1;19;A01
201800027821;1;7;0;0;1;3;1;A01
201800027822;0;7;0;0;1;1;1;A01
201800027823;0;7;0;13;0;3;13;A01
201800027824;0;7;0;0;2;3;1;A01
201800027824;0;7;0;0;2;3;9;B01
201800027825;2;7;0;0;2;1;2;A01
201800027825;2;7;0;0;2;4;23;B01
201800027825;2;7;0;0;2;4;23;C01
201800027826;1;7;0;8;0;1;14;A01
201800027827;0;7;0;0;1;1;16;A01
201800027828;0;10;0;0;2;2;1;A01
201800027828;0;7;0;0;2;3;1;B01
201800027829;0;7;0;0;2;8;9;A01
201800027829;0;2;0;0;2;1;1;B01
201800027830;0;1;0;0;2;1;1;B01
201800027830;0;7;0;0;2;6;15;A01
201800027831;0;7;0;0;1;2;1;A01
201800027832;1;7;0;0;1;1;15;A01
201800027833;1;7;0;6;0;1;13;A01
201800027834;0;7;0;0;1;2;1;A01
201800027835;1;7;0;0;2;3;14;A01
201800027835;1;7;0;0;2;2;9;B01
201800027836;1;7;0;0;0;1;14;A01
201800027837;1;7;0;0;2;5;9;A01
201800027837;1;33;0;0;2;1;2;B01
201800027838;0;7;0;0;2;3;19;A01
201800027838;0;7;0;1;0;0;0;B01
201800027839;2;33;0;0;0;0;16;A01
201800027840;1;7;0;0;2;2;15;A01
201800027840;2;38;20;0;2;1;1;B01
201800027841;1;7;0;0;2;2;0;A01
201800027841;1;30;0;0;2;5;15;B01
201800027842;0;7;0;0;1;1;1;A01
201800027843;1;10;0;0;5;2;1;A01
201800027844;2;7;0;13;0;7;1;A01
201800027845;1;7;0;0;2;1;1;A01
201800027845;1;7;0;0;2;7;19;B01
201800027846;1;7;0;0;1;2;1;A01
201800027847;2;7;0;0;1;7;14;A01
201800027848;1;7;0;0;2;1;2;A01
201800027848;1;7;0;0;2;4;1;B01
201800027849;1;7;0;0;2;1;2;A01
201800027849;1;7;0;0;2;4;23;B01
201800027850;1;2;0;6;0;3;13;A01
201800027851;1;7;0;2;0;7;14;A01
201800027852;1;7;0;6;0;3;13;A01
201800027853;0;7;0;0;2;2;19;A01
201800027853;0;7;0;0;2;1;1;B01
201800027854;2;7;0;0;1;3;1;A01
201800027855;1;30;0;0;0;1;1;A01
201800027856;2;7;0;0;1;7;0;A01
201800027857;0;10;0;12;0;1;13;A01
201800027858;2;7;0;0;2;1;13;A01