num_acc;senc;catv;occutc;obs;obsm;choc;manv;num_veh
201800027858;2;7;0;0;2;1;1;B01
201800027859;0;2;0;0;2;1;0;A01
201800027859;0;7;0;0;2;3;0;B01
201800027860;2;30;0;0;1;1;1;A01
201800027861;1;7;0;0;2;7;15;A01
201800027861;2;2;0;0;2;1;1;B01
201800027861;2;7;0;0;2;0;1;T01
201800027862;2;10;0;0;2;2;1;A01
201800027862;2;2;0;0;2;1;1;B01
201800027863;0;2;0;15;0;3;13;A01
201800027864;2;7;0;0;1;1;1;A01
201800027865;1;7;0;0;2;3;9;A01
201800027865;2;1;0;0;2;1;2;B01
201800027866;1;30;0;0;2;1;2;A01
201800027866;0;7;0;0;2;4;23;B01
201800027867;2;7;0;0;1;2;1;A01
201800027868;1;7;0;0;1;1;1;A01
201800027869;1;31;0;0;2;0;2;A01
201800027869;1;7;0;0;2;3;2;B01
201800027870;1;7;0;0;1;2;1;A01
201800027871;1;2;0;12;0;1;16;A01
201800027872;;7;0;0;1;2;1;A01
201800027873;1;7;0;0;1;3;1;A01
201800027874;1;7;0;0;2;2;17;A01
201800027874;1;7;0;0;2;3;15;B01
201800027875;1;3;0;0;1;1;1;A01
201800027876;0;7;0;0;2;3;15;A01
201800027876;0;2;0;0;2;1;17;B01
201800027877;1;7;0;0;1;2;1;A01
201800027878;1;7;0;0;2;1;9;A01
201800027878;0;1;0;0;0;0;1;B01
201800027879;2;7;0;0;2;5;15;A01
201800027879;1;7;0;0;2;1;1;B01
201800027880;1;7;0;0;1;2;1;A01
201800027881;2;7;0;4;0;0;1;A01
201800027882;1;7;0;0;1;2;1;A01
201800027883;1;7;0;0;2;1;9;A01
201800027883;2;32;0;0;2;1;9;B01
201800027884;1;1;0;0;2;3;19;A01
201800027884;1;10;0;0;2;0;1;B01
201800027885;0;7;0;0;1;3;20;A01
201800027886;2;7;0;0;2;1;13;A01
201800027886;1;7;0;0;2;1;1;C01
201800027886;1;7;0;0;2;1;1;B01
201800027887;1;7;0;0;2;2;15;A01
201800027887;2;31;0;0;2;1;1;B01
201800027888;2;7;0;0;2;3;1;B01
201800027888;1;7;0;0;2;3;13;A01
201800027889;1;7;0;0;1;3;15;A01
201800027890;1;7;0;0;2;5;15;A01
201800027890;2;33;0;0;2;1;1;B01
201800027891;0;7;0;0;0;0;11;B01
201800027891;1;33;0;12;0;7;11;A01
201800027892;2;7;0;2;2;3;1;C01
201800027892;1;17;0;0;2;3;1;B01
201800027892;2;7;0;0;2;3;13;A01
201800027893;2;7;0;0;2;8;5;C01
201800027893;1;33;0;0;2;1;1;B01
201800027893;1;7;0;0;2;8;20;A01
201800027894;1;2;0;0;2;5;1;B01
201800027894;0;7;0;0;2;2;19;A01
201800027895;2;7;0;2;0;9;0;A01
201800027896;1;7;0;0;1;3;15;A01
201800027897;2;7;0;0;2;1;1;A01
201800027897;1;35;0;0;2;7;19;B01
201800027898;0;10;0;0;1;4;4;A01
201800027899;1;30;0;0;2;1;16;A01
201800027899;2;7;0;0;2;3;1;B01
201800027900;2;37;1;0;1;7;0;A01
201800027901;1;7;0;0;2;3;19;A01
201800027901;2;7;0;0;2;8;15;B01
201800027902;0;7;0;9;1;1;0;A01
201800027903;1;7;0;0;1;1;1;A01
201800027904;0;30;0;14;0;1;0;A01
201800027905;0;7;0;0;2;3;9;A01
201800027905;0;2;0;0;2;1;1;B01
201800027906;2;7;0;0;1;1;15;A01
201800027907;1;7;0;0;1;3;15;A01
201800027908;1;7;0;0;1;1;21;A01
201800027909;1;10;0;0;1;1;1;A01
201800027910;1;7;0;0;2;3;1;A01
201800027910;2;1;0;;;;;B02
201800027911;2;7;0;0;1;2;1;A01
201800027912;1;30;0;15;1;0;9;A01
201800027913;1;7;0;0;2;1;2;B01
201800027913;1;7;0;0;2;4;2;A01
201800027914;2;7;0;0;2;2;19;A01
201800027914;1;7;0;0;2;1;2;B01
201800027915;1;10;0;0;1;1;21;A01
201800027916;0;7;0;0;1;1;1;A01
201800027917;1;7;0;0;1;1;16;A01
201800027918;1;7;0;0;1;1;15;A01
201800027919;2;32;0;0;2;1;0;A01
201800027919;1;1;0;0;2;1;19;B01
201800027920;1;33;0;0;2;3;0;B01
201800027920;1;7;0;0;2;3;16;A01
201800027921;0;7;0;0;2;3;15;B01
201800027921;0;30;0;0;2;1;17;A01
201800027922;0;7;0;0;1;1;1;A01
201800027923;0;7;0;0;2;0;23;B01
201800027923;0;30;0;0;2;1;1;A01
201800027924;0;7;0;8;0;1;13;A01
201800027925;2;1;0;0;2;8;1;B01
201800027925;1;7;0;0;2;1;15;A01
201800027926;2;7;0;0;1;1;1;A01
201800027927;0;7;0;0;2;2;1;A01
201800027927;0;7;0;0;2;6;15;B01
201800027928;2;31;0;0;2;1;21;B01
201800027928;1;7;0;0;2;2;15;A01
201800027929;2;7;0;9;0;1;2;A01
201800027929;2;7;0;0;0;4;23;C01
201800027929;2;7;0;0;2;4;2;B01
201800027930;2;40;1;0;1;1;1;A01
201800027931;1;7;0;0;1;2;2;A01
201800027932;1;7;0;0;2;4;2;B01
201800027932;1;7;0;0;2;1;2;A01
201800027933;0;7;0;0;2;1;2;A01
201800027933;0;7;0;0;2;4;2;B01
201800027934;2;7;0;0;1;1;1;A01
201800027935;2;7;0;0;1;3;0;A01
201800027936;1;7;0;0;2;1;0;Z01
201800027936;1;7;0;0;2;1;0;B01
201800027937;2;33;0;0;2;1;17;A01
201800027937;2;7;0;0;2;6;15;B01
201800027938;0;7;0;0;2;4;23;B01
201800027938;0;7;0;0;2;1;2;A01
201800027939;1;7;0;0;1;8;14;A01
201800027940;2;7;0;0;1;1;1;A01
201800027941;0;7;0;0;2;1;1;C01
201800027941;0;30;0;0;2;7;1;B01
201800027941;0;7;0;0;2;1;16;A01
201800027942;1;7;0;0;2;4;2;B01
201800027942;1;7;0;0;2;3;2;A01
201800027943;2;7;0;9;0;3;13;A01
201800027944;0;7;0;0;2;1;2;A01
201800027944;0;7;0;0;2;4;2;B01
201800027944;0;7;0;0;2;4;2;C01
201800027945;0;7;0;0;1;2;15;A01
201800027946;2;37;10;0;2;4;23;B01
201800027946;2;7;0;1;2;1;21;A01
201800027947;2;10;0;0;1;2;21;A01
201800027948;0;7;0;0;2;4;1;B01
201800027948;0;7;0;0;2;1;1;A01
201800027949;2;10;0;0;1;1;1;A01
201800027950;1;31;0;0;2;1;2;A01
201800027950;1;7;0;0;2;6;1;B01
201800027951;2;7;0;0;1;7;4;A01
201800027952;1;1;0;0;1;1;1;A01
201800027953;2;7;0;0;1;2;0;A01
201800027954;2;2;0;0;2;7;1;B01
201800027954;2;7;0;0;2;3;16;A01
201800027955;1;32;0;0;2;1;1;B01
201800027955;1;7;0;0;2;2;16;A01
201800027956;1;7;0;0;0;7;0;A01
201800027957;1;7;0;0;2;1;15;A01
201800027957;2;31;0;0;2;1;1;B01
201800027958;2;7;0;0;2;4;2;B01
201800027958;2;7;0;0;2;1;2;A01
201800027959;2;7;0;0;1;1;15;A01
201800027960;1;7;0;0;1;1;15;A01
201800027961;1;7;0;0;2;8;1;A01
201800027961;2;30;0;0;2;1;1;B01
201800027962;0;31;0;0;2;1;1;B01
201800027962;0;7;0;0;2;6;16;A01
201800027963;1;7;0;0;1;1;15;A01
201800027964;0;7;0;0;2;3;15;B01
201800027964;0;7;0;0;2;3;19;A01
201800027965;0;7;0;2;2;6;0;A01
201800027965;0;7;0;0;2;1;1;B01
201800027966;2;7;0;0;2;3;9;A01
201800027966;2;37;2;0;2;2;7;B01
201800027967;1;7;0;0;2;6;20;B01
201800027967;1;7;0;0;2;1;2;A01
201800027968;2;30;0;0;2;7;1;B01
201800027968;1;7;0;0;2;0;15;A01
201800027969;1;7;0;0;2;3;1;B01
201800027969;1;34;0;0;2;1;19;A01
201800027970;1;30;0;0;2;1;2;B01
201800027970;1;10;0;0;2;4;23;A01
201800027971;1;7;0;2;0;1;14;A01
201800027972;1;7;0;0;2;1;15;A01
201800027972;1;30;0;0;2;7;1;B01
201800027973;1;7;0;0;1;2;9;A01
201800027974;2;7;0;0;0;2;9;A01
201800027975;1;7;0;0;1;3;0;A01
201800027976;2;7;0;0;2;4;2;B01
201800027976;2;34;0;0;2;1;1;A01
201800027977;1;7;0;0;2;1;16;B01
201800027977;1;7;0;1;2;3;2;A01
201800027978;2;7;0;0;2;1;2;A01
201800027978;1;7;0;0;2;7;15;B01
201800027979;1;7;0;0;2;1;2;A01
201800027979;1;7;0;0;2;4;0;B01
201800027980;1;7;0;0;2;4;2;C01
201800027980;1;7;0;0;2;4;2;B01
201800027980;1;7;0;0;2;1;2;D01
201800027980;1;7;0;0;2;4;2;A01
201800027981;0;7;0;0;1;4;4;A01
201800027982;0;32;0;0;2;1;17;A01
201800027982;0;7;0;0;2;1;15;B01
201800027983;0;7;0;0;1;3;16;A01
201800027984;1;7;0;0;1;5;1;A01
201800027985;1;10;0;0;2;2;1;B01
201800027985;0;7;0;0;2;8;9;A01
201800027986;1;1;0;0;2;8;0;B01
201800027986;0;7;0;0;2;2;0;A01
201800027987;0;7;0;14;0;1;2;A01
201800027987;0;7;0;14;0;4;2;B01
201800027987;0;7;0;14;0;4;2;C01
201800027988;1;10;0;0;1;3;15;A01
201800027989;1;7;0;0;1;1;1;A01
201800027990;2;7;0;0;2;6;15;A01
201800027990;1;1;0;0;2;1;1;B01
201800027991;1;7;0;0;2;1;19;A01
201800027991;1;31;0;0;2;3;19;B01
201800027992;0;7;0;0;2;1;2;A01
201800027992;0;7;0;0;2;4;2;B01
201800027993;1;7;0;11;0;1;13;A01
201800027994;1;33;0;0;2;1;17;A01
201800027994;1;7;0;0;2;3;15;B01
201800027995;2;1;0;0;2;1;1;B01
201800027995;1;7;0;0;2;1;12;A01
201800027996;0;7;0;0;2;4;2;B01
201800027996;0;7;0;0;0;0;2;A01
201800027997;0;1;0;0;2;7;1;B01
201800027997;0;7;0;0;6;8;9;A01
201800027998;1;7;0;0;2;7;2;B01
201800027998;1;1;0;0;2;0;0;A01
201800027999;0;7;0;0;2;3;15;B01
201800027999;0;2;0;0;2;1;17;A01
201800028000;1;7;0;0;2;3;1;B01
201800028000;2;7;0;0;2;3;15;A01
201800028001;2;7;0;0;2;1;1;A01
201800028001;2;7;0;0;2;2;15;B01
201800028002;0;7;0;0;2;8;15;A01
201800028002;0;33;0;0;2;1;1;B01
201800028003;1;32;0;1;2;1;0;A01
201800028003;0;7;0;0;0;0;0;B01
201800028004;0;10;0;0;1;6;16;A01
201800028005;2;7;0;0;2;3;1;B01
201800028005;1;7;0;0;2;3;13;A01
201800028006;2;7;0;0;1;1;17;A01
201800028007;2;7;0;10;0;1;1;A01
201800028008;0;1;0;0;2;8;19;A01
201800028008;0;7;0;0;6;1;1;B01
201800028009;1;14;0;0;2;1;2;A01
201800028009;1;10;0;0;0;4;23;B01
201800028010;1;10;0;0;2;2;16;A01
201800028010;1;1;0;0;2;3;2;B01
201800028011;1;10;0;0;2;2;1;B01
201800028011;1;10;0;0;2;3;22;A01
201800028012;0;7;0;1;0;2;24;B01
201800028012;0;7;0;1;0;1;0;A01
201800028013;2;10;0;0;1;8;1;A01
201800028014;2;10;0;1;2;1;24;B01
201800028014;1;14;0;0;2;1;0;C01
201800028014;1;7;0;1;0;1;13;A01
201800028015;2;7;0;0;0;4;1;E01
201800028015;2;7;0;0;2;4;1;D01
201800028015;2;7;0;0;2;1;1;A01
201800028015;2;7;0;0;2;4;1;C01
201800028015;2;7;0;0;2;4;1;B01
201800028016;0;7;0;0;2;1;15;A01
201800028016;0;7;0;0;2;1;1;B01
201800028017;0;7;0;0;0;4;2;B01
201800028017;0;7;0;0;2;1;2;A01
201800028018;0;7;0;0;2;5;15;A01
201800028018;0;7;0;0;2;2;1;B01
201800028019;0;7;0;0;2;8;15;B01
201800028019;0;2;0;0;2;8;17;A01
201800028020;0;40;1;0;2;3;1;B01
201800028020;0;1;0;0;4;8;0;A01
201800028021;;7;0;0;1;0;0;A01
201800028022;0;1;0;0;2;5;1;A01
201800028022;0;7;0;0;2;1;9;B01
201800028023;0;7;0;0;2;1;9;A01
201800028023;0;1;0;0;2;1;1;B01
201800028024;1;7;0;0;1;5;1;C01
201800028024;1;7;0;0;2;9;1;B01
201800028024;1;7;0;0;2;1;1;A01
201800028025;0;33;0;0;2;1;1;B01
201800028025;0;7;0;0;2;2;19;A01
201800028026;1;7;0;0;1;2;1;A01
201800028027;1;7;0;0;2;6;23;B01
201800028027;1;7;0;0;2;2;2;A01
201800028028;1;10;0;0;2;0;0;A01
201800028028;1;10;0;0;2;1;1;B01
201800028029;2;7;0;0;0;4;2;B01
201800028029;2;7;0;0;2;1;2;A01
201800028030;0;2;0;0;2;1;1;A01
201800028030;1;7;0;0;2;8;15;B01
201800028031;2;7;0;0;1;1;15;A01
201800028032;1;40;50;0;1;3;0;A01
201800028033;1;7;0;0;2;1;9;A01
201800028033;1;33;0;0;2;2;1;B01
201800028034;2;7;0;0;2;2;1;A01
201800028034;2;7;0;0;2;1;1;B01
201800028035;0;10;0;0;6;3;22;A01
201800028035;1;1;0;1;0;2;1;B01
201800028036;1;2;0;0;2;1;2;A01
201800028036;1;7;0;0;2;4;23;B01
201800028037;0;7;0;14;0;3;1;A01
201800028038;1;2;0;0;2;7;1;A01
201800028038;1;10;0;0;2;3;1;B01
201800028039;2;33;0;0;2;1;1;A01
201800028039;1;7;0;0;2;7;15;B01
201800028040;2;7;0;0;2;1;9;A01
201800028040;2;1;0;0;2;7;1;B01
201800028041;0;31;0;0;0;7;1;B01
201800028041;0;7;0;0;2;8;11;A01
201800028042;0;7;0;0;2;2;9;A01
201800028042;0;2;0;0;2;6;9;B01
201800028043;1;7;0;0;1;2;1;A01
201800028044;1;1;0;0;2;1;1;B01
201800028044;1;30;0;0;2;7;16;A01
201800028045;1;10;0;0;2;2;1;A01
201800028045;1;10;0;1;0;6;1;B01
201800028046;1;7;0;0;2;3;13;A01
201800028046;1;7;0;0;2;3;16;B01
201800028047;0;7;0;0;0;0;0;A01
201800028047;0;99;0;0;2;7;9;B01
201800028048;2;7;0;0;1;3;1;A01
201800028049;0;7;0;1;1;7;1;A01
201800028050;2;1;0;0;2;1;18;A01
201800028050;2;7;0;0;2;5;22;B01
201800028051;2;1;0;0;2;1;1;A01
201800028051;1;1;0;0;2;1;1;B01
201800028052;0;7;0;0;2;8;11;A01
201800028052;0;7;0;2;2;7;1;B01
201800028053;1;7;0;0;2;3;15;A01
201800028053;2;33;0;0;2;1;0;B01
201800028054;2;7;0;0;1;7;1;A01
201800028055;2;15;0;0;2;2;1;B01
201800028055;1;10;0;0;2;9;0;A01
201800028055;2;10;0;0;2;2;1;C01
201800028056;1;7;0;0;2;2;13;A01
201800028056;1;7;0;0;2;1;2;B01
201800028057;0;10;0;0;2;5;15;B01
201800028057;0;10;0;0;2;1;2;A01
201800028058;1;7;0;0;1;1;1;A01
201800028059;1;7;0;0;2;8;0;A01
201800028059;2;7;0;0;2;1;1;B01
201800028060;0;30;0;0;2;7;1;A01
201800028060;0;7;0;0;0;0;0;Z01
201800028061;1;7;0;0;2;5;1;B01
201800028061;1;13;0;0;2;3;11;A01
201800028062;1;7;0;0;2;3;9;A01
201800028062;1;1;0;0;0;2;0;B01
201800028063;2;7;0;0;2;4;23;C01
201800028063;2;7;0;0;2;4;23;D01
201800028063;2;7;0;0;2;4;23;B01
201800028063;2;7;0;0;2;1;1;A01
201800028064;1;7;0;0;2;3;2;B01
201800028064;1;31;0;0;2;1;2;A01
201800028065;0;33;0;0;1;8;0;A01
201800028066;1;10;0;1;1;7;1;A01
201800028067;0;7;0;0;2;1;9;A01
201800028067;1;1;0;0;2;2;16;B01
201800028068;0;7;0;0;2;4;2;B01
201800028068;0;7;0;0;2;1;2;A01
201800028069;0;7;0;0;2;1;23;B01
201800028069;0;30;0;0;2;1;13;A01
201800028070;0;7;0;6;0;1;21;A01
201800028071;1;7;0;0;1;3;1;A01
201800028072;0;7;0;0;2;1;1;A01
201800028072;0;7;0;0;2;2;1;B01
201800028073;1;10;0;0;1;2;1;A01
201800028074;1;10;0;0;2;1;0;B01
201800028074;0;14;0;0;2;2;1;A01
201800028075;1;7;0;0;2;6;15;B01
201800028075;1;30;0;0;2;1;17;A01
201800028076;2;7;0;0;2;9;1;B01
201800028076;1;7;0;0;2;2;9;A01
201800028077;2;7;0;0;2;1;1;A01
201800028077;2;7;0;0;2;6;1;B01
201800028078;2;7;0;0;2;1;21;B01
201800028078;2;7;0;0;2;6;0;A01
201800028079;2;7;0;0;2;8;13;B01
201800028079;2;37;1;0;2;7;13;A01
201800028080;1;7;0;1;0;1;1;A01
201800028081;1;10;0;0;2;3;15;B01
201800028081;0;10;0;0;2;2;1;A01
201800028082;0;3;0;1;0;7;19;A01
201800028082;0;7;0;0;2;1;19;B01
201800028083;1;7;0;8;0;7;14;A01
201800028084;1;7;0;0;2;1;1;A01
201800028084;1;7;0;0;2;4;1;B01
201800028085;1;7;0;0;0;4;1;B01
201800028085;1;7;0;0;2;1;1;A01
201800028086;0;7;0;0;2;2;2;A01
201800028086;0;7;0;0;2;6;2;B01
201800028087;2;7;0;0;2;1;2;A01
201800028087;2;7;0;0;2;4;2;B01
201800028088;0;2;0;0;2;1;1;A01
201800028089;0;7;0;0;0;4;20;B01
201800028089;0;7;0;0;2;2;1;A01
201800028090;2;7;0;0;2;1;1;A01
201800028090;2;7;0;0;2;5;0;B01
201800028091;2;7;0;0;2;4;2;C01
201800028091;2;7;0;0;2;4;2;B01
201800028091;2;7;0;0;2;1;2;A01
201800028092;2;33;0;0;2;1;1;A01
201800028092;2;7;0;0;0;4;1;B01
201800028093;0;30;0;0;1;1;1;A01
201800028094;1;7;0;0;1;2;1;A01
201800028095;1;7;0;0;2;1;0;C01
201800028095;1;1;0;0;2;3;0;B01
201800028095;1;1;0;0;2;1;0;A01
201800028096;0;33;0;0;2;1;1;B01
201800028096;0;7;0;0;2;3;15;A01
201800028097;1;1;0;0;2;4;19;B01
201800028097;1;7;0;0;2;1;1;A01
201800028098;0;1;0;0;2;1;19;A01
201800028098;2;7;0;0;2;3;1;B01
201800028099;0;7;0;0;1;2;1;A01
201800028100;0;33;0;0;2;6;16;B01
201800028100;0;7;0;0;2;2;16;A01
201800028101;0;10;0;0;1;2;1;A01
201800028102;0;10;0;0;1;1;0;A01
201800028103;2;7;0;0;1;6;4;A01
201800028104;0;7;0;0;1;0;16;A01
201800028105;1;7;0;0;1;1;1;A01
201800028106;2;7;0;0;2;2;2;A01
201800028106;2;7;0;0;2;6;9;B01
201800028107;1;33;0;0;2;1;16;A01
201800028107;1;7;0;0;2;0;2;B01
201800028108;0;7;0;0;2;4;2;A01
201800028108;0;7;0;0;2;1;2;B01
201800028109;2;7;0;0;1;2;0;A01
201800028110;0;7;0;0;2;1;1;A01
201800028110;0;1;0;0;2;7;19;B01
201800028111;1;10;0;0;2;3;1;A01
201800028111;1;31;0;0;2;2;17;B01
201800028112;0;7;0;0;2;2;15;A01
201800028112;0;30;0;0;2;1;0;B01
201800028113;1;7;0;0;2;1;12;A01
201800028113;0;7;0;0;2;4;23;D01
201800028113;1;7;0;0;2;4;23;C01
201800028113;1;7;0;0;2;4;23;B01
201800028114;1;2;0;0;2;1;15;B01
201800028114;1;7;0;0;2;2;1;A01
201800028115;0;7;0;0;0;4;2;B01
201800028115;0;7;0;0;2;1;2;A01
201800028116;0;1;0;1;0;1;0;B01
201800028116;0;7;0;0;0;8;24;A01
201800028117;1;1;0;0;2;1;1;B01
201800028117;2;7;0;0;2;7;15;A01
201800028118;0;7;0;0;2;3;13;A01
201800028118;0;7;0;0;2;8;1;B01
201800028118;0;7;0;0;2;8;1;C01
201800028119;0;7;0;0;2;1;0;B01
201800028119;1;2;0;0;2;3;0;A01
201800028120;2;1;0;0;2;8;19;B01
201800028120;1;7;0;0;2;3;15;A01
201800028121;1;7;0;8;0;1;14;A01
201800028122;1;34;0;0;2;5;11;A01
201800028122;1;7;0;0;2;2;15;B01
201800028123;1;33;0;0;2;1;1;B01
201800028123;2;7;0;0;2;3;15;A01
201800028124;0;33;0;0;2;7;17;B01
201800028124;0;7;0;0;2;3;9;A01
201800028125;2;10;0;0;2;7;20;B01
201800028125;2;10;0;0;2;1;1;A01
201800028126;1;7;0;0;1;5;1;A01
201800028127;1;7;0;0;2;1;13;A01
201800028127;2;7;0;0;2;1;2;C01
201800028127;2;7;0;0;2;1;1;B01
201800028128;2;7;0;0;2;4;2;B01
201800028128;2;7;0;0;2;1;2;A01
201800028129;2;2;0;0;2;1;1;A01
201800028129;1;7;0;0;2;5;15;B01
201800028130;2;10;0;0;1;1;1;A01
201800028131;1;7;0;0;1;1;1;A01
201800028132;0;34;0;0;2;8;1;B01
201800028132;0;10;0;0;2;7;15;A01
201800028133;1;7;0;0;1;1;16;A01
201800028134;1;7;0;0;2;9;11;A01
201800028134;1;14;0;0;2;1;12;B01
201800028134;1;7;0;3;2;9;2;C01
201800028135;1;7;0;0;1;3;13;A01
201800028136;1;7;0;0;1;5;21;A01
201800028137;1;7;0;0;1;8;1;A01
201800028138;0;32;0;0;2;7;17;A01
201800028138;0;7;0;0;2;1;16;B01
201800028139;0;10;0;0;2;0;19;B01
201800028139;0;7;0;0;2;2;1;A01
201800028140;1;10;0;0;1;2;15;A01
201800028141;0;7;0;0;1;1;15;A01
201800028142;1;7;0;3;0;1;0;A01
201800028143;1;13;0;0;2;2;1;B01
201800028143;1;7;0;0;2;6;15;A01
201800028144;1;10;0;0;1;1;16;A01
201800028145;1;7;0;9;2;5;1;B01
201800028145;1;7;0;0;2;1;1;A01
201800028146;1;37;5;0;1;3;9;A01
201800028147;2;7;0;0;1;2;1;A01
201800028148;2;7;0;0;1;1;1;A01
201800028149;1;7;0;0;2;3;0;A01
201800028149;1;7;0;0;2;8;0;B01
201800028150;1;10;0;0;2;1;2;B01
201800028150;1;7;0;0;2;4;2;A01
201800028151;0;7;0;0;1;3;1;A01
201800028152;0;7;0;0;2;4;2;B01
201800028152;0;7;0;0;2;1;2;A01
201800028153;0;34;0;0;2;1;1;B01
201800028153;0;7;0;0;2;8;19;A01
201800028154;0;37;49;1;0;7;0;A01
201800028154;0;37;1;0;2;3;23;B01
201800028155;0;7;0;0;1;1;1;A01
201800028156;0;33;0;14;0;1;0;A01
201800028157;0;7;0;0;0;5;1;C01
201800028157;0;7;0;0;2;1;12;A01
201800028157;0;7;0;0;0;1;1;B01
201800028158;1;7;0;0;2;1;17;A01
201800028158;2;7;0;0;2;1;15;B01
201800028159;2;7;0;0;1;1;1;A01
201800028160;1;7;0;0;1;2;13;A01
201800028161;1;7;0;0;1;1;15;A01
201800028162;0;7;0;0;2;6;10;A01
201800028162;0;2;0;0;2;1;2;B01
201800028163;2;1;0;0;2;7;2;B01
201800028163;1;10;0;0;2;1;16;A01
201800028164;0;7;0;0;1;1;9;A01
201800028165;1;37;25;0;1;8;15;A01
201800028166;1;7;0;0;2;4;2;B01
201800028166;2;7;0;0;2;1;2;A01
201800028167;0;7;0;0;2;1;1;A01
201800028167;0;7;0;0;2;1;1;B01
201800028168;1;7;0;0;1;3;15;A01
201800028169;0;7;0;0;2;7;1;A01
201800028169;0;7;0;0;2;1;1;B01
201800028170;0;37;1;0;2;3;16;A01
201800028170;0;14;0;0;2;7;1;B01
201800028171;1;7;0;0;2;7;2;B01
201800028171;2;7;0;0;2;2;15;A01
201800028172;2;7;0;0;2;1;1;B01
201800028172;1;7;0;0;2;3;19;A01
201800028173;1;7;0;0;2;3;15;A01
201800028173;2;1;0;0;2;3;1;B01
201800028174;0;10;0;0;2;1;1;B01
201800028174;0;10;0;0;2;7;15;A01
201800028175;1;15;0;3;2;8;11;A01
201800028175;1;7;0;3;2;8;17;B01
201800028176;1;7;0;0;2;1;13;A01
201800028176;2;7;0;0;0;3;15;B01
201800028177;0;10;0;0;0;0;0;B01
201800028177;1;10;0;0;2;1;2;A01
201800028178;2;7;0;0;2;1;23;B01
201800028178;2;7;0;0;2;4;2;C01
201800028178;2;7;0;0;2;1;2;A01
201800028179;0;7;0;0;2;9;2;B01
201800028179;0;7;0;0;2;4;2;C01
201800028179;1;7;0;0;2;1;2;A01
201800028180;0;7;0;0;2;1;1;A01
201800028180;0;7;0;0;2;4;1;B01
201800028181;0;7;0;0;2;3;9;A01
201800028181;0;7;0;0;2;7;15;B01
201800028182;1;10;0;0;2;2;19;A01
201800028182;2;7;0;0;2;1;1;B01
201800028183;2;7;0;0;2;2;1;A01
201800028183;1;1;0;0;2;3;19;B01
201800028184;0;31;0;0;2;1;1;B01
201800028184;0;7;0;0;2;3;15;A01
201800028185;1;7;0;12;0;3;1;A01
201800028186;0;33;0;0;2;3;1;B01
201800028186;0;7;0;0;2;3;15;A01
201800028187;1;7;0;0;2;3;1;B01
201800028187;2;7;0;0;2;3;15;A01
201800028188;2;7;0;0;1;1;1;A01
201800028189;1;10;0;0;1;3;1;A01
201800028190;0;7;0;0;2;1;1;B01
201800028190;0;7;0;0;2;7;1;A01
201800028191;1;7;0;0;1;1;1;A01
201800028192;1;1;0;0;2;7;1;B01
201800028192;2;7;0;0;2;2;9;A01
201800028193;0;7;0;0;2;1;10;B01
201800028193;1;7;0;0;2;1;1;A01
201800028194;2;7;0;0;1;2;1;A01
201800028195;1;7;0;2;0;1;13;A01
201800028196;1;7;0;0;2;1;21;B01
201800028196;2;7;0;0;2;4;0;C01
201800028196;2;7;0;0;2;1;17;A01
201800028197;1;7;0;0;2;1;2;A01
201800028197;1;7;0;0;2;4;2;B01
201800028198;2;33;0;0;2;1;1;B01
201800028198;0;7;0;0;2;3;15;A01
201800028199;0;7;0;1;0;1;0;A01
201800028199;0;10;0;8;2;6;24;C01
201800028199;0;7;0;0;2;5;24;B01
201800028200;1;7;0;6;0;1;5;A01
201800028201;2;1;0;0;2;1;1;B01
201800028201;2;7;0;0;2;7;16;A01
201800028202;2;7;0;0;2;1;2;A01
201800028202;2;7;0;0;2;2;1;C01
201800028202;2;7;0;0;2;4;2;B01
201800028203;2;33;0;0;2;1;17;A01
201800028203;2;7;0;0;2;3;15;B01
201800028204;2;7;0;0;2;3;13;A01
201800028204;1;7;0;0;2;3;1;B01
201800028205;1;10;0;0;2;2;1;B01
201800028205;2;7;0;0;2;1;1;A01
201800028206;2;7;0;0;2;4;2;B01
201800028206;1;7;0;0;2;4;2;C01
201800028206;2;7;0;0;2;1;2;A01
201800028207;1;7;0;0;2;1;13;A01
201800028207;1;1;0;0;2;1;1;B01
201800028208;1;7;0;0;1;2;1;A01
201800028209;1;7;0;1;0;2;1;A01
201800028210;1;1;0;0;1;0;21;A01
201800028211;0;7;0;0;0;1;1;A01
201800028212;0;7;0;0;1;4;0;A01
201800028213;1;7;0;0;2;9;0;B01
201800028213;1;7;0;0;2;1;0;A01
201800028214;0;32;0;0;1;1;0;A01
201800028215;1;1;0;0;2;4;2;B01
201800028215;1;7;0;0;6;1;20;A01
201800028216;0;33;0;0;2;7;17;A01
201800028216;0;7;0;0;2;8;1;B01
201800028217;0;7;0;0;2;8;9;A01
201800028217;0;1;0;0;2;1;0;B01
201800028218;0;17;0;0;1;8;0;A01
201800028219;0;7;0;0;1;1;0;A01
201800028220;0;7;0;0;1;0;23;B01
201800028220;0;7;0;0;1;0;23;A01
201800028221;0;7;0;0;2;1;1;B01
201800028221;0;7;0;0;2;7;15;A01
201800028222;0;7;0;0;2;7;1;A01
201800028222;0;1;0;0;2;1;19;B01
201800028223;0;7;0;0;2;2;15;A01
201800028223;0;33;0;0;2;1;1;B01
201800028224;2;7;0;0;2;1;15;A01
201800028224;1;1;0;0;2;1;1;B01
201800028225;1;33;0;0;1;1;21;A01
201800028226;1;7;0;0;2;2;1;A01
201800028226;1;1;0;0;2;1;19;B01