num_acc;senc;catv;occutc;obs;obsm;choc;manv;num_veh
201800028227;1;7;0;0;1;2;19;A01
201800028228;2;33;0;0;2;7;17;A01
201800028228;2;7;0;0;2;8;15;B01
201800028229;2;13;0;0;9;1;1;A01
201800028229;2;1;0;0;2;8;19;B01
201800028230;1;7;0;0;2;2;2;A01
201800028230;1;37;1;0;2;6;2;B01
201800028231;0;7;0;0;1;3;0;A01
201800028232;1;7;0;11;2;1;0;A01
201800028232;2;7;0;0;2;7;15;B01
201800028233;2;7;0;0;2;6;11;A01
201800028233;2;33;0;0;2;2;17;B01
201800028234;1;7;0;0;1;2;1;A01
201800028235;0;7;0;0;2;3;2;A01
201800028235;0;7;0;0;2;5;15;B01
201800028235;0;7;0;0;2;3;2;C01
201800028236;0;1;0;0;1;1;0;A01
201800028237;2;7;0;0;2;4;1;A01
201800028237;2;7;0;0;2;1;1;B01
201800028238;1;7;0;0;2;1;13;A01
201800028238;1;37;3;0;2;3;1;B01
201800028239;1;1;0;0;2;7;0;B01
201800028239;1;7;0;0;2;1;9;A01
201800028240;1;10;0;0;1;2;0;A01
201800028241;0;1;0;14;0;0;16;A01
201800028242;2;33;0;0;2;1;2;A01
201800028242;2;99;0;0;2;6;2;B01
201800028243;2;7;0;0;2;2;0;A01
201800028243;0;1;0;0;2;1;19;B01
201800028244;2;7;0;0;2;3;16;A01
201800028244;1;1;0;0;2;1;0;B01
201800028245;0;7;0;6;0;1;1;A01
201800028246;1;7;0;2;0;1;19;A01
201800028247;2;7;0;0;2;1;20;A01
201800028247;1;1;0;0;2;0;0;B01
201800028248;2;7;0;0;2;1;17;B01
201800028248;2;34;0;13;0;4;23;A01
201800028249;1;7;0;0;2;1;15;A01
201800028249;2;7;0;0;2;3;0;B01
201800028250;1;7;0;0;1;2;19;A01
201800028251;2;7;0;0;1;2;1;A01
201800028252;2;7;0;0;2;3;13;B01
201800028252;1;15;0;0;2;3;1;A01
201800028253;2;33;0;16;0;4;14;A01
201800028254;2;7;0;0;2;1;1;B01
201800028254;1;7;0;0;2;1;13;A01
201800028255;1;7;0;0;2;1;17;A01
201800028255;2;30;0;0;2;4;15;B01
201800028256;1;7;0;2;0;7;13;A01
201800028257;1;7;0;0;2;8;1;B01
201800028257;1;7;0;0;2;2;15;A01
201800028258;1;30;0;0;2;8;19;A01
201800028258;2;7;0;0;2;3;1;B01
201800028259;1;7;0;0;2;2;13;A01
201800028259;2;7;0;0;2;2;1;B01
201800028260;1;7;0;0;1;1;1;A01
201800028261;2;7;0;6;0;2;17;A01
201800028262;1;7;0;0;1;2;1;A01
201800028263;1;7;0;0;1;1;1;A01
201800028264;2;33;0;0;2;1;17;A01
201800028264;2;7;0;0;2;3;0;B01
201800028265;1;7;0;0;2;1;1;B01
201800028265;2;7;0;0;2;1;17;A01
201800028266;1;7;0;0;2;3;9;A01
201800028266;1;7;0;0;2;2;1;B01
201800028267;1;7;0;0;1;3;0;A01
201800028268;2;7;0;0;2;1;0;B01
201800028268;1;7;0;0;2;3;1;A01
201800028269;1;7;0;10;2;5;1;A01
201800028269;1;7;0;0;2;3;17;B01
201800028270;2;15;0;0;2;7;1;C01
201800028270;2;7;0;16;2;3;12;A01
201800028270;2;14;0;0;2;5;1;B01
201800028271;1;7;0;0;2;8;11;A01
201800028271;1;32;0;0;2;1;17;B01
201800028272;1;30;0;0;1;1;0;A01
201800028273;2;7;0;1;2;0;0;E01
201800028273;1;7;0;0;2;1;1;A01
201800028273;2;7;0;1;2;0;0;D01
201800028273;2;7;0;0;2;0;0;F01
201800028273;2;7;0;0;2;0;0;C01
201800028273;2;7;0;0;2;2;15;B01
201800028274;2;33;0;0;2;1;1;A01
201800028274;2;7;0;0;2;4;1;B01
201800028275;2;7;0;0;6;6;1;A01
201800028275;2;33;0;0;2;1;17;B01
201800028276;2;7;0;0;1;1;16;A01
201800028277;2;7;0;0;1;5;0;A01
201800028278;1;36;0;0;2;1;13;A01
201800028278;2;7;0;0;2;1;1;B01
201800028279;1;7;0;0;2;1;1;B01
201800028279;1;7;0;0;2;1;1;C01
201800028279;1;7;0;0;2;1;1;D01
201800028279;2;7;0;0;2;1;5;A01
201800028280;0;7;0;0;2;1;1;B01
201800028280;0;7;0;0;2;2;1;A01
201800028281;2;7;0;0;1;1;1;A01
201800028282;1;7;0;8;2;1;1;A01
201800028282;2;7;0;0;2;8;1;B01
201800028283;2;33;0;1;0;1;1;A01
201800028284;1;7;0;0;1;2;16;A01
201800028285;1;7;0;1;0;0;1;A01
201800028286;1;7;0;0;1;1;0;A01
201800028287;1;7;0;0;1;0;1;Z01
201800028288;1;7;0;0;1;1;15;A01
201800028289;1;7;0;0;1;1;0;A01
201800028290;1;7;0;1;0;0;1;D01
201800028290;1;7;0;1;2;9;1;B01
201800028290;1;7;0;0;2;9;1;C01
201800028290;1;7;0;0;2;9;1;A01
201800028291;1;34;0;1;2;7;2;B01
201800028291;1;7;0;0;2;8;22;A01
201800028292;1;7;0;0;2;1;1;B01
201800028292;1;7;0;0;2;1;16;A01
201800028293;1;3;0;0;2;1;15;A01
201800028293;1;7;0;0;2;1;1;Z01
201800028294;1;7;0;0;2;1;1;C01
201800028294;1;7;0;0;2;4;15;A01
201800028294;1;7;0;0;2;1;1;D01
201800028294;1;7;0;0;2;4;1;B01
201800028294;1;7;0;0;2;4;1;E01
201800028295;1;7;0;0;1;2;1;A01
201800028296;1;7;0;0;1;2;7;A01
201800028297;1;7;0;0;2;1;1;A01
201800028297;1;7;0;0;2;4;2;B01
201800028298;1;7;0;0;2;4;0;C01
201800028298;1;7;0;0;2;9;1;A01
201800028298;1;7;0;0;2;8;0;B01
201800028299;1;7;0;0;1;1;1;A01
201800028300;1;99;0;0;2;1;0;A01
201800028301;1;7;0;0;2;4;1;C01
201800028301;1;7;0;0;2;8;1;A01
201800028301;1;7;0;0;2;1;1;B01
201800028302;1;7;0;0;9;7;16;B01
201800028302;1;1;0;0;2;3;15;A01
201800028303;1;7;0;0;2;5;15;A01
201800028303;1;7;0;0;2;0;1;C01
201800028303;1;7;0;0;2;3;0;B01
201800028304;1;7;0;0;1;1;15;A01
201800028305;1;33;0;0;2;1;1;B01
201800028305;1;7;0;0;2;1;17;A01
201800028306;1;7;0;0;2;1;1;A01
201800028306;1;7;0;0;2;4;1;C01
201800028306;1;7;0;0;2;1;1;B01
201800028307;1;7;0;0;1;1;1;A01
201800028307;1;7;0;0;2;4;1;B01
201800028308;1;7;0;0;1;1;1;Z01
201800028309;1;7;0;0;1;1;0;Z01
201800028310;1;7;0;0;2;1;9;B01
201800028310;1;7;0;0;2;1;1;A01
201800028310;1;7;0;0;2;2;2;C01
201800028311;1;1;0;0;1;1;1;A01
201800028312;1;7;0;0;2;5;2;A01
201800028312;1;37;3;0;2;3;7;B01
201800028313;1;7;0;0;2;1;2;A01
201800028313;1;7;0;0;2;4;2;B01
201800028314;1;1;0;0;2;1;9;B01
201800028314;1;7;0;0;9;6;1;A01
201800028315;1;7;0;0;2;1;1;B01
201800028315;1;7;0;0;2;1;9;A01
201800028316;1;7;0;0;1;6;4;A01
201800028317;1;7;0;0;2;1;1;B01
201800028317;1;7;0;0;2;1;5;A01
201800028318;1;7;0;0;1;7;1;Z01
201800028319;1;30;0;0;2;4;2;B01
201800028319;1;7;0;0;2;1;9;A01
201800028320;1;7;0;0;2;1;2;A01
201800028320;1;7;0;0;2;4;2;B01
201800028321;1;7;0;0;1;0;0;Z01
201800028322;1;7;0;0;2;1;1;B01
201800028322;1;7;0;0;2;5;1;A01
201800028323;1;7;0;0;2;4;2;B01
201800028323;1;7;0;0;2;1;2;A01
201800028324;1;7;0;0;2;7;20;A01
201800028324;1;30;0;0;2;3;1;B01
201800028325;1;7;0;0;2;1;1;Z01
201800028325;1;7;0;0;2;1;23;D01
201800028325;1;7;0;0;2;2;1;B01
201800028325;1;7;0;0;2;3;23;C01
201800028326;1;7;0;0;2;2;15;A01
201800028326;1;7;0;0;2;1;1;B01
201800028327;1;7;0;0;2;1;15;A01
201800028327;1;7;0;0;2;1;1;B01
201800028328;1;7;0;0;2;1;2;A01
201800028328;1;7;0;0;2;4;2;B01
201800028329;1;7;0;0;1;3;1;A01
201800028330;1;7;0;0;1;3;1;A01
201800028331;1;7;0;0;2;4;2;B01
201800028331;1;7;0;0;2;4;2;C01
201800028331;1;7;0;0;2;1;2;A01
201800028331;1;7;0;0;2;4;2;D01
201800028332;1;7;0;0;1;1;1;A01
201800028333;1;1;0;0;2;7;19;A01
201800028333;1;7;0;0;9;1;1;B01
201800028334;1;7;0;0;2;1;2;A01
201800028334;1;7;0;0;2;4;2;B01
201800028335;1;7;0;0;1;1;0;Z01
201800028336;1;32;0;0;1;0;0;Z01
201800028337;1;7;0;0;2;4;2;C01
201800028337;1;7;0;0;2;4;2;B01
201800028337;1;7;0;0;2;1;2;A01
201800028338;1;31;0;0;2;2;1;B01
201800028338;1;7;0;0;2;8;15;A01
201800028339;1;7;0;0;1;1;1;A01
201800028340;1;7;0;0;1;1;1;Z01
201800028341;1;7;0;0;1;4;4;A01
201800028342;1;7;0;0;2;4;23;A01
201800028342;1;7;0;0;2;1;1;Z01
201800028343;1;7;0;0;2;1;2;A01
201800028343;1;7;0;0;2;4;2;B01
201800028344;1;7;0;0;2;4;23;B01
201800028344;1;7;0;0;2;1;2;A01
201800028345;1;7;0;8;0;1;1;A01
201800028346;1;7;0;0;2;1;2;A01
201800028346;1;2;0;0;2;4;1;B01
201800028347;1;7;0;0;2;4;2;C01
201800028347;1;7;0;0;2;1;1;A01
201800028347;1;7;0;0;2;4;2;B01
201800028348;1;7;0;14;0;1;1;A01
201800028349;1;7;0;0;2;1;1;B01
201800028349;1;7;0;0;2;8;1;A01
201800028350;1;7;0;0;1;1;1;A01
201800028351;1;7;0;0;1;8;17;A01
201800028352;1;1;0;0;2;8;13;A01
201800028352;1;7;0;0;9;8;1;B01
201800028353;1;7;0;0;1;3;15;A01
201800028354;1;7;0;0;2;3;2;A01
201800028354;1;32;0;0;2;7;2;B01
201800028355;1;7;0;0;2;1;1;A01
201800028355;1;7;0;0;2;1;1;B01
201800028356;1;7;0;0;2;1;15;A01
201800028356;1;7;0;0;2;1;1;B01
201800028357;1;7;0;0;2;3;2;A01
201800028357;1;31;0;0;2;2;2;B01
201800028358;1;7;0;0;1;1;1;A01
201800028359;1;7;0;6;2;2;1;A01
201800028360;1;7;0;0;2;4;1;B01
201800028360;1;7;0;0;2;1;1;A01
201800028361;1;7;0;0;2;1;13;B01
201800028361;2;7;0;0;2;3;1;A01
201800028362;1;1;0;0;2;7;1;B01
201800028362;1;7;0;0;9;7;1;A01
201800028363;1;7;0;0;1;1;2;A01
201800028364;1;7;0;0;2;1;2;A01
201800028364;1;7;0;0;2;4;2;B01
201800028365;1;1;0;0;2;5;3;A01
201800028365;1;7;0;0;9;5;1;B01
201800028366;1;7;0;0;1;1;1;A01
201800028367;1;7;0;0;1;8;1;A01
201800028368;1;7;0;0;2;4;1;B01
201800028368;1;7;0;0;2;7;1;C01
201800028368;1;7;0;0;2;1;1;A01
201800028369;1;7;0;0;2;8;1;B01
201800028369;1;7;0;0;2;1;1;A01
201800028370;1;7;0;0;1;8;1;A01
201800028370;1;7;0;0;2;7;1;B01
201800028371;1;7;0;0;2;4;2;C01
201800028371;1;7;0;0;2;1;1;A01
201800028371;1;7;0;0;2;4;2;B01
201800028372;1;7;0;0;1;1;1;A01
201800028373;1;7;0;0;1;2;16;A01
201800028374;1;7;0;0;2;2;1;B01
201800028374;1;7;0;0;2;1;16;A01
201800028375;1;7;0;0;2;1;2;A01
201800028375;1;7;0;0;2;4;2;B01
201800028376;1;7;0;0;2;1;17;A01
201800028376;1;7;0;0;2;8;10;B01
201800028377;1;7;0;0;2;4;2;B01
201800028377;1;7;0;0;2;1;2;A01
201800028378;1;7;0;0;2;3;13;B01
201800028378;1;33;0;0;2;1;13;A01
201800028379;1;7;0;0;2;1;2;A01
201800028379;1;7;0;0;2;4;1;B01
201800028380;1;7;0;1;1;3;1;B01
201800028380;1;7;0;0;2;2;1;A01
201800028381;1;7;0;0;2;7;1;B01
201800028381;1;7;0;0;2;8;11;A01
201800028382;1;7;0;1;1;2;0;A01
201800028382;1;7;0;0;2;5;24;B01
201800028383;1;7;0;0;6;7;14;B01
201800028383;1;1;0;0;2;8;1;A01
201800028384;1;10;0;0;2;3;9;A01
201800028384;1;7;0;0;2;5;9;B01
201800028385;1;13;0;0;1;2;0;A01
201800028386;1;7;0;0;1;1;1;A01
201800028387;1;33;0;0;2;1;18;A01
201800028387;1;7;0;0;2;8;20;C01
201800028387;1;7;0;0;2;5;0;B01
201800028388;1;99;0;0;1;0;15;Z01
201800028389;1;7;0;0;1;1;1;A01
201800028390;1;33;0;0;2;2;1;B01
201800028390;1;7;0;0;2;3;15;A01
201800028391;1;7;0;0;1;1;1;A01
201800028392;1;2;0;0;2;1;1;A01
201800028392;1;99;0;0;2;4;12;Z01
201800028393;1;7;0;0;2;8;1;B01
201800028393;1;99;0;0;2;1;1;Z01
201800028394;1;33;0;0;2;2;1;B01
201800028394;1;7;0;0;2;8;1;A01
201800028395;1;7;0;8;0;1;0;B01
201800028395;1;7;0;8;0;1;21;A01
201800028396;1;7;0;0;6;2;16;A01
201800028396;1;7;0;0;2;8;0;B01
201800028397;1;7;0;0;1;1;1;A01
201800028398;1;7;0;0;1;1;15;A01
201800028399;1;2;0;12;2;0;20;B01
201800028399;1;7;0;14;0;7;1;Z01
201800028400;1;2;0;0;2;0;0;B01
201800028400;1;7;0;0;6;1;0;Z01
201800028401;1;30;0;0;2;1;14;A01
201800028401;1;7;0;0;2;7;16;B01
201800028402;1;7;0;0;2;1;1;C01
201800028402;1;7;0;0;2;1;1;B01
201800028402;1;7;0;0;2;1;1;A01
201800028402;1;7;0;0;2;1;1;D01
201800028402;1;7;0;0;2;1;1;E01
201800028403;1;7;0;0;1;2;1;A01
201800028404;1;7;0;0;1;8;15;A01
201800028405;1;1;0;0;2;1;1;B01
201800028405;1;7;0;0;6;1;10;A01
201800028406;1;7;0;6;0;1;0;A01
201800028407;1;7;0;0;2;2;1;A01
201800028407;1;7;0;0;2;4;23;B01
201800028408;1;7;0;0;2;5;1;B01
201800028408;1;7;0;0;2;1;1;A01
201800028409;1;7;0;0;1;1;1;A01
201800028410;1;7;0;0;2;2;15;B01
201800028410;1;2;0;0;2;1;15;A01
201800028411;1;2;0;0;2;1;1;A01
201800028411;1;7;0;0;2;1;15;B01
201800028412;1;7;0;0;2;7;1;A01
201800028412;1;7;0;0;2;8;1;B01
201800028413;1;2;0;0;2;3;2;B01
201800028413;1;7;0;0;6;3;2;A01
201800028414;1;7;0;6;1;1;1;A01
201800028414;1;7;0;0;2;1;1;B01
201800028415;1;1;0;0;2;1;1;A01
201800028415;1;7;0;0;6;2;16;B01
201800028416;1;7;0;6;0;1;16;A01
201800028417;1;7;0;0;6;7;17;A01
201800028417;1;2;0;0;2;1;0;B01
201800028418;1;7;0;0;2;4;1;B01
201800028418;1;7;0;0;2;0;12;Z01
201800028419;1;7;0;0;2;4;1;B01
201800028419;1;7;0;0;2;1;1;A01
201800028420;1;7;0;0;1;7;1;A01
201800028421;1;7;0;0;2;4;2;B01
201800028421;1;7;0;0;2;4;2;C01
201800028421;1;7;0;0;2;1;2;A01
201800028422;1;33;0;0;2;3;1;B01
201800028422;1;7;0;0;2;3;15;A01
201800028423;1;7;0;0;2;1;1;A01
201800028423;1;7;0;0;2;4;2;C01
201800028423;1;7;0;0;2;4;2;B01
201800028424;1;7;0;0;1;1;1;A01
201800028425;1;7;0;0;1;3;15;A01
201800028426;1;7;0;0;2;1;1;B01
201800028426;1;33;0;0;2;7;1;A01
201800028427;1;14;0;0;1;1;16;A01
201800028428;1;7;0;0;2;1;2;Z01
201800028428;1;7;0;0;2;4;2;A01
201800028429;1;7;0;0;2;8;1;A01
201800028429;1;7;0;0;2;1;2;Z01
201800028430;1;7;0;0;2;3;15;A01
201800028430;1;7;0;0;2;5;1;B01
201800028431;1;7;0;0;2;1;1;A01
201800028431;1;7;0;0;2;3;1;B01
201800028432;1;2;0;0;1;1;5;Z01
201800028433;1;7;0;0;1;1;15;A01
201800028434;1;7;0;0;1;1;1;A01
201800028435;1;10;0;0;0;0;24;B01
201800028435;1;10;0;0;2;1;0;A01
201800028436;1;7;0;0;1;1;1;A01
201800028437;1;7;0;0;2;7;1;A01
201800028437;1;7;0;0;2;1;1;B01
201800028438;1;7;0;0;2;7;1;B01
201800028438;1;7;0;1;0;6;20;A01
201800028438;1;7;0;0;2;5;0;C01
201800028439;1;7;0;0;1;1;16;A01
201800028440;1;37;2;0;2;3;1;B01
201800028440;1;7;0;0;;0;17;Z01
201800028441;1;7;0;0;2;6;2;B01
201800028441;1;7;0;0;2;2;2;A01
201800028442;1;7;0;0;2;4;0;C01
201800028442;1;7;0;0;2;1;1;A01
201800028442;1;7;0;0;2;4;2;B01
201800028443;1;7;0;0;1;0;1;Z01
201800028444;1;7;0;0;1;4;0;A01
201800028445;1;7;0;0;1;8;20;A01
201800028446;1;7;0;0;2;4;1;B01
201800028446;1;7;0;0;2;1;1;A01
201800028447;1;33;0;0;2;8;0;B01
201800028447;1;7;0;0;2;7;2;A01
201800028448;1;7;0;0;1;1;1;A01
201800028449;1;7;0;0;2;1;1;A01
201800028449;1;7;0;0;2;8;1;B01
201800028450;1;10;0;0;1;0;0;A01
201800028451;1;7;0;0;2;8;1;A01
201800028451;1;7;0;0;2;1;1;B01
201800028452;1;7;0;0;1;1;1;A01
201800028453;1;32;0;0;2;1;1;A01
201800028453;1;7;0;0;2;3;1;B01
201800028454;1;7;0;0;2;4;2;B01
201800028454;1;2;0;0;2;1;2;A01
201800028455;1;7;0;0;2;1;1;A01
201800028455;1;7;0;0;2;2;15;B01
201800028456;1;7;0;0;2;2;1;B01
201800028456;1;7;0;0;2;1;16;A01
201800028457;1;1;0;0;1;0;0;Z01
201800028458;1;7;0;0;2;1;2;A01
201800028458;1;2;0;0;2;4;2;B01
201800028459;1;7;0;0;2;1;1;B01
201800028459;1;7;0;0;2;2;15;A01
201800028460;1;33;0;0;2;4;2;B01
201800028460;1;7;0;0;2;1;2;A01
201800028461;1;7;0;0;2;4;2;C01
201800028461;1;7;0;0;2;4;2;B01
201800028461;1;13;0;0;2;1;2;A01
201800028462;1;7;0;0;1;2;0;Z01
201800028463;1;1;0;0;2;8;1;B01
201800028463;1;7;0;0;;2;1;A01
201800028464;1;7;0;0;2;8;0;A01
201800028464;1;7;0;0;2;3;0;C01
201800028464;1;7;0;0;2;1;0;B01
201800028465;1;7;0;8;0;3;0;A01
201800028466;1;7;0;0;1;1;17;Z01
201800028467;1;7;0;0;2;0;15;Z01
201800028467;1;32;0;0;2;1;2;B01
201800028468;1;37;2;0;2;2;2;B01
201800028468;1;7;0;0;2;6;9;A01
201800028469;1;7;0;0;2;4;2;B01
201800028469;1;7;0;0;2;4;2;D01
201800028469;1;7;0;0;2;4;2;C01
201800028469;1;7;0;0;2;1;2;A01
201800028470;1;7;0;0;2;5;2;B01
201800028470;1;7;0;0;2;3;2;A01
201800028471;1;7;0;0;2;4;2;B01
201800028471;1;7;0;0;2;1;2;A01
201800028472;1;7;0;0;2;5;14;Z01
201800028472;1;32;0;0;2;1;1;B01
201800028473;1;7;0;0;2;1;1;B01
201800028473;1;7;0;0;2;3;15;A01
201800028474;1;7;0;0;2;1;2;Z01
201800028474;1;7;0;0;2;4;1;B01
201800028475;1;7;0;0;2;1;15;A01
201800028475;1;7;0;0;2;7;1;B01
201800028476;1;7;0;0;1;1;1;A01
201800028477;1;7;0;0;2;4;2;B01
201800028477;1;7;0;0;2;1;1;A01
201800028478;1;7;0;0;1;1;1;A01
201800028479;1;7;0;0;1;1;1;A01
201800028480;1;1;0;0;2;1;1;B01
201800028480;1;7;0;0;2;1;1;Z01
201800028481;1;7;0;0;2;1;1;B01
201800028481;1;37;1;0;2;1;1;A01
201800028482;1;3;0;0;2;7;1;B01
201800028482;1;7;0;0;2;1;9;A01
201800028483;1;7;0;0;2;5;4;A01
201800028483;1;7;0;0;2;3;4;B01
201800028484;1;7;0;0;2;4;13;A01
201800028484;1;33;0;0;2;4;1;B01
201800028485;1;7;0;0;1;4;4;A01
201800028486;1;30;0;0;2;7;2;A01
201800028486;1;7;0;0;2;1;1;B01
201800028487;1;7;0;0;6;4;1;B01
201800028487;1;1;0;0;2;1;2;A01
201800028488;1;33;0;0;1;1;1;A01
201800028489;1;33;0;0;1;0;0;Z01
201800028490;1;7;0;0;6;1;1;Z01
201800028490;1;30;0;0;2;4;23;B01
201800028491;1;1;0;0;1;0;1;Z01
201800028492;1;7;0;0;2;3;1;A01
201800028492;1;7;0;0;2;3;1;B01
201800028493;1;7;0;0;1;1;1;B01
201800028494;1;7;0;0;2;8;1;A01
201800028494;1;7;0;0;2;1;1;B01
201800028495;1;7;0;0;6;1;1;A01
201800028495;1;33;0;0;2;8;1;B01
201800028496;1;7;0;0;1;1;1;A01
201800028497;1;33;0;0;2;1;1;B01
201800028497;1;7;0;0;6;3;1;A01
201800028498;1;99;0;0;2;4;5;A01
201800028498;1;7;0;0;0;3;1;B01
201800028499;1;7;0;0;2;3;1;Z01
201800028499;1;7;0;0;2;3;1;A01
201800028500;1;7;0;3;0;1;0;A01
201800028501;1;7;0;0;1;2;1;A01
201800028502;1;7;0;0;2;3;1;D01
201800028502;1;7;0;0;2;6;1;B01
201800028502;1;15;0;0;2;8;1;C01
201800028502;1;33;0;0;2;1;1;A01
201800028503;1;1;0;0;2;1;1;B01
201800028503;1;7;0;0;6;7;1;A01
201800028504;1;7;0;1;0;4;24;B01
201800028504;1;7;0;1;0;2;1;A01
201800028504;1;7;0;1;0;4;24;C01
201800028505;1;7;0;0;2;4;1;C01
201800028505;1;7;0;0;2;1;1;B01
201800028505;1;7;0;0;2;1;1;A01
201800028506;1;7;0;0;2;1;15;A01
201800028506;1;7;0;0;2;8;1;B01
201800028507;1;7;0;0;2;1;2;A01
201800028507;1;7;0;0;2;4;2;B01
201800028508;1;7;0;0;1;1;1;A01
201800028509;1;7;0;0;1;1;1;A01
201800028510;1;7;0;0;2;2;15;B01
201800028510;1;7;0;0;2;1;1;A01
201800028511;1;33;0;0;2;7;1;B01
201800028511;1;7;0;0;6;1;16;A01
201800028512;1;7;0;0;2;2;1;B01
201800028512;1;7;0;0;2;3;9;A01
201800028513;1;7;0;0;2;0;1;B01
201800028513;1;7;0;0;2;3;15;A01
201800028514;1;7;0;0;1;1;0;Z01
201800028515;1;7;0;0;2;7;1;B01
201800028515;1;7;0;0;2;1;1;A01
201800028516;1;7;0;0;2;4;1;B01
201800028516;1;33;0;0;2;1;2;A01
201800028517;1;2;0;0;2;1;15;A01
201800028517;1;7;0;0;2;3;1;B01
201800028518;1;7;0;0;6;2;1;A01
201800028518;1;1;0;0;2;1;1;B01
201800028519;1;7;0;0;2;1;1;A01
201800028519;1;32;0;0;2;4;1;B01
201800028520;1;1;0;0;2;1;17;A01
201800028520;1;7;0;0;6;3;10;B01
201800028521;1;7;0;0;2;4;1;C01
201800028521;1;7;0;0;2;1;2;A01
201800028521;1;7;0;0;2;1;2;B01
201800028522;1;7;0;0;2;1;2;A01
201800028522;1;7;0;0;2;4;2;B01
201800028523;1;1;0;0;2;1;1;B01
201800028523;1;7;0;0;6;8;24;A01
201800028524;1;7;0;0;2;1;2;A01
201800028524;1;7;0;0;2;4;2;B01
201800028525;1;1;0;0;2;1;1;B01
201800028525;1;7;0;0;;8;1;A01
201800028526;1;7;0;0;1;0;0;Z01
201800028527;1;7;0;0;2;4;1;B01
201800028527;1;7;0;0;2;2;1;A01
201800028528;1;7;0;0;1;1;1;A01
201800028529;1;2;0;0;1;3;1;A01
201800028530;1;7;0;0;1;1;1;A01
201800028531;1;33;0;0;2;1;1;A01
201800028531;1;7;0;0;2;8;15;B01
201800028532;1;7;0;0;2;4;2;B01
201800028532;1;7;0;0;2;3;2;A01
201800028533;1;7;0;0;1;0;1;Z01
201800028534;1;7;0;0;2;1;2;A01
201800028534;1;7;0;0;2;4;2;B01
201800028535;1;7;0;0;2;7;1;B01
201800028535;1;7;0;0;2;8;1;A01
201800028536;1;33;0;0;1;7;1;A01
201800028537;1;7;0;0;1;7;1;A01
201800028538;1;30;0;0;2;1;16;A01
201800028538;1;7;0;0;;8;1;B01
201800028539;1;7;0;0;1;7;1;A01
201800028540;1;32;0;0;2;1;1;A01
201800028540;1;7;0;0;2;8;13;B01
201800028541;1;7;0;0;2;8;0;B01
201800028541;1;7;0;0;2;4;0;A01
201800028542;1;7;0;2;2;1;0;C01
201800028542;1;7;0;0;2;1;1;A01
201800028542;1;7;0;0;2;1;0;B01
201800028543;1;7;0;0;2;4;10;A01
201800028543;1;33;0;0;2;8;1;B01
201800028544;1;33;0;0;2;1;1;B01
201800028544;1;7;0;0;2;3;14;A01
201800028545;1;7;0;0;0;2;1;A01
201800028545;1;32;0;0;0;1;1;B01
201800028546;1;7;0;0;2;2;16;B01
201800028546;1;33;0;0;2;1;7;A01
201800028547;1;7;0;0;1;7;1;A01
201800028548;1;7;0;0;2;8;11;B01
201800028549;1;31;0;0;2;4;1;B01
201800028549;1;10;0;0;2;2;1;A01
201800028550;1;7;0;0;2;3;1;B01
201800028550;1;7;0;0;2;1;15;A01
201800028551;1;2;0;0;2;8;7;A01
201800028551;1;7;0;0;2;7;1;B01
201800028552;1;7;0;1;0;2;1;A01
201800028552;1;7;0;0;2;6;0;B01
201800028553;1;2;0;0;2;7;1;A01
201800028553;1;7;0;0;2;7;1;B01
201800028554;1;7;0;0;2;1;2;A01
201800028554;1;7;0;0;2;4;2;B01
201800028555;1;7;0;0;1;1;1;A01
201800028556;1;7;0;0;1;1;2;Z01
201800028557;1;7;0;0;2;1;2;A01
201800028557;1;7;0;0;2;4;2;B01
201800028558;1;7;0;0;2;0;0;Z01
201800028558;1;7;0;0;2;1;1;B01
201800028559;0;7;0;0;1;1;1;A01
201800028560;0;7;0;0;1;1;1;A01
201800028561;1;7;0;0;2;1;1;A01
201800028561;1;2;0;0;2;8;0;B01
201800028562;1;33;0;0;;1;1;A01
201800028562;1;1;0;0;2;1;1;B01
201800028563;1;7;0;0;1;1;1;A01
201800028564;1;7;0;0;2;1;1;A01
201800028564;1;7;0;0;2;1;1;B01
201800028565;1;7;0;9;0;1;1;A01
201800028566;1;7;0;0;2;1;1;B01
201800028566;1;7;0;0;2;5;1;A01
201800028567;1;7;0;0;1;2;15;A01
201800028568;1;7;0;0;2;1;10;A01
201800028568;1;33;0;0;2;1;1;B01
201800028569;1;33;0;0;2;5;1;B01
201800028569;1;7;0;0;2;7;1;A01
201800028570;1;7;0;0;1;1;1;A01
201800028571;1;7;0;0;1;1;1;A01
201800028572;1;17;0;0;4;1;1;A01
201800028572;1;39;120;0;2;0;1;B01
201800028573;1;7;0;0;2;0;1;B01
201800028573;1;7;0;0;2;0;1;A01
201800028574;0;7;0;0;1;0;0;Z01
201800028575;1;7;0;0;2;7;20;B01
201800028575;1;32;0;0;2;1;1;A01
201800028576;1;37;4;0;2;1;1;B01
201800028576;1;7;0;0;2;1;1;A01
201800028577;1;7;0;0;2;0;0;A01
201800028577;1;7;0;0;2;0;0;B01
201800028578;1;30;0;0;2;7;1;B01
201800028578;1;7;0;0;2;3;1;A01
201800028579;1;1;0;0;1;0;0;Z01
201800028580;1;7;0;0;1;1;20;A01
201800028581;1;7;0;0;9;5;12;Z01
201800028581;1;1;0;0;2;4;1;B01
201800028582;1;7;0;0;2;1;13;A01
201800028582;1;7;0;1;2;4;1;B01
201800028583;1;7;0;0;2;2;15;B01
201800028583;1;33;0;9;2;1;7;A01
201800028584;1;7;0;0;1;1;15;A01
201800028585;1;7;0;0;1;1;0;A01
201800028586;1;7;0;0;1;3;15;A01
201800028587;1;7;0;0;2;1;1;A01
201800028587;1;7;0;0;2;1;1;B01
201800028588;1;7;0;0;1;0;15;A01
201800028589;1;7;0;0;1;1;1;Z01
201800028590;1;7;0;0;1;1;0;A01