num_acc;senc;catv;occutc;obs;obsm;choc;manv;num_veh
201800028591;1;7;0;0;1;1;1;A01
201800028592;1;33;0;0;2;1;1;B01
201800028592;2;7;0;0;2;3;15;A01
201800028593;2;7;0;0;2;3;19;A01
201800028593;1;7;0;0;2;2;0;B01
201800028594;2;7;0;2;0;8;14;A01
201800028595;1;7;0;0;1;2;1;A01
201800028596;2;33;0;0;2;1;17;B01
201800028596;2;7;0;0;2;3;17;A01
201800028597;1;7;0;0;2;1;2;A01
201800028597;1;7;0;0;2;4;2;B01
201800028598;2;2;0;0;2;8;18;B01
201800028598;1;10;0;0;2;5;15;A01
201800028599;0;7;0;0;2;7;19;A01
201800028599;2;7;0;0;2;1;1;B01
201800028600;0;7;0;15;0;2;16;A01
201800028601;1;7;0;0;1;4;20;A01
201800028602;2;7;0;0;2;1;1;B01
201800028602;1;7;0;0;2;7;1;A01
201800028603;0;1;0;0;2;1;19;A01
201800028603;2;7;0;0;2;2;1;B01
201800028604;1;7;0;14;2;4;2;C01
201800028604;1;7;0;14;2;1;2;A01
201800028604;1;7;0;14;2;4;2;B01
201800028605;0;7;0;0;2;3;13;A01
201800028605;0;7;0;8;2;3;1;B01
201800028606;1;7;0;0;2;4;1;B01
201800028606;1;7;0;0;2;1;2;A01
201800028607;0;2;0;0;2;1;1;B01
201800028607;0;7;0;0;2;3;15;A01
201800028608;0;7;0;0;2;8;16;B01
201800028608;2;7;0;0;2;8;1;C01
201800028608;1;7;0;0;2;1;21;A01
201800028609;1;33;0;0;0;0;0;A01
201800028610;2;10;0;0;2;1;15;A01
201800028610;2;7;0;0;2;4;15;B01
201800028611;1;10;0;0;1;1;16;A01
201800028612;0;7;0;0;1;1;20;A01
201800028613;2;7;0;0;2;3;19;A01
201800028613;1;10;0;0;2;3;0;C01
201800028613;2;7;0;0;2;1;1;B01
201800028614;1;7;0;0;2;1;1;B01
201800028614;0;7;0;0;2;3;15;A01
201800028615;2;7;0;0;2;6;1;A01
201800028615;2;1;0;0;2;1;1;B01
201800028616;1;7;0;0;1;2;1;A01
201800028617;2;7;0;0;1;6;19;A01
201800028618;1;31;0;0;2;1;17;B01
201800028618;0;7;0;0;2;3;9;A01
201800028619;2;7;0;6;0;1;15;A01
201800028620;1;7;0;0;2;1;15;A01
201800028620;2;33;0;12;2;7;1;B01
201800028621;1;37;15;0;2;3;1;B01
201800028621;2;7;0;0;2;3;13;A01
201800028622;2;7;0;0;2;1;13;A01
201800028622;1;7;0;0;2;2;1;B01
201800028623;2;33;0;0;2;1;1;B01
201800028623;2;17;0;0;2;8;10;A01
201800028624;2;7;0;0;2;0;0;Z01
201800028624;2;1;0;6;2;6;0;B01
201800028625;0;2;0;0;2;3;1;B01
201800028625;0;7;0;0;2;6;13;A01
201800028626;1;7;0;0;1;5;20;A01
201800028627;1;7;0;0;1;3;0;A01
201800028628;2;7;0;0;1;4;4;A01
201800028629;2;7;0;0;2;0;15;A01
201800028629;1;1;0;0;2;0;0;B01
201800028630;0;1;0;14;0;1;0;A01
201800028631;1;36;0;6;0;0;16;A01
201800028632;2;7;0;0;1;1;0;A01
201800028633;1;7;0;0;2;6;1;B01
201800028633;2;7;0;0;2;1;1;A01
201800028634;2;10;0;2;0;3;5;A01
201800028635;0;30;0;0;1;1;1;A01
201800028636;2;7;0;0;1;5;1;A01
201800028637;1;33;0;0;2;1;1;A01
201800028637;1;10;0;0;0;8;16;B01
201800028638;0;7;0;0;1;3;1;A01
201800028639;1;7;0;0;1;2;1;A01
201800028640;0;2;0;0;2;4;1;B01
201800028640;0;7;0;0;2;1;2;A01
201800028641;1;7;0;0;2;1;2;A01
201800028641;0;7;0;0;2;4;23;B01
201800028642;1;7;0;0;2;2;10;B01
201800028642;2;7;0;0;2;1;1;A01
201800028643;2;7;0;0;2;1;15;A01
201800028643;1;7;0;0;2;8;1;B01
201800028644;1;33;0;0;2;1;1;B01
201800028644;2;7;0;0;2;2;15;A01
201800028645;1;7;0;0;1;1;1;Z01
201800028646;1;7;0;12;0;1;7;A01
201800028647;2;7;0;0;2;1;9;A01
201800028647;1;1;0;0;2;7;1;B01
201800028648;1;7;0;0;2;3;15;A01
201800028648;2;30;0;0;2;2;17;B01
201800028649;1;7;0;0;2;5;23;B01
201800028649;1;7;0;0;2;2;2;A01
201800028650;1;7;0;0;2;1;15;A01
201800028650;2;7;0;0;2;1;1;B01
201800028651;2;7;0;6;0;3;13;A01
201800028652;2;7;0;0;1;2;1;A01
201800028653;1;37;1;0;2;3;15;A01
201800028653;2;30;0;0;2;3;1;B01
201800028654;1;7;0;0;2;2;1;A01
201800028654;2;7;0;0;2;8;19;B01
201800028655;0;7;0;0;2;8;22;A01
201800028655;1;1;0;1;0;2;1;B01
201800028656;1;36;0;0;0;0;13;A01
201800028657;1;7;0;0;1;1;1;A01
201800028658;2;7;0;0;2;1;1;B01
201800028658;1;7;0;0;2;1;13;A01
201800028659;1;7;0;0;1;3;1;B01
201800028659;1;7;0;0;2;1;14;A01
201800028660;2;7;0;4;0;1;14;A01
201800028661;2;7;0;0;1;1;1;A01
201800028662;2;7;0;0;1;1;1;A01
201800028663;2;1;0;0;2;4;7;B01
201800028663;2;30;0;0;2;1;7;A01
201800028664;1;7;0;0;2;1;1;A01
201800028664;1;7;0;0;2;8;15;B01
201800028665;1;33;0;0;0;0;11;A01
201800028666;1;30;0;0;2;1;1;A01
201800028666;1;7;0;0;2;8;16;B01
201800028667;1;30;0;14;0;1;1;A01
201800028668;2;1;0;0;0;8;1;A01
201800028669;2;7;0;0;2;7;16;A01
201800028669;2;1;0;0;2;1;18;B01
201800028670;1;7;0;0;2;4;2;C01
201800028670;1;7;0;0;2;4;2;B01
201800028670;1;7;0;0;2;1;2;A01
201800028670;1;7;0;0;2;4;2;D01
201800028671;1;7;0;0;2;3;15;A01
201800028671;2;1;0;0;2;1;1;B01
201800028672;1;10;0;0;2;6;1;C01
201800028672;1;10;0;0;2;3;1;B01
201800028672;2;7;0;0;2;3;13;A01
201800028673;2;7;0;0;2;1;2;A01
201800028673;2;2;0;0;2;4;2;B01
201800028674;1;7;0;0;2;6;2;B01
201800028674;1;2;0;0;2;7;2;A01
201800028675;1;30;0;0;2;1;2;A01
201800028675;1;7;0;0;2;4;1;B01
201800028676;1;7;0;4;0;3;13;A01
201800028677;2;7;0;0;1;1;1;A01
201800028678;1;7;0;0;2;6;1;A01
201800028678;1;7;0;0;2;1;2;Z01
201800028679;2;7;0;5;0;1;14;A01
201800028680;1;7;0;16;0;0;1;A01
201800028681;0;7;0;0;1;4;20;A01
201800028682;1;7;0;4;2;7;1;C01
201800028682;1;7;0;0;2;7;1;B01
201800028682;1;7;0;0;2;3;11;A01
201800028683;2;7;0;0;2;4;23;B01
201800028683;2;7;0;0;2;1;2;Z01
201800028684;2;30;0;0;0;0;1;A01
201800028685;1;7;0;0;1;3;1;A01
201800028686;1;7;0;4;0;3;13;A01
201800028687;1;1;0;0;2;7;1;B01
201800028687;1;7;0;0;2;1;9;A01
201800028688;1;1;0;0;0;0;1;A01
201800028689;2;7;0;0;1;1;17;A01
201800028690;1;33;0;0;2;8;17;A01
201800028690;2;7;0;0;2;3;1;B01
201800028691;1;30;0;0;0;0;0;A01
201800028692;1;10;0;0;2;2;1;B01
201800028692;2;7;0;0;2;3;9;A01
201800028693;2;7;0;0;1;2;16;A01
201800028694;2;7;0;0;2;3;9;A01
201800028694;2;30;0;0;2;1;7;B01
201800028695;1;1;0;0;2;8;1;B01
201800028695;1;7;0;0;2;1;0;A01
201800028696;1;7;0;0;2;6;1;B01
201800028696;1;15;0;0;2;2;17;A01
201800028697;1;7;0;0;1;0;20;A01
201800028698;2;7;0;0;2;0;0;B01
201800028698;2;30;0;0;2;0;0;A01
201800028699;1;7;0;0;1;1;16;A01
201800028700;0;7;0;0;2;4;20;A01
201800028700;0;1;0;0;2;7;1;B01
201800028701;1;7;0;0;2;2;1;B01
201800028701;2;7;0;0;2;2;13;A01
201800028702;2;7;0;1;0;1;13;A01
201800028703;1;1;0;0;2;7;15;B01
201800028703;2;7;0;0;2;3;9;A01
201800028704;1;30;0;0;2;7;1;B01
201800028704;1;10;0;0;2;8;9;A01
201800028705;2;1;0;0;1;1;1;A01
201800028706;2;7;0;0;2;4;2;D01
201800028706;2;7;0;0;2;4;2;C01
201800028706;2;7;0;0;2;4;23;E01
201800028706;2;7;0;0;2;4;23;F01
201800028706;2;7;0;0;2;1;2;A01
201800028706;2;7;0;0;2;4;2;B01
201800028707;1;7;0;0;2;7;9;A01
201800028707;1;33;0;0;2;3;1;B01
201800028708;1;7;0;0;1;1;1;A01
201800028709;2;7;0;15;0;2;1;A01
201800028710;1;1;0;0;2;1;1;B01
201800028710;1;7;0;0;2;3;15;A01
201800028711;1;7;0;6;0;1;1;A01
201800028712;2;1;0;0;0;0;1;A01
201800028713;1;7;0;0;2;4;1;B01
201800028713;1;1;0;0;2;1;2;A01
201800028714;1;7;0;0;1;7;16;A01
201800028715;0;7;0;0;2;8;9;A01
201800028715;1;30;0;0;2;1;1;B01
201800028716;1;7;0;2;0;1;13;A01
201800028717;1;7;0;0;1;2;15;A01
201800028718;1;3;0;1;2;1;1;A01
201800028719;1;7;0;0;2;1;1;B01
201800028719;2;2;0;0;2;2;19;A01
201800028720;1;7;0;6;0;1;13;A01
201800028721;1;15;0;16;0;1;0;A01
201800028722;1;1;0;16;0;0;0;A01
201800028723;0;7;0;0;2;7;1;B01
201800028723;2;1;0;0;2;1;19;A01
201800028724;2;33;0;0;1;1;1;A01
201800028725;1;7;0;13;0;9;14;A01
201800028726;2;7;0;5;0;1;13;A01
201800028727;2;1;0;0;2;1;23;B01
201800028727;2;7;0;0;2;5;4;A01
201800028728;2;1;0;0;2;1;15;B01
201800028728;1;7;0;0;2;3;9;A01
201800028729;2;7;0;14;0;1;13;A01
201800028730;2;1;0;0;2;1;1;B01
201800028730;1;7;0;0;2;2;15;A01
201800028731;2;30;0;12;0;2;9;A01
201800028732;2;7;0;0;2;8;15;B01
201800028732;2;2;0;0;2;2;17;A01
201800028733;1;2;0;0;2;3;2;A01
201800028733;1;7;0;0;2;7;16;B01
201800028734;2;7;0;0;2;1;1;B01
201800028734;1;7;0;0;2;1;13;A01
201800028735;2;7;0;0;2;3;1;B01
201800028735;1;7;0;0;2;8;1;C01
201800028735;1;7;0;0;2;1;15;A01
201800028736;2;7;0;0;2;1;2;A01
201800028736;2;7;0;0;2;4;2;C01
201800028736;2;7;0;0;2;4;1;B01
201800028737;1;33;0;16;0;0;15;A01
201800028738;1;7;0;0;2;1;2;A01
201800028738;1;7;0;0;2;4;2;C01
201800028738;1;7;0;0;2;4;2;B01
201800028739;2;7;0;2;0;1;15;A01
201800028740;1;15;0;0;1;7;1;A01
201800028741;2;7;0;0;2;2;1;A01
201800028741;;7;0;0;2;3;1;B01
201800028742;1;7;0;0;2;1;1;B01
201800028742;1;7;0;0;2;7;0;A01
201800028743;2;1;0;0;1;1;1;A01
201800028744;1;7;0;0;2;1;2;A01
201800028744;1;7;0;0;2;4;1;B01
201800028745;2;1;0;0;1;1;1;A01
201800028746;2;33;0;0;0;0;1;B01
201800028746;1;7;0;0;0;0;15;A01
201800028747;1;1;0;0;0;0;1;A01
201800028748;2;7;0;0;2;4;2;B01
201800028748;2;7;0;0;2;1;1;A01
201800028748;2;7;0;0;2;4;2;C01
201800028749;2;7;0;13;0;1;14;A01
201800028750;2;1;0;0;2;1;1;B01
201800028750;0;7;0;0;2;6;0;A01
201800028751;1;7;0;1;0;1;13;A01
201800028752;1;30;0;0;0;0;1;A01
201800028753;2;1;0;0;2;1;1;B01
201800028753;1;7;0;0;2;2;15;A01
201800028754;0;2;0;0;2;1;19;A01
201800028754;1;14;0;0;2;3;1;B01
201800028755;2;7;0;0;2;1;1;A01
201800028755;1;1;0;0;2;7;19;B01
201800028756;1;7;0;0;2;1;1;A01
201800028756;2;2;0;0;2;7;15;B01
201800028757;2;7;0;15;0;2;14;A01
201800028758;1;7;0;0;2;4;2;B01
201800028758;1;7;0;0;2;1;2;A01
201800028759;2;7;0;0;2;8;15;A01
201800028759;2;10;0;0;2;2;7;B01
201800028760;1;7;0;13;0;1;14;A01
201800028761;2;7;0;0;2;1;1;B01
201800028761;1;7;0;0;2;7;15;A01
201800028762;1;30;0;0;2;1;7;A01
201800028762;1;7;0;0;2;8;15;B01
201800028763;1;7;0;0;0;9;14;A01
201800028764;2;7;0;0;2;3;1;B01
201800028764;1;33;0;0;2;1;13;A01
201800028765;1;7;0;0;2;4;15;B01
201800028765;1;7;0;0;2;1;2;A01
201800028766;1;7;0;0;2;1;14;A01
201800028766;2;7;0;0;0;0;15;D01
201800028766;2;7;0;0;2;1;23;C01
201800028766;2;7;0;0;2;8;23;B01
201800028767;1;7;0;0;1;2;1;Z01
201800028768;1;7;0;1;0;1;14;A01
201800028769;1;7;0;13;0;1;14;A01
201800028770;2;7;0;16;0;9;1;A01
201800028771;2;33;0;0;1;2;1;A01
201800028772;2;7;0;0;2;4;1;B01
201800028772;2;7;0;0;2;4;1;C01
201800028772;2;7;0;0;2;1;2;A01
201800028773;1;10;0;0;1;1;1;A01
201800028774;1;7;0;0;2;1;2;A01
201800028774;1;7;0;0;2;4;1;C01
201800028774;1;7;0;0;2;4;2;B01
201800028775;1;7;0;0;2;6;2;B01
201800028775;1;7;0;0;2;5;2;C01
201800028775;1;7;0;0;2;2;2;A01
201800028776;2;14;0;16;0;7;1;A01
201800028777;1;37;7;0;2;1;2;A01
201800028777;1;37;5;0;2;4;2;B01
201800028778;1;7;0;0;2;1;2;C01
201800028778;1;30;0;0;2;1;2;A01
201800028778;1;7;0;0;2;4;2;B01
201800028779;1;1;0;16;0;0;1;A01
201800028780;1;2;0;0;2;1;1;B01
201800028780;1;7;0;0;2;2;15;A01
201800028781;1;7;0;0;2;3;0;A01
201800028781;1;2;0;0;2;1;1;B01
201800028782;1;1;0;0;2;1;1;B01
201800028782;1;7;0;0;2;1;1;A01
201800028783;1;7;0;0;1;1;16;A01
201800028784;1;7;0;0;2;3;1;A01
201800028784;1;7;0;0;2;7;19;B01
201800028785;2;1;0;7;0;1;21;B01
201800028785;2;7;0;0;0;0;15;Z01
201800028786;2;7;0;0;2;3;9;A01
201800028786;2;1;0;0;2;1;1;B01
201800028787;2;37;1;0;1;1;1;A01
201800028788;1;7;0;6;0;1;13;A01
201800028789;2;7;0;0;2;3;1;B01
201800028789;2;7;0;0;2;2;15;A01
201800028790;2;7;0;2;0;1;19;A01
201800028791;2;7;0;0;1;1;1;A01
201800028792;1;1;0;8;0;1;1;A01
201800028793;1;1;0;0;2;1;1;B01
201800028793;2;7;0;0;2;3;13;A01
201800028794;1;1;0;0;2;1;1;B01
201800028794;2;7;0;0;2;8;9;A01
201800028795;2;7;0;13;0;1;21;A01
201800028796;1;2;0;0;2;1;7;A01
201800028796;1;7;0;0;2;3;19;B01
201800028797;1;1;0;0;2;1;1;B01
201800028797;0;7;0;0;2;3;9;A01
201800028798;2;7;0;0;2;4;1;B01
201800028798;2;2;0;0;2;1;2;A01
201800028799;1;2;0;0;2;2;1;B01
201800028799;1;7;0;0;2;3;9;A01
201800028800;1;7;0;0;2;3;2;B01
201800028800;1;7;0;3;2;8;13;A01
201800028801;1;7;0;12;0;7;14;A01
201800028802;1;30;0;0;2;2;1;A01
201800028802;2;7;0;0;2;3;1;B01
201800028803;1;1;0;1;0;1;1;B01
201800028803;1;7;0;0;2;6;22;A01
201800028804;1;7;0;0;1;2;1;A01
201800028805;2;30;0;0;0;7;16;A01
201800028806;2;2;0;0;2;1;1;B01
201800028806;2;7;0;0;2;3;9;A01
201800028807;2;7;0;13;0;4;1;A01
201800028808;1;7;0;0;1;1;1;A01
201800028809;1;7;0;15;0;2;14;A01
201800028810;1;30;0;11;0;1;1;A01
201800028811;1;7;0;0;2;3;9;A01
201800028811;1;33;0;0;2;7;1;B01
201800028812;1;7;0;0;2;1;1;A01
201800028812;1;7;0;0;2;4;23;B01
201800028813;1;30;0;0;0;7;1;A01
201800028814;2;7;0;6;0;1;13;A01
201800028815;2;7;0;0;2;6;15;B01
201800028815;2;10;0;0;2;3;1;A01
201800028816;1;7;0;0;1;1;1;A01
201800028817;2;30;0;0;0;0;15;A01
201800028818;2;7;0;0;2;7;1;B01
201800028818;1;7;0;0;2;2;13;A01
201800028819;1;7;0;0;1;1;1;A01
201800028820;2;7;0;0;2;3;1;B01
201800028820;1;7;0;0;2;7;1;A01
201800028821;2;2;0;0;0;8;1;A01
201800028822;2;1;0;0;2;7;0;B01
201800028822;1;7;0;0;2;1;9;A01
201800028823;1;10;0;15;0;7;14;A01
201800028824;2;7;0;1;0;1;14;A01
201800028825;1;1;0;0;2;1;1;A01
201800028826;1;7;0;0;2;2;16;A01
201800028826;1;1;0;0;2;8;1;B01
201800028827;1;30;0;0;0;7;9;A01
201800028828;2;2;0;16;0;0;1;A01
201800028829;2;1;0;0;2;1;1;B01
201800028829;1;7;0;0;2;2;9;A01
201800028830;2;7;0;6;0;1;14;A01
201800028831;2;7;0;0;2;1;1;B01
201800028831;2;7;0;0;2;7;15;A01
201800028832;2;7;0;0;2;1;1;B01
201800028832;1;7;0;0;2;1;13;A01
201800028833;2;7;0;1;0;2;14;A01
201800028834;1;7;0;8;0;1;14;A01
201800028835;1;7;0;3;0;3;13;A01
201800028836;1;7;0;0;2;4;1;C01
201800028836;1;7;0;0;2;1;2;A01
201800028836;1;7;0;0;2;4;1;B01
201800028837;2;7;0;0;2;4;2;B01
201800028837;2;7;0;0;2;4;2;C01
201800028837;2;7;0;0;2;1;2;A01
201800028838;1;7;0;0;1;1;1;A01
201800028839;1;7;0;0;0;7;1;A01
201800028840;1;2;0;0;0;0;1;A01
201800028841;2;30;0;0;0;0;1;A01
201800028842;1;7;0;0;2;1;9;A01
201800028842;2;2;0;0;2;3;9;B01
201800028843;1;7;0;0;0;7;1;A01
201800028844;2;7;0;0;2;8;15;B01
201800028844;1;30;0;0;2;1;1;A01
201800028845;1;1;0;0;2;5;1;B01
201800028845;1;7;0;0;2;3;9;A01
201800028846;2;7;0;0;2;1;2;C01
201800028846;2;7;0;0;2;1;1;B01
201800028846;1;7;0;0;2;1;13;A01
201800028847;1;7;0;0;2;1;19;A01
201800028847;1;37;4;0;2;3;1;B01
201800028848;1;7;0;0;2;3;1;B01
201800028848;2;7;0;0;2;3;13;A01
201800028849;2;1;0;0;2;5;1;B01
201800028849;1;7;0;0;2;1;9;A01
201800028850;2;3;0;0;2;1;2;A01
201800028850;2;7;0;0;2;4;1;B01
201800028851;2;7;0;0;2;1;1;A01
201800028851;2;30;0;0;2;4;23;B01
201800028852;2;2;0;0;2;1;1;B01
201800028852;2;7;0;0;2;2;1;A01
201800028853;2;7;0;0;2;2;1;B01
201800028853;2;7;0;0;2;8;9;Z01
201800028854;1;7;0;12;0;1;1;A01
201800028855;2;7;0;7;0;1;14;A01
201800028856;2;7;0;0;2;4;1;C01
201800028856;2;7;0;0;2;1;1;A01
201800028856;2;7;0;0;2;4;1;B01
201800028857;2;30;0;0;0;0;1;B01
201800028857;2;7;0;0;0;0;9;A01
201800028858;2;7;0;0;2;4;1;B01
201800028858;2;3;0;0;2;1;2;A01
201800028859;2;7;0;7;0;1;1;A01
201800028860;1;33;0;0;0;7;16;A01
201800028861;2;10;0;0;2;1;2;A01
201800028861;2;10;0;0;2;4;1;B01
201800028862;2;7;0;0;2;1;1;D01
201800028862;2;7;0;0;2;1;2;A01
201800028862;2;7;0;0;2;4;1;C01
201800028862;2;7;0;0;2;4;1;B01
201800028863;2;7;0;0;1;2;1;A01
201800028864;2;33;0;3;0;8;13;A01
201800028865;1;7;0;0;1;1;1;A01
201800028866;2;7;0;0;2;8;1;B01
201800028866;1;30;0;0;2;8;9;A01
201800028867;2;1;0;0;2;3;1;B01
201800028867;2;7;0;0;2;2;16;A01
201800028868;2;7;0;0;1;2;1;A01
201800028869;1;1;0;0;2;1;1;B01
201800028869;2;7;0;0;2;2;15;A01
201800028870;1;7;0;15;0;1;14;A01
201800028871;2;30;0;0;2;1;1;B01
201800028871;1;7;0;0;2;3;15;A01
201800028872;1;7;0;0;1;2;16;A01
201800028873;1;32;0;0;2;3;1;B01
201800028873;2;7;0;0;2;3;17;A01
201800028874;0;7;0;0;2;2;20;A01
201800028874;2;30;0;0;2;1;1;B01
201800028875;2;7;0;0;2;2;15;A01
201800028875;1;7;0;0;2;1;1;B01
201800028876;1;1;0;0;2;1;1;B01
201800028876;1;7;0;0;2;1;20;A01
201800028877;1;7;0;0;2;1;2;A01
201800028877;1;7;0;0;2;4;1;B01
201800028878;2;1;0;0;2;7;1;B01
201800028878;2;7;0;0;2;1;9;A01
201800028879;1;14;0;0;2;0;15;B01
201800028879;2;7;0;0;2;3;14;A01
201800028879;2;7;0;0;2;8;23;C01
201800028880;1;7;0;0;2;1;2;Z01
201800028880;1;30;0;0;2;4;1;B01
201800028881;2;7;0;0;2;8;20;B01
201800028881;2;7;0;0;2;2;1;A01
201800028882;1;7;0;0;2;1;1;A01
201800028882;1;7;0;0;2;8;1;B01
201800028883;1;1;0;0;2;8;1;B01
201800028883;1;17;0;0;2;7;16;A01
201800028884;2;30;0;8;0;1;14;A01
201800028885;2;33;0;0;0;4;2;B01
201800028885;2;33;0;0;2;1;2;A01
201800028886;2;33;0;8;0;1;1;A01
201800028887;0;33;0;5;0;8;19;A01
201800028888;1;33;0;13;0;1;1;A01
201800028889;2;33;0;0;2;3;0;B01
201800028889;2;33;0;0;0;0;1;C01
201800028889;2;7;0;0;2;5;21;A01
201800028890;1;2;0;13;0;3;1;A01
201800028891;0;2;0;0;2;8;19;A01
201800028891;1;7;0;0;9;2;1;B01
201800028892;0;33;0;7;0;1;1;A01
201800028893;1;7;0;15;0;3;1;A01
201800028894;2;7;0;0;2;3;1;A01
201800028894;1;10;0;0;2;3;13;B01
201800028895;0;7;0;2;0;3;1;A01
201800028896;1;7;0;2;0;1;1;A01
201800028897;1;7;0;0;2;2;1;A01
201800028897;1;1;0;0;2;6;1;B01
201800028898;1;7;0;0;2;1;2;A01
201800028898;1;15;0;0;2;1;2;D01
201800028898;1;7;0;0;2;4;2;B01
201800028898;1;7;0;0;2;1;2;C01
201800028899;2;7;0;0;1;1;1;A01
201800028900;2;14;0;0;2;2;12;A01
201800028900;2;7;0;0;2;8;1;B01
201800028900;1;7;0;0;2;1;1;C01
201800028901;2;7;0;0;1;3;15;A01
201800028902;1;33;0;0;2;0;21;B01
201800028902;1;7;0;0;2;0;19;A01
201800028903;1;7;0;0;2;1;1;B01
201800028903;1;7;0;0;2;4;4;Z01
201800028904;2;31;0;0;2;7;5;A01
201800028904;2;7;0;0;2;2;1;B01
201800028905;2;7;0;0;1;3;15;A01
201800028906;2;7;0;0;2;6;23;B01
201800028906;2;7;0;0;2;2;2;A01
201800028907;1;7;0;0;1;7;0;A01
201800028908;1;30;0;0;1;3;0;A01
201800028909;1;7;0;0;2;3;1;B01
201800028909;2;7;0;0;2;2;15;A01
201800028910;0;99;0;0;2;0;0;R01
201800028910;2;7;0;0;2;8;0;A01
201800028911;1;7;0;0;2;4;23;C01
201800028911;1;7;0;0;2;4;23;B01
201800028911;1;7;0;14;0;1;1;A01
201800028912;1;33;0;1;2;3;1;B01
201800028912;2;10;0;0;2;1;1;A01
201800028913;1;7;0;0;1;1;16;A01
201800028914;1;7;0;0;1;8;15;A01
201800028915;1;7;0;0;2;4;2;B01
201800028915;1;7;0;0;2;4;2;A01
201800028915;1;7;0;0;2;1;2;Z01
201800028916;2;7;0;0;2;6;1;B01
201800028916;2;7;0;0;2;2;17;A01
201800028917;1;7;0;0;1;2;1;A01
201800028918;0;32;0;0;2;7;19;A01
201800028918;1;7;0;0;2;1;0;B01
201800028919;2;7;0;0;2;1;1;B01
201800028919;1;7;0;0;2;2;15;A01
201800028920;1;33;0;0;2;1;21;B01
201800028920;1;7;0;0;2;8;15;A01
201800028921;2;32;0;0;2;7;2;B01
201800028921;2;7;0;0;2;8;13;A01
201800028922;0;37;4;14;0;1;1;A01
201800028923;1;37;1;0;1;1;1;A01
201800028924;1;2;0;0;2;7;21;B01
201800028924;1;7;0;0;2;3;9;A01
201800028925;1;7;0;0;2;2;1;A01
201800028925;1;1;0;0;2;0;2;B01
201800028926;1;7;0;0;2;8;22;A01
201800028926;1;1;0;1;0;1;1;B01
201800028927;1;30;0;0;2;2;12;A01
201800028927;1;7;0;0;2;3;1;B01
201800028928;2;7;0;0;2;1;1;A01
201800028928;2;7;0;0;2;3;24;B01
201800028929;1;7;0;0;2;2;15;B01
201800028929;0;33;0;0;2;5;17;A01
201800028930;0;7;0;0;1;5;0;A01
201800028931;0;7;0;0;2;4;15;C01
201800028931;0;7;0;0;2;4;2;B01
201800028931;0;7;0;0;2;1;2;A01
201800028932;1;1;0;0;2;1;1;A01
201800028932;1;7;0;0;2;1;15;B01
201800028933;2;1;0;0;2;1;7;B01
201800028933;2;7;0;0;2;2;15;A01
201800028934;1;7;0;0;2;1;15;A01
201800028934;2;2;0;0;2;1;1;B01
201800028935;1;7;0;0;2;1;2;A01
201800028935;1;7;0;0;2;4;1;B01
201800028935;1;7;0;0;2;4;0;C01
201800028936;0;7;0;0;1;0;16;A01
201800028937;1;7;0;0;1;0;1;A01
201800028938;0;7;0;0;1;4;0;A01
201800028939;0;7;0;0;1;1;1;A01
201800028940;1;7;0;0;1;2;16;A01
201800028941;2;7;0;0;2;4;2;B01
201800028941;2;7;0;0;2;1;11;A01
201800028942;2;1;0;0;2;1;19;A01
201800028942;2;7;0;0;2;1;15;B01
201800028943;0;33;0;1;0;1;0;A01
201800028944;2;7;0;0;2;3;15;B01
201800028944;2;32;0;0;2;2;17;A01
201800028945;0;7;0;0;1;1;0;A01
201800028946;1;10;0;0;1;2;13;A01
201800028947;0;33;0;0;2;7;1;B01
201800028947;2;7;0;0;2;3;9;A01
201800028948;2;30;0;0;2;5;15;B01
201800028948;1;7;0;0;2;3;0;A01
201800028949;2;7;0;11;0;1;0;A01
201800028950;1;7;0;0;2;3;9;A01
201800028950;2;1;0;0;2;4;1;B01
201800028951;0;30;0;7;0;1;13;A01
201800028952;2;7;0;0;1;1;1;A01
201800028953;2;7;0;0;2;2;1;A01
201800028953;2;1;0;0;2;4;19;B01
201800028954;2;7;0;0;1;1;15;A01
201800028955;0;7;0;6;0;1;1;A01
201800028956;1;7;0;8;0;7;14;A01
201800028957;1;31;0;0;0;0;0;A01
201800028958;2;33;0;14;0;1;0;A01
201800028959;1;7;0;0;2;3;1;B01
201800028959;2;7;0;0;2;2;19;A01
201800028960;0;7;0;0;0;5;0;A01
201800028960;0;2;0;0;2;1;2;B01
201800028960;0;2;0;0;2;1;2;C01
201800028961;1;7;0;13;0;2;2;A01
201800028962;2;7;0;0;2;3;1;B01
201800028962;1;7;0;0;2;3;13;A01
201800028963;0;1;0;0;2;3;13;A01
201800028963;0;7;0;0;2;3;1;B01
201800028964;1;2;0;6;0;1;0;A01
201800028965;1;33;0;0;2;3;1;B01
201800028965;2;7;0;0;2;2;15;A01
201800028966;1;33;0;0;2;1;1;B01
201800028966;1;7;0;0;2;8;16;A01
201800028967;2;7;0;0;0;6;15;A01
201800028967;1;2;0;0;2;1;1;B01
201800028968;1;10;0;0;2;2;13;A01
201800028968;2;14;0;0;2;2;1;B01
201800028969;0;33;0;3;0;1;0;A01
201800028969;0;17;0;0;0;3;0;B01
201800028970;1;7;0;0;1;2;1;A01
201800028971;1;7;0;0;2;1;13;A01
201800028971;2;7;0;0;2;1;1;B01
201800028972;1;7;0;6;2;3;1;B01
201800028972;2;7;0;0;2;1;1;A01
201800028973;2;7;0;16;0;0;1;A01
201800028974;2;7;0;6;0;1;0;A01
201800028975;1;7;0;6;0;1;13;A01