num_acc;senc;catv;occutc;obs;obsm;choc;manv;num_veh
201800028976;1;7;0;0;2;3;1;B01
201800028976;2;7;0;0;2;3;15;A01
201800028976;2;10;0;0;2;1;23;C01
201800028977;2;2;0;13;0;9;1;A01
201800028978;2;7;0;13;2;1;1;B01
201800028978;1;7;0;13;2;8;15;A01
201800028979;2;15;0;0;2;0;1;B01
201800028979;1;7;0;14;2;8;1;A01
201800028980;2;30;0;0;2;0;13;A01
201800028980;1;7;0;0;2;3;21;B01
201800028981;2;7;0;13;0;8;13;A01
201800028982;1;7;0;2;0;8;1;A01
201800028983;1;7;0;0;2;3;1;B01
201800028983;2;2;0;0;2;3;13;A01
201800028984;1;7;0;;2;4;23;C01
201800028984;2;7;0;1;1;1;13;A01
201800028984;1;10;0;;2;4;23;B01
201800028985;1;33;0;0;2;2;1;B01
201800028985;1;7;0;0;2;8;9;A01
201800028986;1;33;0;0;2;1;1;B01
201800028986;2;7;0;0;2;3;15;A01
201800028987;1;10;0;0;2;5;15;B01
201800028987;2;7;0;0;2;3;1;C01
201800028987;1;33;0;3;2;1;2;A01
201800028988;1;7;0;13;0;1;14;A01
201800028989;2;10;0;9;2;6;15;A01
201800028989;2;10;0;0;2;1;0;B01
201800028990;1;7;0;0;2;2;1;B01
201800028990;1;1;0;0;2;7;19;A01
201800028991;2;7;0;2;0;3;1;A01
201800028992;1;7;0;0;1;2;16;A01
201800028993;0;2;0;0;2;7;1;A01
201800028993;0;7;0;0;2;3;16;B01
201800028994;1;33;0;0;2;1;1;B01
201800028994;2;7;0;0;2;3;17;A01
201800028995;2;7;0;2;0;1;13;A01
201800028996;1;7;0;0;2;5;23;B01
201800028996;1;31;0;0;2;1;1;A01
201800028997;0;7;0;0;2;1;15;A01
201800028997;0;34;0;0;2;7;1;B01
201800028998;2;7;0;0;2;3;13;A01
201800028998;1;2;0;0;2;1;1;B01
201800028999;2;7;0;0;2;1;5;A01
201800028999;1;15;0;0;2;8;1;B01
201800029000;2;7;0;14;1;1;2;A01
201800029001;2;2;0;0;2;1;1;B01
201800029001;1;7;0;0;2;8;19;A01
201800029002;1;31;0;3;0;1;1;A01
201800029003;1;7;0;0;2;2;15;A01
201800029003;2;33;0;0;2;1;1;B01
201800029004;1;7;0;0;1;0;1;Z01
201800029005;0;7;0;0;1;1;1;A01
201800029006;1;7;0;0;0;0;0;A01
201800029007;1;7;0;0;2;9;0;A01
201800029007;1;7;0;0;2;3;1;B01
201800029008;1;10;0;5;2;1;1;B01
201800029008;2;7;0;0;2;8;2;C01
201800029008;2;7;0;0;2;1;17;A01
201800029009;1;7;0;0;1;8;1;A01
201800029010;0;7;0;0;1;2;1;A01
201800029011;1;7;0;0;2;3;9;A01
201800029011;1;33;0;0;2;1;1;B01
201800029012;1;32;0;16;0;1;0;B01
201800029012;1;10;0;16;0;0;0;A01
201800029013;2;31;0;0;2;6;1;B01
201800029013;2;7;0;0;2;2;12;A01
201800029014;0;99;0;0;1;1;17;A01
201800029015;1;7;0;0;2;2;17;A01
201800029015;2;17;0;0;2;1;2;B01
201800029016;1;7;0;0;1;1;9;A01
201800029017;1;7;0;0;2;1;2;A01
201800029017;1;7;0;0;2;5;2;B01
201800029017;1;7;0;0;2;4;2;C01
201800029018;1;7;0;0;2;5;13;A01
201800029018;2;7;0;0;2;1;1;B01
201800029019;1;7;0;0;2;8;2;A01
201800029019;1;1;0;0;2;7;16;B01
201800029020;1;7;0;0;1;2;16;A01
201800029021;1;2;0;0;2;1;10;B01
201800029021;2;7;0;0;2;3;17;A01
201800029022;2;7;0;0;2;1;19;A01
201800029022;1;7;0;0;2;3;2;B01
201800029023;1;33;0;0;2;1;1;B01
201800029023;0;17;0;0;2;3;19;A01
201800029024;1;7;0;0;2;3;1;A01
201800029024;0;1;0;0;2;3;19;B01
201800029025;0;7;0;6;0;1;16;A01
201800029026;1;7;0;0;1;3;19;A01
201800029027;1;10;0;2;0;1;1;A01
201800029028;1;7;0;0;6;3;15;A01
201800029028;2;1;0;0;2;1;1;B01
201800029029;2;7;0;0;2;1;0;A01
201800029029;2;7;0;0;2;1;1;B01
201800029030;1;30;0;3;0;0;1;A01
201800029031;1;1;0;0;2;1;2;B01
201800029031;1;7;0;0;6;3;9;A01
201800029032;1;7;0;0;1;1;2;A01
201800029033;2;7;0;15;0;1;14;A01
201800029034;2;7;0;0;2;7;13;A01
201800029034;1;7;0;0;2;1;2;B01
201800029034;1;7;0;0;2;2;2;C01
201800029035;2;10;0;0;2;5;23;A01
201800029035;2;7;0;0;2;2;2;B01
201800029036;2;7;0;0;2;1;11;A01
201800029036;1;7;0;0;2;1;17;B01
201800029037;1;7;0;0;1;2;1;A01
201800029038;1;7;0;0;1;3;1;A01
201800029039;1;10;0;0;1;1;15;A01
201800029040;1;7;0;0;2;2;2;A01
201800029040;1;7;0;0;2;3;1;B01
201800029041;1;7;0;0;2;1;2;A01
201800029041;1;7;0;0;2;4;2;B01
201800029042;1;7;0;0;9;1;1;A01
201800029042;1;1;0;0;2;7;19;B01
201800029043;2;7;0;0;2;6;15;A01
201800029043;1;7;0;0;2;3;1;B01
201800029044;1;10;0;0;2;1;2;A01
201800029044;1;7;0;0;2;4;2;B01
201800029044;1;7;0;0;2;4;2;C01
201800029045;1;7;0;0;1;2;1;A01
201800029046;1;7;0;0;2;3;15;A01
201800029046;2;33;0;0;2;6;1;B01
201800029047;1;7;0;0;2;2;12;A01
201800029047;1;7;0;0;2;3;1;B01
201800029048;1;7;0;0;1;2;1;A01
201800029049;1;7;0;0;2;1;2;A01
201800029049;1;7;0;0;1;4;23;B01
201800029050;1;7;0;0;2;3;16;B01
201800029050;1;7;0;0;2;1;15;A01
201800029051;1;7;0;0;2;2;1;B01
201800029051;1;7;0;0;2;1;9;A01
201800029052;1;7;0;0;2;1;9;A01
201800029052;1;1;0;0;2;0;1;B01
201800029053;1;2;0;0;2;4;1;B01
201800029053;1;10;0;8;2;2;2;A01
201800029054;1;7;0;0;1;1;1;A01
201800029055;1;7;0;0;1;2;1;A01
201800029056;1;7;0;0;1;1;1;A01
201800029057;1;7;0;0;1;2;17;A01
201800029058;1;7;0;0;2;3;15;A01
201800029058;2;33;0;0;2;1;1;B01
201800029059;1;37;1;0;1;2;7;A01
201800029060;0;7;0;0;1;2;17;A01
201800029061;0;2;0;0;1;1;1;A01
201800029062;1;7;0;0;1;2;1;A01
201800029063;0;7;0;0;2;1;1;B01
201800029063;0;7;0;0;2;8;9;A01
201800029064;0;10;0;0;1;3;1;A01
201800029065;1;32;0;0;2;1;15;A01
201800029065;1;31;0;0;2;1;1;B01
201800029066;1;7;0;0;2;2;12;A01
201800029066;1;2;0;0;2;4;1;B01
201800029067;0;10;0;0;2;3;15;A01
201800029067;0;33;0;0;2;3;1;B01
201800029068;0;10;0;0;6;2;1;A01
201800029068;0;1;0;0;2;4;1;B01
201800029069;0;7;0;0;1;0;15;A01
201800029070;0;37;1;0;2;6;15;A01
201800029070;0;99;0;0;2;1;19;B01
201800029071;0;2;0;0;6;2;7;A01
201800029071;1;1;0;0;6;3;19;B01
201800029072;2;7;0;0;2;7;15;A01
201800029072;1;33;0;0;2;1;1;B01
201800029073;1;10;0;0;2;3;15;A01
201800029073;1;30;0;0;2;1;1;B01
201800029074;1;7;0;0;1;1;2;A01
201800029074;1;7;0;0;2;4;2;B01
201800029074;0;7;0;0;2;1;23;C01
201800029074;0;7;0;0;2;1;23;D01
201800029074;0;7;0;0;2;3;23;E01
201800029075;0;7;0;6;;1;1;A01
201800029076;;7;0;;1;;;A01
201800029077;2;7;0;6;2;1;15;A01
201800029077;1;7;0;15;2;1;0;B01
201800029078;0;1;0;0;2;9;19;V01
201800029078;0;7;0;0;2;0;16;A01
201800029079;0;7;0;1;1;3;0;A01
201800029080;1;7;0;13;0;9;13;A01
201800029081;1;7;0;0;2;3;15;A01
201800029081;2;7;0;0;2;3;0;B01
201800029082;0;7;0;0;2;3;11;A01
201800029082;0;33;0;0;2;1;1;B01
201800029083;1;7;0;7;2;8;16;A01
201800029084;1;7;0;0;1;1;0;A01
201800029085;1;7;0;16;0;9;13;A01
201800029086;2;7;0;2;0;9;11;A01
201800029087;;1;0;16;;;;A01
201800029088;1;7;0;0;1;2;1;A01
201800029089;1;10;0;0;1;4;4;A01
201800029090;2;7;0;0;1;3;1;A01
201800029091;1;7;0;0;1;1;1;A01
201800029092;1;7;0;2;0;3;14;A01
201800029093;1;33;0;12;0;1;1;A01
201800029094;1;7;0;0;9;1;1;A01
201800029094;1;1;0;0;2;8;19;B01
201800029095;1;7;0;0;1;4;20;A01
201800029096;1;7;0;0;1;1;1;A01
201800029097;1;32;0;0;2;8;15;A01
201800029097;2;2;0;0;2;1;1;B01
201800029098;1;7;0;0;1;3;16;A01
201800029099;1;7;0;8;0;1;16;A01
201800029100;1;7;0;0;1;1;15;A01
201800029101;1;7;0;3;0;1;19;A01
201800029102;2;7;0;0;2;1;1;B01
201800029102;1;7;0;0;2;1;5;A01
201800029103;1;7;0;12;0;2;14;A01
201800029104;1;33;0;12;0;2;14;A01
201800029105;1;33;0;0;1;2;1;A01
201800029106;1;7;0;0;0;1;14;A01
201800029107;2;7;0;0;2;1;2;A01
201800029107;2;32;0;0;2;4;2;B01
201800029108;1;7;0;0;1;1;1;A01
201800029109;1;32;0;16;0;1;0;B01
201800029109;1;7;0;0;0;0;0;A01
201800029110;1;3;0;0;2;1;2;A01
201800029110;1;17;0;0;2;4;2;B01
201800029111;1;7;0;0;0;0;0;A01
201800029111;1;1;0;0;2;7;1;B01
201800029112;1;7;0;0;1;3;1;A01
201800029113;2;7;0;0;2;1;13;A01
201800029113;1;7;0;0;2;1;13;B01
201800029114;1;7;0;0;2;8;11;A01
201800029114;1;1;0;0;2;1;0;B01
201800029115;1;7;0;0;2;3;13;A01
201800029115;1;7;0;0;2;1;1;B01
201800029116;1;7;0;0;1;1;1;A01
201800029117;2;10;0;0;2;3;13;A01
201800029117;1;10;0;0;2;1;1;B01
201800029118;1;7;0;0;1;2;1;A01
201800029119;1;7;0;0;2;0;15;A01
201800029119;1;33;0;0;2;1;21;B01
201800029120;2;7;0;0;2;5;15;A01
201800029120;1;33;0;0;2;1;1;B01
201800029121;1;7;0;0;2;1;15;A01
201800029121;1;7;0;0;2;2;1;B01
201800029122;1;33;0;0;2;1;1;B01
201800029122;1;7;0;0;2;7;9;A01
201800029123;1;10;0;0;2;5;15;A01
201800029123;1;31;0;0;2;1;1;B01
201800029124;1;7;0;0;1;1;1;A01
201800029125;1;7;0;0;2;7;10;A01
201800029125;1;32;0;0;2;1;1;B01
201800029126;1;1;0;0;2;4;1;B01
201800029126;1;7;0;0;2;1;0;A01
201800029127;1;7;0;0;2;1;1;A01
201800029127;1;33;0;0;2;4;1;B01
201800029128;1;7;0;0;1;3;1;A01
201800029129;1;33;0;4;0;2;14;A01
201800029130;1;7;0;0;1;3;1;A01
201800029131;1;10;0;0;1;4;4;A01
201800029132;1;7;0;0;1;1;1;A01
201800029133;1;7;0;0;2;1;1;B01
201800029133;1;7;0;0;2;1;19;A01
201800029134;1;7;0;0;2;1;1;A01
201800029134;1;1;0;0;2;8;19;B01
201800029135;1;7;0;0;1;3;1;A01
201800029136;1;7;0;0;1;7;1;A01
201800029137;1;7;0;0;2;7;15;A01
201800029137;1;2;0;0;2;1;1;B01
201800029138;1;7;0;0;6;4;4;A01
201800029138;1;1;0;0;2;8;1;B01
201800029139;2;10;0;0;2;1;1;A01
201800029139;1;7;0;0;2;1;1;B01
201800029140;1;7;0;0;1;3;1;A01
201800029141;1;7;0;2;0;3;14;A01
201800029142;1;7;0;0;2;1;2;B01
201800029142;1;7;0;0;2;1;6;A01
201800029143;1;7;0;0;2;1;16;A01
201800029143;1;1;0;0;2;7;19;B01
201800029144;1;7;0;0;2;1;19;A01
201800029144;1;7;0;0;2;4;1;B01
201800029145;2;7;0;0;2;1;13;A01
201800029145;1;7;0;0;2;7;1;B01
201800029146;1;7;0;0;2;1;14;A01
201800029147;1;7;0;0;1;2;1;A01
201800029148;1;31;0;0;2;1;1;B01
201800029148;2;7;0;0;2;2;15;A01
201800029149;1;2;0;0;2;1;13;A01
201800029149;2;7;0;0;2;1;1;B01
201800029150;2;7;0;13;0;1;1;A01
201800029151;1;7;0;2;6;1;21;A01
201800029152;0;7;0;0;1;3;1;A01
201800029153;1;7;0;0;2;2;1;B01
201800029153;0;1;0;0;2;8;19;A01
201800029154;0;2;0;0;0;8;10;A01
201800029155;2;7;0;0;2;8;1;A01
201800029155;1;7;0;16;2;8;1;B01
201800029156;2;7;0;8;0;3;14;A01
201800029157;1;10;0;8;0;2;1;A01
201800029158;1;7;0;7;0;1;1;A01
201800029159;0;7;0;0;0;1;0;A01
201800029159;0;2;0;0;2;7;1;B01
201800029160;1;7;0;0;2;7;1;B01
201800029160;2;7;0;0;2;1;1;A01
201800029161;1;33;0;0;2;1;2;A01
201800029161;1;7;0;0;0;4;23;B01
201800029162;1;7;0;0;2;3;13;A01
201800029162;2;7;0;0;2;8;1;B01
201800029163;2;7;0;0;9;3;1;A01
201800029163;2;7;0;0;2;5;17;B01
201800029164;1;7;0;8;0;3;13;A01
201800029165;1;33;0;0;2;1;13;A01
201800029165;2;7;0;0;2;1;1;B01
201800029166;2;7;0;8;0;9;1;A01
201800029167;1;39;50;0;1;3;0;A01
201800029168;1;7;0;;2;2;1;C01
201800029168;2;7;0;1;2;3;13;A01
201800029168;1;7;0;0;2;8;1;B01
201800029169;2;7;0;0;2;1;1;B01
201800029169;1;7;0;0;2;1;5;A01
201800029170;0;7;0;0;2;1;1;B01
201800029170;0;7;0;0;2;7;1;A01
201800029171;0;30;0;0;9;1;1;B01
201800029171;0;2;0;0;9;1;1;A01
201800029172;2;7;0;2;0;9;1;A01
201800029173;2;2;0;0;2;1;1;B01
201800029173;1;7;0;0;2;1;17;A01
201800029174;1;17;0;0;2;8;1;B01
201800029174;1;7;0;3;2;8;13;A01
201800029175;1;17;0;0;2;2;1;B01
201800029175;2;7;0;0;2;1;13;A01
201800029176;2;17;0;0;2;4;1;B01
201800029176;2;10;0;0;2;1;2;A01
201800029177;1;7;0;4;0;2;2;A01
201800029178;2;7;0;14;0;1;0;A01
201800029179;2;7;0;0;0;6;1;B01
201800029179;2;7;0;3;2;2;14;A01
201800029180;1;17;0;13;0;2;1;A01
201800029181;1;7;0;0;2;1;1;B01
201800029181;1;7;0;0;0;5;0;A01
201800029182;0;7;0;0;1;3;1;A01
201800029183;0;7;0;0;2;3;1;A01
201800029183;0;1;0;0;2;1;1;B01
201800029184;1;7;0;8;0;1;1;A01
201800029185;1;33;0;6;0;0;1;B01
201800029185;0;7;0;0;0;0;15;A01
201800029186;0;2;0;11;2;0;6;A01
201800029186;0;7;0;0;2;8;1;B01
201800029187;2;7;0;0;2;3;1;B01
201800029187;0;7;0;0;2;2;19;A01
201800029188;2;7;0;0;2;3;1;B01
201800029188;0;7;0;0;2;1;1;A01
201800029189;2;7;0;0;2;1;1;B01
201800029189;2;7;0;0;2;8;1;A01
201800029190;0;7;0;0;2;8;10;A01
201800029190;1;2;0;0;2;1;1;B01
201800029191;1;7;0;0;2;7;7;A01
201800029191;1;7;0;0;2;1;9;B01
201800029192;1;7;0;0;2;1;1;A01
201800029192;1;7;0;0;2;4;2;B01
201800029193;1;31;0;0;2;2;1;A01
201800029193;1;7;0;0;2;3;15;B01
201800029194;1;7;0;0;2;7;11;A01
201800029194;1;34;0;0;2;1;7;B01
201800029195;1;7;0;0;2;4;1;B01
201800029195;1;7;0;0;2;1;1;A01
201800029196;1;37;0;0;2;1;7;A01
201800029196;1;31;0;0;2;4;7;B01
201800029197;1;30;0;0;2;1;7;A01
201800029197;1;7;0;0;2;4;7;B01
201800029198;1;31;0;0;2;3;15;A01
201800029198;2;10;0;0;2;2;1;B01
201800029199;1;7;0;0;2;3;7;B01
201800029199;1;7;0;0;2;7;2;A01
201800029200;1;7;0;0;1;3;15;A01
201800029201;1;7;0;0;2;1;1;B01
201800029201;1;7;0;0;2;2;1;A01
201800029202;1;7;0;0;2;1;1;B01
201800029202;1;7;0;0;2;2;1;A01
201800029202;1;7;0;0;2;1;1;C01
201800029203;1;7;0;0;2;4;2;B01
201800029203;1;10;0;0;2;1;2;A01
201800029204;1;7;0;0;2;8;20;A01
201800029204;1;7;0;0;2;2;1;B01
201800029205;1;7;0;0;2;3;15;A01
201800029205;1;7;0;0;2;3;0;B01
201800029206;1;7;0;0;0;0;0;B01
201800029206;1;30;0;0;2;1;2;A01
201800029207;1;2;0;0;2;1;1;A01
201800029207;2;7;0;0;2;1;15;B01
201800029208;1;7;0;0;2;1;9;A01
201800029208;1;2;0;0;2;1;9;B01
201800029209;1;7;0;0;1;1;1;A01
201800029210;1;7;0;0;2;1;2;Z01
201800029210;1;7;0;0;2;4;2;B01
201800029211;0;7;0;0;2;8;1;B01
201800029211;0;1;0;0;2;1;19;A01
201800029212;1;31;0;0;0;0;0;A01
201800029213;1;7;0;0;1;2;0;A01
201800029214;0;7;0;0;2;5;15;A01
201800029214;0;1;0;0;2;0;0;B01
201800029215;0;7;0;0;0;0;0;A01
201800029215;0;2;0;0;2;1;20;B01
201800029216;0;31;0;0;2;0;0;Z01
201800029216;0;7;0;0;2;3;15;B01
201800029217;0;33;0;0;2;2;1;A01
201800029217;0;10;0;1;2;1;0;B01
201800029218;1;1;0;0;2;5;1;B01
201800029218;1;7;0;0;2;5;2;A01
201800029219;1;7;0;1;0;6;0;B01
201800029219;1;7;0;1;0;1;0;A01
201800029220;0;32;0;0;2;5;1;B01
201800029220;0;7;0;0;2;1;9;A01
201800029221;1;7;0;0;1;1;1;A01
201800029222;0;31;0;0;2;1;1;B01
201800029222;0;30;0;0;2;1;15;A01
201800029223;1;7;0;0;0;0;0;B01
201800029223;0;7;0;0;2;1;1;A01
201800029224;1;7;0;1;0;1;1;A01
201800029224;0;10;0;1;0;7;0;B01
201800029225;0;7;0;0;2;1;1;B01
201800029225;0;7;0;0;2;3;15;A01
201800029226;0;1;0;0;2;0;0;B01
201800029226;0;10;0;0;2;8;14;A01
201800029227;0;33;0;0;2;1;1;A01
201800029227;0;7;0;0;2;2;15;B01
201800029228;1;10;0;0;2;6;9;A01
201800029228;1;7;0;0;2;1;15;B01
201800029229;1;7;0;0;2;1;2;A01
201800029229;1;7;0;0;2;4;2;B01
201800029230;1;7;0;0;1;7;19;A01
201800029231;1;7;0;0;1;1;2;A01
201800029232;1;7;0;0;1;7;20;A01
201800029233;1;7;0;0;2;3;9;A01
201800029233;1;7;0;0;2;2;9;B01
201800029234;1;7;0;0;1;1;1;A01
201800029235;1;2;0;0;2;1;2;A01
201800029235;1;7;0;0;2;4;2;B01
201800029236;1;7;0;0;2;3;2;A01
201800029236;1;7;0;0;2;3;0;B01
201800029237;0;7;0;0;1;1;1;Z01
201800029238;0;7;0;0;2;4;1;C01
201800029238;0;7;0;0;2;1;2;A01
201800029238;0;7;0;0;2;4;2;B01
201800029239;0;7;0;6;1;1;6;A01
201800029240;1;7;0;1;0;9;2;A01
201800029241;0;7;0;0;1;1;1;A01
201800029242;1;33;0;0;2;2;21;A01
201800029242;1;7;0;0;2;6;20;B01
201800029243;1;7;0;0;2;3;9;A01
201800029243;1;1;0;0;2;7;2;B01
201800029244;1;7;0;0;0;0;0;B01
201800029244;1;2;0;0;2;1;1;A01
201800029245;1;7;0;0;2;1;2;A01
201800029245;1;7;0;0;0;4;2;B01
201800029246;0;7;0;0;2;3;1;B01
201800029246;0;30;0;0;2;1;13;A01
201800029247;1;2;0;0;2;1;2;A01
201800029247;1;7;0;0;2;4;1;B01
201800029248;0;7;0;0;2;8;1;B01
201800029248;0;7;0;0;2;2;19;A01
201800029249;1;7;0;0;2;3;1;A01
201800029249;0;1;0;0;2;1;1;B01
201800029250;1;7;0;0;2;4;1;B01
201800029250;1;31;0;0;2;1;1;A01
201800029251;0;2;0;0;2;4;1;B01
201800029251;0;7;0;0;2;3;9;A01
201800029252;0;7;0;0;1;7;1;A01
201800029253;1;17;0;0;2;3;5;A01
201800029253;2;38;12;0;2;6;1;B01
201800029254;0;7;0;0;2;1;13;B01
201800029254;0;15;0;0;2;3;21;A01
201800029255;2;37;17;0;2;3;1;B01
201800029255;1;31;0;0;2;8;13;A01
201800029256;2;14;0;0;2;3;2;A01
201800029256;2;7;0;0;2;5;17;B01
201800029257;1;7;0;0;2;2;12;B01
201800029257;1;7;0;0;0;6;2;A01
201800029258;1;7;0;13;0;1;13;A01
201800029259;1;10;0;0;2;7;15;A01
201800029259;2;34;0;0;2;1;1;B01
201800029260;2;7;0;5;2;1;1;B01
201800029260;1;7;0;0;2;3;13;A01
201800029260;2;7;0;0;2;6;1;C01
201800029261;2;7;0;0;2;4;2;E01
201800029261;2;7;0;0;2;4;2;B01
201800029261;2;7;0;0;2;4;2;D01
201800029261;2;15;0;0;2;1;1;F01
201800029261;2;10;0;0;2;4;2;A01
201800029261;2;7;0;0;2;4;2;C01
201800029262;2;7;0;0;2;3;1;B01
201800029262;1;7;0;0;2;3;12;A01
201800029263;1;15;0;0;2;2;1;B01
201800029263;1;1;0;0;2;6;2;A01
201800029264;0;7;0;1;1;1;1;A01
201800029265;0;7;0;6;0;1;19;A01
201800029266;0;7;0;0;1;4;4;A01
201800029267;1;7;0;0;2;1;1;B01
201800029267;1;7;0;9;2;7;1;A01
201800029268;0;33;0;1;0;1;1;A01
201800029269;2;34;0;0;2;1;1;B01
201800029269;2;7;0;0;2;4;2;A01
201800029270;0;2;0;16;0;8;1;A01
201800029271;2;7;0;0;2;1;13;B01
201800029271;1;7;0;0;2;2;1;A01
201800029272;0;7;0;2;0;1;1;A01
201800029273;1;33;0;0;2;1;1;B01
201800029273;1;7;0;0;2;4;2;A01
201800029274;1;2;0;0;2;1;17;A01
201800029274;2;7;0;0;2;1;1;B01
201800029275;0;7;0;0;2;1;13;B01
201800029275;0;31;0;0;2;1;1;A01
201800029276;2;7;0;2;0;3;13;A01
201800029277;1;2;0;3;2;7;18;A01
201800029277;1;10;0;0;2;8;1;B01
201800029278;0;1;0;0;2;8;1;B01
201800029278;0;7;0;0;2;7;17;A01
201800029279;1;7;0;14;0;5;14;A01
201800029280;1;7;0;0;2;8;15;A01
201800029280;1;32;0;0;2;1;1;B01
201800029281;0;36;0;13;0;1;1;A01
201800029282;2;7;0;0;2;1;1;B01
201800029282;1;7;0;0;2;3;15;A01
201800029283;1;7;0;6;0;1;1;A01
201800029284;2;15;0;0;0;3;1;A01
201800029284;1;37;38;0;2;3;5;B01
201800029285;0;20;0;16;0;7;15;A01
201800029286;0;7;0;13;0;1;1;A01
201800029287;0;7;0;0;1;1;1;A01
201800029288;1;7;0;1;2;1;1;B01
201800029288;2;7;0;0;2;1;5;A01
201800029289;1;7;0;2;0;1;13;A01
201800029290;1;7;0;0;1;8;1;A01
201800029291;2;10;0;0;2;2;19;A01
201800029291;1;10;0;0;2;2;19;B01
201800029292;1;7;0;13;0;1;1;A01
201800029293;2;34;0;0;2;1;1;A01
201800029293;1;7;0;0;2;2;15;B01
201800029294;1;14;0;1;9;6;24;A01
201800029294;1;14;0;1;2;2;2;B01
201800029295;1;7;0;13;0;1;14;A01
201800029296;0;3;0;8;0;1;14;A01
201800029297;2;33;0;0;1;0;17;A01
201800029298;0;7;0;0;2;1;1;A01
201800029298;0;7;0;0;2;4;1;B01
201800029299;2;7;0;0;2;3;1;B01
201800029299;2;31;0;0;2;5;0;A01
201800029300;1;33;0;6;0;0;14;A01
201800029301;0;37;10;0;1;1;15;A01
201800029302;0;7;0;6;2;2;21;A01
201800029303;2;7;0;0;2;1;1;B01
201800029303;0;7;0;0;2;3;15;A01
201800029304;0;34;0;0;2;8;1;A01
201800029304;0;7;0;0;2;1;15;B01
201800029305;2;1;0;0;2;3;2;B01
201800029305;1;7;0;0;2;3;15;A01
201800029306;1;31;0;0;2;1;1;A01
201800029306;2;7;0;0;2;3;15;B01
201800029307;1;7;0;0;2;5;15;B01
201800029307;1;33;0;0;2;1;17;A01
201800029308;1;7;0;0;1;1;1;A01
201800029309;1;7;0;0;1;3;1;A01
201800029310;2;7;0;0;1;2;1;A01
201800029311;1;2;0;0;2;2;1;B01
201800029311;2;7;0;0;6;6;15;A01
201800029312;1;7;0;0;2;3;19;B01
201800029312;1;33;0;0;2;1;19;A01
201800029313;1;10;0;0;1;2;0;A01
201800029314;1;7;0;0;2;2;1;B01
201800029314;2;7;0;0;2;1;15;A01
201800029315;1;30;0;0;0;0;21;A01
201800029316;1;33;0;0;2;1;2;B01
201800029316;1;7;0;0;2;4;2;A01
201800029317;1;7;0;14;1;1;0;A01
201800029318;2;7;0;0;2;3;1;A01
201800029318;1;99;0;0;2;8;1;B01
201800029319;1;7;0;0;2;1;1;A01
201800029319;2;3;0;0;2;9;13;B01
201800029320;1;7;0;0;1;3;0;A01
201800029321;0;7;0;0;1;2;19;A01
201800029322;0;30;0;0;1;1;9;A01
201800029323;2;7;0;0;2;3;1;B01
201800029323;1;7;0;0;2;1;13;A01
201800029324;1;7;0;0;2;9;2;B01
201800029324;1;7;0;0;2;8;15;A01
201800029325;0;7;0;0;1;2;0;A01
201800029326;2;7;0;0;1;2;1;A01
201800029327;0;7;0;0;2;1;15;A01
201800029327;0;2;0;0;2;1;1;B01
201800029328;0;7;0;0;1;1;1;A01
201800029329;0;7;0;0;9;1;1;A01
201800029330;0;7;0;0;0;8;1;B01
201800029330;0;7;0;0;2;1;1;A01
201800029331;0;7;0;0;2;3;1;B01
201800029331;0;7;0;0;2;1;13;A01
201800029332;1;7;0;0;1;1;1;A01
201800029333;0;2;0;0;2;8;0;B01
201800029333;0;10;0;0;2;7;17;A01
201800029334;1;7;0;0;1;1;1;A01
201800029335;0;33;0;0;2;1;13;A01
201800029335;0;7;0;0;2;1;0;B01
201800029336;0;2;0;0;2;1;1;B01
201800029336;1;7;0;0;2;6;15;A01
201800029337;1;34;0;0;1;1;1;A01
201800029338;1;2;0;0;2;1;1;B01
201800029338;1;7;0;0;2;1;15;A01
201800029339;0;7;0;0;1;1;15;A01
201800029340;0;7;0;0;1;0;1;A01
201800029341;0;7;0;0;2;1;15;A01
201800029341;0;7;0;0;2;1;1;B01
201800029342;1;7;0;0;1;2;1;A01
201800029343;2;7;0;0;2;1;13;A01
201800029343;1;7;0;0;2;1;1;B01
201800029344;2;7;0;0;1;1;1;Z01
201800029345;2;7;0;0;1;1;1;A01
201800029346;1;7;0;0;2;1;1;A01
201800029346;2;7;0;0;2;1;1;B01
201800029347;1;36;0;6;0;1;0;A01
201800029348;1;7;0;0;2;1;2;A01
201800029348;1;7;0;0;2;4;23;C01
201800029348;1;7;0;0;2;4;23;B01
201800029349;1;7;0;0;2;1;1;A01
201800029349;0;1;0;0;2;5;19;B01
201800029350;2;7;0;0;1;4;4;A01
201800029351;2;33;0;0;2;1;1;B01
201800029351;1;7;0;0;2;3;10;A01
201800029352;2;1;0;0;2;1;1;B01
201800029352;1;7;0;0;2;1;1;A01
201800029353;1;7;0;0;1;1;1;A01
201800029354;1;7;0;1;0;1;2;A01
201800029355;2;7;0;9;1;2;14;A01
201800029356;1;7;0;0;2;7;18;A01
201800029356;2;17;0;0;2;1;1;B01
201800029357;2;7;0;0;2;2;14;A01
201800029357;1;1;0;0;2;1;1;B01
201800029358;2;7;0;0;2;3;15;A01
201800029358;1;33;0;0;2;1;1;B01
201800029359;2;1;0;0;2;8;16;B01
201800029359;2;14;0;0;2;7;16;A01
201800029360;1;7;0;0;2;1;5;A01
201800029360;2;30;0;0;2;7;15;B01
201800029361;0;7;0;0;2;1;13;A01
201800029361;0;7;0;0;2;1;1;B01
201800029362;0;10;0;2;0;0;14;A01
201800029363;0;7;0;1;0;1;14;A01