num_acc;senc;catv;occutc;obs;obsm;choc;manv;num_veh
201800029363;0;17;0;0;0;6;0;B01
201800029364;2;7;0;0;2;2;15;A01
201800029364;1;2;0;0;2;0;1;B01
201800029365;2;33;0;0;2;0;21;A01
201800029365;0;15;0;16;0;0;19;C01
201800029365;0;7;0;0;2;1;1;B01
201800029366;1;7;0;0;1;1;16;A01
201800029367;2;7;0;0;1;3;1;A01
201800029368;0;7;0;0;0;9;0;A01
201800029369;2;33;0;0;2;7;1;B01
201800029369;2;7;0;0;2;6;11;A01
201800029370;1;7;0;0;2;1;1;A01
201800029370;2;31;0;0;2;8;1;B01
201800029371;0;33;0;0;0;0;0;A01
201800029372;1;7;0;0;2;1;13;A01
201800029372;2;15;0;0;2;1;1;B01
201800029373;1;7;0;6;0;2;0;A01
201800029374;1;7;0;0;1;6;4;A01
201800029375;2;7;0;0;2;1;17;A01
201800029375;1;33;0;0;2;1;1;B01
201800029376;2;7;0;0;2;1;19;A01
201800029376;2;7;0;0;2;2;0;B01
201800029376;1;7;0;0;2;8;15;C01
201800029377;0;7;0;0;2;2;1;B01
201800029377;0;7;0;0;2;1;15;A01
201800029378;0;7;0;0;1;8;0;A01
201800029379;0;7;0;0;2;7;17;A01
201800029379;0;1;0;0;2;8;1;B01
201800029380;2;7;0;0;2;8;1;A01
201800029380;2;2;0;0;2;1;1;B01
201800029381;1;10;0;0;2;1;1;D01
201800029381;2;7;0;0;2;3;1;A01
201800029381;2;7;0;0;2;2;19;B01
201800029381;2;7;0;0;2;1;23;C01
201800029382;2;33;0;0;2;8;18;A01
201800029382;2;7;0;0;2;7;16;B01
201800029383;0;34;0;2;0;1;21;A01
201800029384;1;2;0;0;2;3;1;B01
201800029384;2;7;0;0;2;2;19;A01
201800029385;1;7;0;0;2;5;13;A01
201800029385;2;7;0;0;2;1;1;B01
201800029386;0;7;0;0;2;3;13;A01
201800029386;0;7;0;0;2;3;1;B01
201800029387;2;7;0;0;2;8;15;B01
201800029387;2;7;0;0;2;1;17;A01
201800029388;2;7;0;0;1;1;1;A01
201800029389;0;7;0;0;1;6;15;A01
201800029390;2;7;0;0;2;8;13;A01
201800029390;1;7;0;0;2;1;1;B01
201800029391;1;7;0;0;2;3;1;C01
201800029391;2;7;0;0;2;3;1;B01
201800029391;1;1;0;0;2;1;19;A01
201800029392;0;7;0;0;2;3;1;B01
201800029392;1;33;0;0;2;1;1;A01
201800029393;2;7;0;6;0;1;13;A01
201800029394;0;7;0;0;1;1;1;A01
201800029395;0;1;0;0;2;8;19;B01
201800029395;1;7;0;0;2;1;1;A01
201800029396;2;7;0;0;1;3;1;A01
201800029397;1;33;0;3;0;7;12;A01
201800029398;0;7;0;0;2;7;21;C01
201800029398;0;7;0;12;2;0;13;A01
201800029398;0;7;0;0;2;2;21;B01
201800029398;0;7;0;0;2;2;21;D01
201800029398;0;7;0;0;2;0;21;E01
201800029399;1;7;0;0;0;0;0;A01
201800029400;1;7;0;0;1;1;1;Z01
201800029401;0;7;0;0;1;3;1;A01
201800029402;0;7;0;2;0;1;13;A01
201800029403;2;7;0;0;1;3;19;A01
201800029404;0;7;0;2;2;5;13;A01
201800029405;2;3;0;9;0;1;15;A01
201800029406;1;7;0;0;2;9;0;A01
201800029406;1;1;0;0;2;9;19;B01
201800029407;0;7;0;0;2;5;1;B01
201800029407;0;7;0;0;2;5;1;A01
201800029408;0;7;0;0;2;2;17;A01
201800029408;0;7;0;0;2;8;16;B01
201800029409;0;7;0;0;2;1;17;B01
201800029409;0;7;0;0;2;1;1;A01
201800029410;0;20;0;0;2;2;15;A01
201800029410;0;30;0;0;2;1;1;B01
201800029411;0;7;0;0;2;6;23;C01
201800029411;0;7;0;0;2;4;23;D01
201800029411;0;7;0;0;2;1;2;A01
201800029411;0;7;0;0;2;1;23;B01
201800029412;1;7;0;0;1;0;1;A01
201800029413;2;7;0;0;1;2;9;A01
201800029414;0;33;0;0;2;1;17;A01
201800029414;0;7;0;0;2;3;10;B01
201800029415;0;31;0;0;2;2;14;A01
201800029415;0;7;0;0;2;2;0;B01
201800029416;1;7;0;0;0;0;0;B01
201800029416;2;7;0;0;2;3;13;A01
201800029417;0;10;0;0;2;3;0;Z01
201800029417;0;30;0;0;2;3;15;B01
201800029418;0;14;0;0;2;3;21;B01
201800029418;0;7;0;0;2;0;13;A01
201800029419;0;10;0;0;2;2;1;B01
201800029419;0;7;0;0;2;3;1;A01
201800029420;1;7;0;15;0;2;1;A01
201800029421;1;10;0;0;1;1;0;A01
201800029422;0;7;0;0;1;3;16;A01
201800029423;2;7;0;0;2;1;9;B01
201800029423;1;7;0;0;2;7;19;A01
201800029424;1;7;0;6;0;1;13;A01
201800029425;2;7;0;0;2;6;15;B01
201800029425;1;31;0;0;2;2;0;A01
201800029426;0;2;0;0;2;7;16;A01
201800029426;0;7;0;0;2;8;16;Z01
201800029427;0;7;0;0;2;1;15;A01
201800029427;0;1;0;0;2;1;15;B01
201800029428;0;7;0;0;2;3;0;A01
201800029428;0;2;0;0;2;7;0;B01
201800029429;0;1;0;0;2;1;19;A01
201800029429;0;7;0;0;6;5;0;B01
201800029430;1;30;0;0;2;1;1;B01
201800029430;1;13;0;0;2;1;15;A01
201800029431;0;20;0;0;2;7;15;B01
201800029431;0;20;0;0;2;1;1;A01
201800029432;1;7;0;0;1;2;1;A01
201800029433;1;7;0;0;2;1;1;A01
201800029433;1;7;0;0;2;1;0;B01
201800029434;1;30;0;1;0;1;1;A01
201800029434;0;37;1;1;0;6;23;B01
201800029435;1;7;0;0;1;0;0;Z01
201800029436;0;7;0;0;1;2;1;Z01
201800029437;2;7;0;0;1;1;0;A01
201800029438;0;7;0;0;2;3;15;A01
201800029438;0;2;0;0;2;1;1;B01
201800029439;0;10;0;0;1;3;1;A01
201800029440;1;7;0;0;1;3;1;A01
201800029441;2;7;0;0;2;3;23;A01
201800029441;1;1;0;0;2;3;15;B01
201800029442;0;10;0;0;2;1;21;B01
201800029442;0;7;0;0;2;1;13;A01
201800029443;1;7;0;0;1;1;0;A01
201800029444;0;7;0;0;2;1;5;B01
201800029444;0;7;0;0;2;1;0;A01
201800029445;1;1;0;0;2;8;15;B01
201800029445;1;33;0;1;2;1;17;A01
201800029446;1;7;0;0;2;1;1;B01
201800029446;2;7;0;0;2;1;13;A01
201800029447;1;7;0;3;0;2;2;A01
201800029447;1;7;0;0;2;2;2;B01
201800029447;1;7;0;0;9;0;23;C01
201800029447;1;7;0;0;2;4;2;D01
201800029447;1;7;0;0;2;1;2;E01
201800029448;1;7;0;0;2;1;1;B01
201800029448;0;7;0;0;2;2;1;A01
201800029449;0;10;0;0;9;1;2;A01
201800029450;0;1;0;0;2;8;1;B01
201800029451;1;10;0;0;2;4;23;B01
201800029451;1;33;0;0;2;0;13;A01
201800029452;1;7;0;0;1;0;1;A01
201800029453;1;7;0;0;1;0;15;Z01
201800029454;1;7;0;0;9;7;17;A01
201800029455;2;31;0;12;0;1;21;A01
201800029456;2;7;0;0;1;1;19;A01
201800029457;0;7;0;13;2;7;1;A01
201800029457;0;7;0;9;2;1;1;B01
201800029458;1;7;0;0;2;4;23;B01
201800029459;1;7;0;0;1;2;19;A01
201800029459;0;99;0;0;2;0;0;R01
201800029460;1;7;0;0;1;2;7;A01
201800029461;0;7;0;1;2;1;1;A01
201800029461;0;7;0;0;2;1;1;B01
201800029462;1;7;0;0;2;1;10;A01
201800029462;1;33;0;0;2;1;0;B01
201800029463;2;7;0;0;1;3;1;A01
201800029464;1;7;0;0;2;1;2;A01
201800029464;1;7;0;0;2;4;2;B01
201800029465;0;1;0;0;1;0;1;Z01
201800029466;0;99;0;0;2;0;0;R01
201800029466;1;7;0;0;2;2;1;A01
201800029467;1;7;0;0;1;1;1;A01
201800029468;1;7;0;0;1;1;1;A01
201800029469;1;7;0;0;1;2;1;A01
201800029470;1;7;0;9;0;1;14;A01
201800029471;2;7;0;8;0;7;1;A01
201800029472;2;7;0;0;2;1;1;B01
201800029472;1;7;0;0;2;8;1;A01
201800029473;1;7;0;0;1;2;1;A01
201800029474;1;7;0;0;2;1;1;A01
201800029474;2;7;0;0;2;7;1;B01
201800029475;2;7;0;0;2;1;1;B01
201800029475;1;34;0;0;2;1;5;A01
201800029476;2;1;0;0;1;7;1;A01
201800029477;0;7;0;15;2;1;1;B01
201800029477;0;7;0;15;2;8;1;A01
201800029478;0;33;0;3;0;1;0;A01
201800029479;2;33;0;0;2;1;1;B01
201800029479;1;7;0;0;2;8;15;A01
201800029480;0;7;0;0;1;1;0;A01
201800029481;1;7;0;0;1;2;21;A01
201800029482;1;99;0;9;0;1;15;A01
201800029482;2;33;0;0;2;8;1;B01
201800029483;0;7;0;0;2;2;17;A01
201800029483;0;7;0;0;2;8;16;B01
201800029484;2;7;0;13;0;0;13;A01
201800029485;1;7;0;0;2;1;15;B01
201800029485;1;30;0;0;2;3;1;A01
201800029486;1;7;0;0;2;2;0;A01
201800029486;0;7;0;0;2;3;1;B01
201800029487;2;7;0;0;2;4;4;A01
201800029487;2;7;0;0;2;1;1;B01
201800029488;1;7;0;0;1;0;0;A01
201800029489;1;7;0;8;1;1;0;Z01
201800029490;0;7;0;0;2;3;1;B01
201800029490;0;7;0;0;2;1;15;A01
201800029491;1;33;0;8;0;1;0;A01
201800029492;0;31;0;0;1;0;0;Z01
201800029493;1;7;0;0;1;2;2;A01
201800029494;2;37;2;0;2;3;1;B01
201800029494;2;7;0;0;2;1;16;A01
201800029495;1;7;0;0;2;7;21;A01
201800029495;1;1;0;0;2;8;1;B01
201800029496;1;7;0;0;2;1;2;Z01
201800029496;1;31;0;0;6;6;2;A01
201800029497;0;30;0;0;2;0;0;A01
201800029497;0;7;0;0;2;0;0;B01
201800029498;0;31;0;0;0;0;13;A01
201800029499;2;33;0;0;0;0;1;B01
201800029499;1;7;0;0;0;1;15;A01
201800029500;1;7;0;8;0;1;14;A01
201800029501;0;7;0;0;1;8;1;A01
201800029502;2;33;0;0;2;1;1;A01
201800029502;1;10;0;0;2;7;14;B01
201800029503;0;7;0;0;2;1;2;B01
201800029503;0;7;0;0;2;1;11;A01
201800029504;0;7;0;0;1;7;2;A01
201800029505;2;7;0;0;2;1;2;B01
201800029505;1;7;0;0;2;1;15;A01
201800029506;1;33;0;0;2;7;16;B01
201800029506;1;32;0;0;2;7;18;A01
201800029507;2;7;0;0;1;2;1;A01
201800029508;2;10;0;1;1;3;21;A01
201800029508;0;10;0;0;0;0;23;B01
201800029509;2;30;0;0;1;1;0;Z01
201800029510;0;30;0;0;2;1;21;A01
201800029510;0;7;0;0;2;1;0;Z01
201800029511;1;7;0;0;2;1;14;Z01
201800029511;1;7;0;0;2;8;2;B01
201800029511;2;7;0;0;2;7;5;C01
201800029512;1;7;0;1;1;1;2;Z01
201800029513;1;2;0;0;2;1;19;A01
201800029513;2;7;0;0;2;3;0;B01
201800029514;1;7;0;12;1;0;16;Z01
201800029515;0;7;0;1;1;1;0;B01
201800029516;0;7;0;0;2;1;2;B01
201800029516;0;7;0;0;2;2;2;A01
201800029517;0;33;0;0;2;1;1;B01
201800029517;0;7;0;0;2;1;9;A01
201800029518;1;7;0;6;0;1;6;A01
201800029519;1;7;0;0;1;1;1;A01
201800029520;1;7;0;0;2;2;13;A01
201800029520;2;7;0;0;2;2;15;B01
201800029521;1;7;0;0;2;3;0;A01
201800029521;2;7;0;0;2;3;1;B01
201800029522;1;1;0;0;2;1;1;B01
201800029522;1;7;0;0;2;2;15;Z01
201800029523;1;33;0;1;2;8;2;B01
201800029523;1;7;0;0;2;7;19;A01
201800029524;0;30;0;0;2;8;15;A01
201800029524;0;7;0;0;2;1;2;B01
201800029525;0;7;0;0;2;1;1;A01
201800029525;0;34;0;0;2;1;15;B01
201800029526;0;7;0;0;0;0;0;B01
201800029526;0;7;0;0;2;0;0;A01
201800029527;2;10;0;0;2;1;15;A01
201800029527;2;7;0;0;2;8;1;B01
201800029528;0;7;0;0;2;3;19;A01
201800029528;0;2;0;0;2;0;0;B01
201800029529;2;33;0;0;2;1;13;A01
201800029529;1;7;0;15;2;1;1;B01
201800029530;0;7;0;0;1;3;0;A01
201800029531;0;31;0;0;2;0;2;B01
201800029531;0;10;0;0;2;3;13;A01
201800029532;0;33;0;0;0;0;0;B01
201800029532;0;7;0;0;2;0;0;A01
201800029533;2;33;0;0;2;1;2;A01
201800029533;2;1;0;1;2;4;1;B01
201800029534;0;7;0;0;0;7;0;A01
201800029534;0;33;0;0;2;1;14;B01
201800029535;0;7;0;0;2;3;15;B01
201800029535;0;33;0;0;2;1;0;A01
201800029536;1;33;0;0;2;1;0;B01
201800029536;2;7;0;0;2;1;19;A01
201800029537;0;1;0;0;2;4;2;B01
201800029537;0;7;0;0;2;6;2;C01
201800029537;0;7;0;0;2;1;2;A01
201800029538;1;7;0;8;0;1;1;A01
201800029539;1;20;0;0;2;1;1;A01
201800029539;0;7;0;0;2;5;0;C01
201800029540;1;7;0;0;1;1;1;A01
201800029541;2;7;0;0;6;1;0;A01
201800029541;0;1;0;0;2;1;19;B01
201800029542;2;33;0;15;0;3;13;A01
201800029542;1;7;0;0;0;3;1;B01
201800029543;1;7;0;0;6;0;19;B01
201800029543;1;7;0;0;2;8;1;A01
201800029544;0;32;0;0;2;1;1;B01
201800029544;0;7;0;0;2;2;15;A01
201800029545;1;7;0;0;1;2;1;A01
201800029546;0;10;0;0;1;1;23;A01
201800029547;1;7;0;0;2;7;1;A01
201800029547;1;32;0;0;2;8;3;B01
201800029548;0;7;0;0;1;2;16;A01
201800029549;0;7;0;0;2;3;0;A01
201800029549;0;7;0;0;2;3;13;Z01
201800029550;0;7;0;0;2;3;6;A01
201800029550;0;7;0;0;2;6;1;B01
201800029551;0;1;0;0;2;3;0;B01
201800029551;0;7;0;0;6;3;9;Z01
201800029552;0;7;0;0;1;3;1;A01
201800029553;2;7;0;0;1;7;16;A01
201800029554;1;1;0;1;2;1;0;C01
201800029554;1;7;0;0;6;1;13;B01
201800029554;0;7;0;0;0;7;15;A01
201800029555;0;1;0;0;2;1;5;B01
201800029555;0;7;0;0;2;1;16;Z01
201800029556;0;33;0;14;0;1;1;A01
201800029557;0;7;0;1;2;5;0;C01
201800029557;0;7;0;1;2;5;0;B01
201800029557;1;7;0;1;1;0;15;A01
201800029558;2;7;0;1;1;8;0;A01
201800029559;1;7;0;0;1;2;1;A01
201800029560;0;7;0;16;0;0;0;Z01
201800029560;1;7;0;14;2;7;19;A01
201800029561;2;7;0;0;6;1;0;A01
201800029561;2;7;0;0;6;4;23;C01
201800029561;2;30;0;14;2;4;2;B01
201800029562;0;7;0;0;1;3;1;A01
201800029563;0;7;0;0;2;1;16;Z01
201800029563;0;1;0;0;2;8;1;B01
201800029564;0;7;0;0;2;7;1;B01
201800029564;0;1;0;0;2;8;1;A01
201800029565;2;7;0;0;2;8;15;A01
201800029565;2;7;0;0;2;2;14;B01
201800029566;1;33;0;0;2;4;11;A01
201800029566;1;7;0;0;2;1;1;Z01
201800029567;1;2;0;0;2;0;1;B01
201800029567;2;7;0;0;2;3;15;A01
201800029568;0;7;0;0;1;1;10;A01
201800029569;1;7;0;0;2;8;9;Z01
201800029569;1;7;0;0;2;5;1;A01
201800029570;2;10;0;0;2;3;13;A01
201800029570;1;30;0;0;2;1;1;B01
201800029571;1;7;0;0;1;4;10;A01
201800029572;1;7;0;6;0;1;0;A01
201800029573;1;7;0;0;2;1;15;A01
201800029573;2;2;0;0;2;1;1;B01
201800029574;1;7;0;0;2;1;1;A01
201800029574;1;7;0;15;2;7;1;B01
201800029575;0;2;0;0;2;8;0;B01
201800029575;0;7;0;0;2;2;0;A01
201800029576;0;7;0;0;1;2;0;Z01
201800029577;0;7;0;8;0;1;1;A01
201800029578;2;7;0;0;1;1;1;A01
201800029579;0;7;0;0;2;6;19;A01
201800029579;2;33;0;0;2;1;1;B01
201800029580;0;7;0;0;1;3;1;A01
201800029581;2;32;0;0;2;1;17;A01
201800029581;2;10;0;0;2;3;15;B01
201800029581;1;7;0;0;2;1;15;C01
201800029582;0;10;0;0;1;1;2;A01
201800029583;0;7;0;0;2;1;1;A01
201800029583;0;7;0;0;2;8;0;B01
201800029584;1;99;0;0;2;7;19;A01
201800029584;1;7;0;0;2;1;0;B01
201800029585;1;7;0;0;0;5;0;C01
201800029585;1;7;0;1;0;6;23;B01
201800029585;1;7;0;1;0;1;2;A01
201800029586;0;33;0;0;2;3;1;C01
201800029586;0;7;0;0;2;1;17;A01
201800029586;0;33;0;0;2;1;1;B01
201800029587;2;7;0;0;1;1;1;A01
201800029588;2;7;0;8;2;7;1;B01
201800029588;0;7;0;0;2;1;0;A01
201800029589;1;7;0;0;1;2;17;A01
201800029590;1;33;0;9;2;3;15;A01
201800029590;1;7;0;0;2;2;17;B01
201800029591;1;1;0;0;2;8;0;A01
201800029591;1;7;0;0;2;7;2;Z01
201800029592;2;30;0;0;2;3;7;A01
201800029592;1;7;0;0;2;0;11;B01
201800029593;2;7;0;0;2;3;0;B01
201800029593;1;7;0;0;2;0;17;A01
201800029594;2;7;0;1;2;3;13;A01
201800029594;2;7;0;12;0;6;0;B01
201800029595;0;7;0;0;2;1;2;A01
201800029595;0;7;0;0;0;4;23;B01
201800029596;2;7;0;0;2;3;15;A01
201800029596;2;37;5;0;2;1;7;B01
201800029597;0;10;0;0;2;1;15;A01
201800029597;0;30;0;0;0;1;1;B01
201800029598;0;1;0;0;2;3;19;B01
201800029598;0;10;0;0;6;2;9;A01
201800029599;0;1;0;1;0;8;0;B01
201800029599;0;7;0;0;2;0;13;A01
201800029600;0;7;0;0;1;0;0;A01
201800029601;1;33;0;0;2;1;17;A01
201800029601;0;99;0;0;2;0;9;Y01
201800029602;2;7;0;0;1;1;1;A01
201800029603;1;7;0;0;1;1;16;A01
201800029604;0;7;0;0;2;7;1;C01
201800029604;0;10;0;0;2;1;16;A01
201800029604;0;7;0;0;2;7;1;B01
201800029605;2;33;0;0;2;1;0;A01
201800029605;0;30;0;0;6;8;19;B01
201800029606;1;7;0;0;2;1;19;Z01
201800029606;2;7;0;0;2;6;15;B01
201800029607;1;99;0;0;0;0;0;B01
201800029607;0;7;0;0;0;6;15;A01
201800029608;2;7;0;0;2;0;0;B01
201800029608;2;32;0;0;2;2;19;A01
201800029609;1;7;0;0;1;1;10;A01
201800029609;1;33;0;0;2;1;0;B01
201800029610;0;7;0;0;2;7;0;B01
201800029610;1;7;0;1;0;1;0;A01
201800029611;0;10;0;1;1;1;2;A01
201800029612;0;1;0;0;6;5;19;B01
201800029612;0;7;0;0;2;5;9;A01
201800029613;1;32;0;14;1;1;21;Z01
201800029614;1;7;0;0;1;1;2;A01
201800029615;0;30;0;0;2;1;1;B01
201800029615;0;7;0;0;2;2;15;A01
201800029616;0;30;0;0;2;0;2;B01
201800029616;0;7;0;0;2;5;16;A01
201800029617;1;1;0;0;2;1;13;B01
201800029617;2;7;0;0;2;3;15;A01
201800029618;0;7;0;0;1;1;1;A01
201800029619;0;7;0;0;2;3;15;B01
201800029619;0;7;0;0;2;1;1;A01
201800029620;2;7;0;0;2;3;1;B01
201800029620;2;7;0;1;2;2;1;A01
201800029621;0;1;0;0;2;0;0;B01
201800029621;0;37;1;0;2;6;14;A01
201800029622;2;7;0;0;2;0;19;Z01
201800029622;1;32;0;0;2;1;1;B01
201800029623;1;7;0;0;1;2;1;A01
201800029624;0;7;0;0;1;0;0;A01
201800029625;0;7;0;0;2;1;1;B01
201800029625;0;7;0;0;2;8;2;A01
201800029626;1;7;0;0;1;1;1;A01
201800029627;0;7;0;0;6;0;1;A01
201800029627;0;1;0;0;2;3;15;B01
201800029628;1;7;0;0;1;1;1;A01
201800029629;2;7;0;;2;2;1;Z01
201800029629;2;7;0;0;2;3;1;B01
201800029630;2;33;0;3;0;9;1;A01
201800029631;2;7;0;0;2;3;15;A01
201800029631;1;1;0;0;2;1;1;B01
201800029632;0;7;0;0;1;3;0;A01
201800029633;0;7;0;0;2;6;1;A01
201800029633;0;7;0;0;2;0;0;Z01
201800029634;0;99;0;0;1;0;0;Z01
201800029635;2;37;1;0;1;2;9;A01
201800029636;1;10;0;0;1;2;1;A01
201800029637;2;7;0;0;0;0;9;Z01
201800029637;2;2;0;0;2;1;21;B01
201800029638;2;10;0;0;1;1;15;A01
201800029639;0;7;0;1;1;3;24;A01
201800029640;1;99;0;0;1;0;1;Z01
201800029641;0;7;0;0;2;5;0;B01
201800029641;0;7;0;0;2;3;9;A01
201800029642;0;7;0;0;2;1;15;A01
201800029642;1;2;0;0;2;1;1;B01
201800029643;0;7;0;0;1;3;16;A01
201800029644;0;7;0;0;2;0;10;B01
201800029644;0;7;0;0;2;1;0;A01
201800029645;0;7;0;1;1;1;1;A01
201800029645;1;7;0;0;2;3;9;B01
201800029646;2;10;0;0;1;1;1;A01
201800029647;0;1;0;0;2;1;1;B01
201800029647;0;7;0;0;6;0;15;A01
201800029648;0;7;0;0;2;2;15;A01
201800029648;0;1;0;0;2;1;1;B01
201800029649;1;7;0;0;6;2;17;A01
201800029649;1;1;0;0;2;8;19;B01
201800029650;0;7;0;0;2;1;1;B01
201800029650;0;7;0;0;2;8;1;A01
201800029651;1;7;0;0;2;2;15;B01
201800029651;1;99;0;0;2;3;1;A01
201800029652;2;33;0;8;0;1;1;A01
201800029653;2;7;0;16;0;8;10;A01
201800029653;2;2;0;0;2;7;21;B01
201800029654;1;7;0;16;0;1;1;A01
201800029655;1;7;0;6;0;2;0;A01
201800029656;0;7;0;0;2;8;15;A01
201800029656;2;33;0;0;2;1;1;B01
201800029657;2;7;0;0;2;2;0;A01
201800029657;1;10;0;0;0;5;23;B01
201800029657;1;7;0;0;2;1;0;C01
201800029657;1;7;0;0;2;1;0;D01
201800029658;2;14;0;0;1;3;1;A01
201800029659;2;7;0;0;1;3;2;A01
201800029660;2;7;0;0;1;1;1;A01
201800029661;1;7;0;0;2;3;15;A01
201800029661;2;34;0;0;2;1;1;B01
201800029662;1;7;0;0;1;6;16;A01
201800029663;1;7;0;0;1;2;0;A01
201800029664;1;7;0;0;2;4;23;A01
201800029664;1;10;0;14;0;1;21;B01
201800029665;1;31;0;0;2;1;1;A01
201800029665;1;7;0;0;2;3;9;B01
201800029666;1;37;0;0;2;7;0;A01
201800029666;1;99;0;0;2;0;0;R01
201800029667;1;7;0;0;2;1;1;C01
201800029667;1;7;0;0;2;3;1;B01
201800029667;2;7;0;14;2;9;19;A01
201800029668;1;7;0;9;2;1;1;A01
201800029668;2;7;0;0;2;2;10;B01
201800029669;1;7;0;0;1;1;16;A01
201800029670;1;7;0;0;1;3;1;A01
201800029671;2;30;0;0;2;1;1;A01
201800029671;2;7;0;0;2;3;16;B01
201800029672;0;7;0;0;2;2;15;A01
201800029672;1;7;0;0;2;1;1;B01
201800029673;1;7;0;6;2;2;2;B01
201800029673;0;7;0;0;2;1;19;A01
201800029674;1;7;0;0;2;1;9;A01
201800029674;1;7;0;0;2;3;1;B01
201800029675;1;7;0;0;1;1;0;A01
201800029676;0;7;0;0;2;4;2;B01
201800029676;0;7;0;8;2;1;1;A01
201800029677;1;7;0;0;2;2;15;A01
201800029677;2;1;0;0;2;1;1;B01
201800029678;2;7;0;0;2;1;1;B01
201800029678;2;7;0;0;2;5;1;A01
201800029679;2;10;0;8;0;1;15;A01
201800029680;0;7;0;0;1;2;1;A01
201800029681;1;7;0;0;2;1;1;B01
201800029681;2;10;0;0;2;8;1;A01
201800029682;1;20;0;0;2;1;0;A01
201800029682;2;99;0;0;2;1;2;B01
201800029683;2;20;0;0;1;1;1;A01
201800029684;2;7;0;0;1;1;16;A01
201800029685;1;10;0;0;1;2;0;A01
201800029686;2;37;20;0;2;5;17;A01
201800029686;2;1;0;0;2;8;1;B01
201800029687;1;7;0;1;0;2;0;A01
201800029688;1;33;0;0;2;1;1;B01
201800029688;1;10;0;0;2;2;1;A01
201800029689;0;7;0;0;2;2;10;A01
201800029689;0;33;0;0;2;1;1;B01
201800029690;0;7;0;0;2;1;15;A01
201800029690;0;32;0;0;2;1;1;B01
201800029691;2;7;0;0;2;2;1;B01
201800029691;1;7;0;0;2;7;15;A01
201800029692;0;7;0;0;2;1;1;B01
201800029692;0;7;0;0;2;8;1;A01
201800029693;0;1;0;0;2;8;2;B01
201800029693;0;15;0;0;2;2;16;A01
201800029694;2;10;0;0;2;1;15;A01
201800029694;1;3;0;0;2;1;1;B01
201800029695;1;7;0;0;1;1;1;A01
201800029696;1;33;0;0;2;1;1;B01
201800029696;1;7;0;0;2;6;15;A01
201800029697;1;7;0;0;1;2;0;Z01
201800029698;1;34;0;0;2;1;1;B01
201800029698;1;34;0;0;2;3;1;A01
201800029699;1;7;0;0;1;7;1;A01
201800029700;0;7;0;0;2;7;15;A01
201800029700;0;30;0;0;2;1;1;B01
201800029701;1;7;0;1;2;3;22;A01
201800029701;1;1;0;1;0;1;1;B01
201800029701;2;7;0;0;2;1;1;C01
201800029702;2;20;0;0;2;1;1;B01
201800029702;1;20;0;0;2;2;15;A01
201800029703;1;7;0;6;1;2;16;A01
201800029704;1;7;0;0;1;1;1;A01
201800029705;2;20;0;0;2;7;21;A01
201800029705;2;99;0;0;2;1;19;B01
201800029706;1;7;0;0;2;3;13;A01
201800029706;2;7;0;0;2;3;21;B01
201800029707;1;7;0;6;0;1;6;A01
201800029708;0;7;0;0;2;8;1;B01
201800029708;0;7;0;0;2;1;1;C01
201800029708;0;7;0;0;2;3;13;A01
201800029709;1;33;0;0;2;3;1;B01
201800029709;2;7;0;0;2;8;15;A01
201800029709;1;7;0;0;2;3;23;C01
201800029710;0;7;0;1;2;3;21;A01
201800029711;2;7;0;0;1;4;0;X01
201800029712;1;10;0;1;1;1;1;A01
201800029713;2;7;0;0;2;8;15;B01
201800029713;2;7;0;0;2;1;1;A01
201800029714;1;7;0;1;0;2;14;A01
201800029715;2;7;0;0;2;1;1;A01
201800029715;2;7;0;0;2;8;1;B01
201800029716;1;7;0;0;1;1;1;A01
201800029717;0;99;0;0;2;1;0;X01
201800029717;0;1;0;0;2;4;19;A01
201800029718;2;7;0;0;1;1;1;A01
201800029719;2;34;0;0;2;1;2;A01
201800029719;2;10;0;0;2;4;23;B01
201800029720;0;7;0;0;1;1;1;A01
201800029721;1;7;0;0;1;2;1;A01
201800029722;1;7;0;0;1;2;17;A01
201800029723;1;7;0;0;1;1;0;A01
201800029724;0;7;0;0;1;5;24;A01
201800029725;1;33;0;0;2;1;1;A01
201800029725;0;7;0;0;2;1;15;B01
201800029726;1;7;0;0;1;1;1;Z01
201800029727;2;7;0;15;0;1;13;A01
201800029728;2;7;0;0;2;1;19;B01
201800029728;0;2;0;0;2;7;0;A01
201800029729;0;7;0;0;2;2;0;B01
201800029729;0;7;0;0;2;1;0;A01
201800029730;1;99;0;0;6;0;0;X01
201800029730;1;1;0;0;2;2;0;Y01
201800029731;2;7;0;0;1;2;1;A01
201800029732;1;10;0;0;1;2;1;A01
201800029733;2;7;0;0;2;1;1;B01
201800029733;1;7;0;0;2;6;0;A01
201800029734;1;7;0;0;1;2;0;A01
201800029735;2;20;0;0;2;3;16;A01
201800029735;2;30;0;0;2;1;1;B01
201800029736;0;7;0;0;2;8;19;B01
201800029736;0;7;0;0;2;1;19;A01
201800029737;1;7;0;0;1;1;1;A01
201800029738;2;7;0;0;2;3;9;A01
201800029738;2;7;0;0;2;1;1;B01
201800029739;2;7;0;0;1;1;1;A01
201800029740;1;30;0;0;2;8;19;A01
201800029740;2;7;0;0;0;2;0;B01
201800029741;0;20;0;0;1;1;9;A01
201800029742;0;7;0;0;1;1;15;A01
201800029743;1;7;0;0;2;1;1;B01
201800029743;2;34;0;0;2;1;13;A01
201800029744;2;7;0;0;2;2;15;A01
201800029744;1;32;0;0;2;7;1;B01
201800029745;0;7;0;0;2;1;1;C01