num_acc;senc;catv;occutc;obs;obsm;choc;manv;num_veh
201800029745;0;33;0;0;2;1;1;B01
201800029745;0;7;0;0;2;3;15;A01
201800029746;0;3;0;0;2;1;0;A01
201800029746;0;7;0;0;2;3;1;B01
201800029747;2;7;0;0;1;1;1;A01
201800029748;1;7;0;1;0;1;1;A01
201800029749;1;7;0;0;1;1;1;A01
201800029750;2;7;0;0;2;1;2;B01
201800029750;2;7;0;0;2;4;23;A01
201800029751;1;31;0;0;1;1;1;A01
201800029752;2;30;0;0;2;6;8;A01
201800029752;1;7;0;0;2;2;15;B01
201800029753;2;7;0;0;1;1;1;A01
201800029754;1;7;0;0;2;4;1;B01
201800029754;1;7;0;0;2;1;1;A01
201800029755;1;7;0;2;0;8;1;A01
201800029756;2;2;0;0;2;6;19;B01
201800029756;1;7;0;0;2;3;15;A01
201800029757;0;7;0;0;2;3;0;B01
201800029757;2;30;0;0;2;7;1;A01
201800029758;2;7;0;0;2;2;1;A01
201800029758;1;1;0;0;2;1;1;B01
201800029759;2;7;0;0;2;2;15;A01
201800029759;1;33;0;0;2;1;1;B01
201800029760;1;7;0;0;2;7;1;A01
201800029760;2;7;0;0;2;1;19;B01
201800029761;2;7;0;0;1;1;1;A01
201800029762;1;7;0;0;1;1;1;A01
201800029763;1;7;0;1;0;2;14;A01
201800029764;2;7;0;0;1;1;1;A01
201800029765;1;7;0;0;2;6;1;B01
201800029765;1;7;0;0;2;1;0;C01
201800029765;1;7;0;1;2;1;13;A01
201800029766;1;99;0;0;1;0;0;A01
201800029767;1;7;0;0;2;2;10;A01
201800029767;2;99;0;0;2;1;1;B01
201800029768;1;7;0;0;2;1;15;A01
201800029768;2;2;0;0;2;1;1;B01
201800029769;2;99;0;9;0;1;1;A01
201800029770;0;7;0;0;6;7;0;A01
201800029770;0;1;0;0;2;8;1;B01
201800029771;0;7;0;0;6;6;5;B01
201800029771;0;7;0;0;2;2;5;A01
201800029772;2;7;0;0;1;1;1;A01
201800029773;0;1;0;0;1;0;1;Z01
201800029774;2;1;0;0;1;1;1;A01
201800029775;0;7;0;0;1;1;1;A01
201800029776;2;7;0;0;2;3;15;A01
201800029776;1;2;0;0;2;8;1;B01
201800029777;2;33;0;0;2;1;1;B01
201800029777;2;10;0;0;2;2;15;A01
201800029778;1;36;0;0;0;0;0;B01
201800029778;0;7;0;0;2;2;0;A01
201800029779;1;7;0;0;1;2;1;Z01
201800029780;1;7;0;0;2;3;23;A01
201800029780;1;7;0;1;1;1;17;Z01
201800029781;2;2;0;0;2;1;1;B01
201800029781;1;7;0;0;2;3;15;A01
201800029782;1;33;0;0;2;2;15;B01
201800029782;2;7;0;0;2;1;19;A01
201800029783;1;7;0;0;1;3;1;A01
201800029784;0;7;0;0;2;3;15;A01
201800029784;0;33;0;0;2;1;1;B01
201800029785;1;7;0;0;2;3;15;A01
201800029785;1;33;0;0;2;1;1;B01
201800029786;1;7;0;;1;;;A01
201800029787;2;33;0;0;2;4;1;B01
201800029787;2;7;0;0;2;1;1;A01
201800029788;1;30;0;;;;;A01
201800029788;1;7;0;;;;;B01
201800029789;2;7;0;0;1;1;1;A01
201800029790;2;7;0;0;1;1;1;A01
201800029791;2;30;0;0;2;1;0;B01
201800029791;2;7;0;0;2;3;9;A01
201800029792;2;7;0;0;1;1;1;A01
201800029793;0;7;0;0;1;1;15;A01
201800029794;0;7;0;0;2;1;16;A01
201800029794;0;1;0;0;2;8;19;B01
201800029795;0;10;0;0;1;2;1;A01
201800029796;0;7;0;15;0;9;21;A01
201800029797;2;7;0;0;2;1;2;A01
201800029797;2;7;0;0;0;0;0;B01
201800029798;0;7;0;0;2;1;9;A01
201800029798;0;30;0;0;2;8;1;B01
201800029799;0;30;0;0;2;1;23;A01
201800029799;0;7;0;0;2;4;23;B01
201800029800;0;7;0;15;0;2;14;A01
201800029801;0;7;0;0;1;2;2;A01
201800029802;2;7;0;1;0;2;21;A01
201800029803;2;7;0;0;1;8;15;A01
201800029804;0;7;0;0;2;3;1;A01
201800029804;0;7;0;0;2;0;0;B01
201800029805;2;7;0;0;1;3;19;A01
201800029806;0;7;0;0;1;1;15;A01
201800029807;0;7;0;0;0;0;4;C01
201800029807;0;7;0;0;0;8;1;B01
201800029807;0;33;0;0;2;8;21;A01
201800029808;0;7;0;0;2;1;1;B01
201800029808;0;7;0;0;2;1;13;A01
201800029809;1;7;0;0;1;3;15;A01
201800029810;0;7;0;0;2;2;15;B01
201800029810;1;31;0;0;2;2;0;A01
201800029811;1;10;0;0;2;1;9;A01
201800029811;1;1;0;;;8;2;B02
201800029812;0;7;0;0;1;0;1;A01
201800029813;1;7;0;0;1;1;0;A01
201800029814;0;7;0;0;1;1;1;A01
201800029815;0;7;0;0;1;1;1;A01
201800029816;0;33;0;0;2;1;5;A01
201800029816;0;7;0;0;2;1;1;B01
201800029817;1;33;0;0;2;1;21;A01
201800029817;2;33;0;0;2;1;1;B01
201800029818;1;3;0;0;1;1;1;A01
201800029819;1;7;0;0;1;1;1;A01
201800029820;1;99;0;0;2;1;5;A01
201800029820;2;10;0;0;2;1;1;B01
201800029821;0;7;0;0;1;1;1;A01
201800029822;1;7;0;0;1;7;15;A01
201800029823;1;7;0;0;1;3;1;A01
201800029824;1;7;0;0;1;1;1;Z01
201800029825;1;2;0;0;2;8;1;A01
201800029825;1;1;0;0;2;1;1;Y01
201800029826;1;7;0;0;2;1;1;A01
201800029826;2;7;0;0;2;8;1;B01
201800029827;1;3;0;0;1;2;1;A01
201800029828;0;32;0;0;2;1;13;A01
201800029828;0;7;0;0;2;3;1;B01
201800029829;1;7;0;0;1;1;1;A01
201800029830;0;1;0;0;0;7;1;A01
201800029831;0;7;0;0;1;1;1;A01
201800029832;0;30;0;0;2;1;16;B01
201800029832;0;7;0;0;2;3;15;A01
201800029833;1;10;0;0;1;1;1;Z01
201800029834;2;7;0;1;1;2;2;A01
201800029834;1;7;0;0;2;1;24;C01
201800029835;0;7;0;0;2;1;2;A01
201800029835;0;7;0;0;2;3;15;B01
201800029836;1;30;0;0;1;1;1;A01
201800029837;1;7;0;0;2;8;10;A01
201800029837;1;2;0;0;2;1;1;B01
201800029838;1;1;0;0;2;1;5;B01
201800029838;1;7;0;0;2;3;15;A01
201800029839;0;7;0;1;1;7;15;A01
201800029839;0;7;0;0;2;2;0;B01
201800029840;1;7;0;0;2;3;0;B01
201800029840;1;31;0;0;2;1;1;A01
201800029841;1;7;0;0;2;3;15;A01
201800029841;2;31;0;0;2;1;1;B01
201800029842;0;7;0;0;1;1;15;A01
201800029843;0;7;0;0;2;1;9;A01
201800029843;0;33;0;0;2;7;1;B01
201800029844;1;30;0;0;1;1;1;Z01
201800029845;1;7;0;0;1;2;1;Z01
201800029846;0;10;0;14;0;9;1;A01
201800029847;0;10;0;0;1;1;2;A01
201800029848;0;1;0;0;2;5;1;B01
201800029848;0;7;0;0;6;1;16;A01
201800029849;0;1;0;0;2;0;19;B01
201800029849;0;7;0;0;6;1;16;A01
201800029850;0;7;0;0;2;5;16;A01
201800029850;0;1;0;0;2;1;2;B01
201800029851;0;7;0;0;1;1;16;A01
201800029852;0;31;0;0;2;7;19;A01
201800029852;0;7;0;0;2;1;1;B01
201800029853;0;7;0;0;1;1;1;Z01
201800029854;1;7;0;0;1;1;1;Z01
201800029855;1;7;0;0;2;1;2;A01
201800029855;1;30;0;0;2;6;2;B01
201800029856;1;30;0;0;2;1;1;B01
201800029856;1;7;0;0;2;3;9;A01
201800029857;0;7;0;0;2;1;0;Z01
201800029857;0;7;0;0;2;4;1;B01
201800029858;0;2;0;0;2;1;15;A01
201800029858;0;7;0;0;2;1;1;B01
201800029859;0;7;0;0;2;8;10;A01
201800029859;0;33;0;0;2;1;2;B01
201800029860;0;1;0;1;0;1;1;B01
201800029860;0;7;0;0;2;8;22;A01
201800029861;0;7;0;0;1;3;15;A01
201800029862;0;7;0;0;1;1;1;A01
201800029863;0;7;0;0;1;2;1;A01
201800029864;1;7;0;1;1;5;4;A01
201800029865;0;1;0;0;2;1;19;B01
201800029865;0;7;0;0;2;2;1;A01
201800029866;0;33;0;0;1;1;1;A01
201800029867;1;7;0;0;1;2;1;Z01
201800029868;2;7;0;0;2;3;1;B01
201800029868;1;3;0;0;2;1;15;A01
201800029869;1;7;0;12;1;9;13;A01
201800029869;0;7;0;15;2;6;2;B01
201800029870;1;7;0;0;2;3;15;A01
201800029870;1;7;0;0;2;6;9;B01
201800029871;1;7;0;0;2;4;2;B01
201800029871;1;7;0;0;2;1;2;A01
201800029872;0;7;0;2;0;1;1;A01
201800029873;2;32;0;0;2;3;16;B01
201800029873;1;32;0;0;2;7;1;A01
201800029874;1;7;0;0;1;2;21;A01
201800029875;1;7;0;5;2;1;13;A01
201800029875;2;38;1;0;2;1;13;B01
201800029876;2;7;0;6;0;1;1;A01
201800029877;1;33;0;0;2;1;1;B01
201800029877;2;7;0;0;0;8;19;A01
201800029878;1;7;0;0;2;2;15;A01
201800029878;2;33;0;0;2;1;1;B01
201800029879;1;32;0;6;0;3;16;A01
201800029880;1;7;0;6;0;1;1;A01
201800029881;2;33;0;13;0;1;1;B01
201800029881;1;7;0;0;0;1;15;A01
201800029882;2;2;0;0;2;1;2;B01
201800029882;1;7;0;0;2;5;15;A01
201800029883;1;7;0;15;0;7;0;B01
201800029883;0;7;0;0;2;1;0;A01
201800029884;2;7;0;12;0;7;17;A01
201800029885;1;7;0;0;1;3;1;A01
201800029886;2;1;0;0;2;8;1;B01
201800029886;1;7;0;0;2;1;15;A01
201800029887;1;33;0;0;2;1;1;B01
201800029887;2;7;0;0;2;5;15;A01
201800029888;0;99;0;13;0;1;16;A01
201800029889;1;7;0;6;0;1;1;A01
201800029890;2;7;0;0;0;5;15;B01
201800029890;1;2;0;0;2;1;1;A01
201800029891;1;2;0;0;2;1;1;A01
201800029891;2;7;0;0;0;6;15;B01
201800029892;2;10;0;0;0;8;1;B01
201800029892;1;33;0;0;2;8;17;A01
201800029893;1;1;0;0;2;2;1;B01
201800029893;1;7;0;0;2;3;16;A01
201800029894;0;1;0;0;0;9;21;A01
201800029895;2;1;0;0;0;9;1;A01
201800029896;1;7;0;0;0;4;1;A01
201800029896;1;7;0;0;2;4;1;B01
201800029896;2;7;0;0;2;1;1;H01
201800029896;1;7;0;0;2;1;1;D01
201800029896;1;7;0;0;2;1;1;E01
201800029896;1;7;0;0;2;2;2;F01
201800029896;1;7;0;0;2;1;1;G01
201800029896;1;7;0;0;2;4;1;C01
201800029897;2;33;0;0;0;9;15;A01
201800029898;1;7;0;0;0;7;15;A01
201800029898;2;1;0;0;2;1;1;B01
201800029899;1;7;0;2;0;2;1;A01
201800029900;1;7;0;0;0;4;23;B01
201800029900;1;33;0;0;2;7;1;A01
201800029901;1;7;0;0;0;9;1;A01
201800029902;2;7;0;0;2;1;17;B01
201800029902;1;7;0;0;2;1;5;A01
201800029903;1;7;0;0;2;1;1;B01
201800029903;2;7;0;0;2;6;15;C01
201800029903;2;2;0;0;2;1;17;A01
201800029904;2;1;0;0;2;4;1;B01
201800029904;2;7;0;0;0;1;1;A01
201800029905;2;7;0;16;0;4;16;A01
201800029905;2;7;0;0;2;1;0;B01
201800029906;2;2;0;0;2;1;1;A01
201800029906;1;7;0;0;2;3;15;B01
201800029907;0;7;0;7;0;3;1;A01
201800029908;0;10;0;0;0;0;0;A01
201800029909;1;7;0;0;2;3;13;A01
201800029909;2;14;0;0;2;3;1;B01
201800029910;2;33;0;0;2;1;1;B01
201800029910;1;7;0;0;2;3;15;A01
201800029911;1;31;0;0;2;1;13;A01
201800029911;2;7;0;0;2;3;1;B01
201800029912;2;7;0;6;0;2;1;A01
201800029913;2;10;0;8;2;1;13;A01
201800029913;1;15;0;0;2;1;1;B01
201800029914;2;10;0;0;2;2;1;B01
201800029914;1;7;0;0;2;1;15;A01
201800029915;2;7;0;14;0;8;1;A01
201800029916;1;7;0;2;0;3;1;A01
201800029917;1;7;0;3;0;2;1;A01
201800029918;2;33;0;0;2;1;2;A01
201800029918;2;33;0;0;0;4;23;B01
201800029919;1;1;0;0;2;1;15;A01
201800029919;2;7;0;0;0;1;1;B01
201800029920;1;33;0;0;0;0;1;A01
201800029921;0;7;0;0;2;3;15;A01
201800029921;0;33;0;0;2;7;17;B01
201800029922;1;7;0;0;2;1;15;A01
201800029922;2;2;0;0;2;1;1;B01
201800029923;0;7;0;0;2;2;21;A01
201800029923;0;1;0;0;2;8;13;B01
201800029924;2;7;0;0;0;8;1;A01
201800029924;1;15;0;0;2;1;1;B01
201800029925;0;2;0;0;2;1;17;B01
201800029925;0;7;0;0;0;4;1;A01
201800029926;1;7;0;0;2;3;1;B01
201800029926;0;7;0;0;2;3;10;A01
201800029927;0;1;0;0;0;0;1;A01
201800029928;0;7;0;0;9;6;2;A01
201800029928;0;1;0;0;2;6;2;B01
201800029929;0;7;0;0;2;3;23;C01
201800029929;2;1;0;0;2;8;1;A01
201800029929;1;7;0;0;2;3;11;B01
201800029930;0;7;0;0;2;2;1;B01
201800029930;0;1;0;0;2;1;1;A01
201800029931;0;7;0;0;2;2;1;B01
201800029931;0;2;0;0;2;1;1;A01
201800029932;2;7;0;0;9;2;2;A01
201800029932;2;99;0;0;0;6;2;B01
201800029933;2;10;0;0;2;3;1;B01
201800029933;1;7;0;0;2;3;13;A01
201800029934;2;7;0;6;0;2;1;A01
201800029935;1;7;0;0;2;3;5;D01
201800029935;2;7;0;0;2;9;13;C01
201800029935;2;7;0;0;2;6;2;A01
201800029935;2;7;0;0;0;0;2;B01
201800029936;0;7;0;0;1;3;19;A01
201800029937;1;1;0;0;2;8;0;B01
201800029937;1;7;0;0;2;2;1;A01
201800029938;1;7;0;0;2;3;17;A01
201800029938;2;7;0;0;2;3;1;B01
201800029939;0;7;0;0;2;1;13;A01
201800029939;0;7;0;0;2;1;1;B01
201800029940;1;7;0;0;0;2;1;A01
201800029941;0;31;0;0;2;1;21;A01
201800029941;0;7;0;0;2;2;15;B01
201800029942;1;7;0;8;0;2;1;A01
201800029943;0;7;0;6;0;7;1;A01
201800029944;1;7;0;6;2;1;1;A01
201800029944;2;7;0;0;2;3;15;B01
201800029945;2;7;0;0;1;0;1;Z01
201800029946;1;7;0;0;1;1;15;A01
201800029947;2;7;0;0;2;1;19;B01
201800029947;1;7;0;7;2;8;1;A01
201800029948;2;7;0;0;2;1;5;A01
201800029948;2;7;0;0;2;1;1;B01
201800029949;2;7;0;0;1;0;1;Z01
201800029950;2;7;0;2;0;9;1;A01
201800029951;2;7;0;0;2;1;1;B01
201800029951;1;7;0;1;2;8;1;A01
201800029952;1;7;0;0;2;8;15;A01
201800029952;1;33;0;0;2;8;16;B01
201800029953;2;7;0;8;0;1;1;A01
201800029954;1;31;0;0;2;1;1;A01
201800029954;2;7;0;0;2;7;15;B01
201800029955;1;7;0;0;1;3;1;A01
201800029956;2;7;0;0;2;0;0;A01
201800029956;0;1;0;0;2;0;0;B01
201800029957;0;99;0;0;1;4;4;A01
201800029958;2;7;0;0;2;3;15;A01
201800029958;1;33;0;0;2;1;3;B01
201800029959;1;1;0;0;2;0;0;B01
201800029959;1;7;0;0;2;3;12;A01
201800029960;1;7;0;0;2;1;13;A01
201800029960;2;31;0;0;2;1;1;B01
201800029961;2;7;0;0;1;1;1;A01
201800029962;2;7;0;0;2;1;15;B01
201800029962;2;7;0;0;2;4;1;A01
201800029963;0;37;10;0;2;7;0;B01
201800029963;0;7;0;0;2;3;9;A01
201800029964;1;7;0;0;1;1;1;A01
201800029965;2;3;0;0;2;1;1;E01
201800029965;2;7;0;0;2;1;1;D01
201800029965;2;7;0;0;2;1;1;C01
201800029965;2;7;0;0;2;1;1;B01
201800029965;2;10;0;0;2;1;1;A01
201800029966;1;7;0;0;2;1;13;B01
201800029966;2;7;0;0;2;1;1;A01
201800029967;2;33;0;0;2;1;2;A01
201800029967;2;7;0;0;2;4;2;B01
201800029968;2;7;0;0;1;2;2;A01
201800029969;1;7;0;0;2;1;23;B01
201800029969;1;33;0;0;2;1;21;A01
201800029970;2;33;0;0;2;2;17;A01
201800029970;0;7;0;0;2;2;15;B01
201800029971;2;7;0;0;1;7;1;A01
201800029972;2;7;0;0;1;1;15;A01
201800029973;1;7;0;0;1;1;1;A01
201800029974;2;1;0;0;2;4;13;B01
201800029974;1;7;0;0;2;1;1;A01
201800029975;1;7;0;4;0;1;16;A01
201800029976;2;10;0;0;2;7;9;A01
201800029976;2;31;0;0;2;1;1;B01
201800029977;1;7;0;0;1;1;1;A01
201800029978;1;7;0;8;2;7;1;A01
201800029978;2;7;0;0;2;1;19;Z01
201800029979;0;7;0;0;1;1;1;A01
201800029980;2;7;0;0;2;3;5;B01
201800029980;1;7;0;0;2;6;9;A01
201800029981;2;38;24;0;2;1;1;A01
201800029981;1;7;0;0;2;8;0;B01
201800029982;1;10;0;0;2;1;2;A01
201800029982;1;7;0;0;2;1;2;D01
201800029982;1;7;0;0;2;1;2;B01
201800029982;1;7;0;0;2;4;2;E01
201800029982;1;7;0;0;2;2;0;C01
201800029983;;7;0;;;;;A01
201800029983;;30;0;;;;;B01
201800029984;2;7;0;1;1;1;21;A01
201800029985;1;7;0;0;2;3;9;B01
201800029985;2;1;0;0;2;1;1;A01
201800029986;1;2;0;0;2;8;18;A01
201800029986;1;7;0;0;2;7;16;B01
201800029987;0;7;0;0;2;2;15;A01
201800029987;0;2;0;1;2;7;1;B01
201800029987;0;38;6;0;2;3;24;C01
201800029988;1;31;0;0;2;1;1;A01
201800029988;1;7;0;0;2;2;19;B01
201800029989;1;7;0;0;9;5;16;A01
201800029989;1;1;0;0;2;3;1;B01
201800029990;2;7;0;0;0;9;0;A01
201800029991;1;7;0;6;0;2;1;A01
201800029992;0;7;0;0;2;1;19;A01
201800029992;0;7;0;0;2;8;1;B01
201800029993;1;1;0;0;2;7;15;A01
201800029993;2;7;0;0;2;3;1;B01
201800029994;2;33;0;0;2;1;2;A01
201800029994;2;1;0;0;2;0;15;B01
201800029995;1;7;0;16;2;3;1;A01
201800029995;2;2;0;0;2;1;17;B01
201800029996;1;7;0;0;1;3;16;A01
201800029997;2;7;0;13;0;1;1;B01
201800029997;0;7;0;0;0;0;19;A01
201800029998;1;33;0;0;2;1;1;B01
201800029998;0;7;0;0;2;1;15;A01
201800029999;1;33;0;0;0;0;1;A01
201800030000;2;7;0;0;2;1;13;A01
201800030000;1;10;0;0;2;1;1;B01
201800030001;1;31;0;0;0;7;17;A01
201800030002;2;33;0;0;2;7;17;A01
201800030002;2;21;0;0;2;6;15;B01
201800030003;1;33;0;7;0;1;1;A01
201800030004;1;32;0;8;0;1;1;A01
201800030005;1;7;0;2;0;2;1;A01
201800030006;1;7;0;0;2;1;17;A01
201800030006;2;7;0;0;2;1;1;B01
201800030007;2;7;0;0;0;2;1;A01
201800030007;2;7;0;0;0;3;1;B01
201800030008;0;7;0;0;2;3;1;A01
201800030008;0;2;0;0;2;1;1;B01
201800030009;1;7;0;8;2;1;17;A01
201800030009;1;7;0;0;2;3;15;B01
201800030010;2;7;0;0;2;3;19;A01
201800030010;1;33;0;0;2;1;1;B01
201800030011;1;7;0;0;2;1;13;A01
201800030011;2;7;0;0;2;6;1;B01
201800030011;2;7;0;0;2;1;1;C01
201800030012;2;7;0;0;2;1;13;A01
201800030012;2;7;0;0;2;1;1;B01
201800030012;2;7;0;0;2;3;1;C01
201800030013;1;7;0;13;0;4;1;A01
201800030013;2;7;0;0;2;1;1;B01
201800030014;0;7;0;0;1;2;1;A01
201800030015;0;33;0;13;0;7;1;A01
201800030016;0;2;0;0;2;1;13;A01
201800030016;0;7;0;0;9;3;1;B01
201800030017;1;7;0;0;2;2;15;A01
201800030017;2;7;0;0;2;1;1;B01
201800030018;1;7;0;0;1;7;1;A01
201800030019;1;7;0;2;0;7;1;A01
201800030020;1;7;0;0;1;1;1;A01
201800030021;1;37;0;0;1;2;1;A01
201800030022;1;7;0;0;1;1;1;A01
201800030023;1;7;0;0;2;8;15;A01
201800030023;1;31;0;0;2;1;17;B01
201800030024;2;7;0;0;1;1;1;A01
201800030025;1;10;0;0;2;9;17;A01
201800030025;1;7;0;0;2;6;1;B01
201800030026;1;7;0;0;2;8;15;B01
201800030026;1;33;0;0;2;1;17;A01
201800030027;1;33;0;0;2;1;17;B01
201800030027;1;7;0;0;2;8;9;A01
201800030028;2;7;0;0;1;2;1;A01
201800030029;0;33;0;0;0;8;16;A01
201800030030;2;10;0;0;1;3;15;A01
201800030031;1;7;0;0;1;3;1;A01
201800030032;2;7;0;0;2;1;1;A01
201800030032;2;7;0;0;2;4;1;B01
201800030033;0;33;0;0;0;7;1;A01
201800030034;0;10;0;0;1;4;4;A01
201800030035;2;10;0;3;2;7;1;B01
201800030035;1;2;0;0;2;1;1;A01
201800030036;2;7;0;0;2;1;1;B01
201800030036;0;10;0;0;2;1;19;A01
201800030037;1;7;0;3;2;1;1;A01
201800030037;1;7;0;0;2;3;1;B01
201800030038;1;7;0;0;1;1;1;A01
201800030039;1;33;0;0;2;7;1;B01
201800030039;1;33;0;0;2;1;2;A01
201800030040;1;7;0;0;2;1;13;A01
201800030040;2;7;0;0;2;1;1;B01
201800030041;1;7;0;0;1;3;1;A01
201800030042;2;7;0;0;1;2;1;A01
201800030043;1;7;0;0;1;1;1;A01
201800030044;1;10;0;0;2;4;11;B01
201800030044;1;33;0;0;2;1;11;A01
201800030045;1;7;0;0;1;1;1;A01
201800030046;2;33;0;0;1;2;1;A01
201800030047;2;7;0;0;2;3;13;A01
201800030047;2;7;0;0;2;1;1;B01
201800030048;0;31;0;0;2;1;10;A01
201800030048;0;7;0;0;2;1;14;B01
201800030049;1;7;0;0;1;3;1;A01
201800030050;1;7;0;0;1;8;1;A01
201800030051;1;7;0;0;1;1;1;A01
201800030052;1;7;0;0;1;1;1;A01
201800030053;1;7;0;0;2;4;1;B01
201800030053;2;7;0;0;2;1;2;A01
201800030053;1;7;0;0;2;4;1;C01
201800030054;2;7;0;13;2;8;23;B01
201800030054;2;7;0;0;2;1;6;A01
201800030055;0;7;0;0;2;3;2;A01
201800030055;0;7;0;0;2;1;15;B01
201800030056;1;7;0;0;2;2;11;A01
201800030056;1;7;0;0;2;2;13;B01
201800030057;1;7;0;0;2;4;23;A01
201800030057;1;7;0;0;2;1;2;B01
201800030058;1;33;0;0;2;8;19;B01
201800030058;1;7;0;0;2;3;15;A01
201800030059;0;38;41;9;0;3;6;A01
201800030060;2;7;0;0;2;1;17;B01
201800030060;2;7;0;0;2;8;15;A01
201800030061;1;33;0;0;0;0;0;A01
201800030062;0;7;0;0;1;1;0;A01
201800030063;0;1;0;16;2;8;5;B01
201800030063;1;7;0;0;2;1;1;A01
201800030064;0;7;0;0;2;4;2;B01
201800030064;0;7;0;0;2;1;12;A01
201800030065;0;7;0;0;1;1;0;A01
201800030066;0;7;0;0;2;7;1;B01
201800030066;0;7;0;0;2;1;9;A01
201800030067;0;33;0;0;2;1;2;A01
201800030067;0;7;0;0;2;4;2;B01
201800030068;1;7;0;0;2;1;15;A01
201800030068;1;31;0;0;2;7;3;B01
201800030069;0;7;0;1;1;3;0;A01
201800030070;0;7;0;0;2;7;13;A01
201800030070;0;7;0;0;2;2;1;B01
201800030071;0;7;0;0;1;0;0;A01
201800030072;1;7;0;0;1;2;21;A01
201800030073;0;7;0;0;1;1;0;A01
201800030074;0;7;0;0;1;7;2;A01
201800030075;0;7;0;0;1;1;0;A01
201800030076;0;7;0;0;1;1;0;A01
201800030077;0;7;0;0;1;1;1;A01
201800030078;0;7;0;0;2;1;1;A01
201800030078;0;7;0;8;2;8;1;B01
201800030079;0;7;0;0;9;1;1;A01
201800030079;0;1;0;0;2;8;9;B01
201800030080;2;7;0;0;2;1;1;B01
201800030080;1;7;0;0;2;1;15;A01
201800030081;1;7;0;13;0;8;0;A01
201800030082;0;7;0;2;0;1;0;A01
201800030083;1;7;0;0;2;1;1;A01
201800030083;1;7;0;0;2;4;15;B01
201800030083;2;7;0;0;2;1;1;C01
201800030084;2;7;0;4;0;0;12;A01
201800030085;0;14;0;0;2;2;16;B01
201800030085;0;1;0;0;2;8;18;A01
201800030086;0;7;0;0;2;1;1;B01
201800030086;0;7;0;0;2;1;19;A01
201800030087;1;7;0;0;2;1;1;B01
201800030087;2;7;0;0;2;1;13;A01
201800030088;0;33;0;0;0;7;0;A01
201800030089;1;7;0;4;0;3;11;A01
201800030090;0;33;0;0;2;3;1;A01
201800030090;0;7;0;0;2;3;13;B01
201800030091;2;34;0;0;0;1;1;A01
201800030092;1;13;0;3;0;9;1;A01
201800030093;1;15;0;3;0;8;17;A01
201800030094;2;7;0;2;0;8;13;A01
201800030095;;33;0;;;1;17;A01
201800030096;0;10;0;15;;1;1;A01
201800030097;0;7;0;0;2;8;10;A01
201800030097;0;33;0;0;2;1;17;B01
201800030098;1;7;0;14;9;1;1;C01
201800030098;1;17;0;0;2;3;1;A01
201800030098;1;7;0;0;2;1;13;B01
201800030099;2;2;0;0;2;1;5;A01
201800030099;2;7;0;0;2;1;1;B01
201800030100;1;33;0;0;6;1;19;A01
201800030101;2;14;0;14;0;7;1;A01
201800030102;0;38;1;2;0;1;1;A01
201800030103;0;33;0;0;0;0;1;A01
201800030104;1;7;0;0;2;1;15;A01
201800030104;2;7;0;0;2;1;1;B01
201800030105;1;7;0;0;2;3;20;A01
201800030105;1;7;0;0;2;1;1;B01
201800030106;0;7;0;0;1;4;20;A01
201800030107;1;7;0;0;1;8;1;A01
201800030108;2;7;0;6;0;7;14;A01
201800030109;2;7;0;0;2;1;13;A01
201800030109;2;14;0;0;2;1;1;B01
201800030110;1;7;0;0;2;1;15;A01
201800030110;2;7;0;0;2;1;1;B01
201800030111;0;33;0;1;0;1;13;A01
201800030112;1;30;0;0;2;8;16;B01
201800030112;1;7;0;0;2;1;16;A01
201800030113;2;7;0;0;1;1;1;A01
201800030114;1;10;0;0;1;4;4;A01
201800030115;2;7;0;0;2;1;15;A01
201800030115;1;36;0;0;2;1;1;B01
201800030116;1;10;0;0;2;1;1;A01
201800030116;0;7;0;0;2;2;1;B01
201800030117;2;7;0;0;2;3;9;A01
201800030117;1;1;0;0;2;7;1;B01
201800030118;1;14;0;0;2;2;16;A01
201800030118;1;1;0;0;2;4;15;B01
201800030119;0;7;0;0;2;8;9;A01
201800030119;0;1;0;0;2;7;1;B01
201800030120;1;7;0;0;2;4;23;A01
201800030120;1;30;0;0;2;1;1;B01
201800030121;2;7;0;0;2;3;9;A01
201800030121;2;1;0;0;2;5;1;B01
201800030122;2;7;0;16;0;9;0;A01
201800030123;1;7;0;0;2;8;9;A01
201800030123;1;2;0;0;2;7;1;B01
201800030124;2;7;0;0;2;7;1;B01
201800030124;1;2;0;0;2;1;9;A01
201800030125;1;30;0;0;2;1;1;A01
201800030125;1;7;0;0;2;6;1;B01
201800030126;2;7;0;0;1;1;15;A01
201800030127;2;7;0;0;2;2;1;A01
201800030127;0;1;0;0;2;8;19;B01
201800030128;2;7;0;0;2;7;17;A01
201800030128;2;1;0;0;2;8;15;B01
201800030129;1;7;0;0;1;1;1;A01
201800030130;2;7;0;0;1;1;1;A01
201800030131;2;7;0;0;2;3;1;A01
201800030131;2;7;0;0;2;1;1;B01
201800030132;1;7;0;0;1;3;15;A01
201800030133;1;7;0;0;2;8;15;A01
201800030133;1;33;0;0;2;1;2;B01
201800030134;2;7;0;0;2;6;10;A01
201800030134;1;33;0;0;2;1;21;B01
201800030135;2;31;0;0;2;7;3;A01
201800030135;2;7;0;0;2;1;15;B01
201800030136;2;7;0;0;2;3;13;A01
201800030136;1;7;0;0;2;3;1;B01
201800030137;1;2;0;0;2;8;1;B01
201800030137;1;7;0;0;2;2;1;A01
201800030138;1;7;0;0;1;2;9;A01
201800030139;2;3;0;0;2;3;13;A01