num_acc;senc;catv;occutc;obs;obsm;choc;manv;num_veh
201800030139;1;7;0;0;2;3;1;B01
201800030140;2;7;0;0;2;7;15;A01
201800030140;1;33;0;0;2;1;1;B01
201800030141;1;7;0;13;0;7;1;A01
201800030142;1;1;0;6;0;1;1;A01
201800030143;1;33;0;2;0;1;1;A01
201800030144;1;33;0;13;0;8;1;A01
201800030145;2;2;0;16;0;7;1;A01
201800030146;2;36;0;2;0;2;13;A01
201800030147;2;7;0;13;0;3;21;A01
201800030148;2;7;0;2;0;3;13;A01
201800030149;1;7;0;13;0;2;14;A01
201800030150;1;7;0;2;0;1;14;A01
201800030151;2;7;0;4;0;2;1;A01
201800030152;2;7;0;2;0;0;0;A01
201800030153;2;10;0;0;1;2;19;A01
201800030154;1;2;0;0;2;8;13;A01
201800030154;2;7;0;0;2;3;13;B01
201800030155;1;7;0;0;2;1;1;B01
201800030155;1;7;0;14;2;7;9;A01
201800030155;2;7;0;0;2;3;23;C01
201800030156;2;33;0;0;2;1;13;A01
201800030156;1;7;0;0;2;2;2;B01
201800030157;1;7;0;2;0;1;21;A01
201800030158;1;31;0;0;2;1;2;A01
201800030158;1;7;0;0;0;6;23;B01
201800030159;1;7;0;0;2;8;15;A01
201800030159;1;33;0;0;2;8;17;B01
201800030160;1;33;0;8;0;2;1;A01
201800030161;0;1;0;0;0;0;1;A01
201800030162;2;7;0;0;9;5;17;A01
201800030162;2;1;0;0;2;8;1;B01
201800030163;1;10;0;0;2;2;2;A01
201800030163;1;1;0;0;2;4;1;B01
201800030164;2;7;0;5;2;2;0;A01
201800030164;2;7;0;0;2;3;1;B01
201800030165;0;7;0;0;2;5;4;A01
201800030165;1;30;0;0;2;1;1;B01
201800030166;1;7;0;16;0;3;1;A01
201800030167;1;7;0;3;2;4;2;B01
201800030167;1;7;0;0;2;1;2;A01
201800030168;0;7;0;13;0;3;1;A01
201800030169;0;7;0;4;0;0;1;A01
201800030170;2;7;0;0;2;2;2;B01
201800030170;1;7;0;0;1;3;1;A01
201800030171;1;7;0;5;2;2;2;A01
201800030171;1;7;0;0;2;3;9;B01
201800030172;0;7;0;0;2;1;15;A01
201800030172;0;2;0;0;2;7;17;B01
201800030173;2;7;0;0;1;1;1;A01
201800030174;0;7;0;0;1;2;20;A01
201800030175;2;7;0;0;0;0;1;A01
201800030176;1;7;0;15;0;1;14;A01
201800030177;0;7;0;7;0;0;1;A01
201800030178;1;30;0;0;2;8;15;A01
201800030178;1;10;0;0;2;5;10;B01
201800030178;1;10;0;0;2;8;1;C01
201800030179;1;7;0;0;2;2;21;A01
201800030179;0;2;0;0;2;1;14;B01
201800030180;1;7;0;0;1;1;1;A01
201800030181;1;7;0;14;2;3;13;A01
201800030181;2;7;0;12;2;3;1;B01
201800030182;2;7;0;0;2;3;13;A01
201800030182;1;7;0;0;2;3;1;B01
201800030183;1;7;0;0;1;3;1;A01
201800030184;1;7;0;0;1;1;15;A01
201800030185;1;7;0;2;0;1;14;A01
201800030186;0;7;0;0;1;1;20;A01
201800030187;0;33;0;0;0;1;1;A01
201800030187;0;7;0;0;0;5;0;B01
201800030188;0;30;0;10;0;1;1;A01
201800030189;1;2;0;0;2;6;17;A01
201800030189;1;10;0;0;0;6;2;B01
201800030190;0;33;0;12;0;1;17;B01
201800030191;1;7;0;0;1;2;17;A01
201800030192;1;7;0;0;2;2;15;A01
201800030192;2;2;0;0;2;1;1;B01
201800030193;;10;0;;1;4;;A01
201800030194;1;7;0;0;1;2;1;A01
201800030195;1;7;0;0;2;1;0;A01
201800030195;2;7;0;0;0;0;0;B01
201800030196;1;7;0;0;1;2;1;A01
201800030197;0;7;0;0;1;1;9;A01
201800030198;1;17;0;0;1;2;2;A01
201800030199;0;10;0;0;2;2;15;A01
201800030199;0;1;0;0;2;4;2;B01
201800030200;1;7;0;0;2;3;15;A01
201800030200;2;2;0;0;2;1;18;B01
201800030201;2;7;0;0;1;2;1;A01
201800030202;1;7;0;0;2;7;13;A01
201800030202;2;7;0;0;2;1;1;B01
201800030203;1;33;0;0;2;3;0;A01
201800030203;1;7;0;0;2;5;1;B01
201800030204;1;7;0;1;0;1;13;A01
201800030205;2;33;0;0;2;1;2;A01
201800030205;2;7;0;0;0;6;2;B01
201800030206;2;7;0;0;1;1;1;A01
201800030207;1;33;0;0;2;1;0;A01
201800030207;2;10;0;0;2;2;15;B01
201800030208;1;30;0;0;2;1;21;B01
201800030208;2;7;0;0;2;3;15;A01
201800030209;1;99;0;0;2;8;10;A01
201800030209;2;33;0;0;2;1;1;B01
201800030210;1;7;0;1;0;2;2;A01
201800030210;1;7;0;0;2;4;23;B01
201800030210;1;7;0;0;2;4;23;C01
201800030210;1;7;0;0;2;4;23;D01
201800030210;1;7;0;0;2;4;23;E01
201800030211;0;7;0;0;1;3;16;A01
201800030212;1;7;0;1;0;9;0;A01
201800030213;0;7;0;0;1;1;1;A01
201800030214;0;7;0;0;1;3;0;A01
201800030215;1;7;0;0;2;2;15;A01
201800030215;2;33;0;0;2;3;1;B01
201800030216;0;7;0;0;2;7;1;A01
201800030216;0;7;0;0;2;1;1;B01
201800030217;1;7;0;0;6;7;0;A01
201800030217;1;1;0;0;2;8;0;B01
201800030218;0;7;0;0;6;2;15;A01
201800030218;0;1;0;0;2;1;1;B01
201800030219;2;7;0;0;2;2;0;B01
201800030219;2;1;0;0;2;1;9;A01
201800030220;2;7;0;0;1;1;19;A01
201800030221;1;7;0;6;0;1;0;A01
201800030222;0;10;0;0;1;1;1;A01
201800030223;1;7;0;0;9;8;10;A01
201800030223;1;33;0;0;2;1;17;B01
201800030224;1;7;0;0;1;1;1;A01
201800030225;1;33;0;0;2;1;1;A01
201800030225;1;7;0;0;2;4;15;B01
201800030226;1;7;0;0;2;1;9;A01
201800030226;2;31;0;0;2;1;15;B01
201800030227;0;10;0;0;6;7;17;A01
201800030227;0;1;0;0;2;4;1;B01
201800030228;0;7;0;9;2;0;17;A01
201800030228;0;7;0;0;2;4;0;B01
201800030228;0;7;0;0;2;6;0;C01
201800030229;1;7;0;0;2;5;15;A01
201800030229;1;33;0;0;2;5;15;B01
201800030230;1;7;0;0;1;2;16;A01
201800030231;0;10;0;0;2;2;1;A01
201800030231;0;99;0;0;2;1;0;B01
201800030232;0;7;0;0;2;2;1;B01
201800030232;0;33;0;0;2;1;1;A01
201800030233;0;10;0;0;1;1;9;A01
201800030234;0;33;0;9;0;1;1;A01
201800030235;1;30;0;0;2;8;19;A01
201800030235;1;7;0;0;2;1;1;B01
201800030236;1;7;0;0;2;1;13;A01
201800030236;2;31;0;0;2;1;15;B01
201800030237;1;7;0;7;2;3;1;A01
201800030237;0;7;0;0;2;1;1;B01
201800030238;0;31;0;0;2;1;1;A01
201800030238;0;7;0;0;2;7;21;B01
201800030239;0;7;0;0;2;4;4;A01
201800030239;1;2;0;0;2;1;0;B01
201800030240;1;33;0;8;5;3;21;A01
201800030241;1;33;0;12;0;1;1;A01
201800030242;0;7;0;0;1;3;1;A01
201800030243;0;33;0;0;2;8;13;A01
201800030243;0;7;0;0;2;3;1;B01
201800030244;2;7;0;0;1;3;15;A01
201800030245;0;30;0;5;0;7;14;A01
201800030246;2;30;0;1;1;2;14;A01
201800030247;0;30;0;6;0;1;0;A01
201800030248;1;7;0;2;0;1;13;A01
201800030249;0;10;0;0;1;2;0;A01
201800030250;0;10;0;0;1;1;13;A01
201800030251;0;34;0;6;0;1;1;A01
201800030252;1;7;0;0;6;1;1;A01
201800030252;;1;0;0;2;7;19;B01
201800030253;1;10;0;0;1;3;1;A01
201800030254;1;7;0;0;2;2;19;A01
201800030254;2;31;0;0;2;1;19;B01
201800030255;2;7;0;6;0;1;16;A01
201800030256;1;31;0;0;2;1;21;A01
201800030256;1;7;0;14;0;4;23;B01
201800030257;1;7;0;0;2;6;17;A01
201800030257;1;33;0;0;2;1;13;B01
201800030258;1;33;0;0;2;1;0;A01
201800030258;0;7;0;0;2;6;0;B01
201800030259;1;99;0;0;1;2;9;A01
201800030260;0;20;0;0;1;1;1;A01
201800030261;1;33;0;0;2;1;0;A01
201800030261;1;7;0;0;2;4;1;B01
201800030262;0;30;0;0;0;0;0;A01
201800030263;1;7;0;0;2;7;0;A01
201800030263;2;33;0;0;2;0;0;B01
201800030264;1;13;0;0;6;6;1;A01
201800030264;1;13;0;12;2;0;23;B01
201800030265;2;7;0;13;0;1;0;A01
201800030266;0;2;0;0;2;1;18;A01
201800030266;0;7;0;0;2;4;1;B01
201800030267;2;7;0;0;2;2;15;A01
201800030267;1;2;0;0;2;1;1;B01
201800030268;1;7;0;0;1;1;1;A01
201800030269;1;7;0;6;0;1;0;A01
201800030270;0;1;0;0;6;1;16;Y01
201800030271;1;20;0;2;0;1;14;A01
201800030272;2;7;0;0;1;3;0;A01
201800030273;2;7;0;0;1;3;1;A01
201800030274;2;7;0;0;2;1;9;A01
201800030274;2;2;0;0;2;4;9;B01
201800030275;1;31;0;2;0;1;13;A01
201800030276;2;33;0;0;2;1;1;B01
201800030276;2;3;0;0;2;3;15;A01
201800030277;1;10;0;1;0;1;14;A01
201800030278;0;31;0;0;0;0;19;A01
201800030279;1;7;0;0;2;3;10;A01
201800030279;1;33;0;0;2;1;17;B01
201800030280;0;7;0;0;0;1;13;A01
201800030281;2;7;0;0;1;8;0;A01
201800030282;2;7;0;0;1;1;1;A01
201800030283;0;7;0;9;0;1;0;A01
201800030284;0;7;0;7;0;1;16;A01
201800030285;1;7;0;0;2;3;14;A01
201800030285;1;7;0;0;2;1;1;B01
201800030286;1;99;0;0;2;1;18;A01
201800030286;1;7;0;0;2;2;16;B01
201800030287;2;7;0;0;1;3;0;A01
201800030288;1;7;0;0;1;3;0;A01
201800030289;1;7;0;0;1;2;19;A01
201800030290;2;7;0;0;2;2;2;A01
201800030290;2;30;0;0;2;4;23;B01
201800030291;1;7;0;0;1;2;1;A01
201800030292;2;7;0;6;2;1;14;A01
201800030292;2;7;0;0;2;0;9;B01
201800030293;1;7;0;0;2;3;1;B01
201800030293;1;7;0;0;2;8;15;A01
201800030294;2;17;0;0;9;0;1;A01
201800030295;0;7;0;0;4;2;19;B01
201800030295;2;39;1;0;2;1;1;A01
201800030296;0;7;0;0;1;7;0;A01
201800030297;2;30;0;8;0;1;0;A01
201800030298;2;7;0;1;0;1;18;A01
201800030299;2;7;0;0;2;8;17;A01
201800030299;2;33;0;0;2;7;17;B01
201800030300;2;7;0;0;2;1;1;A01
201800030300;1;7;0;0;2;1;1;B01
201800030300;0;7;0;6;0;1;0;C01
201800030301;1;7;0;0;1;3;1;A01
201800030302;1;10;0;0;1;2;1;A01
201800030303;1;30;0;0;2;2;0;A01
201800030303;0;7;0;0;2;2;0;B01
201800030304;1;31;0;0;0;7;1;B01
201800030304;1;7;0;0;0;0;15;A01
201800030305;1;7;0;0;2;1;2;A01
201800030305;1;7;0;0;1;1;2;B01
201800030306;0;7;0;0;2;3;9;A01
201800030306;0;2;0;0;2;2;0;B01
201800030307;1;7;0;13;0;1;19;A01
201800030308;2;7;0;0;2;2;9;A01
201800030308;2;2;0;0;2;4;2;B01
201800030309;1;2;0;0;2;3;1;A01
201800030309;0;7;0;0;2;3;1;B01
201800030310;1;7;0;0;2;3;1;A01
201800030310;2;7;0;0;2;8;15;B01
201800030311;1;33;0;3;2;1;21;A01
201800030311;1;7;0;0;2;1;15;B01
201800030312;2;7;0;0;2;1;0;A01
201800030312;1;7;0;0;2;1;1;B01
201800030313;1;34;0;9;0;0;13;A01
201800030314;1;10;0;0;2;3;15;A01
201800030314;0;30;0;0;2;1;1;B01
201800030314;0;7;0;0;2;3;23;C01
201800030315;1;7;0;0;1;1;1;A01
201800030316;2;7;0;0;1;7;1;A01
201800030317;1;10;0;0;2;3;18;A01
201800030317;1;10;0;0;2;2;1;B01
201800030318;2;7;0;0;2;1;17;A01
201800030318;2;7;0;0;2;3;0;B01
201800030319;1;10;0;0;2;1;2;A01
201800030319;1;1;0;0;2;4;2;B01
201800030319;1;1;0;0;2;4;2;C01
201800030320;1;7;0;0;2;7;1;A01
201800030320;2;7;0;0;2;1;1;B01
201800030321;1;17;0;0;2;1;2;A01
201800030321;1;7;0;0;2;4;23;B01
201800030322;2;7;0;0;2;1;1;B01
201800030322;1;2;0;0;2;7;1;A01
201800030323;2;7;0;0;1;1;15;A01
201800030324;1;7;0;0;2;3;15;A01
201800030324;1;33;0;0;2;1;1;B01
201800030325;1;7;0;8;0;8;14;A01
201800030326;0;31;0;0;2;7;2;B01
201800030326;0;7;0;0;2;1;15;A01
201800030327;2;31;0;0;2;1;17;A01
201800030327;2;7;0;0;2;8;15;B01
201800030328;2;10;0;0;2;3;15;A01
201800030328;2;10;0;0;2;1;1;B01
201800030329;1;7;0;0;1;2;15;A01
201800030330;0;33;0;11;0;7;5;A01
201800030331;1;7;0;0;6;3;15;A01
201800030331;1;1;0;0;2;2;1;B01
201800030332;0;7;0;0;2;3;13;A01
201800030332;0;7;0;0;2;3;1;B01
201800030333;1;17;0;0;1;8;16;A01
201800030334;1;7;0;0;1;1;1;A01
201800030335;0;7;0;6;0;1;13;A01
201800030336;1;17;0;0;1;3;1;A01
201800030337;2;33;0;0;2;0;21;A01
201800030337;2;7;0;0;0;0;16;B01
201800030338;1;7;0;0;2;1;1;B01
201800030338;1;7;0;0;2;2;19;A01
201800030338;1;7;0;0;2;1;1;C01
201800030339;2;7;0;0;2;2;1;A01
201800030339;2;2;0;0;2;8;1;B01
201800030340;2;7;0;0;1;2;1;A01
201800030341;1;7;0;9;1;2;1;A01
201800030342;1;7;0;0;2;2;19;A01
201800030342;1;33;0;0;2;1;1;B01
201800030343;1;30;0;9;2;8;1;A01
201800030343;2;7;0;9;2;1;15;B01
201800030344;1;7;0;0;2;2;1;A01
201800030344;1;1;0;0;2;1;1;Y01
201800030345;0;7;0;1;1;0;5;A01
201800030346;0;30;0;0;2;7;5;A01
201800030346;1;7;0;0;2;1;16;B01
201800030347;1;7;0;2;1;2;1;A01
201800030348;2;7;0;0;2;1;21;A01
201800030348;1;1;0;0;2;1;5;B01
201800030349;2;7;0;0;2;3;13;A01
201800030349;2;15;0;0;2;3;2;B01
201800030350;1;7;0;0;9;3;15;A01
201800030350;2;1;0;0;2;0;1;B01
201800030351;0;7;0;0;2;3;1;A01
201800030351;0;2;0;0;2;2;0;B01
201800030352;1;7;0;0;1;2;1;A01
201800030353;2;7;0;0;2;3;1;B01
201800030353;1;7;0;0;2;3;19;A01
201800030354;1;7;0;0;2;2;15;A01
201800030354;2;30;0;0;2;1;1;B01
201800030355;1;37;1;9;1;1;15;A01
201800030356;1;7;0;0;1;3;1;A01
201800030357;2;7;0;12;2;1;15;A01
201800030357;2;30;0;6;2;7;1;B01
201800030358;1;7;0;9;2;2;15;A01
201800030358;2;30;0;9;2;1;1;B01
201800030359;1;7;0;5;0;0;0;A01
201800030360;0;33;0;0;2;1;1;B01
201800030360;0;7;0;0;9;8;9;A01
201800030361;2;7;0;13;2;7;13;A01
201800030361;1;10;0;13;2;1;1;B01
201800030362;2;7;0;0;1;2;1;A01
201800030363;1;10;0;0;2;3;19;A01
201800030363;2;7;0;0;2;2;1;B01
201800030364;1;7;0;0;2;2;15;A01
201800030364;1;30;0;0;2;1;14;B01
201800030365;1;7;0;0;2;3;15;A01
201800030365;1;2;0;0;2;1;2;B01
201800030366;1;7;0;0;1;2;1;A01
201800030367;1;7;0;0;2;3;15;A01
201800030367;1;2;0;0;2;1;1;B01
201800030368;1;7;0;0;1;1;1;A01
201800030369;1;7;0;9;2;1;21;A01
201800030369;1;32;0;0;0;0;1;B01
201800030369;1;32;0;0;0;0;1;C01
201800030370;1;7;0;0;2;1;1;A01
201800030370;1;1;0;0;2;7;19;B01
201800030371;2;1;0;0;2;1;1;B01
201800030371;2;7;0;0;2;3;9;A01
201800030372;1;7;0;0;2;3;13;A01
201800030372;2;15;0;0;2;3;1;B01
201800030373;2;7;0;6;1;1;17;A01
201800030373;2;7;0;0;2;3;15;B01
201800030374;1;7;0;0;2;1;13;A01
201800030374;2;7;0;0;2;8;1;B01
201800030375;1;33;0;3;0;1;6;A01
201800030376;2;7;0;0;2;1;1;A01
201800030376;0;1;0;0;2;7;19;B01
201800030377;1;7;0;0;2;2;17;A01
201800030377;1;1;0;1;2;8;15;B01
201800030378;2;30;0;0;2;1;1;B01
201800030378;1;7;0;0;2;8;15;A01
201800030379;0;1;0;1;0;7;2;A01
201800030379;0;7;0;0;2;3;24;B01
201800030380;0;37;1;0;1;2;13;A01
201800030381;2;7;0;0;2;1;1;A01
201800030381;2;7;0;0;2;4;23;B01
201800030382;0;7;0;0;1;1;1;A01
201800030383;0;7;0;0;2;8;16;A01
201800030383;0;7;0;0;2;1;1;B01
201800030384;1;13;0;0;1;7;4;A01
201800030385;0;37;1;0;1;3;2;A01
201800030386;1;7;0;0;2;1;5;A01
201800030386;1;7;0;0;2;1;1;B01
201800030387;0;33;0;1;0;1;1;A01
201800030387;0;10;0;13;0;0;23;B01
201800030388;1;7;0;0;1;6;1;A01
201800030389;0;10;0;0;2;2;1;B01
201800030389;0;32;0;0;2;1;15;A01
201800030390;0;7;0;0;2;2;1;B01
201800030390;0;1;0;0;2;1;5;A01
201800030391;1;7;0;0;1;1;1;A01
201800030392;0;7;0;0;2;3;1;A01
201800030392;0;3;0;0;2;8;9;B01
201800030393;1;7;0;0;2;2;15;A01
201800030393;1;2;0;0;2;1;1;B01
201800030394;1;33;0;0;2;1;21;B01
201800030394;2;7;0;0;2;3;15;A01
201800030395;1;7;0;0;1;1;2;A01
201800030396;2;13;0;0;2;1;1;B01
201800030396;1;7;0;0;2;3;15;A01
201800030397;0;15;0;0;2;0;21;A01
201800030397;1;1;0;0;2;0;19;B01
201800030398;1;10;0;9;2;1;13;A01
201800030398;2;7;0;9;2;1;1;B01
201800030399;1;2;0;0;2;0;17;A01
201800030399;1;7;0;0;2;8;1;B01
201800030400;0;7;0;0;2;2;1;A01
201800030400;2;7;0;0;2;1;1;B01
201800030401;0;7;0;2;0;7;19;A01
201800030402;1;7;0;0;2;3;1;A01
201800030402;2;7;0;0;2;1;1;B01
201800030403;0;7;0;2;2;3;16;A01
201800030403;0;7;0;2;2;2;1;B01
201800030404;0;7;0;0;2;3;1;B01
201800030404;2;7;0;0;2;2;19;A01
201800030405;2;7;0;0;1;0;16;A01
201800030406;1;7;0;0;1;1;15;A01
201800030407;0;2;0;0;2;4;1;B01
201800030407;0;7;0;0;2;1;15;Z01
201800030408;1;7;0;14;2;2;9;A01
201800030408;1;7;0;14;2;6;2;B01
201800030408;1;7;0;14;2;5;2;C01
201800030408;1;7;0;14;2;0;0;D01
201800030409;1;7;0;0;1;1;16;A01
201800030410;1;7;0;0;1;1;1;A01
201800030411;1;1;0;0;1;1;1;A01
201800030412;0;7;0;0;2;2;9;A01
201800030412;0;1;0;0;2;7;9;B01
201800030413;1;33;0;9;2;1;1;B01
201800030413;1;7;0;9;2;6;15;A01
201800030414;1;7;0;0;1;2;16;A01
201800030415;2;7;0;0;1;3;2;A01
201800030416;2;7;0;0;1;2;1;A01
201800030417;2;7;0;0;2;6;15;A01
201800030417;1;2;0;0;2;1;1;B01
201800030418;1;7;0;0;2;1;5;A01
201800030418;1;7;0;0;2;1;1;B01
201800030419;1;7;0;0;1;1;1;A01
201800030420;1;7;0;0;2;7;15;A01
201800030420;1;7;0;0;2;1;1;B01
201800030421;1;7;0;0;1;2;1;A01
201800030422;1;7;0;6;0;1;13;A01
201800030423;1;33;0;0;1;3;2;A01
201800030424;0;7;0;0;2;1;19;A01
201800030424;0;7;0;0;2;2;1;B01
201800030425;1;7;0;9;2;1;1;A01
201800030425;2;2;0;9;2;8;16;B01
201800030426;1;7;0;2;0;3;0;A01
201800030427;1;32;0;3;0;1;14;A01
201800030428;2;7;0;0;1;1;21;A01
201800030429;0;7;0;0;2;8;15;A01
201800030429;0;7;0;0;2;1;1;B01
201800030430;1;7;0;8;2;1;2;A01
201800030430;1;7;0;8;0;5;2;B01
201800030431;0;7;0;0;2;1;17;A01
201800030431;0;32;0;0;2;1;1;B01
201800030432;1;33;0;0;2;1;1;B01
201800030432;2;7;0;0;0;0;0;Z01
201800030433;1;1;0;0;0;0;0;A01
201800030433;1;13;0;0;0;0;17;B01
201800030434;0;31;0;0;2;8;1;B01
201800030434;0;7;0;0;2;3;15;A01
201800030435;2;10;0;0;1;1;0;A01
201800030436;1;7;0;0;2;1;2;A01
201800030436;2;30;0;0;2;1;1;B01
201800030437;1;7;0;15;1;2;14;A01
201800030438;2;32;0;0;2;2;1;B01
201800030438;1;7;0;0;6;2;9;A01
201800030439;0;34;0;0;0;0;13;A01
201800030440;2;34;0;0;0;0;1;A01
201800030441;0;7;0;8;0;9;15;A01
201800030442;0;7;0;0;2;3;10;A01
201800030442;1;33;0;0;2;2;17;B01
201800030443;1;2;0;0;2;1;17;A01
201800030443;2;7;0;0;2;3;9;B01
201800030444;0;10;0;0;1;4;20;A01
201800030445;1;7;0;0;1;1;20;A01
201800030446;1;7;0;0;1;2;1;A01
201800030447;1;10;0;0;2;2;15;A01
201800030447;0;34;0;0;2;1;1;B01
201800030448;1;7;0;1;1;3;16;A01
201800030449;0;99;0;0;2;0;0;R01
201800030449;2;1;0;13;2;0;0;A01
201800030450;1;7;0;0;2;1;21;A01
201800030450;2;7;0;0;2;1;0;B01
201800030451;0;31;0;0;0;1;1;B01
201800030452;1;99;0;3;1;2;9;A01
201800030453;0;10;0;0;2;1;1;B01
201800030453;0;10;0;0;2;3;9;A01
201800030454;1;7;0;3;2;3;0;A01
201800030454;1;7;0;0;2;0;0;B01
201800030455;2;7;0;0;2;3;9;A01
201800030455;1;2;0;0;2;9;1;B01
201800030456;1;7;0;0;2;1;16;B01
201800030456;1;33;0;1;0;8;21;A01
201800030457;2;36;0;;1;1;15;A01
201800030458;0;1;0;0;1;1;0;A01
201800030459;2;7;0;0;2;7;2;A01
201800030459;1;7;0;0;2;1;1;B01
201800030460;1;30;0;1;1;1;1;A01
201800030461;2;2;0;0;2;2;17;A01
201800030461;0;7;0;0;0;0;0;B01
201800030462;2;1;0;0;2;7;1;A01
201800030462;1;7;0;0;6;2;1;B01
201800030463;2;7;0;0;2;7;1;B01
201800030463;1;31;0;0;2;1;9;A01
201800030464;1;7;0;0;2;7;1;A01
201800030464;2;30;0;0;2;1;1;B01
201800030465;1;33;0;0;2;1;1;B01
201800030465;2;7;0;0;2;3;9;A01
201800030466;2;33;0;0;2;1;1;A01
201800030466;1;7;0;0;2;2;15;B01
201800030467;1;33;0;0;2;4;2;A01
201800030467;1;7;0;0;2;6;23;B01
201800030467;1;7;0;0;2;6;23;C01
201800030468;1;7;0;8;0;3;1;A01
201800030469;1;33;0;6;0;2;1;A01
201800030470;1;7;0;0;2;7;1;B01
201800030470;2;7;0;0;2;1;1;A01
201800030471;1;7;0;0;1;2;21;A01
201800030472;2;30;0;0;2;1;1;B01
201800030472;2;7;0;0;2;1;17;Z01
201800030473;1;30;0;0;2;7;1;A01
201800030473;1;7;0;0;2;7;1;B01
201800030474;1;10;0;0;1;2;7;A01
201800030475;2;33;0;0;0;0;17;A01
201800030476;1;99;0;0;1;3;0;Z01
201800030477;0;7;0;0;2;1;1;A01
201800030477;1;7;0;0;2;7;1;B01
201800030478;1;14;0;0;2;5;0;A01
201800030478;2;1;0;14;6;1;0;B01
201800030479;1;7;0;0;2;1;0;A01
201800030479;1;13;0;0;2;4;0;B01
201800030480;2;1;0;15;2;1;0;A01
201800030480;0;10;0;0;6;2;0;B01
201800030481;1;7;0;0;2;2;19;A01
201800030481;1;7;0;0;2;5;0;B01
201800030482;2;33;0;0;2;1;17;A01
201800030482;2;7;0;0;2;6;1;B01
201800030483;1;33;0;0;2;1;1;B01
201800030483;2;7;0;0;2;3;15;A01
201800030484;2;10;0;3;2;3;13;B01
201800030484;1;7;0;3;2;1;0;A01
201800030485;0;7;0;11;0;3;0;A01
201800030486;2;7;0;0;1;1;1;A01
201800030487;1;7;0;0;1;1;15;A01
201800030488;2;7;0;0;2;3;15;A01
201800030488;1;7;0;0;2;3;1;B01
201800030489;2;31;0;12;0;2;1;A01
201800030490;1;7;0;0;2;1;13;A01
201800030490;2;7;0;0;2;1;1;B01
201800030491;1;30;0;1;0;1;14;A01
201800030492;2;7;0;0;2;3;13;A01
201800030492;1;33;0;0;2;1;1;B01
201800030493;2;7;0;2;0;1;13;A01
201800030494;2;7;0;0;2;1;1;B01
201800030494;1;7;0;0;2;1;11;A01
201800030495;1;7;0;0;2;7;0;A01
201800030495;2;32;0;0;2;1;1;B01
201800030496;0;7;0;0;2;1;15;A01
201800030496;0;2;0;0;2;3;0;B01
201800030497;2;7;0;0;1;3;15;A01
201800030498;2;30;0;0;2;7;17;A01
201800030498;2;7;0;0;2;8;15;B01
201800030499;2;7;0;0;2;8;1;A01
201800030499;1;30;0;0;2;1;1;B01
201800030500;1;16;0;0;2;4;1;A01
201800030500;1;7;0;0;2;1;21;B01
201800030501;2;7;0;0;1;1;1;A01
201800030502;0;7;0;0;2;2;1;A01
201800030502;0;1;0;0;2;1;15;B01
201800030503;0;2;0;0;2;1;1;B01
201800030503;0;7;0;0;2;3;15;A01
201800030504;1;7;0;0;1;2;1;A01
201800030505;1;7;0;0;2;3;10;A01
201800030505;1;33;0;0;2;1;1;B01
201800030506;1;10;0;0;2;2;15;A01
201800030506;2;2;0;0;2;1;1;B01
201800030507;2;7;0;0;2;1;19;A01
201800030507;1;7;0;0;2;8;1;B01
201800030508;2;2;0;0;2;1;1;A01
201800030508;2;7;0;0;2;8;1;B01
201800030509;1;33;0;0;1;2;1;A01
201800030510;0;7;0;0;2;8;1;A01
201800030510;0;1;0;0;2;0;17;B01
201800030511;2;7;0;0;2;1;1;A01
201800030511;2;7;0;0;2;4;23;B01
201800030511;1;7;0;0;2;1;1;C01
201800030511;0;38;1;0;2;1;1;D01
201800030512;2;7;0;0;2;1;13;A01
201800030512;1;7;0;0;2;1;1;B01
201800030512;1;7;0;0;2;3;1;C01
201800030513;1;2;0;7;0;1;1;A01
201800030514;0;2;0;0;2;1;2;A01
201800030514;0;10;0;0;2;4;2;B01
201800030515;0;2;0;14;0;7;1;A01
201800030516;0;33;0;0;0;7;1;A01
201800030517;0;7;0;0;2;3;15;B01
201800030517;0;2;0;0;2;1;17;A01
201800030518;0;7;0;0;1;1;1;A01
201800030518;2;7;0;0;1;1;23;B01
201800030519;1;7;0;0;2;3;9;A01
201800030519;1;2;0;0;2;7;1;B01
201800030520;0;10;0;0;2;5;16;B01
201800030520;0;33;0;0;2;7;7;A01
201800030521;0;7;0;0;1;2;16;A01
201800030522;1;7;0;0;2;2;19;A01
201800030522;2;7;0;0;2;1;1;B01
201800030523;1;2;0;0;2;1;1;B01
201800030523;1;7;0;0;2;3;15;A01
201800030524;1;38;10;0;1;2;7;A01
201800030525;1;7;0;9;0;1;1;A01
201800030526;2;7;0;0;2;4;2;B01
201800030526;2;7;0;0;2;1;21;A01
201800030526;2;7;0;0;2;4;2;C01
201800030527;0;31;0;0;2;7;1;B01
201800030527;0;7;0;0;2;3;19;A01
201800030528;0;30;0;0;0;8;21;A01
201800030529;2;7;0;0;2;3;1;B01
201800030529;2;2;0;0;2;7;16;A01
201800030530;0;7;0;0;2;2;19;A01
201800030530;0;2;0;0;2;1;1;B01
201800030531;0;2;0;0;0;7;1;A01
201800030532;1;2;0;0;2;1;2;A01
201800030532;1;7;0;0;2;4;2;B01
201800030533;0;7;0;0;2;5;15;A01
201800030533;0;1;0;0;2;1;1;B01
201800030534;1;7;0;6;0;1;14;A01
201800030535;0;7;0;8;0;1;14;A01