num_acc;senc;catv;occutc;obs;obsm;choc;manv;num_veh
201800030893;0;7;0;0;2;2;15;B01
201800030894;0;7;0;0;1;1;1;A01
201800030895;0;32;0;0;2;1;5;A01
201800030895;0;10;0;0;2;8;15;B01
201800030896;0;10;0;0;2;4;1;B01
201800030896;0;10;0;0;2;1;1;A01
201800030897;0;7;0;0;2;6;15;A01
201800030897;0;2;0;0;2;2;3;B01
201800030898;0;7;0;0;1;2;1;A01
201800030899;0;33;0;0;2;1;17;B01
201800030899;0;7;0;0;2;3;15;A01
201800030900;0;7;0;0;1;2;0;A01
201800030901;0;7;0;2;0;1;1;A01
201800030902;0;7;0;0;2;8;22;A01
201800030902;0;1;0;0;2;0;2;B01
201800030903;0;7;0;0;2;3;11;A01
201800030903;0;2;0;0;2;1;17;B01
201800030904;0;7;0;0;2;3;19;A01
201800030904;0;30;0;0;2;2;1;B01
201800030905;0;7;0;0;2;3;15;A01
201800030905;0;1;0;0;2;0;1;B01
201800030906;0;7;0;0;1;1;1;A01
201800030907;0;7;0;0;1;4;20;A01
201800030908;0;7;0;0;2;3;15;B01
201800030908;0;31;0;0;2;1;17;A01
201800030909;0;7;0;9;2;1;1;A01
201800030909;0;1;0;0;2;9;19;B01
201800030910;0;7;0;0;2;1;1;A01
201800030910;0;7;0;0;2;5;15;B01
201800030911;0;2;0;0;2;1;16;A01
201800030911;2;1;0;0;2;0;1;B01
201800030912;2;38;15;0;1;2;23;A01
201800030913;0;7;0;0;2;8;24;A01
201800030913;0;1;0;1;0;1;1;B01
201800030914;0;10;0;0;2;8;9;C01
201800030914;0;7;0;0;2;7;1;B01
201800030914;0;7;0;0;2;3;9;A01
201800030915;0;7;0;0;2;2;9;A01
201800030915;0;30;0;0;2;1;1;B01
201800030916;0;7;0;0;2;4;1;D01
201800030916;0;7;0;0;2;1;1;A01
201800030916;0;7;0;0;2;4;1;C01
201800030916;0;7;0;0;2;4;1;B01
201800030917;0;7;0;0;2;1;1;A01
201800030917;0;1;0;0;2;1;1;B01
201800030918;0;10;0;0;1;4;20;A01
201800030919;0;7;0;0;1;1;1;A01
201800030920;1;7;0;0;2;4;23;B01
201800030920;1;1;0;0;2;1;1;A01
201800030921;0;7;0;0;2;1;15;A01
201800030921;0;34;0;0;2;1;1;B01
201800030922;0;1;0;0;2;1;1;B01
201800030922;0;7;0;0;2;3;19;A01
201800030923;2;7;0;8;0;1;14;A01
201800030923;1;7;0;0;0;0;0;B01
201800030924;0;7;0;0;2;4;15;B01
201800030924;0;7;0;0;2;1;1;A01
201800030925;0;7;0;0;2;1;1;A01
201800030925;0;7;0;0;2;4;23;B01
201800030926;0;30;0;0;0;0;15;A01
201800030927;0;1;0;0;2;2;1;B01
201800030927;0;7;0;0;2;5;15;A01
201800030928;0;10;0;0;2;3;15;A01
201800030928;0;2;0;0;2;1;1;B01
201800030929;2;7;0;0;2;3;16;B01
201800030929;2;30;0;0;2;2;11;A01
201800030930;0;7;0;0;2;1;15;A01
201800030930;0;2;0;0;2;3;1;B01
201800030931;2;7;0;0;2;4;23;C01
201800030931;2;7;0;0;2;1;2;A01
201800030931;2;7;0;0;2;4;23;B01
201800030932;0;7;0;0;2;4;2;B01
201800030932;0;7;0;0;2;1;1;A01
201800030933;0;7;0;0;2;5;1;A01
201800030933;0;7;0;0;2;1;1;B01
201800030934;0;7;0;0;2;1;15;A01
201800030934;0;33;0;0;2;8;1;B01
201800030935;0;7;0;0;2;1;15;A01
201800030935;0;33;0;0;2;1;1;B01
201800030936;0;7;0;0;2;3;15;A01
201800030936;0;1;0;0;2;1;1;B01
201800030937;2;15;0;0;2;1;1;A01
201800030937;2;33;0;0;2;6;1;B01
201800030938;0;7;0;0;2;1;2;A01
201800030938;0;7;0;0;2;4;2;B01
201800030938;0;7;0;0;2;4;2;C01
201800030939;1;33;0;0;2;1;2;A01
201800030939;1;33;0;0;2;4;23;B01
201800030940;0;7;0;0;2;4;1;B01
201800030940;0;7;0;0;2;4;1;C01
201800030940;0;7;0;0;2;1;1;A01
201800030941;0;7;0;0;2;1;2;A01
201800030941;0;7;0;0;2;4;23;C01
201800030941;0;7;0;0;2;4;23;B01
201800030942;0;7;0;9;0;2;1;A01
201800030943;0;1;0;0;2;1;1;B01
201800030943;0;7;0;0;2;3;9;A01
201800030944;1;7;0;0;2;3;1;B01
201800030944;0;7;0;0;2;3;15;A01
201800030945;0;30;0;0;2;0;1;B01
201800030945;0;7;0;0;0;0;9;Z01
201800030946;0;7;0;0;2;8;10;A01
201800030946;0;33;0;0;2;1;1;B01
201800030947;0;7;0;0;2;1;1;B01
201800030947;0;7;0;0;2;8;1;A01
201800030948;0;7;0;0;2;1;1;A01
201800030948;0;7;0;0;2;4;1;B01
201800030949;0;30;0;0;2;1;21;B01
201800030949;0;7;0;0;2;3;10;A01
201800030950;2;7;0;0;2;1;1;C01
201800030950;1;7;0;0;2;4;2;B01
201800030950;1;7;0;0;2;1;2;A01
201800030951;0;32;0;0;2;5;1;B01
201800030951;0;7;0;0;2;2;15;A01
201800030952;0;7;0;0;2;1;5;A01
201800030952;0;7;0;0;2;1;1;B01
201800030953;0;7;0;0;2;1;1;A01
201800030953;0;7;0;0;2;4;1;B01
201800030954;0;7;0;0;2;1;15;A01
201800030954;0;2;0;0;2;3;1;B01
201800030955;0;7;0;0;2;4;1;B01
201800030955;0;7;0;0;2;1;1;A01
201800030956;0;1;0;0;2;1;19;A01
201800030956;0;10;0;0;2;5;16;B01
201800030957;0;30;0;0;0;7;16;A01
201800030958;0;2;0;0;2;1;1;B01
201800030958;0;7;0;0;2;3;15;A01
201800030959;0;7;0;0;2;3;0;B01
201800030959;0;7;0;0;2;3;13;A01
201800030960;2;7;0;0;2;1;2;A01
201800030960;2;7;0;0;2;4;23;B01
201800030961;0;7;0;0;1;1;17;A01
201800030962;0;1;0;0;2;0;19;A01
201800030962;0;7;0;0;2;3;1;B01
201800030963;0;7;0;0;1;3;1;A01
201800030964;0;7;0;0;1;3;15;A01
201800030965;1;7;0;0;2;1;2;A01
201800030965;1;7;0;0;2;4;2;B01
201800030965;1;7;0;0;2;1;2;C01
201800030966;1;10;0;15;0;2;0;A01
201800030967;0;7;0;0;2;2;15;A01
201800030967;0;33;0;0;2;1;1;B01
201800030968;0;7;0;0;2;2;15;A01
201800030968;0;1;0;0;2;1;1;B01
201800030969;2;7;0;2;0;2;1;A01
201800030970;0;7;0;0;2;6;1;A01
201800030970;0;7;0;0;2;1;1;B01
201800030971;0;7;0;0;1;1;1;A01
201800030972;2;7;0;0;2;3;1;B01
201800030972;0;10;0;0;2;3;5;A01
201800030973;1;7;0;0;2;3;1;A01
201800030973;2;7;0;0;2;8;15;B01
201800030974;1;7;0;1;0;2;14;A01
201800030975;1;7;0;0;2;4;1;B01
201800030975;1;7;0;0;2;1;2;A01
201800030976;0;7;0;0;2;2;9;A01
201800030976;0;7;0;0;2;3;1;B01
201800030977;0;1;0;0;2;1;1;B01
201800030977;0;7;0;0;2;1;15;A01
201800030978;2;7;0;0;1;1;1;A01
201800030979;2;10;0;0;2;3;16;A01
201800030979;2;7;0;0;2;4;16;B01
201800030980;2;7;0;0;2;1;1;B01
201800030980;1;3;0;0;2;1;13;A01
201800030981;1;31;0;0;2;7;6;B01
201800030981;1;7;0;0;2;1;6;A01
201800030982;1;30;0;0;1;1;1;A01
201800030983;1;7;0;0;2;1;1;B01
201800030983;0;30;0;0;2;3;1;A01
201800030984;0;30;0;0;2;1;1;B01
201800030984;0;7;0;0;2;3;15;A01
201800030985;0;7;0;0;2;3;1;B01
201800030985;0;30;0;0;2;8;13;A01
201800030986;1;30;0;0;2;1;2;A01
201800030986;1;7;0;0;2;4;1;B01
201800030987;1;31;0;0;2;1;1;B01
201800030987;2;7;0;0;2;1;15;A01
201800030988;1;7;0;0;2;1;13;A01
201800030988;2;30;0;0;2;3;11;B01
201800030988;2;10;0;0;2;8;1;D01
201800030988;1;7;0;0;2;3;1;C01
201800030989;2;7;0;0;2;3;19;A01
201800030989;1;33;0;0;2;1;1;B01
201800030990;1;7;0;0;2;2;1;A01
201800030990;2;7;0;0;2;1;1;C01
201800030990;1;7;0;0;2;6;15;B01
201800030991;2;7;0;0;2;1;2;A01
201800030991;2;2;0;0;2;4;1;B01
201800030992;1;7;0;0;2;4;2;B01
201800030992;1;33;0;0;2;1;2;A01
201800030993;1;7;0;0;2;3;1;C01
201800030993;2;2;0;0;2;2;17;A01
201800030993;2;7;0;0;2;8;2;B01
201800030994;1;7;0;0;2;8;15;A01
201800030994;2;7;0;0;2;7;1;B01
201800030995;0;1;0;0;2;1;19;A01
201800030995;0;1;0;0;2;1;1;B01
201800030996;1;2;0;0;2;1;19;A01
201800030996;2;2;0;0;2;1;1;B01
201800030997;0;10;0;0;1;6;5;A01
201800030998;1;1;0;0;2;1;2;A01
201800030998;1;7;0;0;2;4;1;B01
201800030999;1;7;0;0;1;1;1;A01
201800031000;2;2;0;0;2;1;2;A01
201800031000;2;7;0;0;2;6;1;B01
201800031001;0;7;0;0;1;1;16;A01
201800031002;0;16;0;0;1;4;4;A01
201800031003;0;33;0;0;2;1;1;B01
201800031003;0;7;0;0;2;2;15;A01
201800031004;2;7;0;0;2;4;2;B01
201800031004;2;7;0;0;2;1;2;A01
201800031005;1;7;0;0;2;3;1;B01
201800031005;2;7;0;12;2;1;1;A01
201800031006;1;2;0;0;2;1;2;A01
201800031006;1;7;0;0;2;4;2;B01
201800031007;2;33;0;0;2;0;21;A01
201800031007;1;38;1;0;2;1;1;B01
201800031008;2;7;0;0;2;5;9;A01
201800031008;2;7;0;0;2;3;1;B01
201800031009;0;33;0;0;2;1;2;A01
201800031009;0;7;0;0;2;3;15;B01
201800031010;1;7;0;0;2;1;1;A01
201800031010;2;2;0;0;2;1;1;B01
201800031011;2;7;0;0;2;7;15;A01
201800031011;2;1;0;0;2;1;1;B01
201800031012;1;31;0;0;2;0;2;C01
201800031012;1;33;0;0;2;1;2;A01
201800031012;1;2;0;0;2;4;11;B01
201800031013;1;3;0;0;2;8;15;A01
201800031013;1;32;0;0;2;1;17;B01
201800031014;1;7;0;0;1;0;0;Z01
201800031015;1;7;0;0;2;6;11;A01
201800031015;1;31;0;0;2;2;0;B01
201800031016;2;30;0;0;2;1;0;A01
201800031016;2;7;0;0;2;1;1;B01
201800031017;0;7;0;0;1;4;4;A01
201800031018;1;1;0;0;2;1;1;A01
201800031018;1;13;0;0;2;4;23;B01
201800031019;1;7;0;0;2;7;16;A01
201800031019;1;7;0;0;2;8;18;B01
201800031020;0;31;0;0;2;2;9;A01
201800031020;0;7;0;0;2;3;1;B01
201800031021;0;10;0;0;2;3;16;A01
201800031021;0;31;0;0;2;2;1;B01
201800031022;0;7;0;0;1;2;1;A01
201800031023;1;7;0;0;2;4;2;B01
201800031023;1;33;0;0;2;1;2;A01
201800031024;1;7;0;0;2;8;22;A01
201800031024;1;1;0;1;0;1;1;B01
201800031025;2;7;0;0;2;1;14;A01
201800031025;1;33;0;0;2;1;0;B01
201800031026;0;7;0;0;1;4;4;A01
201800031027;1;7;0;0;2;3;9;A01
201800031027;1;31;0;0;2;1;1;B01
201800031028;1;7;0;0;2;4;2;B01
201800031028;1;7;0;0;2;1;2;A01
201800031029;0;30;0;0;2;1;1;B01
201800031029;0;1;0;0;2;1;13;A01
201800031030;2;2;0;0;2;1;2;A01
201800031030;2;7;0;0;2;4;2;B01
201800031031;1;30;0;0;2;1;2;A01
201800031031;1;31;0;0;2;4;2;B01
201800031032;0;7;0;0;2;3;15;B01
201800031032;1;1;0;0;2;1;17;A01
201800031033;1;10;0;0;2;1;2;A01
201800031033;1;7;0;0;2;4;2;B01
201800031034;1;7;0;0;1;1;15;A01
201800031035;0;30;0;0;1;0;1;A01
201800031036;2;7;0;0;2;4;2;C01
201800031036;2;7;0;0;2;1;2;A01
201800031036;2;7;0;0;2;4;2;B01
201800031037;2;7;0;0;2;1;2;A01
201800031037;2;2;0;0;2;4;2;B01
201800031038;2;7;0;0;2;4;2;C01
201800031038;2;7;0;0;2;4;2;B01
201800031038;2;7;0;0;2;1;2;A01
201800031039;1;13;0;0;2;1;0;A01
201800031039;1;13;0;0;2;1;1;B01
201800031040;1;30;0;0;2;1;2;A01
201800031040;1;7;0;0;2;4;2;B01
201800031041;2;7;0;0;2;2;1;B01
201800031041;1;7;0;0;2;3;13;A01
201800031042;1;33;0;0;2;7;17;A01
201800031042;1;7;0;0;2;0;0;B01
201800031043;1;7;0;0;2;1;2;A01
201800031043;1;7;0;0;2;4;2;B01
201800031044;2;7;0;0;2;3;1;B01
201800031044;1;7;0;0;2;3;13;A01
201800031045;2;7;0;0;2;3;17;B01
201800031045;2;7;0;0;2;8;15;A01
201800031046;2;7;0;13;0;0;13;A01
201800031047;1;10;0;0;1;1;1;A01
201800031048;2;10;0;0;2;5;12;A01
201800031048;2;33;0;0;2;8;1;B01
201800031049;0;7;0;0;1;3;1;A01
201800031050;2;33;0;0;5;1;1;A01
201800031051;2;1;0;0;5;1;1;A01
201800031052;1;7;0;0;2;3;19;A01
201800031052;2;2;0;0;2;1;1;B01
201800031053;2;32;0;0;2;2;0;A01
201800031053;2;32;0;0;2;1;18;B01
201800031054;0;2;0;0;2;1;1;B01
201800031054;0;7;0;0;2;3;19;A01
201800031055;1;31;0;0;2;1;1;B01
201800031055;1;7;0;0;2;3;9;A01
201800031056;0;34;0;0;2;1;1;B01
201800031056;0;7;0;0;2;1;15;A01
201800031057;1;7;0;0;2;3;1;B01
201800031057;2;7;0;0;2;2;19;A01
201800031058;1;33;0;0;2;7;2;A01
201800031058;1;33;0;0;2;6;2;B01
201800031059;1;33;0;0;0;0;17;A01
201800031060;1;10;0;0;2;1;1;A01
201800031060;1;7;0;0;2;4;1;B01
201800031061;0;7;0;0;1;4;5;A01
201800031062;2;7;0;0;2;1;2;A01
201800031062;2;7;0;0;2;4;2;D01
201800031062;2;33;0;0;2;9;2;B01
201800031062;2;7;0;0;2;9;2;C01
201800031063;1;7;0;0;2;1;11;A01
201800031063;2;2;0;0;2;7;1;B01
201800031064;1;32;0;0;2;1;17;A01
201800031064;2;33;0;0;2;1;1;B01
201800031065;2;30;0;0;2;1;2;A01
201800031065;2;7;0;0;2;4;2;B01
201800031066;2;31;0;0;1;1;1;A01
201800031067;2;7;0;0;2;4;2;B01
201800031067;2;7;0;0;2;1;2;A01
201800031068;1;7;0;0;2;1;2;A01
201800031068;1;7;0;0;2;5;2;B01
201800031068;1;10;0;0;2;4;2;C01
201800031069;1;1;0;0;2;4;2;B01
201800031069;1;10;0;0;2;1;2;A01
201800031070;0;33;0;0;2;1;13;A01
201800031070;2;7;0;0;2;2;1;B01
201800031071;1;10;0;0;2;2;1;A01
201800031071;1;7;0;0;2;4;1;B01
201800031071;1;7;0;0;0;4;1;C01
201800031072;0;7;0;0;2;1;15;A01
201800031072;0;2;0;0;2;1;1;B01
201800031073;0;7;0;0;2;1;5;A01
201800031073;0;1;0;0;2;1;1;B01
201800031074;2;7;0;0;2;4;1;B01
201800031074;2;10;0;0;2;4;1;C01
201800031074;2;7;0;0;2;1;2;A01
201800031075;0;7;0;0;1;1;1;A01
201800031076;2;7;0;0;0;0;1;A01
201800031077;1;7;0;0;2;4;1;C01
201800031077;1;7;0;0;2;1;1;A01
201800031077;1;7;0;0;2;4;2;B01
201800031078;0;7;0;0;2;3;15;B01
201800031078;0;2;0;1;2;2;17;A01
201800031079;1;7;0;0;1;1;1;A01
201800031080;1;7;0;0;2;4;2;B01
201800031080;2;7;0;0;2;1;1;A01
201800031081;2;7;0;0;0;0;0;A01
201800031082;1;7;0;0;2;5;2;A01
201800031082;1;2;0;0;2;8;18;B01
201800031083;1;7;0;0;2;3;16;A01
201800031083;2;2;0;0;2;3;1;B01
201800031084;1;30;0;0;2;3;13;A01
201800031084;2;7;0;0;2;8;1;B01
201800031085;1;31;0;1;0;0;1;A01
201800031085;2;7;0;0;2;5;24;B01
201800031086;0;2;0;0;2;1;13;A01
201800031086;0;33;0;0;2;1;1;B01
201800031087;2;2;0;0;2;1;1;B01
201800031087;0;7;0;0;2;3;15;A01
201800031088;2;7;0;0;1;1;1;Z01
201800031089;2;33;0;0;0;0;2;B01
201800031089;2;7;0;0;0;0;15;A01
201800031089;2;31;0;0;6;0;1;C01
201800031090;2;17;0;0;2;3;1;B01
201800031090;1;7;0;0;2;1;13;A01
201800031091;1;30;0;0;2;1;1;A01
201800031091;2;7;0;0;2;0;4;Z01
201800031092;2;30;0;0;2;1;2;A01
201800031092;1;7;0;0;2;4;1;B01
201800031093;1;7;0;0;2;5;15;A01
201800031093;2;33;0;0;2;1;1;B01
201800031094;2;7;0;0;2;5;15;C01
201800031094;2;7;0;0;2;0;23;B01
201800031094;2;7;0;0;2;1;2;A01
201800031095;1;7;0;0;1;5;1;A01
201800031096;2;2;0;0;2;0;13;A01
201800031096;1;7;0;0;2;8;1;B01
201800031097;1;7;0;0;2;4;15;B01
201800031097;1;7;0;0;2;1;1;A01
201800031098;2;7;0;0;1;2;0;A01
201800031099;2;7;0;0;1;2;1;A01
201800031100;0;1;0;0;1;1;13;A01
201800031101;2;10;0;0;1;2;1;A01
201800031102;2;1;0;0;2;1;18;B01
201800031102;2;7;0;1;0;2;1;A01
201800031103;2;10;0;0;2;1;1;A01
201800031103;2;7;0;0;2;4;23;B01
201800031104;2;14;0;0;2;3;16;A01
201800031104;0;1;0;0;2;1;0;B01
201800031105;1;7;0;0;1;1;1;A01
201800031106;2;7;0;0;2;1;1;A01
201800031106;2;7;0;0;2;4;1;B01
201800031107;0;30;0;0;6;3;9;A01
201800031107;2;1;0;0;2;2;0;B01
201800031108;1;7;0;0;2;4;2;B01
201800031108;1;7;0;0;2;1;2;A01
201800031109;1;7;0;0;1;1;12;A01
201800031110;2;7;0;6;2;9;0;A01
201800031111;1;33;0;0;2;1;1;B01
201800031111;2;7;0;0;2;2;15;A01
201800031112;2;99;0;0;2;1;1;A01
201800031112;2;7;0;0;2;8;1;B01
201800031113;2;7;0;0;1;2;1;A01
201800031114;2;7;0;0;2;6;1;B01
201800031114;2;30;0;0;2;1;1;A01
201800031115;0;7;0;0;2;2;10;A01
201800031115;0;33;0;0;2;1;1;B01
201800031116;2;33;0;0;2;1;1;B01
201800031116;1;7;0;0;2;3;10;A01
201800031117;2;7;0;0;1;2;17;A01
201800031118;1;10;0;0;1;3;15;A01
201800031119;0;7;0;0;1;4;4;A01
201800031120;2;7;0;0;2;7;1;C01
201800031120;2;7;0;0;2;4;2;D01
201800031120;2;7;0;0;2;1;1;A01
201800031120;2;7;0;0;2;5;2;B01
201800031121;2;7;0;4;0;9;11;A01
201800031122;1;7;0;0;1;2;1;A01
201800031123;0;7;0;1;0;1;13;A01
201800031123;0;37;1;0;2;1;24;B01
201800031124;1;7;0;0;2;1;1;B01
201800031124;2;7;0;0;2;1;15;A01
201800031125;0;1;0;0;2;3;5;A01
201800031125;0;7;0;0;2;1;1;B01
201800031126;0;7;0;1;2;4;15;B01
201800031126;0;7;0;0;2;8;19;C01
201800031126;0;31;0;0;2;1;2;A01
201800031127;1;1;0;0;2;2;15;B01
201800031127;1;7;0;0;2;3;1;A01
201800031128;0;7;0;0;2;2;15;A01
201800031128;0;30;0;0;2;8;1;B01
201800031129;2;7;0;0;2;2;15;A01
201800031129;1;2;0;0;2;1;1;B01
201800031130;2;33;0;0;2;1;1;B01
201800031130;0;7;0;0;2;1;19;A01
201800031131;0;37;3;3;2;7;14;A01
201800031131;0;37;1;0;2;7;1;B01
201800031132;2;7;0;0;2;4;16;A01
201800031132;1;1;0;0;2;5;19;B01
201800031133;2;7;0;15;0;1;14;A01
201800031134;0;7;0;0;1;2;14;A01
201800031135;1;2;0;0;2;1;1;B01
201800031135;2;7;0;0;2;2;15;A01
201800031136;2;33;0;0;2;1;1;B01
201800031136;0;7;0;0;2;5;9;A01
201800031137;0;7;0;0;2;2;1;B01
201800031137;0;7;0;6;2;2;13;A01
201800031138;0;7;0;0;2;1;5;A01
201800031138;0;7;0;6;2;8;1;B01
201800031139;1;7;0;0;1;1;1;A01
201800031140;2;7;0;0;2;2;15;A01
201800031140;0;10;0;0;2;2;1;B01
201800031141;2;7;0;16;1;2;19;A01
201800031142;2;7;0;0;2;2;15;A01
201800031142;;1;0;0;2;8;19;B01
201800031143;2;7;0;1;0;1;0;A01
201800031144;1;7;0;13;0;1;1;A01
201800031145;1;7;0;2;0;1;21;A01
201800031146;2;33;0;0;6;1;1;A01
201800031147;2;20;0;0;0;5;15;B01
201800031147;2;33;0;0;2;1;14;A01
201800031148;2;7;0;0;2;1;1;B01
201800031148;2;7;0;0;2;1;17;A01
201800031149;2;7;0;0;2;1;1;B01
201800031149;1;7;0;0;0;1;13;A01
201800031150;1;7;0;13;0;8;13;A01
201800031151;1;1;0;0;0;1;0;A01
201800031152;2;10;0;0;2;8;15;B01
201800031152;2;33;0;0;2;9;17;A01
201800031153;1;7;0;0;2;2;19;A01
201800031153;2;7;0;0;2;3;1;B01
201800031154;2;7;0;15;0;1;0;A01
201800031155;1;7;0;13;0;1;13;A01
201800031156;1;7;0;0;2;1;0;B01
201800031156;2;7;0;0;2;1;0;A01
201800031157;2;7;0;0;2;3;21;B01
201800031157;1;7;0;13;2;3;13;A01
201800031158;1;7;0;0;1;5;4;A01
201800031159;2;33;0;0;0;1;14;A01
201800031160;1;7;0;0;2;2;19;A01
201800031160;1;33;0;0;2;1;1;B01
201800031161;1;33;0;13;0;8;13;A01
201800031162;1;7;0;0;2;3;13;A01
201800031162;2;7;0;0;2;2;13;B01
201800031163;1;2;0;1;2;1;13;A01
201800031163;2;7;0;0;2;3;1;B01
201800031164;0;14;0;16;0;9;14;A01
201800031165;2;2;0;0;2;1;13;A01
201800031165;1;7;0;0;0;1;1;B01
201800031166;2;7;0;0;2;1;2;A01
201800031166;2;1;0;0;2;4;2;B01
201800031167;1;7;0;0;2;1;2;A01
201800031167;1;1;0;0;2;4;2;C01
201800031167;1;1;0;0;2;4;2;B01
201800031168;2;7;0;2;0;1;14;A01
201800031169;1;2;0;0;0;1;1;A01
201800031170;1;7;0;0;2;7;15;A01
201800031170;2;7;0;0;2;2;1;B01
201800031171;1;7;0;0;1;3;15;A01
201800031172;0;10;0;0;2;5;15;A01
201800031172;1;7;0;0;2;1;8;B01
201800031173;2;7;0;0;2;3;15;B01
201800031173;2;31;0;0;2;1;17;A01
201800031174;0;33;0;0;0;0;7;A01
201800031175;2;7;0;0;2;1;7;A01
201800031175;0;99;0;0;2;0;0;R01
201800031176;1;2;0;0;2;1;17;A01
201800031176;1;7;0;0;2;8;15;B01
201800031177;2;7;0;0;2;1;1;B01
201800031177;1;7;0;0;2;1;1;A01
201800031178;2;7;0;0;2;6;21;B01
201800031178;2;7;0;0;2;1;21;C01
201800031178;1;7;0;0;9;1;1;D01
201800031178;2;7;0;0;2;1;13;A01
201800031179;2;7;0;0;2;3;1;B01
201800031179;0;7;0;0;2;2;15;A01
201800031180;0;7;0;0;1;1;15;A01
201800031181;2;7;0;0;2;1;23;C01
201800031181;2;7;0;0;2;3;1;B01
201800031181;1;7;0;0;2;3;13;A01
201800031182;1;7;0;0;2;4;2;B01
201800031182;1;7;0;0;2;4;2;C01
201800031182;1;7;0;0;2;1;2;A01
201800031183;0;7;0;0;1;1;1;A01
201800031184;0;7;0;0;2;4;1;B01
201800031184;0;7;0;0;0;1;1;A01
201800031185;0;7;0;0;2;1;1;A01
201800031185;0;7;0;0;2;4;23;B01
201800031186;1;7;0;0;2;4;23;C01
201800031186;1;7;0;0;2;9;1;B01
201800031186;1;7;0;0;2;1;1;A01
201800031187;0;7;0;0;2;2;1;B01
201800031187;0;1;0;0;2;8;13;A01
201800031188;0;33;0;0;2;2;1;A01
201800031188;0;7;0;0;2;6;1;B01
201800031189;0;7;0;0;1;1;17;A01
201800031190;0;2;0;0;2;2;1;B01
201800031190;0;7;0;0;2;3;9;A01
201800031191;1;1;0;0;2;1;21;B01
201800031191;1;7;0;0;2;3;9;A01
201800031192;1;7;0;0;2;3;13;A01
201800031192;2;7;0;0;2;3;21;B01
201800031193;1;7;0;0;2;1;13;A01
201800031193;2;14;0;0;2;1;1;B01
201800031194;0;2;0;0;2;1;1;B01
201800031194;0;7;0;0;2;2;13;A01
201800031195;2;7;0;0;2;3;9;A01
201800031195;1;7;0;0;2;2;1;B01
201800031196;0;7;0;0;2;1;1;A01
201800031196;0;7;0;0;2;4;23;B01
201800031197;0;7;0;0;2;6;23;B01
201800031197;0;7;0;0;2;2;15;A01
201800031198;2;7;0;0;2;1;1;B01
201800031198;1;7;0;0;2;1;9;A01
201800031199;1;7;0;0;2;2;1;B01
201800031199;1;7;0;0;2;3;9;A01
201800031200;1;7;0;0;2;4;2;B01
201800031200;1;7;0;0;2;1;2;A01
201800031201;1;33;0;0;2;1;17;B01
201800031201;1;7;0;0;2;3;9;A01
201800031202;0;31;0;0;1;1;1;A01
201800031203;1;7;0;0;2;4;2;B01
201800031203;1;10;0;0;2;1;2;A01
201800031204;1;7;0;0;2;7;15;A01
201800031204;2;33;0;0;2;1;8;B01
201800031205;1;7;0;0;1;1;1;A01
201800031206;0;7;0;0;1;1;1;A01
201800031207;1;7;0;5;0;1;1;A01
201800031208;1;7;0;0;1;2;1;A01
201800031209;1;7;0;0;1;1;1;A01
201800031210;1;7;0;0;2;1;15;A01
201800031210;0;34;0;0;2;1;1;B01
201800031211;1;7;0;0;2;3;15;B01
201800031211;0;31;0;0;2;1;17;A01
201800031212;1;7;0;0;2;1;1;A01
201800031212;1;7;0;0;2;2;9;B01
201800031213;1;7;0;0;2;8;1;B01
201800031213;1;33;0;0;2;2;14;A01
201800031214;0;2;0;0;2;1;8;B01
201800031214;1;7;0;0;2;2;15;A01
201800031215;2;7;0;0;2;1;21;B01
201800031215;1;7;0;0;2;2;15;A01
201800031216;0;33;0;0;2;7;17;B01
201800031216;0;7;0;0;2;8;15;A01
201800031217;1;7;0;0;2;1;1;A01
201800031217;0;1;0;0;2;0;19;B01
201800031218;0;7;0;0;2;1;1;A01
201800031218;0;7;0;0;2;4;1;B01
201800031219;0;7;0;0;2;4;1;B01
201800031219;0;3;0;0;2;1;0;A01
201800031220;0;7;0;0;2;4;1;B01
201800031220;0;33;0;0;2;1;1;A01
201800031221;0;7;0;0;2;2;9;A01
201800031221;0;7;0;0;2;3;1;B01
201800031222;0;7;0;0;1;1;1;A01
201800031223;0;7;0;0;2;1;9;B01
201800031223;0;30;0;0;2;5;1;A01
201800031224;0;1;0;0;2;8;19;B01
201800031224;0;7;0;0;2;1;1;A01
201800031225;0;1;0;0;2;7;0;B01
201800031225;0;7;0;0;2;1;9;A01
201800031226;2;7;0;0;2;8;0;A01
201800031226;2;7;0;0;2;7;1;B01
201800031227;0;7;0;0;2;5;23;B01
201800031227;0;30;0;0;2;1;1;A01
201800031228;0;30;0;0;2;1;1;A01
201800031228;0;7;0;0;2;3;1;B01
201800031229;0;33;0;0;2;1;1;B01
201800031229;0;7;0;0;2;5;15;A01
201800031230;0;7;0;0;2;4;1;B01
201800031230;0;7;0;0;2;1;1;A01
201800031231;0;7;0;0;2;1;2;A01
201800031231;1;7;0;0;2;6;15;B01
201800031232;1;7;0;0;2;2;16;B01
201800031232;0;30;0;0;2;1;7;A01
201800031233;1;7;0;0;2;1;2;A01
201800031233;1;7;0;0;2;4;2;C01
201800031233;0;7;0;0;2;4;2;B01
201800031234;0;7;0;0;1;1;16;Z01
201800031235;0;33;0;0;2;3;17;B01
201800031235;0;7;0;0;2;1;9;A01
201800031236;0;7;0;0;2;1;1;A01
201800031236;0;7;0;0;2;4;1;B01
201800031237;0;7;0;0;2;1;1;A01
201800031237;0;7;0;0;2;1;16;B01
201800031238;0;7;0;0;1;1;1;A01
201800031239;1;7;0;0;2;4;1;B01