num_acc;senc;catv;occutc;obs;obsm;choc;manv;num_veh
201800031239;1;7;0;0;2;1;1;A01
201800031240;0;7;0;0;0;0;0;Z01
201800031240;0;7;0;0;2;7;1;A01
201800031241;0;7;0;0;1;1;1;A01
201800031242;0;7;0;0;2;3;10;A01
201800031242;0;34;0;0;2;1;1;B01
201800031243;0;7;0;0;1;1;0;A01
201800031244;0;7;0;0;1;4;20;A01
201800031245;0;7;0;0;2;2;15;A01
201800031245;0;32;0;0;2;1;1;B01
201800031246;0;7;0;0;2;2;15;A01
201800031246;0;2;0;0;2;3;1;B01
201800031247;2;7;0;0;2;1;14;A01
201800031247;2;7;0;0;2;4;23;B01
201800031248;0;7;0;0;2;1;1;A01
201800031248;0;7;0;0;2;4;1;B01
201800031249;0;7;0;0;2;4;1;B01
201800031249;0;7;0;0;2;1;1;A01
201800031250;0;7;0;0;2;1;9;A01
201800031250;0;7;0;0;2;8;1;B01
201800031251;1;7;0;0;1;1;21;A01
201800031252;1;33;0;0;0;0;1;A01
201800031253;0;7;0;0;1;4;20;A01
201800031254;0;7;0;0;2;1;1;A01
201800031254;0;7;0;0;2;4;1;B01
201800031255;1;7;0;0;2;5;23;B01
201800031255;1;7;0;0;2;3;1;A01
201800031256;0;7;0;0;2;3;15;A01
201800031256;0;33;0;0;2;1;1;B01
201800031257;0;33;0;0;2;1;1;B01
201800031257;0;7;0;0;2;5;13;A01
201800031258;0;7;0;0;2;1;9;A01
201800031258;0;7;0;0;2;1;1;B01
201800031259;0;7;0;0;2;1;1;B01
201800031259;0;7;0;0;2;4;23;C01
201800031259;0;7;0;0;2;1;1;A01
201800031260;0;7;0;0;2;1;12;A01
201800031260;0;1;0;0;2;4;14;B01
201800031261;1;33;0;0;2;7;1;B01
201800031261;1;7;0;0;2;1;9;A01
201800031262;2;1;0;0;2;1;5;A01
201800031262;1;7;0;0;2;1;16;B01
201800031263;0;10;0;0;2;4;4;A01
201800031263;0;31;0;0;2;1;1;B01
201800031264;0;33;0;0;2;6;1;B01
201800031264;0;7;0;0;2;1;9;A01
201800031265;0;7;0;0;2;1;1;A01
201800031265;0;7;0;0;2;4;1;C01
201800031265;0;7;0;0;2;4;1;B01
201800031266;0;7;0;0;1;2;1;A01
201800031267;1;31;0;12;0;1;1;A01
201800031268;1;33;0;0;2;1;17;B01
201800031268;1;7;0;0;2;3;10;A01
201800031269;0;7;0;0;1;1;16;A01
201800031270;0;7;0;0;1;1;16;A01
201800031271;0;7;0;0;1;1;1;A01
201800031272;0;7;0;0;1;1;1;A01
201800031273;1;7;0;0;2;1;20;A01
201800031273;1;2;0;0;2;1;21;B01
201800031274;1;7;0;0;2;4;2;B01
201800031274;1;30;0;0;2;1;2;A01
201800031275;1;30;0;0;2;1;1;A01
201800031275;1;7;0;0;2;1;1;B01
201800031276;0;7;0;0;2;1;1;A01
201800031276;0;7;0;0;2;4;23;B01
201800031277;2;7;0;0;2;8;1;B01
201800031277;2;7;0;0;2;7;17;A01
201800031278;0;7;0;8;0;1;0;A01
201800031279;1;7;0;0;2;2;1;B01
201800031279;1;7;0;0;2;2;1;A01
201800031279;1;7;0;0;0;0;0;Z01
201800031280;0;1;0;0;2;1;1;B01
201800031280;0;7;0;0;2;2;15;A01
201800031281;0;32;0;0;1;1;0;Z01
201800031282;0;7;0;0;2;2;16;A01
201800031282;0;1;0;0;2;1;1;B01
201800031283;1;7;0;0;2;3;13;A01
201800031283;2;7;0;0;2;3;21;B01
201800031284;1;7;0;0;1;1;1;A01
201800031285;0;7;0;0;2;2;1;B01
201800031285;0;1;0;0;2;1;0;A01
201800031286;0;33;0;0;2;1;1;B01
201800031286;0;7;0;0;2;5;0;A01
201800031287;1;33;0;0;2;1;1;B01
201800031287;1;7;0;0;2;3;15;A01
201800031288;1;7;0;0;0;9;0;A01
201800031289;0;30;0;15;0;1;0;A01
201800031290;0;7;0;0;2;3;1;B01
201800031290;0;33;0;0;2;7;17;A01
201800031291;0;7;0;0;1;1;1;A01
201800031292;1;33;0;0;2;1;2;A01
201800031292;1;7;0;0;2;4;2;B01
201800031293;0;7;0;0;2;4;1;B01
201800031293;;7;0;0;2;1;0;A01
201800031294;0;7;0;0;1;2;1;A01
201800031295;0;7;0;0;1;1;1;A01
201800031296;0;7;0;4;2;9;0;A01
201800031296;0;7;0;0;2;6;1;B01
201800031297;1;7;0;0;1;1;1;A01
201800031298;1;7;0;0;2;3;9;A01
201800031298;0;2;0;0;2;1;1;B01
201800031299;0;7;0;0;2;1;1;B01
201800031299;0;33;0;0;2;1;1;C01
201800031299;0;7;0;0;2;4;13;A01
201800031300;0;33;0;0;2;4;1;B01
201800031300;0;7;0;0;2;1;1;A01
201800031301;0;7;0;0;2;1;1;B01
201800031301;0;7;0;0;2;1;9;A01
201800031302;0;7;0;0;2;3;1;A01
201800031302;0;7;0;0;0;0;0;Z01
201800031303;0;7;0;0;1;1;1;A01
201800031304;0;33;0;0;2;1;1;A01
201800031304;0;7;0;0;2;4;1;B01
201800031305;0;7;0;0;2;8;1;B01
201800031305;0;33;0;0;2;1;1;A01
201800031306;1;1;0;0;2;8;2;B01
201800031306;0;7;0;0;2;1;2;A01
201800031307;1;7;0;0;2;4;2;B01
201800031307;1;30;0;0;2;1;2;A01
201800031308;2;7;0;0;1;1;1;A01
201800031309;1;7;0;0;0;0;9;A01
201800031310;2;7;0;0;2;1;2;A01
201800031310;1;7;0;0;2;4;2;B01
201800031310;1;7;0;0;2;4;2;C01
201800031311;1;14;0;0;2;1;2;A01
201800031311;1;7;0;0;2;4;2;B01
201800031312;1;34;0;0;1;1;1;A01
201800031313;1;7;0;0;2;1;12;A01
201800031313;1;1;0;0;2;0;1;B01
201800031314;2;7;0;0;2;1;21;B01
201800031314;1;3;0;0;2;1;13;A01
201800031315;1;7;0;0;2;4;2;B01
201800031315;0;7;0;0;2;1;2;A01
201800031316;1;7;0;0;2;1;2;A01
201800031316;1;7;0;0;2;4;2;B01
201800031317;1;7;0;0;2;2;1;A01
201800031317;0;34;0;0;2;1;21;B01
201800031318;1;7;0;0;2;1;15;A01
201800031318;2;1;0;0;2;8;21;B01
201800031319;2;34;0;0;2;1;21;B01
201800031319;1;7;0;0;2;3;15;A01
201800031320;2;7;0;0;1;1;1;A01
201800031321;2;7;0;0;2;3;1;B01
201800031321;1;7;0;0;2;3;13;A01
201800031322;2;33;0;0;2;1;21;B01
201800031322;1;7;0;0;2;1;15;A01
201800031323;1;7;0;0;2;1;2;A01
201800031323;1;7;0;0;2;4;2;B01
201800031324;1;7;0;0;2;1;5;A01
201800031324;2;7;0;0;2;1;1;B01
201800031325;1;3;0;0;2;0;0;B01
201800031325;1;7;0;0;2;4;0;D01
201800031325;1;7;0;0;2;4;0;E01
201800031325;1;7;0;0;2;0;0;C01
201800031325;0;7;0;0;2;1;9;A01
201800031326;1;33;0;14;0;1;0;A01
201800031327;1;7;0;0;1;1;1;A01
201800031328;0;7;0;0;2;4;1;B01
201800031328;0;7;0;0;2;1;2;A01
201800031329;1;7;0;0;2;8;1;B01
201800031329;0;7;0;0;2;1;1;A01
201800031330;1;7;0;0;2;1;1;A01
201800031330;1;7;0;0;2;4;1;B01
201800031331;2;7;0;0;2;8;11;A01
201800031331;2;2;0;0;2;1;1;B01
201800031332;1;7;0;0;1;1;1;A01
201800031333;0;10;0;0;2;1;1;A01
201800031333;1;10;0;0;2;4;1;B01
201800031334;2;7;0;0;2;4;1;B01
201800031334;2;7;0;0;2;1;1;A01
201800031335;1;7;0;0;1;1;1;A01
201800031336;2;7;0;0;1;1;1;A01
201800031337;2;1;0;0;2;4;2;B01
201800031337;2;7;0;0;6;1;2;A01
201800031338;1;32;0;0;1;1;1;A01
201800031339;2;7;0;0;2;8;2;A01
201800031339;2;31;0;0;2;7;2;B01
201800031340;2;7;0;0;2;1;9;A01
201800031340;2;7;0;0;2;8;2;B01
201800031340;2;7;0;0;2;3;9;C01
201800031341;1;37;20;0;2;6;1;B01
201800031341;2;37;25;0;2;6;1;C01
201800031341;1;32;0;0;2;7;17;A01
201800031342;2;7;0;11;0;1;1;A01
201800031343;1;7;0;0;2;8;1;B01
201800031343;0;7;0;0;2;1;1;A01
201800031344;2;7;0;0;2;4;2;B01
201800031344;2;7;0;0;2;1;2;A01
201800031345;0;1;0;0;2;8;19;B01
201800031345;0;7;0;0;2;1;1;A01
201800031346;0;7;0;0;2;1;15;Z01
201800031346;2;7;0;0;2;1;21;B01
201800031347;1;7;0;0;2;1;2;A01
201800031347;1;7;0;0;2;4;2;B01
201800031348;0;7;0;0;1;1;1;A01
201800031349;1;7;0;0;2;1;1;A01
201800031349;1;7;0;0;2;4;2;B01
201800031349;1;7;0;0;2;4;2;D01
201800031349;1;7;0;0;2;4;2;C01
201800031350;1;7;0;0;1;1;15;A01
201800031351;2;7;0;0;2;4;2;B01
201800031351;2;7;0;0;2;1;1;A01
201800031351;2;10;0;0;2;4;2;C01
201800031352;1;33;0;0;2;3;1;B01
201800031352;0;7;0;0;2;1;15;A01
201800031353;1;7;0;0;1;1;1;A01
201800031354;2;32;0;0;2;1;2;A01
201800031354;2;7;0;0;2;4;1;B01
201800031355;1;7;0;0;1;1;15;A01
201800031356;1;7;0;0;2;1;19;A01
201800031356;1;7;0;0;2;8;1;B01
201800031357;1;7;0;0;2;4;2;B01
201800031357;1;7;0;0;2;1;2;A01
201800031358;1;7;0;0;1;1;1;A01
201800031359;1;33;0;0;2;1;17;B01
201800031359;1;7;0;0;2;6;15;A01
201800031360;1;7;0;0;1;1;1;A01
201800031361;2;31;0;0;2;1;1;B01
201800031361;2;7;0;0;2;8;15;A01
201800031362;2;2;0;0;0;1;1;B01
201800031362;1;7;0;0;2;5;16;A01
201800031363;2;7;0;0;2;1;13;A01
201800031363;1;7;0;0;2;1;1;B01
201800031364;2;7;0;0;1;1;15;A01
201800031365;1;7;0;0;2;4;2;B01
201800031365;1;7;0;0;2;1;2;A01
201800031366;1;7;0;0;1;1;1;A01
201800031367;1;10;0;0;1;2;1;A01
201800031368;2;7;0;1;0;8;15;B01
201800031368;2;7;0;0;2;2;17;A01
201800031369;1;7;0;0;2;2;1;B01
201800031369;1;1;0;0;2;1;15;A01
201800031370;1;7;0;0;1;1;15;A01
201800031371;1;7;0;0;1;1;15;A01
201800031372;1;7;0;0;2;8;15;B01
201800031372;1;7;0;0;2;1;1;A01
201800031373;2;33;0;0;2;1;17;B01
201800031373;0;7;0;0;2;8;10;A01
201800031374;1;7;0;0;2;1;2;A01
201800031374;1;7;0;0;2;4;2;B01
201800031375;1;7;0;0;2;1;13;A01
201800031375;2;7;0;0;2;1;1;B01
201800031376;1;7;0;0;2;5;1;B01
201800031376;1;2;0;0;2;3;13;A01
201800031377;1;7;0;0;1;2;9;A01
201800031378;0;7;0;0;2;1;1;A01
201800031378;0;7;0;0;2;4;1;B01
201800031379;0;7;0;0;2;1;13;A01
201800031379;0;7;0;0;2;1;1;B01
201800031380;0;7;0;0;1;1;0;A01
201800031381;0;7;0;0;2;1;1;A01
201800031381;0;7;0;0;2;4;1;B01
201800031382;1;15;0;0;2;4;23;B01
201800031382;1;7;0;1;0;1;1;A01
201800031383;0;7;0;0;2;1;20;A01
201800031383;0;2;0;0;2;2;17;B01
201800031384;1;7;0;0;2;3;1;B01
201800031384;1;7;0;0;2;5;9;A01
201800031385;0;7;0;0;1;1;1;A01
201800031386;1;7;0;0;2;1;2;A01
201800031386;1;7;0;0;2;4;2;B01
201800031387;1;7;0;0;1;3;1;A01
201800031388;1;10;0;13;0;1;15;A01
201800031389;1;33;0;0;0;1;1;A01
201800031390;1;7;0;0;2;8;1;B01
201800031390;0;7;0;0;2;1;19;A01
201800031391;2;7;0;13;0;3;1;A01
201800031392;1;33;0;13;0;1;15;A01
201800031393;0;36;0;0;0;0;0;A01
201800031394;2;7;0;2;0;6;1;A01
201800031395;1;33;0;0;0;1;1;A01
201800031396;1;36;0;9;0;1;15;A01
201800031397;2;7;0;16;0;9;1;A01
201800031398;0;7;0;0;2;1;9;A01
201800031398;0;2;0;0;2;7;16;B01
201800031399;2;7;0;0;2;6;10;A01
201800031399;2;32;0;0;2;1;1;B01
201800031400;0;1;0;0;2;1;11;A01
201800031400;0;7;0;0;9;2;1;B01
201800031401;0;7;0;16;0;9;1;A01
201800031402;1;7;0;0;2;1;1;A01
201800031402;0;7;0;0;2;3;15;B01
201800031403;1;7;0;0;2;8;1;A01
201800031403;1;2;0;0;2;7;17;B01
201800031404;0;7;0;0;1;4;4;A01
201800031405;2;10;0;0;2;2;13;A01
201800031405;1;7;0;0;2;3;1;B01
201800031406;0;10;0;0;2;6;1;B01
201800031406;0;7;0;0;2;3;13;C01
201800031406;0;7;0;0;2;6;1;A01
201800031407;1;33;0;2;0;1;1;A01
201800031408;1;10;0;0;2;3;16;B01
201800031408;2;2;0;0;2;3;15;A01
201800031409;1;33;0;0;0;2;1;A01
201800031410;2;7;0;7;0;0;14;A01
201800031411;0;7;0;0;1;4;4;A01
201800031412;2;33;0;0;0;7;1;A01
201800031413;1;2;0;0;0;4;1;A01
201800031413;1;7;0;0;2;2;2;B01
201800031414;1;7;0;16;0;9;16;A01
201800031415;2;7;0;0;2;1;1;A01
201800031415;1;33;0;0;2;1;13;B01
201800031416;2;7;0;2;0;0;1;A01
201800031417;2;7;0;13;0;1;1;A01
201800031418;0;7;0;0;1;2;1;A01
201800031419;0;7;0;13;0;1;1;A01
201800031420;1;7;0;2;0;1;1;A01
201800031421;1;1;0;0;9;1;1;A01
201800031421;1;10;0;0;0;0;1;B01
201800031422;1;7;0;0;2;1;13;A01
201800031422;2;7;0;0;2;3;21;B01
201800031423;1;7;0;3;9;1;1;A01
201800031424;1;17;0;0;0;3;1;B01
201800031424;0;7;0;0;0;3;19;A01
201800031425;2;7;0;0;2;3;13;A01
201800031425;1;17;0;0;2;3;0;B01
201800031426;2;7;0;0;2;1;13;A01
201800031426;1;17;0;0;0;0;1;C01
201800031427;1;17;0;0;2;1;1;B01
201800031427;2;7;0;0;2;1;1;A01
201800031428;2;7;0;0;2;1;13;A01
201800031428;1;15;0;0;2;1;5;B01
201800031429;1;1;0;0;2;8;13;B01
201800031429;1;15;0;0;9;5;2;A01
201800031430;2;17;0;0;2;1;1;B01
201800031430;1;7;0;0;2;1;13;A01
201800031431;1;15;0;0;1;1;1;A01
201800031432;0;7;0;0;2;3;1;A01
201800031432;0;38;15;0;2;3;1;B01
201800031433;1;7;0;3;0;2;14;A01
201800031434;2;7;0;4;0;3;0;A01
201800031435;0;7;0;13;0;9;1;A01
201800031436;1;7;0;4;0;3;0;A01
201800031437;1;33;0;0;6;1;0;A01
201800031438;1;7;0;0;0;1;2;A01
201800031438;1;7;0;0;0;4;1;B01
201800031439;2;7;0;0;2;1;2;A01
201800031439;2;7;0;0;0;4;2;B01
201800031440;1;7;0;3;0;6;1;B01
201800031440;1;7;0;0;2;2;2;A01
201800031441;1;7;0;3;0;2;1;A01
201800031442;2;7;0;3;0;1;1;A01
201800031443;2;7;0;3;0;3;0;A01
201800031444;1;7;0;0;2;1;2;A01
201800031444;1;7;0;0;0;4;2;B01
201800031445;1;33;0;0;0;2;1;A01
201800031446;1;10;0;3;0;6;23;A01
201800031446;1;15;0;1;0;2;1;B01
201800031447;1;33;0;0;0;7;1;A01
201800031448;1;2;0;8;0;1;1;A01
201800031449;1;7;0;0;2;8;13;A01
201800031449;1;33;0;0;2;7;16;B01
201800031450;2;7;0;0;2;6;15;A01
201800031450;2;33;0;0;2;1;2;B01
201800031451;2;7;0;0;2;2;19;A01
201800031451;1;33;0;0;2;1;1;B01
201800031452;1;7;0;0;1;2;1;A01
201800031453;2;1;0;0;2;2;1;A01
201800031453;1;7;0;0;2;2;15;B01
201800031454;2;7;0;0;2;3;5;A01
201800031454;1;7;0;0;2;3;1;B01
201800031455;2;7;0;0;2;3;15;A01
201800031455;1;7;0;0;2;1;1;B01
201800031456;2;7;0;0;1;1;1;A01
201800031457;1;7;0;0;2;3;15;A01
201800031457;2;33;0;0;2;8;1;B01
201800031458;0;7;0;0;1;2;0;A01
201800031459;0;2;0;6;2;1;0;A01
201800031459;0;13;0;0;2;3;15;B01
201800031460;2;99;0;0;2;3;1;A01
201800031460;2;99;0;0;2;4;1;B01
201800031460;2;99;0;0;2;4;1;C01
201800031460;2;99;0;0;0;4;1;D01
201800031461;1;7;0;0;2;1;5;A01
201800031461;2;7;0;0;2;1;1;B01
201800031462;1;31;0;12;0;1;1;A01
201800031463;2;33;0;0;2;1;1;B01
201800031463;1;7;0;0;2;2;1;A01
201800031464;0;7;0;2;0;1;1;A01
201800031465;0;2;0;0;2;4;1;A01
201800031465;0;7;0;0;2;2;1;B01
201800031466;1;7;0;0;0;0;17;A01
201800031467;2;10;0;0;2;1;13;A01
201800031467;1;7;0;0;2;1;1;B01
201800031467;2;7;0;0;2;6;1;C01
201800031468;0;33;0;0;2;0;15;B01
201800031468;0;7;0;0;0;0;15;A01
201800031469;0;7;0;0;2;6;15;A01
201800031469;0;7;0;0;2;3;16;B01
201800031470;2;14;0;0;2;3;1;B01
201800031470;2;7;0;4;2;8;14;A01
201800031471;1;7;0;0;2;1;12;A01
201800031471;1;17;0;0;2;0;1;B01
201800031472;2;7;0;1;0;1;1;C01
201800031472;2;10;0;1;0;5;1;B01
201800031472;2;7;0;1;0;1;1;D01
201800031472;2;7;0;0;2;4;23;A01
201800031473;1;7;0;14;2;1;1;A01
201800031473;1;7;0;0;0;4;23;B01
201800031474;2;15;0;4;0;3;2;A01
201800031475;1;7;0;0;0;7;23;B01
201800031475;1;7;0;0;0;8;0;A01
201800031476;1;10;0;3;0;2;24;B01
201800031476;1;15;0;0;2;2;1;A01
201800031477;2;7;0;3;0;9;1;A01
201800031478;1;10;0;0;2;6;2;B01
201800031478;1;10;0;0;2;2;2;C01
201800031478;1;7;0;4;2;1;13;A01
201800031479;1;7;0;3;0;7;1;B01
201800031479;1;7;0;14;2;1;1;A01
201800031480;2;15;0;4;0;1;1;A01
201800031481;1;7;0;4;0;5;2;B01
201800031481;1;7;0;0;2;1;11;A01
201800031482;1;7;0;4;0;1;1;A01
201800031483;2;7;0;0;0;6;2;B01
201800031483;2;7;0;0;2;2;13;A01
201800031484;1;15;0;0;2;2;2;B01
201800031484;1;17;0;1;0;3;21;D01
201800031484;1;7;0;1;0;3;21;C01
201800031484;1;15;0;0;2;4;2;A01
201800031485;2;7;0;0;0;6;23;C01
201800031485;2;7;0;0;0;4;23;B01
201800031485;2;7;0;0;2;1;1;A01
201800031486;2;7;0;1;0;1;2;B01
201800031486;2;7;0;0;0;5;2;C01
201800031486;2;7;0;1;0;3;2;D01
201800031486;2;7;0;0;0;4;1;A01
201800031487;1;7;0;4;0;3;1;A01
201800031488;1;17;0;0;0;6;1;B01
201800031488;1;7;0;0;2;1;2;A01
201800031489;2;7;0;3;0;1;1;A01
201800031490;0;2;0;1;0;2;1;A01
201800031491;2;7;0;0;0;4;1;B01
201800031491;2;2;0;0;2;1;1;A01
201800031492;2;33;0;0;0;0;1;A01
201800031493;2;2;0;0;2;1;1;B01
201800031493;1;7;0;0;2;3;15;A01
201800031494;2;33;0;0;0;0;2;A01
201800031495;1;17;0;16;0;1;2;B01
201800031495;1;33;0;0;0;4;15;A01
201800031496;0;7;0;0;0;9;1;A01
201800031497;1;7;0;8;0;2;16;A01
201800031498;1;7;0;0;0;3;1;A01
201800031499;2;7;0;0;2;3;13;A01
201800031499;1;15;0;4;0;3;1;B01
201800031500;2;15;0;1;0;1;0;A01
201800031500;0;7;0;0;0;1;24;B01
201800031501;2;7;0;0;9;2;17;A01
201800031501;2;1;0;0;0;4;1;B01
201800031502;2;7;0;13;0;7;1;A01
201800031503;0;37;40;0;1;2;1;A01
201800031504;1;7;0;0;2;3;13;A01
201800031504;2;15;0;0;2;3;1;B01
201800031505;2;7;0;0;2;1;13;A01
201800031505;1;17;0;0;2;3;1;B01
201800031506;2;7;0;3;0;2;14;A01
201800031507;2;7;0;0;2;1;13;A01
201800031507;1;17;0;0;2;2;21;B01
201800031508;1;7;0;0;2;1;5;A01
201800031508;2;17;0;0;2;1;1;B01
201800031509;1;7;0;0;2;1;13;A01
201800031509;2;15;0;0;2;1;21;B01
201800031510;2;7;0;7;0;9;1;A01
201800031511;1;10;0;3;2;8;1;B01
201800031511;1;7;0;3;2;2;17;A01
201800031512;2;7;0;0;2;9;17;A01
201800031512;2;17;0;0;2;8;13;B01
201800031513;1;7;0;3;0;3;0;A01
201800031514;1;7;0;0;2;1;0;A01
201800031514;1;17;0;13;0;0;0;B01
201800031515;2;33;0;0;2;7;17;A01
201800031515;2;14;0;0;2;8;15;B01
201800031516;1;7;0;2;0;3;13;A01
201800031517;2;7;0;0;2;4;16;A01
201800031517;2;7;0;0;2;1;16;B01
201800031518;1;7;0;13;0;1;16;A01
201800031519;2;10;0;0;1;1;1;A01
201800031520;2;30;0;0;1;1;3;A01
201800031521;1;7;0;0;2;4;15;B01
201800031521;1;7;0;0;2;1;1;A01
201800031522;2;7;0;0;1;1;1;A01
201800031523;2;7;0;2;0;1;13;A01
201800031524;2;7;0;0;2;4;16;A01
201800031524;2;7;0;0;2;1;16;B01
201800031525;2;7;0;0;2;3;13;A01
201800031525;1;7;0;0;2;8;1;B01
201800031526;1;7;0;16;0;0;1;A01
201800031527;0;7;0;0;0;9;1;A01
201800031528;0;2;0;0;2;8;15;A01
201800031528;0;33;0;0;2;7;17;B01
201800031529;1;31;0;0;2;1;1;B01
201800031529;2;7;0;0;2;2;16;A01
201800031530;0;7;0;0;2;4;1;B01
201800031530;0;31;0;0;2;1;1;A01
201800031531;0;1;0;0;2;1;1;B01
201800031531;0;7;0;0;2;1;1;A01
201800031532;0;7;0;0;2;1;1;B01
201800031532;0;33;0;0;2;0;1;A01
201800031533;0;33;0;0;5;1;1;A01
201800031534;0;7;0;0;6;2;1;A01
201800031534;0;1;0;0;2;4;1;B01
201800031535;1;7;0;0;1;2;15;A01
201800031536;0;7;0;0;2;5;4;B01
201800031536;0;7;0;0;2;6;4;A01
201800031537;1;1;0;0;2;7;1;B01
201800031537;0;7;0;0;6;3;9;A01
201800031538;0;7;0;0;2;3;1;B01
201800031538;0;7;0;0;2;1;15;A01
201800031539;1;7;0;8;0;1;19;A01
201800031540;2;7;0;0;2;1;1;A01
201800031540;2;7;0;0;2;4;9;B01
201800031541;0;7;0;0;2;4;1;B01
201800031541;0;7;0;0;2;1;1;A01
201800031542;1;1;0;0;2;1;1;A01
201800031542;1;7;0;0;6;2;23;B01
201800031543;1;7;0;0;2;2;15;A01
201800031543;2;2;0;0;2;1;1;B01
201800031544;0;7;0;8;2;1;1;B01
201800031544;0;7;0;6;2;3;1;A01
201800031545;0;2;0;0;2;1;16;B01
201800031545;0;7;0;0;2;8;16;A01
201800031546;0;7;0;0;2;4;16;B01
201800031546;0;7;0;0;2;2;1;A01
201800031547;1;7;0;15;0;3;1;A01
201800031548;1;2;0;7;0;1;9;A01
201800031549;0;7;0;6;0;1;0;A01
201800031550;2;7;0;2;0;8;1;A01
201800031551;1;7;0;0;2;1;17;A01
201800031551;1;10;0;0;0;4;1;B01
201800031552;2;7;0;0;2;1;1;A01
201800031552;2;7;0;0;2;8;1;B01
201800031553;1;7;0;16;0;1;13;A01
201800031554;2;7;0;0;1;1;1;A01
201800031555;2;7;0;2;0;1;1;A01
201800031556;1;7;0;0;2;2;15;A01
201800031556;2;33;0;0;2;1;1;B01
201800031557;2;7;0;0;2;6;0;A01
201800031557;2;7;0;0;2;1;1;B01
201800031558;0;7;0;0;1;1;15;A01
201800031559;1;21;0;0;0;4;1;B01
201800031559;1;7;0;0;2;1;2;A01
201800031560;1;7;0;0;2;1;2;A01
201800031560;1;7;0;0;0;4;23;B01
201800031561;1;1;0;0;0;4;2;B01
201800031561;1;7;0;0;9;2;2;A01
201800031562;1;10;0;;;;1;A01
201800031563;2;7;0;0;0;0;1;A01
201800031564;2;7;0;6;0;2;14;A01
201800031565;1;7;0;0;2;3;17;B01
201800031565;2;7;0;0;2;3;5;A01
201800031565;1;7;0;0;9;1;1;C01
201800031566;2;7;0;0;2;3;1;A01
201800031566;2;7;0;0;2;5;23;B01
201800031567;0;30;0;0;0;1;1;A01
201800031568;2;1;0;0;0;4;1;B01
201800031568;2;7;0;0;9;2;1;A01
201800031569;2;2;0;0;2;3;1;A01
201800031569;0;7;0;0;2;8;0;B01
201800031570;1;33;0;3;0;7;1;A01
201800031571;2;7;0;0;1;1;1;A01
201800031572;1;7;0;13;2;9;13;A01
201800031572;2;7;0;0;2;1;1;B01
201800031573;1;33;0;16;0;8;1;A01
201800031574;0;7;0;0;2;3;0;A01
201800031574;0;7;0;0;2;3;0;B01
201800031575;0;7;0;9;2;3;1;B01
201800031575;0;7;0;0;2;1;1;C01
201800031575;0;7;0;0;2;3;1;A01
201800031576;1;7;0;0;2;1;13;A01
201800031576;2;15;0;0;2;1;1;B01
201800031577;2;2;0;0;2;1;1;B01
201800031577;0;7;0;0;2;5;19;A01
201800031578;0;7;0;0;0;3;1;A01
201800031578;0;33;0;0;0;3;1;B01
201800031579;1;10;0;0;1;7;1;A01
201800031580;2;33;0;13;0;8;1;A01
201800031581;0;2;0;12;0;1;13;A01
201800031582;2;7;0;0;2;2;1;B01
201800031582;1;7;0;0;2;3;9;A01
201800031583;1;7;0;1;0;1;21;A01
201800031583;0;99;0;15;0;4;24;B01
201800031584;0;7;0;0;2;3;1;B01
201800031584;0;7;0;0;2;3;13;A01
201800031585;2;33;0;0;6;1;1;A01
201800031586;1;33;0;0;2;1;1;A01
201800031586;0;7;0;0;0;6;15;C01
201800031587;1;7;0;0;2;3;13;A01
201800031587;2;7;0;0;2;3;1;B01
201800031588;2;33;0;0;0;1;1;B01
201800031588;2;7;0;0;0;8;19;A01
201800031589;0;7;0;0;9;2;11;A01
201800031589;0;2;0;0;2;1;1;B01
201800031590;0;7;0;0;1;1;1;A01
201800031591;2;7;0;6;0;1;1;A01
201800031592;2;33;0;0;2;1;1;A01
201800031592;1;7;0;0;2;3;15;B01
201800031593;2;7;0;0;9;7;16;A01
201800031593;1;1;0;0;2;8;17;B01
201800031594;1;7;0;0;2;7;21;B01
201800031594;1;10;0;0;2;3;19;A01
201800031595;1;7;0;5;0;2;19;A01
201800031596;1;7;0;0;0;4;23;B01
201800031596;1;32;0;1;0;1;2;A01
201800031597;1;7;0;0;2;1;13;B01
201800031597;2;7;0;0;2;1;13;A01
201800031598;1;7;0;0;0;1;2;A01
201800031598;1;7;0;0;0;4;2;B01
201800031598;1;7;0;0;0;4;2;C01
201800031599;1;7;0;13;0;0;0;A01
201800031600;0;7;0;8;0;2;13;A01
201800031601;2;33;0;0;0;1;1;B01
201800031601;0;7;0;0;2;8;0;A01
201800031602;0;2;0;0;2;3;14;A01
201800031602;0;7;0;0;2;3;0;B01
201800031603;1;33;0;0;2;1;1;A01
201800031603;2;7;0;0;2;1;1;B01
201800031604;1;7;0;0;2;3;13;A01
201800031604;2;1;0;0;2;1;1;B01
201800031605;1;7;0;0;2;1;1;B01
201800031605;0;10;0;0;2;8;19;A01
201800031606;0;7;0;6;0;1;13;A01
201800031607;2;7;0;13;0;0;17;A01
201800031608;1;3;0;0;2;3;1;A01
201800031608;1;1;0;0;2;7;19;B01
201800031609;0;1;0;0;1;0;15;A01
201800031610;1;7;0;0;2;2;1;B01
201800031610;1;7;0;0;2;1;13;A01
201800031611;2;7;0;0;1;7;1;A01
201800031612;0;7;0;0;0;0;0;B01
201800031612;0;33;0;0;0;0;21;A01
201800031613;1;7;0;0;2;3;1;A01
201800031613;1;1;0;0;2;1;19;B01
201800031614;0;1;0;0;2;8;19;B01
201800031614;1;7;0;0;2;1;19;A01
201800031615;1;7;0;0;1;3;1;A01