num_acc;senc;catv;occutc;obs;obsm;choc;manv;num_veh
201800031616;2;7;0;0;1;1;23;B01
201800031616;2;7;0;0;2;1;2;A01
201800031617;2;13;0;0;2;7;16;A01
201800031617;1;1;0;0;2;1;19;B01
201800031618;2;31;0;0;2;1;1;B01
201800031618;1;10;0;0;2;7;15;A01
201800031619;1;7;0;0;2;1;16;A01
201800031619;1;1;0;0;2;7;1;B01
201800031620;0;10;0;0;1;1;15;A01
201800031621;1;10;0;;1;;;A01
201800031622;1;10;0;0;2;1;15;Z01
201800031622;1;1;0;0;2;8;19;A01
201800031623;1;7;0;0;2;1;1;A01
201800031623;2;7;0;0;2;3;1;B01
201800031624;1;7;0;0;1;1;15;A01
201800031625;1;7;0;0;2;1;1;A01
201800031625;1;7;0;8;2;4;1;B01
201800031626;1;7;0;1;0;1;19;A01
201800031627;1;7;0;0;2;1;1;A01
201800031627;1;33;0;0;2;4;11;B01
201800031628;2;14;0;13;0;1;13;A01
201800031629;1;10;0;0;2;6;1;A01
201800031629;2;34;0;0;2;1;1;B01
201800031630;1;1;0;0;4;1;1;A01
201800031630;2;40;0;0;2;2;1;B01
201800031631;1;32;0;0;1;1;17;A01
201800031632;1;7;0;0;1;1;1;A01
201800031633;1;7;0;0;2;2;1;A01
201800031633;1;1;0;0;2;1;19;B01
201800031634;1;7;0;0;1;1;16;A01
201800031635;1;7;0;0;1;1;16;A01
201800031636;1;7;0;0;1;1;1;A01
201800031637;1;7;0;1;0;1;1;Z01
201800031638;1;7;0;0;2;5;1;B01
201800031638;1;7;0;0;2;3;11;A01
201800031638;1;7;0;0;2;5;2;D01
201800031638;1;7;0;0;2;2;2;C01
201800031639;1;1;0;0;2;0;1;B01
201800031639;1;1;0;0;2;0;1;A01
201800031640;1;7;0;0;2;1;17;A01
201800031640;1;7;0;0;2;3;1;B01
201800031641;1;7;0;0;1;2;1;A01
201800031642;1;10;0;0;2;7;15;A01
201800031642;2;31;0;0;2;1;1;B01
201800031643;1;7;0;0;1;1;1;A01
201800031644;1;7;0;0;1;2;1;A01
201800031645;1;7;0;0;1;2;20;A01
201800031646;1;7;0;0;2;2;1;B01
201800031646;1;7;0;0;2;1;19;A01
201800031647;1;10;0;0;1;1;1;Z01
201800031648;1;1;0;0;2;7;1;B01
201800031648;1;7;0;0;2;1;19;A01
201800031649;1;7;0;0;2;1;16;B01
201800031649;1;1;0;0;2;6;16;A01
201800031650;1;7;0;0;2;4;2;B01
201800031650;1;7;0;0;2;1;1;A01
201800031651;1;7;0;0;2;1;1;A01
201800031651;1;7;0;0;2;4;1;B01
201800031652;1;7;0;0;1;2;1;A01
201800031653;1;40;1;0;1;2;1;A01
201800031654;1;7;0;0;1;2;1;A01
201800031655;1;33;0;0;2;0;1;B01
201800031655;1;10;0;0;2;8;1;A01
201800031656;1;40;1;0;1;1;1;A01
201800031657;1;7;0;0;2;1;1;B01
201800031657;1;7;0;0;2;7;15;A01
201800031658;1;7;0;0;2;1;16;A01
201800031658;0;1;0;0;2;8;1;B01
201800031659;1;7;0;0;2;1;16;B01
201800031659;1;31;0;0;2;8;19;A01
201800031660;1;7;0;0;2;1;1;B01
201800031660;1;10;0;0;2;7;15;A01
201800031661;1;2;0;0;2;1;1;B01
201800031661;1;7;0;0;2;7;15;A01
201800031662;1;7;0;0;2;2;15;A01
201800031662;1;33;0;0;2;2;1;B01
201800031663;1;1;0;0;2;0;1;A01
201800031663;1;7;0;0;2;1;1;B01
201800031664;1;7;0;14;1;1;16;A01
201800031665;1;7;0;0;1;1;1;Z01
201800031666;1;30;0;0;2;1;1;B01
201800031666;1;7;0;0;2;3;9;A01
201800031667;1;7;0;0;1;7;1;A01
201800031668;1;7;0;0;2;4;2;A01
201800031668;1;7;0;0;2;1;2;B01
201800031669;1;3;0;0;2;1;1;B01
201800031669;2;7;0;0;2;3;1;C01
201800031669;1;7;0;0;2;2;13;A01
201800031670;1;7;0;0;2;2;1;B01
201800031670;1;7;0;0;2;2;15;A01
201800031671;1;7;0;0;2;2;1;C01
201800031671;1;7;0;0;2;2;16;B01
201800031671;1;7;0;0;2;2;16;A01
201800031672;1;7;0;0;2;1;10;A01
201800031672;1;7;0;1;2;8;1;B01
201800031673;1;7;0;0;1;1;1;A01
201800031674;1;10;0;0;1;4;4;A01
201800031675;1;7;0;0;2;1;15;A01
201800031675;1;1;0;0;2;8;19;B01
201800031676;1;1;0;0;1;1;1;A01
201800031677;1;7;0;0;2;3;1;Z01
201800031677;1;1;0;0;2;3;1;A01
201800031678;2;37;0;0;2;3;1;B01
201800031678;1;7;0;0;2;1;13;A01
201800031679;1;7;0;0;1;4;4;A01
201800031680;1;1;0;0;4;1;1;A01
201800031680;1;40;0;0;2;1;1;B01
201800031681;1;7;0;0;2;2;15;A01
201800031681;2;31;0;0;2;7;1;B01
201800031682;1;7;0;0;1;1;1;A01
201800031683;2;31;0;0;2;1;1;B01
201800031683;1;7;0;0;2;1;15;A01
201800031684;1;40;1;0;1;3;1;A01
201800031685;1;7;0;0;2;1;15;A01
201800031685;2;31;0;0;2;1;1;B01
201800031686;1;7;0;0;2;1;15;A01
201800031686;2;1;0;0;2;7;19;B01
201800031687;1;7;0;0;1;2;1;A01
201800031688;1;7;0;0;1;1;1;A01
201800031689;1;7;0;0;2;1;1;A01
201800031689;2;2;0;0;2;7;17;B01
201800031690;1;1;0;0;2;8;19;A01
201800031690;1;7;0;0;2;2;1;Z01
201800031691;1;7;0;0;2;2;16;A01
201800031691;2;1;0;0;2;1;19;B01
201800031692;1;7;0;0;1;4;4;A01
201800031693;1;7;0;0;2;1;1;B01
201800031693;1;7;0;0;2;7;1;A01
201800031694;1;7;0;15;0;2;14;A01
201800031695;1;7;0;0;2;3;13;A01
201800031695;1;3;0;0;2;5;15;C01
201800031695;1;7;0;0;2;2;15;B01
201800031696;1;1;0;0;2;1;19;B01
201800031696;1;7;0;0;2;1;1;A01
201800031697;2;7;0;0;2;1;1;B01
201800031697;1;14;0;0;2;3;15;A01
201800031698;1;7;0;0;1;2;15;Z01
201800031699;1;1;0;0;2;1;5;A01
201800031699;2;7;0;0;2;1;1;B01
201800031700;1;10;0;0;2;8;22;A01
201800031700;1;1;0;1;0;1;1;B01
201800031701;1;14;0;0;2;4;1;A01
201800031701;1;1;0;0;2;0;18;B01
201800031702;2;1;0;0;2;1;19;A01
201800031702;2;10;0;0;2;2;1;B01
201800031703;1;7;0;0;1;1;1;A01
201800031704;1;7;0;0;2;1;1;A01
201800031704;1;7;0;0;2;4;1;B01
201800031705;1;7;0;0;1;1;1;A01
201800031706;1;10;0;0;1;4;0;A01
201800031707;1;1;0;0;2;1;9;B01
201800031707;1;7;0;0;2;2;1;A01
201800031708;2;1;0;0;2;8;19;B01
201800031708;1;7;0;0;2;1;1;A01
201800031709;1;1;0;0;2;1;1;A01
201800031709;1;10;0;0;2;2;2;Z01
201800031710;1;7;0;0;2;2;15;A01
201800031710;2;2;0;0;2;6;1;B01
201800031711;1;7;0;1;0;1;13;A01
201800031712;1;7;0;0;2;1;2;A01
201800031712;1;7;0;0;2;4;2;B01
201800031713;1;7;0;0;1;1;1;A01
201800031714;1;7;0;0;1;2;1;A01
201800031715;1;1;0;0;2;7;0;B01
201800031715;1;7;0;0;2;1;15;A01
201800031716;1;31;0;0;2;1;1;A01
201800031716;1;7;0;0;2;5;1;B01
201800031717;1;40;60;0;1;1;1;A01
201800031718;1;7;0;8;2;1;19;A01
201800031718;0;7;0;0;2;3;1;B01
201800031719;1;7;0;0;1;4;4;Z01
201800031720;1;7;0;1;0;2;21;A01
201800031721;1;7;0;0;1;1;16;A01
201800031722;1;7;0;0;2;1;1;A01
201800031722;2;7;0;0;2;1;15;B01
201800031723;2;7;0;0;2;8;19;B01
201800031723;1;7;0;0;2;1;19;A01
201800031724;1;7;0;0;1;1;1;Z01
201800031725;1;7;0;0;1;2;4;A01
201800031726;1;1;0;0;2;8;1;A01
201800031726;2;7;0;0;2;1;16;Z01
201800031727;1;37;41;0;1;6;23;A01
201800031728;1;7;0;0;1;1;1;A01
201800031729;1;30;0;15;0;1;14;A01
201800031730;1;7;0;0;4;6;15;A01
201800031730;1;40;40;0;2;1;1;B01
201800031731;1;30;0;0;2;1;1;A01
201800031731;1;7;0;0;2;6;0;B01
201800031732;1;7;0;0;2;8;24;A01
201800031732;1;7;0;1;0;4;4;B01
201800031733;1;7;0;0;2;1;15;A01
201800031733;2;1;0;0;2;8;19;B01
201800031734;1;7;0;1;0;1;1;A01
201800031735;1;7;0;0;2;1;1;A01
201800031735;2;7;0;0;2;1;1;B01
201800031736;1;7;0;0;2;3;1;A01
201800031736;2;7;0;0;2;3;1;B01
201800031737;1;32;0;0;2;1;1;A01
201800031737;1;7;0;0;2;8;15;B01
201800031738;1;7;0;0;2;1;2;A01
201800031738;1;10;0;0;2;4;0;B01
201800031739;2;1;0;0;2;0;1;B01
201800031739;1;7;0;0;2;2;19;A01
201800031740;1;7;0;0;2;8;15;A01
201800031740;2;7;0;0;0;0;0;B01
201800031741;1;1;0;0;2;1;1;A01
201800031741;2;7;0;0;2;2;15;B01
201800031742;1;7;0;0;2;7;0;A01
201800031742;2;1;0;0;2;8;0;B01
201800031743;1;7;0;0;2;2;15;A01
201800031743;2;1;0;0;2;1;1;B01
201800031744;1;7;0;0;2;3;15;A01
201800031744;2;30;0;0;2;1;1;B01
201800031745;1;7;0;0;2;1;1;A01
201800031745;2;7;0;0;2;7;19;B01
201800031746;2;1;0;0;2;7;0;B01
201800031746;1;10;0;0;2;1;15;A01
201800031747;1;1;0;0;2;1;1;B01
201800031747;1;14;0;0;2;7;16;A01
201800031748;1;7;0;0;1;1;1;A01
201800031749;1;7;0;0;2;3;10;A01
201800031749;1;32;0;0;2;1;17;B01
201800031750;1;7;0;0;2;1;2;A01
201800031750;1;7;0;0;2;4;2;B01
201800031751;1;7;0;0;1;2;1;A01
201800031752;1;7;0;0;1;1;1;A01
201800031753;1;7;0;0;2;3;9;A01
201800031753;1;1;0;0;2;1;1;B01
201800031754;2;1;0;0;2;1;1;B01
201800031754;1;7;0;0;2;3;15;A01
201800031755;2;33;0;0;2;0;1;B01
201800031755;1;7;0;0;2;2;15;A01
201800031756;1;32;0;15;0;0;0;A01
201800031757;1;7;0;0;2;1;2;A01
201800031757;1;7;0;0;2;4;23;B01
201800031758;1;30;0;0;1;5;1;A01
201800031759;2;7;0;0;2;5;1;B01
201800031759;1;7;0;0;2;1;1;A01
201800031760;1;7;0;0;2;1;1;A01
201800031760;1;7;0;0;2;5;1;B01
201800031761;1;7;0;0;2;1;1;A01
201800031761;2;33;0;0;2;7;1;B01
201800031762;2;7;0;0;2;6;2;B01
201800031762;1;30;0;0;2;7;2;A01
201800031763;1;20;0;0;2;4;0;A01
201800031763;2;7;0;0;2;1;1;B01
201800031764;1;2;0;0;2;1;15;A01
201800031764;2;7;0;0;2;1;1;B01
201800031765;1;1;0;0;2;7;19;A01
201800031765;2;37;20;0;2;1;1;B01
201800031766;1;1;0;0;2;8;1;B01
201800031766;1;7;0;0;2;1;16;A01
201800031767;1;7;0;0;2;1;1;A01
201800031767;1;7;0;0;2;4;1;B01
201800031768;2;7;0;0;2;3;24;B01
201800031768;1;10;0;1;0;5;4;A01
201800031769;1;7;0;0;2;1;1;A01
201800031769;2;10;0;0;2;3;15;B01
201800031770;1;7;0;0;1;2;1;A01
201800031771;1;7;0;0;1;1;2;Z01
201800031772;1;7;0;13;0;8;0;A01
201800031773;1;7;0;0;2;0;1;Z01
201800031773;2;1;0;0;2;0;0;A01
201800031774;1;7;0;0;2;3;15;A01
201800031774;2;7;0;0;2;5;1;B01
201800031775;2;1;0;0;2;1;1;B01
201800031775;1;7;0;0;2;3;15;A01
201800031776;2;2;0;0;2;0;1;B01
201800031776;1;7;0;0;2;1;11;A01
201800031777;1;2;0;0;2;1;2;A01
201800031777;1;7;0;0;2;5;2;B01
201800031778;2;7;0;0;2;1;1;B01
201800031778;1;7;0;0;2;1;15;A01
201800031779;1;7;0;9;0;1;14;A01
201800031780;1;1;0;0;2;8;2;B01
201800031780;1;7;0;0;2;7;2;A01
201800031781;1;7;0;0;1;4;4;A01
201800031782;1;7;0;0;2;1;1;A01
201800031782;2;2;0;0;0;0;0;Z01
201800031783;1;10;0;0;2;1;2;A01
201800031783;1;7;0;0;2;4;2;B01
201800031784;1;7;0;0;2;3;1;B01
201800031784;1;7;0;0;2;1;15;A01
201800031785;1;7;0;0;2;7;15;A01
201800031785;2;7;0;0;2;1;1;B01
201800031786;2;1;0;0;2;1;1;B01
201800031786;1;1;0;0;2;1;17;A01
201800031787;1;10;0;0;2;3;2;A01
201800031787;1;7;0;0;2;5;2;B01
201800031788;2;7;0;0;2;7;1;B01
201800031788;1;1;0;0;2;1;16;A01
201800031789;1;7;0;0;0;0;0;A01
201800031789;1;7;0;0;2;1;1;B01
201800031790;1;7;0;0;1;1;15;A01
201800031791;1;7;0;0;2;7;1;A01
201800031791;1;1;0;0;2;8;0;B01
201800031792;1;7;0;0;1;1;2;A01
201800031793;1;7;0;0;2;6;1;A01
201800031793;2;1;0;0;2;1;16;B01
201800031794;1;7;0;0;2;1;2;A01
201800031794;1;7;0;0;2;4;2;B01
201800031795;1;7;0;0;2;1;1;A01
201800031795;2;1;0;0;2;2;19;B01
201800031796;1;1;0;1;0;1;1;B01
201800031796;1;7;0;0;2;8;24;A01
201800031797;1;7;0;0;1;1;16;A01
201800031798;1;30;0;0;2;3;2;A01
201800031798;1;7;0;0;2;2;2;B01
201800031799;1;33;0;0;5;1;1;A01
201800031800;1;7;0;0;1;1;15;A01
201800031801;1;7;0;0;2;1;2;A01
201800031801;1;7;0;0;2;4;2;B01
201800031802;1;7;0;0;2;5;17;A01
201800031802;2;33;0;0;2;1;1;B01
201800031803;2;2;0;0;2;1;1;B01
201800031803;1;7;0;0;2;8;0;A01
201800031804;1;1;0;0;2;2;2;B01
201800031804;1;1;0;0;2;1;18;A01
201800031805;1;7;0;0;2;1;15;A01
201800031805;2;31;0;0;2;1;1;B01
201800031806;1;14;0;0;2;3;2;B01
201800031806;1;7;0;0;2;5;15;A01
201800031807;1;7;0;0;1;3;1;A01
201800031808;1;10;0;0;1;1;1;Z01
201800031809;2;1;0;0;2;0;19;B01
201800031809;1;7;0;0;2;1;1;A01
201800031810;1;7;0;0;2;4;23;C01
201800031810;1;7;0;0;2;1;2;A01
201800031810;1;7;0;0;2;1;2;B01
201800031811;1;7;0;2;0;2;1;A01
201800031812;2;33;0;0;2;8;1;B01
201800031812;1;7;0;0;2;1;15;A01
201800031813;1;32;0;0;2;4;2;A01
201800031813;1;7;0;0;2;1;2;Z01
201800031814;1;7;0;0;2;2;1;A01
201800031814;2;33;0;0;2;2;15;B01
201800031815;1;7;0;0;2;2;16;A01
201800031815;1;31;0;0;2;7;1;B01
201800031816;1;10;0;0;2;2;2;A01
201800031816;1;7;0;0;2;4;1;B01
201800031816;1;7;0;0;2;4;2;C01
201800031817;1;37;53;0;2;4;2;B01
201800031817;1;10;0;0;2;2;1;A01
201800031818;1;33;0;0;2;1;1;A01
201800031818;1;20;0;0;2;8;1;B01
201800031819;1;1;0;0;2;8;19;A01
201800031819;1;7;0;0;2;7;16;B01
201800031820;1;7;0;0;2;4;2;A01
201800031820;1;7;0;0;2;1;2;B01
201800031821;1;7;0;0;1;1;15;A01
201800031822;1;7;0;0;2;4;7;B01
201800031822;1;2;0;0;2;1;1;A01
201800031823;2;1;0;0;2;8;19;B01
201800031823;1;7;0;0;2;2;15;A01
201800031824;1;7;0;0;2;1;1;A01
201800031824;2;7;0;1;2;9;1;B01
201800031825;1;7;0;15;0;1;1;A01
201800031826;1;2;0;15;0;1;1;A01
201800031827;1;1;0;0;4;3;1;B01
201800031827;1;40;100;0;2;2;1;A01
201800031828;1;1;0;0;2;1;1;B01
201800031828;1;7;0;0;2;5;16;A01
201800031829;1;7;0;0;2;7;16;A01
201800031829;2;1;0;0;2;1;1;B01
201800031830;1;7;0;0;2;3;15;A01
201800031830;1;7;0;0;2;3;1;B01
201800031831;1;7;0;0;2;3;1;A01
201800031831;2;7;0;0;2;6;15;B01
201800031832;1;7;0;0;1;1;1;A01
201800031833;1;7;0;0;1;2;1;A01
201800031834;1;2;0;0;1;1;17;A01
201800031835;1;1;0;0;2;1;5;A01
201800031835;2;1;0;0;2;1;1;B01
201800031836;1;7;0;0;2;2;4;A01
201800031836;1;1;0;0;2;2;1;B01
201800031837;1;1;0;0;2;1;1;B01
201800031837;1;7;0;0;2;3;16;A01
201800031838;1;1;0;0;2;8;19;A01
201800031838;2;7;0;0;2;3;1;B01
201800031839;2;32;0;1;2;8;0;B01
201800031839;1;7;0;0;2;3;15;A01
201800031840;2;33;0;0;2;3;1;B01
201800031840;1;7;0;0;2;1;15;A01
201800031841;1;1;0;0;2;3;0;A01
201800031841;2;1;0;1;2;8;1;B01
201800031842;1;7;0;0;2;0;16;A01
201800031842;2;1;0;0;2;0;1;B01
201800031843;1;10;0;0;1;6;4;A01
201800031844;1;7;0;0;2;2;17;A01
201800031844;1;2;0;0;2;3;13;B01
201800031845;1;7;0;0;2;1;1;A01
201800031845;1;7;0;0;2;4;23;B01
201800031846;1;31;0;0;2;1;1;A01
201800031846;1;32;0;0;2;1;1;Z01
201800031847;1;1;0;0;1;1;1;A01
201800031848;1;33;0;0;2;7;1;B01
201800031848;1;7;0;0;2;1;15;A01
201800031849;1;2;0;0;2;7;19;B01
201800031849;1;7;0;0;2;1;1;A01
201800031850;1;7;0;0;1;1;15;A01
201800031851;1;7;0;0;2;1;1;A01
201800031851;1;1;0;0;2;5;19;B01
201800031852;1;7;0;14;0;1;1;A01
201800031853;1;7;0;0;1;3;15;A01
201800031853;1;7;0;0;2;5;2;B01
201800031854;1;7;0;0;2;4;1;B01
201800031854;1;7;0;0;2;1;1;A01
201800031855;1;7;0;0;2;5;1;A01
201800031855;1;2;0;0;2;8;1;B01
201800031856;1;7;0;0;2;1;1;A01
201800031856;1;7;0;0;2;4;1;B01
201800031857;1;7;0;0;2;2;0;A01
201800031857;1;3;0;0;2;1;1;B01
201800031858;1;7;0;6;0;0;14;A01
201800031859;1;1;0;0;2;8;1;A01
201800031859;1;30;0;0;2;7;1;Z01
201800031860;1;7;0;0;2;1;1;C01
201800031860;1;7;0;0;2;4;1;A01
201800031860;1;7;0;0;2;4;1;B01
201800031861;2;1;0;0;2;1;16;B01
201800031861;1;7;0;0;2;3;15;A01
201800031862;2;7;0;0;2;2;1;B01
201800031862;1;7;0;0;2;5;15;A01
201800031863;2;1;0;0;2;8;1;B01
201800031863;1;10;0;0;2;2;1;A01
201800031864;1;40;50;0;2;1;1;B01
201800031864;1;33;0;0;4;7;23;A01
201800031865;2;7;0;0;2;5;1;B01
201800031865;1;1;0;0;2;1;19;A01
201800031866;0;1;0;0;2;0;1;B01
201800031866;1;7;0;0;2;0;15;A01
201800031867;1;7;0;0;1;3;1;A01
201800031868;1;7;0;2;0;1;14;A01
201800031869;1;7;0;0;2;4;2;B01
201800031869;1;30;0;0;2;2;2;A01
201800031870;1;2;0;0;2;5;1;A01
201800031870;2;7;0;0;2;1;16;B01
201800031871;2;7;0;0;2;2;16;B01
201800031871;1;7;0;0;2;2;17;A01
201800031872;1;7;0;0;2;1;13;A01
201800031872;2;7;0;0;2;1;1;B01
201800031873;1;1;0;0;1;1;15;A01
201800031874;1;7;0;0;1;5;16;A01
201800031875;1;7;0;0;2;3;1;A01
201800031875;2;2;0;0;2;3;1;B01
201800031876;1;30;0;8;0;0;13;A01
201800031877;1;1;0;0;1;1;1;A01
201800031878;1;7;0;1;0;2;14;A01
201800031879;1;7;0;1;0;1;14;A01
201800031880;1;7;0;8;2;3;1;B01
201800031880;1;7;0;0;2;2;12;A01
201800031881;1;7;0;0;2;8;24;A01
201800031881;1;1;0;1;0;1;1;B01
201800031882;1;1;0;0;2;0;0;B01
201800031882;1;7;0;0;2;2;16;A01
201800031883;1;7;0;0;2;1;2;A01
201800031883;1;7;0;0;2;4;2;B01
201800031884;1;7;0;1;0;1;14;A01
201800031885;1;30;0;0;2;0;17;A01
201800031885;1;10;0;0;2;6;1;B01
201800031886;2;1;0;0;2;1;1;B01
201800031886;1;7;0;0;2;2;15;A01
201800031887;2;33;0;0;2;3;1;B01
201800031887;1;7;0;0;2;1;8;A01
201800031888;1;30;0;0;2;7;17;A01
201800031888;2;7;0;0;2;3;15;B01
201800031889;2;1;0;0;2;5;19;B01
201800031889;1;7;0;0;2;1;15;A01
201800031890;1;1;0;0;2;1;19;A01
201800031890;1;7;0;0;2;0;0;B01
201800031891;1;7;0;0;2;4;2;C01
201800031891;1;7;0;0;2;4;2;B01
201800031891;1;10;0;0;2;1;2;A01
201800031892;1;7;0;13;0;1;14;A01
201800031893;1;7;0;13;0;1;14;A01
201800031894;1;7;0;0;2;3;15;A01
201800031894;1;30;0;0;2;7;1;B01
201800031895;1;7;0;0;2;3;15;A01
201800031895;2;7;0;0;2;2;1;B01
201800031896;1;7;0;0;1;1;1;A01
201800031897;1;7;0;0;1;2;1;A01
201800031898;1;1;0;14;6;1;1;A01
201800031899;1;7;0;8;0;1;0;A01
201800031900;2;1;0;0;2;1;5;B01
201800031900;1;1;0;0;2;1;5;A01
201800031901;1;7;0;0;1;1;15;Z01
201800031902;1;31;0;0;2;2;1;B01
201800031902;1;7;0;0;2;1;15;A01
201800031903;1;7;0;1;2;1;15;A01
201800031903;2;7;0;0;2;1;1;B01
201800031904;1;14;0;0;2;5;15;A01
201800031904;1;33;0;0;2;7;1;B01
201800031905;1;1;0;0;1;8;0;A01
201800031906;1;7;0;0;2;1;2;A01
201800031906;1;7;0;0;2;6;2;C01
201800031906;1;7;0;0;2;4;2;B01
201800031907;1;7;0;0;2;4;23;B01
201800031907;1;7;0;0;2;0;0;Z01
201800031908;2;7;0;0;2;1;1;B01
201800031908;1;7;0;0;2;7;1;A01
201800031909;2;31;0;0;2;8;1;B01
201800031909;1;7;0;0;2;3;15;A01
201800031910;1;1;0;0;2;1;1;A01
201800031910;1;7;0;1;2;3;1;B01
201800031911;1;7;0;9;0;7;14;A01
201800031912;2;31;0;0;2;1;1;B01
201800031912;1;7;0;0;2;2;15;A01
201800031913;1;7;0;0;2;1;15;B01
201800031913;1;7;0;0;2;1;1;A01
201800031914;1;30;0;1;0;0;13;A01
201800031915;1;1;0;0;2;1;19;A01
201800031915;1;7;0;0;2;1;1;B01
201800031916;2;7;0;0;1;0;1;A01
201800031917;2;1;0;0;2;1;19;B01
201800031917;1;7;0;0;2;1;1;A01
201800031918;1;7;0;0;1;1;1;A01
201800031919;1;7;0;0;1;0;1;A01
201800031920;1;1;0;0;2;1;19;B01
201800031920;1;7;0;0;2;2;1;A01
201800031921;2;2;0;0;2;6;16;B01
201800031921;1;14;0;0;2;0;16;A01
201800031922;1;7;0;7;2;3;1;A01
201800031922;2;1;0;0;2;1;1;B01
201800031923;1;7;0;0;1;2;1;A01
201800031924;2;1;0;0;2;3;1;B01
201800031924;1;7;0;0;2;2;20;A01
201800031925;1;10;0;0;2;1;2;A01
201800031925;1;10;0;0;2;4;1;B01
201800031926;1;7;0;0;1;1;0;A01
201800031927;1;1;0;0;2;1;1;A01
201800031927;2;10;0;0;2;3;1;B01
201800031928;1;2;0;0;2;5;1;A01
201800031928;1;7;0;0;2;2;1;B01
201800031929;2;7;0;0;2;2;15;B01
201800031929;1;2;0;0;2;3;16;A01
201800031930;1;7;0;0;2;2;1;A01
201800031930;2;1;0;0;2;8;19;B01
201800031931;1;7;0;0;1;1;1;A01
201800031932;0;30;0;15;0;0;0;Z01
201800031933;1;7;0;0;2;4;2;B01
201800031933;1;3;0;0;2;1;2;A01
201800031934;1;40;66;0;1;1;1;A01
201800031935;1;7;0;0;2;1;0;B01
201800031935;1;1;0;0;2;1;19;A01
201800031936;2;33;0;0;2;6;1;B01
201800031936;1;7;0;0;2;1;1;A01
201800031937;1;40;66;0;1;1;1;A01
201800031938;1;7;0;0;2;3;1;A01
201800031938;2;1;0;0;2;2;19;B01
201800031939;1;1;0;0;2;1;1;A01
201800031939;2;7;0;0;2;3;1;B01
201800031940;2;1;0;0;2;1;1;B01
201800031940;1;7;0;0;2;2;1;A01
201800031941;1;1;0;0;2;0;9;A01
201800031941;2;1;0;0;2;0;1;Z01
201800031942;1;7;0;0;2;2;1;A01
201800031942;2;1;0;0;2;8;10;B01
201800031943;1;7;0;0;2;1;1;A01
201800031943;1;7;0;0;2;4;15;B01
201800031944;1;7;0;0;2;0;9;A01
201800031944;2;1;0;0;2;3;1;B01
201800031945;1;7;0;0;1;2;1;A01
201800031946;2;1;0;0;2;1;15;B01
201800031946;1;7;0;0;2;3;15;A01
201800031947;1;1;0;0;1;1;0;A01
201800031948;1;7;0;0;1;3;1;A01
201800031949;1;7;0;0;2;1;2;A01
201800031949;1;7;0;0;0;4;2;B01
201800031950;1;1;0;0;2;7;19;A01
201800031950;2;7;0;0;2;1;1;B01
201800031951;1;7;0;0;1;0;16;Z01
201800031952;1;7;0;0;1;1;1;A01
201800031953;1;7;0;0;1;3;1;A01
201800031954;1;7;0;0;2;5;16;B01
201800031954;1;2;0;0;2;8;1;A01
201800031955;1;1;0;1;2;1;1;A01
201800031955;2;7;0;0;2;1;1;B01
201800031956;1;7;0;0;2;1;1;A01
201800031956;1;7;0;0;2;1;1;C01
201800031956;1;7;0;0;2;4;1;D01
201800031956;1;7;0;0;2;1;1;B01
201800031957;2;1;0;0;2;1;1;B01
201800031957;1;1;0;0;2;1;13;A01
201800031958;1;1;0;0;2;1;1;B01
201800031958;1;7;0;0;2;4;17;Z01
201800031959;1;1;0;0;2;0;0;A01
201800031959;2;1;0;0;2;0;0;B01
201800031960;1;7;0;0;1;2;16;A01
201800031961;1;1;0;0;2;7;14;A01
201800031962;1;7;0;0;1;3;15;A01
201800031963;1;7;0;0;2;5;15;A01
201800031963;2;1;0;0;2;1;1;B01
201800031964;1;7;0;0;1;3;1;A01
201800031965;1;7;0;0;2;2;1;A01
201800031965;1;1;0;0;2;3;18;B01
201800031966;1;7;0;0;2;4;2;B01
201800031966;1;7;0;0;2;1;2;A01
201800031967;2;37;15;0;0;0;0;B01
201800031967;1;1;0;0;0;0;19;A01
201800031968;1;7;0;0;2;1;2;A01
201800031968;1;7;0;0;2;4;2;B01
201800031969;1;37;25;0;1;2;1;A01
201800031970;1;1;0;0;4;7;1;A01
201800031970;2;40;66;0;2;2;1;B01
201800031971;1;2;0;1;1;2;0;A01
201800031972;2;7;0;0;2;1;1;B01
201800031972;1;3;0;9;2;1;0;A01
201800031973;1;1;0;0;2;1;1;B01
201800031973;1;7;0;0;2;1;9;A01
201800031974;1;7;0;0;2;1;15;A01
201800031974;2;1;0;0;2;8;19;B01
201800031975;1;7;0;0;1;2;17;A01
201800031976;2;7;0;0;2;2;1;B01
201800031976;1;7;0;0;2;3;1;A01
201800031977;2;1;0;0;2;1;0;B01
201800031977;1;7;0;0;2;3;15;A01
201800031978;1;7;0;0;2;1;2;A01
201800031978;1;7;0;0;2;0;0;B01
201800031979;1;7;0;0;1;1;1;A01
201800031980;1;7;0;0;2;4;2;B01
201800031980;1;2;0;0;2;1;2;A01
201800031981;1;1;0;0;2;7;1;B01
201800031981;2;7;0;0;2;0;0;Z01
201800031982;1;3;0;0;2;2;2;A01
201800031982;1;1;0;0;2;4;2;B01
201800031983;1;1;0;0;1;1;1;A01
201800031984;1;7;0;0;1;1;1;A01
201800031985;1;2;0;0;2;2;1;B01
201800031985;1;7;0;0;2;2;15;A01
201800031986;2;2;0;0;2;1;16;B01
201800031986;1;7;0;0;2;2;15;A01
201800031987;1;7;0;2;0;1;14;A01
201800031988;1;7;0;0;1;2;1;A01
201800031989;1;7;0;0;2;2;16;A01
201800031989;1;1;0;0;2;8;1;B01
201800031990;1;7;0;0;2;3;2;Z01