num_acc;senc;catv;occutc;obs;obsm;choc;manv;num_veh
201800031990;1;7;0;0;2;5;2;A01
201800031991;2;7;0;0;2;6;16;B01
201800031991;1;30;0;0;2;1;1;A01
201800031992;1;7;0;0;2;1;2;A01
201800031992;1;7;0;0;2;4;2;B01
201800031993;1;1;0;0;2;7;9;A01
201800031993;2;7;0;0;2;2;1;B01
201800031994;1;7;0;9;1;3;13;A01
201800031995;1;30;0;0;2;1;1;B01
201800031995;2;7;0;0;2;5;15;Z01
201800031996;1;7;0;0;2;3;15;B01
201800031996;1;2;0;0;2;2;17;A01
201800031997;1;7;0;0;2;2;2;A01
201800031997;1;1;0;0;2;6;2;B01
201800031998;1;7;0;9;2;1;14;A01
201800031999;1;7;0;0;2;1;1;A01
201800031999;2;1;0;0;2;3;19;B01
201800032000;1;30;0;0;1;1;1;Z01
201800032001;1;7;0;0;2;2;15;A01
201800032001;2;2;0;0;2;1;1;B01
201800032002;1;7;0;0;2;5;1;A01
201800032002;2;7;0;0;2;1;15;B01
201800032003;1;1;0;0;2;1;2;B01
201800032003;1;7;0;0;2;5;22;A01
201800032004;1;1;0;0;2;8;19;A01
201800032004;2;7;0;0;2;1;15;B01
201800032005;2;3;0;0;1;1;1;A01
201800032006;1;7;0;0;1;3;1;A01
201800032007;2;33;0;0;2;7;17;A01
201800032007;1;7;0;0;2;3;15;B01
201800032008;1;7;0;0;1;3;1;A01
201800032009;1;40;80;0;1;1;1;A01
201800032010;1;7;0;0;2;3;15;A01
201800032010;2;1;0;0;2;7;1;B01
201800032011;1;7;0;0;1;1;1;A01
201800032012;1;7;0;0;1;1;1;Z01
201800032013;1;7;0;0;2;2;1;A01
201800032013;2;7;0;0;2;3;15;B01
201800032014;2;7;0;0;2;1;1;B01
201800032014;1;7;0;0;2;2;1;A01
201800032015;2;1;0;0;2;7;19;B01
201800032015;1;10;0;0;2;1;16;A01
201800032016;1;7;0;0;2;6;15;A01
201800032016;2;1;0;0;2;2;1;B01
201800032017;1;3;0;15;0;2;14;A01
201800032018;2;33;0;0;2;0;1;B01
201800032018;1;7;0;0;2;1;16;A01
201800032019;1;10;0;0;4;3;1;A01
201800032019;2;40;66;0;2;1;1;B01
201800032020;1;7;0;0;1;2;1;A01
201800032021;1;7;0;0;1;5;4;A01
201800032022;1;7;0;0;2;0;16;A01
201800032022;1;7;0;0;2;0;1;B01
201800032023;1;7;0;0;1;0;1;A01
201800032024;2;40;50;0;2;1;1;B01
201800032024;1;7;0;0;4;8;10;A01
201800032025;1;37;30;5;1;7;16;A01
201800032026;1;1;0;0;1;1;1;A01
201800032027;1;7;0;0;2;1;2;A01
201800032027;1;7;0;0;2;4;2;B01
201800032028;2;1;0;0;2;1;1;B01
201800032028;1;7;0;0;2;3;15;A01
201800032029;1;7;0;0;1;2;1;A01
201800032030;1;10;0;0;2;2;14;A01
201800032030;2;1;0;0;2;1;1;B01
201800032031;1;2;0;0;1;2;0;A01
201800032032;1;30;0;0;2;4;15;A01
201800032032;2;7;0;0;2;3;15;B01
201800032033;1;14;0;0;1;0;1;A01
201800032034;1;7;0;0;1;3;1;A01
201800032035;1;10;0;0;2;1;2;A01
201800032035;1;10;0;0;2;4;16;B01
201800032036;1;7;0;0;1;6;4;A01
201800032037;1;2;0;0;2;1;2;A01
201800032037;1;7;0;0;2;4;2;B01
201800032038;1;32;0;0;2;1;1;B01
201800032038;1;7;0;0;2;2;9;A01
201800032039;1;7;0;0;2;1;1;A01
201800032039;2;7;0;0;2;1;16;B01
201800032040;1;7;0;0;4;1;1;A01
201800032040;2;40;66;0;2;2;1;B01
201800032041;1;30;0;0;2;3;1;A01
201800032041;2;7;0;0;2;7;1;B01
201800032042;1;10;0;0;2;7;15;A01
201800032042;1;10;0;0;2;7;15;B01
201800032043;1;7;0;0;1;0;1;A01
201800032044;1;7;0;0;2;4;1;B01
201800032044;1;7;0;0;2;1;1;A01
201800032045;1;10;0;0;2;1;2;A01
201800032045;1;7;0;0;2;4;2;B01
201800032046;1;7;0;0;2;1;15;Z01
201800032046;2;1;0;0;2;7;19;A01
201800032047;1;7;0;9;0;1;17;A01
201800032048;2;1;0;0;2;2;19;B01
201800032048;1;7;0;0;2;2;16;A01
201800032049;1;7;0;0;1;0;1;Z01
201800032050;1;7;0;0;1;0;16;Z01
201800032051;1;7;0;0;1;3;16;A01
201800032052;1;7;0;0;2;1;1;A01
201800032052;2;1;0;0;2;1;1;B01
201800032053;1;7;0;0;1;2;1;A01
201800032054;2;1;0;0;0;0;0;B01
201800032054;1;7;0;0;2;3;16;A01
201800032055;1;7;0;0;2;1;2;A01
201800032055;1;7;0;0;2;4;2;B01
201800032056;1;1;0;0;1;1;1;A01
201800032057;1;7;0;0;0;0;0;B01
201800032057;1;7;0;0;1;1;2;A01
201800032058;1;38;1;0;1;7;20;A01
201800032059;1;7;0;0;2;1;13;A01
201800032059;2;7;0;0;2;1;1;B01
201800032060;1;7;0;2;0;1;13;A01
201800032061;1;7;0;0;9;1;0;A01
201800032061;2;7;0;0;2;3;1;B01
201800032061;2;1;0;0;2;1;0;C01
201800032062;2;7;0;0;2;2;1;B01
201800032062;1;2;0;0;2;1;13;A01
201800032063;2;7;0;0;0;9;19;A01
201800032064;0;32;0;12;0;0;1;A01
201800032065;1;7;0;0;2;8;1;B01
201800032065;2;7;0;0;2;1;1;C01
201800032065;1;7;0;0;2;2;15;A01
201800032066;1;7;0;0;9;2;17;A01
201800032066;1;1;0;0;0;4;1;B01
201800032067;2;32;0;0;0;1;1;A01
201800032068;1;7;0;0;9;3;1;A01
201800032068;2;1;0;0;2;1;1;B01
201800032069;2;7;0;16;0;1;1;A01
201800032070;1;7;0;0;2;2;1;A01
201800032070;2;7;0;0;2;3;19;B01
201800032071;0;7;0;0;2;3;1;A01
201800032071;1;1;0;0;2;1;1;B01
201800032072;0;7;0;13;0;1;1;A01
201800032073;2;7;0;0;2;3;1;B01
201800032073;1;7;0;0;2;1;1;C01
201800032073;1;3;0;0;2;3;13;A01
201800032074;2;7;0;0;2;1;13;A01
201800032074;1;7;0;0;2;1;1;B01
201800032075;1;7;0;0;2;1;19;A01
201800032075;1;7;0;8;0;7;1;B01
201800032076;0;7;0;0;1;2;1;A01
201800032077;0;7;0;0;2;3;1;A01
201800032077;0;33;0;0;2;1;17;C01
201800032077;0;7;0;0;2;3;1;B01
201800032078;0;33;0;0;0;9;17;A01
201800032079;0;1;0;0;2;8;13;B01
201800032079;0;7;0;0;2;7;1;A01
201800032080;0;7;0;0;2;1;1;A01
201800032080;0;7;0;0;2;1;1;B01
201800032081;0;7;0;4;2;3;1;B01
201800032081;0;7;0;0;2;1;1;A01
201800032082;0;7;0;0;2;2;1;B01
201800032082;0;7;0;0;2;3;5;A01
201800032083;2;7;0;13;0;7;1;A01
201800032084;1;7;0;0;2;3;13;A01
201800032084;2;33;0;0;2;8;1;B01
201800032085;1;7;0;0;2;8;15;A01
201800032085;1;2;0;0;2;1;1;B01
201800032086;2;10;0;0;2;1;1;B01
201800032086;2;7;0;0;2;7;19;A01
201800032087;1;7;0;0;2;3;1;A01
201800032087;1;10;0;0;2;1;19;B01
201800032088;1;7;0;2;0;1;14;A01
201800032089;2;7;0;0;9;7;1;A01
201800032089;0;1;0;0;2;1;1;B01
201800032090;1;7;0;0;2;2;15;A01
201800032090;1;7;0;0;2;3;1;B01
201800032091;1;31;0;0;2;1;17;A01
201800032091;1;7;0;0;0;5;1;B01
201800032092;1;33;0;0;0;8;14;A01
201800032093;2;7;0;2;0;7;1;A01
201800032094;1;7;0;2;0;1;14;A01
201800032095;2;7;0;0;2;3;13;A01
201800032095;1;15;0;0;2;3;1;B01
201800032096;2;7;0;1;0;1;19;A01
201800032097;1;1;0;0;2;8;19;A01
201800032097;1;7;0;0;2;0;9;Z01
201800032098;1;7;0;0;1;1;1;A01
201800032099;1;1;0;0;2;1;1;B01
201800032099;2;7;0;0;2;3;1;A01
201800032100;1;7;0;0;1;3;15;A01
201800032101;1;7;0;0;1;1;19;A01
201800032102;1;7;0;0;2;4;20;A01
201800032102;0;99;0;0;2;0;0;R01
201800032103;2;7;0;0;1;3;1;A01
201800032104;1;20;0;0;2;8;9;B01
201800032104;1;7;0;0;2;1;1;A01
201800032105;2;7;0;0;1;1;1;A01
201800032106;2;1;0;0;0;0;0;A01
201800032106;1;7;0;0;2;7;1;B01
201800032107;1;1;0;0;1;1;1;A01
201800032108;1;7;0;0;1;1;1;A01
201800032109;1;1;0;0;2;1;19;B01
201800032109;1;7;0;0;2;3;1;A01
201800032110;1;7;0;0;2;3;1;B01
201800032110;1;10;0;0;2;3;1;A01
201800032111;1;7;0;0;1;1;1;A01
201800032112;2;7;0;0;2;3;11;A01
201800032112;2;7;0;0;2;3;2;B01
201800032112;2;7;0;1;2;1;23;C01
201800032113;1;7;0;0;2;8;20;A01
201800032113;1;33;0;0;2;7;1;B01
201800032114;0;7;0;0;1;6;4;A01
201800032115;0;7;0;0;2;1;0;B01
201800032115;1;7;0;0;2;2;1;A01
201800032116;2;7;0;0;2;2;1;B01
201800032116;2;7;0;0;2;2;20;A01
201800032117;1;7;0;0;1;3;1;A01
201800032118;1;7;0;0;1;2;21;A01
201800032119;0;1;0;0;2;8;2;A01
201800032119;1;1;0;0;2;7;2;B01
201800032120;1;10;0;0;1;4;20;A01
201800032121;1;7;0;0;1;1;1;A01
201800032122;0;34;0;0;0;7;21;B01
201800032123;2;31;0;0;2;7;0;A01
201800032123;1;7;0;0;2;3;0;B01
201800032124;2;10;0;0;2;5;15;A01
201800032124;1;33;0;0;2;3;1;B01
201800032125;1;7;0;0;2;2;1;A01
201800032125;2;10;0;0;2;0;15;B01
201800032126;1;7;0;0;2;1;9;A01
201800032126;0;33;0;0;2;8;1;B01
201800032127;0;33;0;0;2;8;0;B01
201800032127;0;7;0;0;2;0;20;A01
201800032128;2;7;0;0;2;1;1;A01
201800032128;1;7;0;0;2;2;0;B01
201800032129;1;7;0;8;2;8;1;B01
201800032129;1;7;0;0;2;1;1;A01
201800032130;1;7;0;0;2;2;9;B01
201800032130;1;99;0;0;2;1;1;A01
201800032131;2;10;0;0;1;1;0;A01
201800032132;1;7;0;0;2;4;2;B01
201800032132;1;33;0;0;2;1;2;A01
201800032133;1;7;0;0;1;1;1;A01
201800032134;0;1;0;0;0;0;0;A01
201800032135;1;33;0;0;2;1;1;A01
201800032135;1;10;0;0;2;6;1;B01
201800032136;1;3;0;0;2;3;15;B01
201800032136;1;2;0;0;2;2;17;A01
201800032137;1;7;0;0;2;1;9;A01
201800032137;1;1;0;0;2;1;1;B01
201800032138;1;7;0;0;1;1;1;A01
201800032139;1;30;0;0;0;8;21;A01
201800032140;2;99;0;0;6;0;5;A01
201800032140;1;1;0;0;6;0;0;B01
201800032141;1;1;0;0;2;1;1;B01
201800032141;1;10;0;0;2;1;16;A01
201800032142;0;7;0;0;2;1;1;B01
201800032142;0;10;0;0;2;1;15;A01
201800032143;1;10;0;0;2;1;1;B01
201800032143;1;7;0;0;2;4;23;C01
201800032143;1;7;0;0;2;4;23;A01
201800032144;1;7;0;0;1;1;15;A01
201800032145;2;7;0;0;2;1;0;B01
201800032145;1;7;0;0;2;1;13;A01
201800032146;1;30;0;0;1;1;1;A01
201800032147;1;7;0;6;0;8;0;A01
201800032148;0;7;0;0;1;3;1;A01
201800032149;1;7;0;0;1;3;21;A01
201800032150;2;7;0;3;0;4;1;A01
201800032150;2;15;0;0;2;7;12;Z01
201800032151;2;1;0;0;2;5;1;B01
201800032151;2;7;0;0;2;3;9;A01
201800032152;2;7;0;0;0;4;1;B01
201800032152;1;7;0;0;1;3;1;A01
201800032153;0;40;40;0;1;2;1;A01
201800032154;2;31;0;0;2;1;1;A01
201800032154;1;7;0;0;2;3;1;B01
201800032155;1;1;0;0;2;1;0;A01
201800032155;1;7;0;0;6;2;1;B01
201800032156;1;7;0;0;1;1;1;A01
201800032157;1;7;0;0;1;1;1;A01
201800032158;0;7;0;0;1;1;16;A01
201800032159;1;7;0;0;1;7;1;A01
201800032160;2;40;1;0;2;3;1;B01
201800032160;1;40;1;0;2;3;1;A01
201800032160;1;1;0;0;4;1;3;C01
201800032161;1;10;0;0;2;9;0;B01
201800032161;1;7;0;0;2;2;12;A01
201800032161;1;33;0;0;2;9;1;C01
201800032162;1;10;0;0;1;2;1;A01
201800032163;2;7;0;0;1;1;16;A01
201800032164;2;7;0;0;1;3;1;A01
201800032165;0;1;0;0;2;7;19;B01
201800032165;1;7;0;0;2;1;1;A01
201800032166;0;1;0;0;2;1;5;B01
201800032166;1;7;0;0;2;3;1;A01
201800032167;1;7;0;0;2;1;1;A01
201800032167;1;7;0;0;2;7;0;B01
201800032168;2;33;0;0;2;1;1;B01
201800032168;1;7;0;0;2;5;15;A01
201800032169;1;7;0;0;2;1;0;A01
201800032169;2;30;0;0;2;1;1;B01
201800032170;0;7;0;0;6;2;15;A01
201800032170;1;1;0;0;2;1;1;B01
201800032171;1;7;0;0;1;1;1;A01
201800032172;0;7;0;0;1;2;1;A01
201800032173;2;15;0;0;2;4;1;B01
201800032173;0;15;0;0;2;1;1;A01
201800032174;1;7;0;0;2;1;1;B01
201800032174;1;7;0;0;2;1;0;A01
201800032175;0;7;0;0;1;1;1;A01
201800032176;0;7;0;0;1;4;4;A01
201800032177;2;7;0;0;1;1;1;A01
201800032178;1;7;0;0;1;2;1;A01
201800032179;2;7;0;0;2;1;17;A01
201800032179;2;17;0;0;2;4;1;B01
201800032180;1;7;0;0;1;1;16;A01
201800032181;2;7;0;0;1;3;1;A01
201800032182;2;17;0;0;1;5;16;A01
201800032183;0;33;0;0;2;1;1;B01
201800032183;0;99;0;0;2;1;15;A01
201800032184;0;7;0;0;2;7;9;A01
201800032184;2;32;0;0;2;3;1;B01
201800032185;1;7;0;0;1;1;0;A01
201800032186;2;7;0;0;2;5;15;A01
201800032186;1;34;0;0;2;1;1;B01
201800032187;1;7;0;0;2;1;9;A01
201800032187;0;1;0;0;2;7;1;B01
201800032188;1;30;0;0;2;1;2;B01
201800032188;1;7;0;0;2;5;2;A01
201800032189;2;7;0;0;1;2;1;A01
201800032190;2;30;0;0;2;1;18;B01
201800032190;1;7;0;0;6;5;15;A01
201800032191;1;1;0;;;;;B01
201800032191;1;7;0;0;2;;;A01
201800032192;2;99;0;0;2;7;1;B01
201800032192;2;7;0;0;6;1;9;A01
201800032193;1;7;0;0;2;3;15;A01
201800032193;2;2;0;0;2;8;21;B01
201800032194;0;7;0;0;1;2;21;A01
201800032195;1;7;0;1;0;7;1;A01
201800032196;1;33;0;0;2;1;1;A01
201800032196;2;7;0;0;2;3;10;B01
201800032197;1;7;0;0;2;1;9;A01
201800032197;1;2;0;0;2;5;15;B01
201800032198;1;7;0;0;2;1;1;B01
201800032198;2;7;0;0;2;2;15;A01
201800032199;2;30;0;0;2;0;0;B01
201800032199;2;7;0;0;2;2;19;A01
201800032200;1;33;0;4;2;1;1;A01
201800032200;1;7;0;0;2;8;1;B01
201800032201;2;10;0;0;1;2;1;A01
201800032202;2;7;0;0;2;5;2;A01
201800032202;2;31;0;0;2;1;1;B01
201800032203;1;7;0;;;;;A01
201800032203;1;7;0;;;;;B01
201800032204;2;31;0;0;2;7;11;B01
201800032204;1;7;0;0;2;6;11;A01
201800032205;0;7;0;0;2;6;15;A01
201800032205;0;33;0;15;2;1;17;B01
201800032206;0;7;0;0;2;1;16;A01
201800032206;0;7;0;0;2;3;1;B01
201800032207;0;21;0;0;9;6;1;A01
201800032207;0;30;0;0;2;8;16;B01
201800032208;1;7;0;0;2;1;13;A01
201800032208;2;7;0;0;2;1;1;B01
201800032209;1;7;0;0;2;3;15;A01
201800032209;2;33;0;0;2;3;0;B01
201800032210;0;7;0;0;2;2;15;A01
201800032210;0;1;0;0;2;1;1;B01
201800032211;1;7;0;0;0;0;17;A01
201800032211;2;7;0;0;0;0;1;B01
201800032212;1;7;0;0;2;2;2;A01
201800032212;1;7;0;0;2;4;2;B01
201800032212;1;7;0;0;2;5;2;C01
201800032213;2;7;0;0;1;2;1;A01
201800032214;1;7;0;0;2;1;1;A01
201800032214;0;7;0;0;2;3;15;B01
201800032215;1;7;0;0;0;8;0;A01
201800032215;2;7;0;0;2;1;1;B01
201800032216;2;33;0;0;6;1;1;A01
201800032217;2;7;0;0;2;2;15;A01
201800032217;1;7;0;0;2;7;1;B01
201800032218;0;21;0;0;0;6;1;A01
201800032218;0;7;0;0;2;3;2;B01
201800032219;2;7;0;2;0;2;14;A01
201800032220;1;7;0;0;2;8;13;A01
201800032220;1;33;0;0;2;7;17;B01
201800032221;1;7;0;12;2;1;19;A01
201800032221;2;15;0;0;2;3;23;B01
201800032221;1;7;0;1;0;6;1;C01
201800032222;1;1;0;0;2;1;13;A01
201800032222;2;7;0;0;2;1;1;B01
201800032223;0;7;0;0;2;3;9;A01
201800032223;0;7;0;0;2;0;9;B01
201800032224;0;21;0;0;2;5;14;A01
201800032224;0;1;0;13;2;3;1;B01
201800032225;1;7;0;0;2;2;1;B01
201800032225;1;7;0;0;2;2;19;A01
201800032226;2;7;0;0;1;1;2;A01
201800032227;1;10;0;0;2;2;1;A01
201800032227;1;7;0;0;2;8;1;B01
201800032228;1;7;0;3;0;2;5;A01
201800032228;2;7;0;3;0;2;1;B01
201800032229;2;7;0;0;2;1;21;B01
201800032229;2;7;0;0;2;1;21;C01
201800032229;1;7;0;0;2;1;13;A01
201800032230;1;7;0;0;2;3;13;A01
201800032230;2;7;0;0;0;3;1;B01
201800032230;2;7;0;0;0;0;1;C01
201800032231;1;7;0;15;0;1;1;A01
201800032232;1;7;0;0;2;1;2;A01
201800032232;1;7;0;0;2;4;23;B01
201800032233;1;7;0;0;0;4;0;A01
201800032233;1;7;0;0;0;1;0;B01
201800032234;2;7;0;0;2;3;15;A01
201800032234;1;1;0;0;2;8;1;B01
201800032235;2;31;0;0;2;1;2;A01
201800032235;2;7;0;0;2;3;15;B01
201800032236;2;7;0;0;9;3;1;A01
201800032236;1;1;0;0;2;1;6;B01
201800032237;1;15;0;0;1;1;20;A01
201800032238;1;7;0;0;2;1;2;A01
201800032238;1;7;0;0;2;4;23;B01
201800032239;1;7;0;0;2;1;13;A01
201800032239;2;7;0;0;2;1;1;B01
201800032240;2;33;0;0;2;5;1;B01
201800032240;2;7;0;0;2;2;15;A01
201800032241;1;7;0;0;2;1;0;B01
201800032241;2;7;0;0;2;2;15;A01
201800032242;0;7;0;0;2;1;13;A01
201800032242;0;7;0;0;2;1;1;B01
201800032243;1;7;0;0;2;3;23;A01
201800032243;2;7;0;0;2;0;0;B01
201800032244;2;13;0;0;2;1;1;A01
201800032244;2;1;0;0;2;8;19;B01
201800032245;2;7;0;11;0;1;13;A01
201800032246;0;7;0;15;0;3;1;A01
201800032247;2;20;0;0;2;1;2;A01
201800032247;2;20;0;0;2;4;2;B01
201800032247;2;20;0;0;0;4;2;C01
201800032248;0;7;0;0;2;1;19;A01
201800032248;1;36;0;0;2;8;12;B01
201800032249;2;20;0;0;2;1;1;A01
201800032249;2;20;0;0;0;4;1;B01
201800032250;1;15;0;0;2;5;15;A01
201800032250;2;33;0;0;2;0;1;B01
201800032251;0;7;0;0;2;3;15;A01
201800032251;0;33;0;0;2;7;1;B01
201800032252;2;7;0;0;2;3;1;B01
201800032252;1;7;0;1;2;3;13;A01
201800032253;1;7;0;0;2;2;15;A01
201800032253;2;2;0;0;2;1;1;B01
201800032254;1;7;0;2;0;1;1;A01
201800032255;1;10;0;0;2;4;2;A01
201800032255;1;10;0;0;2;1;2;B01
201800032256;0;7;0;0;2;1;6;A01
201800032256;0;37;3;0;2;3;1;B01
201800032257;1;7;0;0;2;7;15;A01
201800032257;1;7;0;0;2;1;1;B01
201800032258;1;1;0;2;2;1;0;A01
201800032258;1;7;0;0;6;2;1;B01
201800032259;0;7;0;0;2;1;1;A01
201800032259;0;1;0;0;0;0;0;B01
201800032260;2;7;0;0;2;7;17;A01
201800032260;2;10;0;0;2;3;15;B01
201800032261;1;31;0;0;2;1;0;A01
201800032261;1;10;0;0;2;8;9;B01
201800032262;0;7;0;0;1;4;24;A01
201800032263;2;7;0;0;2;8;15;A01
201800032263;2;7;0;0;2;1;1;B01
201800032264;1;7;0;0;1;2;1;A01
201800032265;1;7;0;2;0;1;1;A01
201800032266;2;3;0;0;2;3;16;A01
201800032266;1;10;0;0;2;8;0;B01
201800032267;2;7;0;14;0;1;7;A01
201800032267;2;7;0;0;2;4;15;B01
201800032268;1;99;0;0;2;7;15;B01
201800032268;1;7;0;0;9;1;9;A01
201800032269;0;7;0;0;1;3;15;A01
201800032270;1;7;0;0;1;1;15;A01
201800032271;2;7;0;0;2;3;1;B01
201800032271;1;7;0;0;2;3;13;A01
201800032272;1;7;0;0;2;1;1;A01
201800032272;2;7;0;0;2;1;15;B01
201800032273;2;7;0;0;2;1;1;B01
201800032273;1;7;0;0;2;1;13;A01
201800032274;1;7;0;0;2;1;0;A01
201800032274;1;7;0;0;2;4;23;B01
201800032274;1;7;0;0;2;6;0;C01
201800032275;0;7;0;0;2;4;23;C01
201800032275;0;7;0;0;2;1;2;A01
201800032275;0;7;0;0;2;9;23;B01
201800032276;1;10;0;0;2;0;0;A01
201800032276;1;7;0;0;2;4;0;C01
201800032276;1;7;0;0;2;0;0;B01
201800032277;1;7;0;0;2;8;15;A01
201800032277;1;30;0;0;2;1;15;B01
201800032278;1;7;0;0;1;2;0;A01
201800032279;2;7;0;0;1;1;0;A01
201800032280;1;1;0;0;2;8;0;B01
201800032280;2;7;0;0;2;2;1;A01
201800032281;2;10;0;6;0;1;1;A01
201800032282;1;10;0;1;0;2;2;A01
201800032283;0;1;0;0;2;4;1;A01
201800032283;0;7;0;0;2;2;1;Z01
201800032284;1;7;0;0;2;8;19;A01
201800032284;1;32;0;0;2;1;1;B01
201800032285;1;7;0;0;2;7;1;B01
201800032285;1;30;0;0;2;1;19;A01
201800032286;2;10;0;0;1;3;15;A01
201800032287;0;10;0;0;6;3;0;A01
201800032287;0;1;0;0;2;6;19;B01
201800032288;1;7;0;0;2;1;1;A01
201800032288;1;7;0;0;2;4;1;C01
201800032288;1;7;0;14;2;4;1;B01
201800032289;0;7;0;0;2;1;2;A01
201800032289;0;1;0;0;2;4;1;B01
201800032290;0;14;0;0;2;4;4;A01
201800032290;0;33;0;0;2;1;23;B01
201800032291;1;7;0;0;1;1;1;A01
201800032292;0;10;0;0;2;1;15;B01
201800032292;0;10;0;0;2;1;1;A01
201800032293;2;10;0;0;2;1;17;A01
201800032293;1;10;0;0;2;1;1;B01
201800032294;0;10;0;0;2;1;0;A01
201800032294;2;10;0;0;2;2;0;B01
201800032295;1;7;0;0;1;1;16;A01
201800032296;0;10;0;0;2;1;9;B01
201800032296;0;30;0;0;2;7;0;A01
201800032297;1;32;0;14;0;1;13;A01
201800032298;2;10;0;0;1;7;0;A01
201800032299;1;10;0;0;1;1;9;A01
201800032300;2;33;0;0;2;1;1;A01
201800032300;2;10;0;0;2;4;1;B01
201800032301;1;7;0;0;2;1;1;A01
201800032301;1;7;0;0;2;4;1;B01
201800032302;0;10;0;0;1;1;9;A01
201800032303;1;10;0;0;2;2;14;A01
201800032303;1;1;0;0;2;8;0;B01
201800032304;1;10;0;0;2;1;1;C01
201800032304;1;7;0;0;2;1;1;B01
201800032304;1;7;0;0;2;4;1;D01
201800032304;1;7;0;0;2;4;1;A01
201800032304;1;7;0;0;2;4;1;E01
201800032305;1;7;0;0;2;1;9;A01
201800032305;1;33;0;0;2;5;16;B01
201800032306;2;1;0;0;0;0;0;B01
201800032306;1;1;0;0;0;0;0;E01
201800032306;2;7;0;0;0;0;0;A01
201800032306;1;1;0;0;0;0;0;F01
201800032306;1;1;0;0;2;1;0;D01
201800032306;1;1;0;0;0;0;0;C01
201800032307;1;7;0;0;2;2;14;A01
201800032307;1;7;0;0;2;3;9;B01
201800032308;1;33;0;0;2;5;9;B01
201800032308;1;7;0;0;2;1;9;A01
201800032309;1;10;0;0;2;3;9;A01
201800032309;0;2;0;0;2;7;0;B01
201800032310;1;7;0;14;0;2;2;A01
201800032310;1;7;0;0;2;4;23;B01
201800032311;1;7;0;0;2;7;15;A01
201800032311;2;33;0;0;2;1;1;B01
201800032312;0;10;0;0;2;1;15;A01
201800032312;2;2;0;0;2;7;0;B01
201800032313;1;7;0;0;2;1;1;A01
201800032313;1;14;0;0;2;2;2;B01
201800032314;1;7;0;0;2;3;16;A01
201800032314;2;33;0;0;2;7;0;B01
201800032315;0;7;0;0;1;1;16;A01
201800032316;2;7;0;0;2;5;23;B01
201800032316;2;30;0;0;2;1;1;A01
201800032317;1;7;0;0;2;3;1;A01
201800032317;0;1;0;0;2;2;19;B01
201800032318;2;10;0;0;1;2;16;A01
201800032319;2;2;0;0;2;1;17;A01
201800032319;2;10;0;0;2;8;15;B01
201800032320;1;7;0;0;1;1;1;A01
201800032321;1;7;0;1;0;3;1;A01
201800032322;0;10;0;0;1;2;1;A01
201800032323;1;33;0;0;2;5;1;B01
201800032323;0;7;0;0;2;1;15;A01
201800032324;1;7;0;0;2;7;16;A01
201800032324;1;14;0;0;2;2;1;B01
201800032325;2;30;0;1;2;1;17;A01
201800032325;2;3;0;0;2;3;15;B01
201800032326;2;7;0;8;0;2;14;A01
201800032327;1;7;0;9;0;8;14;A01
201800032328;1;7;0;0;2;8;15;B01
201800032328;1;7;0;2;2;2;17;A01
201800032329;0;99;0;0;2;0;0;R01
201800032329;1;10;0;0;2;1;10;Z01
201800032330;1;33;0;0;2;2;13;A01
201800032330;2;7;0;0;2;2;1;B01
201800032331;1;32;0;0;9;1;13;A01
201800032332;1;7;0;0;1;3;1;A01
201800032333;1;7;0;15;0;2;14;A01
201800032334;2;7;0;0;2;4;23;B01
201800032334;2;7;0;0;2;1;1;A01
201800032335;2;7;0;0;2;1;2;A01
201800032335;2;7;0;0;2;4;2;B01
201800032336;0;7;0;0;2;7;1;B01
201800032336;0;32;0;0;2;1;1;A01
201800032337;1;7;0;0;1;1;18;A01
201800032338;2;7;0;0;1;3;16;A01
201800032339;2;7;0;0;2;1;1;A01
201800032339;2;7;0;0;2;8;1;B01
201800032340;1;7;0;0;2;1;13;A01
201800032340;2;7;0;0;2;3;8;B01
201800032341;2;7;0;15;0;2;1;A01
201800032342;1;7;0;0;2;3;1;B01
201800032342;2;30;0;0;2;2;15;A01
201800032343;2;7;0;0;1;2;21;A01
201800032344;2;7;0;0;1;3;16;A01
201800032345;1;7;0;0;2;1;1;B01
201800032345;1;7;0;0;2;2;15;A01
201800032346;1;34;0;0;2;8;8;B01
201800032346;2;7;0;0;2;1;8;A01
201800032347;1;7;0;0;2;1;7;A01
201800032347;1;7;0;0;2;4;7;B01
201800032348;1;7;0;0;1;1;16;A01
201800032349;2;7;0;12;0;2;1;A01
201800032350;1;7;0;0;1;1;19;A01
201800032351;1;7;0;0;2;3;1;A01
201800032351;1;1;0;0;2;4;19;B01
201800032352;1;33;0;0;2;0;9;B01
201800032352;2;7;0;0;2;3;9;A01
201800032353;1;10;0;0;1;2;7;A01
201800032354;2;7;0;0;2;7;10;A01
201800032354;1;7;0;0;2;1;19;B01
201800032355;1;7;0;0;2;3;15;B01
201800032355;1;33;0;0;2;2;5;A01
201800032356;2;7;0;0;1;1;1;Z01
201800032357;1;7;0;0;2;3;16;B01
201800032357;1;7;0;0;2;1;1;A01
201800032357;2;1;0;0;2;1;1;C01
201800032358;2;1;0;0;2;5;19;A01
201800032358;2;7;0;0;2;5;16;B01
201800032359;2;7;0;0;1;2;1;A01
201800032360;2;7;0;0;1;1;19;A01
201800032361;2;7;0;0;2;7;17;A01
201800032361;2;7;0;0;2;1;20;B01
201800032362;2;7;0;0;1;3;1;A01
201800032363;1;7;0;0;1;1;7;A01