num_acc;senc;catv;occutc;obs;obsm;choc;manv;num_veh
201800032364;1;31;0;0;2;1;1;B01
201800032364;2;7;0;0;2;3;15;A01
201800032365;2;17;0;0;1;2;20;A01
201800032366;2;7;0;0;2;3;9;A01
201800032366;0;1;0;0;2;7;1;B01
201800032367;1;7;0;0;1;1;15;A01
201800032368;2;7;0;0;1;4;4;A01
201800032369;1;7;0;1;0;2;2;A01
201800032370;1;7;0;8;0;1;21;A01
201800032371;1;33;0;0;2;0;1;B01
201800032371;1;7;0;0;9;1;0;A01
201800032372;0;3;0;0;4;8;6;A01
201800032372;0;40;0;0;2;1;1;B01
201800032373;1;7;0;8;0;2;18;A01
201800032373;1;7;0;0;2;2;2;B01
201800032374;1;37;0;0;1;3;1;A01
201800032375;2;7;0;0;1;6;1;A01
201800032376;1;7;0;0;2;2;15;A01
201800032376;2;31;0;0;2;1;1;B01
201800032377;1;7;0;0;2;1;1;B01
201800032377;2;7;0;0;2;1;13;A01
201800032378;1;7;0;0;1;1;1;A01
201800032379;2;7;0;0;2;2;15;A01
201800032379;1;1;0;0;2;3;1;B01
201800032380;1;7;0;0;2;4;2;Z01
201800032380;1;7;0;0;2;4;2;B01
201800032381;2;7;0;0;1;1;1;A01
201800032382;1;7;0;0;2;1;2;A01
201800032382;1;7;0;0;2;4;2;B01
201800032382;1;7;0;0;2;4;2;Z01
201800032383;1;7;0;0;2;8;1;B01
201800032383;1;7;0;0;2;1;1;A01
201800032384;2;7;0;0;1;1;1;A01
201800032385;1;7;0;8;0;5;0;A01
201800032386;2;7;0;0;2;8;16;A01
201800032386;1;7;0;0;2;2;1;B01
201800032387;1;7;0;0;1;2;19;A01
201800032388;2;37;0;0;1;7;16;A01
201800032389;1;7;0;0;2;6;1;B01
201800032389;1;33;0;0;2;1;15;A01
201800032390;1;14;0;0;2;1;2;A01
201800032390;1;15;0;0;2;4;2;B01
201800032391;2;7;0;0;2;2;9;A01
201800032391;1;10;0;0;2;2;17;B01
201800032392;1;7;0;0;2;1;15;A01
201800032392;2;33;0;0;2;1;21;B01
201800032393;1;7;0;15;0;1;1;A01
201800032394;1;10;0;0;2;1;1;A01
201800032394;1;7;0;16;2;1;15;B01
201800032395;2;32;0;0;2;8;1;B01
201800032395;2;7;0;0;2;1;15;A01
201800032396;1;7;0;0;2;4;2;B01
201800032396;1;7;0;0;2;1;1;A01
201800032397;1;7;0;0;1;1;1;A01
201800032398;1;7;0;2;0;2;13;A01
201800032399;1;1;0;0;4;7;19;B01
201800032399;1;40;60;0;9;1;1;A01
201800032400;1;7;0;0;1;7;1;A01
201800032401;1;7;0;0;2;1;1;Z01
201800032401;2;1;0;0;2;1;5;B01
201800032402;1;2;0;0;2;4;7;B01
201800032402;1;7;0;0;2;1;2;Z01
201800032403;2;7;0;0;2;9;4;A01
201800032403;2;7;0;0;1;9;1;B01
201800032404;2;7;0;0;2;3;1;B01
201800032404;1;7;0;0;2;2;15;A01
201800032405;2;33;0;0;1;1;1;Z01
201800032406;2;7;0;0;1;7;1;A01
201800032407;1;7;0;0;1;2;1;A01
201800032408;1;7;0;0;2;3;20;A01
201800032408;1;7;0;0;2;7;1;B01
201800032409;1;7;0;0;2;4;1;B01
201800032409;1;7;0;1;0;1;16;A01
201800032410;2;10;0;0;1;2;1;A01
201800032411;1;7;0;7;2;3;16;A01
201800032411;2;7;0;0;2;8;1;B01
201800032412;2;7;0;0;1;2;1;A01
201800032413;0;10;0;0;2;0;2;A01
201800032413;0;30;0;0;2;2;2;B01
201800032414;2;7;0;0;2;5;1;B01
201800032414;2;1;0;0;2;2;18;A01
201800032415;2;7;0;0;2;1;1;B01
201800032415;1;7;0;0;2;7;15;A01
201800032416;1;10;0;0;2;8;15;A01
201800032416;1;31;0;0;2;1;17;B01
201800032417;1;99;0;0;2;1;2;A01
201800032417;1;99;0;0;2;4;23;B01
201800032418;2;10;0;0;1;1;1;A01
201800032419;2;7;0;0;2;3;0;B01
201800032419;1;7;0;0;2;3;0;A01
201800032420;1;7;0;0;2;5;0;A01
201800032420;1;31;0;0;2;1;21;B01
201800032421;2;7;0;0;1;5;0;A01
201800032422;1;33;0;0;2;1;13;A01
201800032422;2;10;0;0;2;1;15;B01
201800032423;2;33;0;0;2;1;18;A01
201800032423;2;7;0;0;2;2;0;B01
201800032424;0;7;0;0;1;4;0;A01
201800032425;0;7;0;0;1;1;15;A01
201800032426;0;7;0;8;2;2;1;B01
201800032426;0;7;0;8;0;3;1;A01
201800032427;1;32;0;0;1;1;0;A01
201800032428;1;31;0;0;2;1;1;B01
201800032428;2;10;0;0;2;3;15;A01
201800032429;1;7;0;0;2;1;15;A01
201800032429;2;7;0;0;2;1;1;B01
201800032429;1;7;0;0;2;1;1;C01
201800032430;2;33;0;0;2;1;1;B01
201800032430;1;7;0;0;2;2;15;A01
201800032431;1;30;0;0;0;0;0;A01
201800032432;1;7;0;0;2;1;1;A01
201800032432;2;7;0;0;2;7;15;B01
201800032433;1;7;0;0;2;2;9;A01
201800032433;2;7;0;0;2;7;1;B01
201800032434;1;7;0;0;2;1;10;A01
201800032434;2;32;0;0;2;0;0;B01
201800032435;2;33;0;0;2;7;17;B01
201800032435;2;13;0;0;2;8;1;Z01
201800032436;1;7;0;0;1;3;1;A01
201800032437;1;99;0;12;2;1;5;A01
201800032437;1;7;0;0;2;8;16;B01
201800032438;1;33;0;1;0;8;18;B01
201800032438;2;7;0;0;2;3;15;A01
201800032439;0;7;0;2;2;6;1;B01
201800032439;0;7;0;0;2;2;15;A01
201800032440;2;33;0;0;2;8;1;B01
201800032440;2;7;0;0;2;1;19;A01
201800032441;1;99;0;0;2;4;2;A01
201800032441;;99;0;0;6;0;0;Z01
201800032442;0;7;0;0;2;7;15;A01
201800032442;0;7;0;8;2;1;1;B01
201800032443;1;7;0;0;1;2;15;A01
201800032444;1;15;0;0;2;3;15;A01
201800032444;2;7;0;0;2;8;8;B01
201800032445;1;10;0;14;0;1;1;A01
201800032446;2;7;0;0;1;3;1;A01
201800032447;2;7;0;0;2;1;1;A01
201800032447;1;7;0;0;2;2;1;B01
201800032448;0;7;0;0;2;3;15;A01
201800032448;1;10;0;0;2;1;1;B01
201800032449;1;99;0;0;2;3;0;Z01
201800032449;1;7;0;0;2;7;17;A01
201800032450;1;7;0;0;1;2;1;A01
201800032450;2;37;63;0;0;0;24;B01
201800032451;0;33;0;13;0;0;1;A01
201800032452;2;2;0;0;2;6;1;A01
201800032452;2;10;0;0;2;3;1;B01
201800032453;1;7;0;0;2;0;0;B01
201800032453;1;7;0;0;2;0;0;A01
201800032454;1;7;0;1;0;1;13;A01
201800032455;0;30;0;0;2;7;0;A01
201800032456;1;14;0;0;1;2;0;A01
201800032457;1;32;0;0;2;0;1;B01
201800032457;2;99;0;0;2;0;15;A01
201800032458;2;10;0;0;2;1;2;A01
201800032458;2;7;0;0;2;4;2;B01
201800032459;1;7;0;0;2;1;2;A01
201800032459;1;7;0;0;2;4;2;B01
201800032460;1;7;0;0;2;1;0;A01
201800032460;1;7;0;0;2;1;1;B01
201800032461;1;37;20;0;1;5;1;A01
201800032462;1;7;0;0;2;3;15;A01
201800032462;2;31;0;0;2;1;1;B01
201800032463;1;7;0;8;0;1;1;A01
201800032464;1;10;0;0;2;1;8;A01
201800032464;1;7;0;0;2;8;19;B01
201800032465;2;10;0;0;2;1;1;A01
201800032465;1;10;0;0;2;1;1;B01
201800032466;1;37;75;0;2;3;1;A01
201800032466;1;1;0;0;2;3;19;B01
201800032467;2;32;0;0;2;1;1;B01
201800032467;1;7;0;0;2;2;15;A01
201800032468;1;7;0;0;1;2;1;A01
201800032469;1;7;0;0;2;3;15;B01
201800032469;2;33;0;0;2;8;1;A01
201800032470;2;7;0;0;1;3;8;Z01
201800032471;1;7;0;0;0;3;1;A01
201800032472;1;1;0;0;2;1;19;A01
201800032472;1;7;0;0;6;1;1;B01
201800032473;2;7;0;0;1;1;15;A01
201800032474;0;10;0;0;2;7;1;B01
201800032474;0;1;0;0;2;1;1;A01
201800032475;2;7;0;14;0;1;15;A01
201800032476;1;7;0;0;1;1;0;A01
201800032477;1;7;0;0;2;2;1;A01
201800032477;1;1;0;9;0;8;16;B01
201800032478;0;30;0;0;2;7;1;A01
201800032478;0;7;0;0;2;1;1;B01
201800032479;1;7;0;0;1;3;1;A01
201800032480;1;7;0;0;1;3;1;A01
201800032481;2;7;0;0;2;3;24;A01
201800032481;2;1;0;0;2;2;1;B01
201800032482;2;7;0;0;1;2;17;A01
201800032483;2;30;0;0;2;5;17;A01
201800032483;2;7;0;0;2;3;15;B01
201800032484;1;1;0;0;2;2;19;A01
201800032484;2;7;0;0;2;3;19;B01
201800032485;2;30;0;0;1;1;1;A01
201800032486;2;7;0;0;1;1;1;A01
201800032487;1;7;0;0;2;5;15;B01
201800032487;0;7;0;0;2;2;1;A01
201800032488;1;33;0;0;2;0;2;A01
201800032489;1;7;0;6;0;1;0;A01
201800032490;2;7;0;0;2;2;1;A01
201800032490;2;32;0;0;2;8;1;B01
201800032491;2;2;0;0;2;8;5;A01
201800032491;1;7;0;0;2;1;2;B01
201800032492;2;7;0;0;2;1;1;B01
201800032492;0;1;0;0;2;8;19;A01
201800032493;1;7;0;0;2;8;15;A01
201800032493;1;7;0;0;2;1;1;B01
201800032494;1;7;0;1;0;2;16;A01
201800032495;1;7;0;0;2;1;15;A01
201800032495;0;7;0;0;2;2;1;B01
201800032496;2;7;0;0;2;1;1;A01
201800032496;1;7;0;2;2;3;1;B01
201800032497;1;7;0;2;0;1;14;A01
201800032498;2;33;0;0;0;0;0;A01
201800032498;0;7;0;0;0;0;0;B01
201800032499;1;7;0;0;2;1;2;A01
201800032499;1;7;0;0;2;4;2;B01
201800032500;2;33;0;0;2;4;1;B01
201800032500;2;7;0;0;2;0;17;Z01
201800032501;1;7;0;0;1;1;0;A01
201800032502;1;34;0;0;1;1;0;Z01
201800032503;2;32;0;0;2;3;1;B01
201800032503;2;7;0;0;2;2;9;A01
201800032504;2;10;0;0;2;3;11;A01
201800032504;2;32;0;0;2;2;2;B01
201800032505;1;10;0;0;2;7;15;A01
201800032505;1;10;0;0;2;1;1;B01
201800032506;0;99;0;0;2;0;0;Z01
201800032506;1;1;0;0;2;0;19;B01
201800032507;0;7;0;0;2;1;13;A01
201800032507;0;7;0;0;2;1;1;B01
201800032508;1;7;0;0;2;4;23;B01
201800032508;1;34;0;0;2;1;2;A01
201800032509;0;10;0;0;2;2;1;A01
201800032509;0;10;0;0;2;4;1;B01
201800032509;0;10;0;0;2;4;1;C01
201800032510;2;99;0;0;2;3;19;A01
201800032510;1;33;0;0;2;1;1;B01
201800032511;2;7;0;0;2;3;1;A01
201800032511;2;7;0;0;2;1;1;Z01
201800032512;1;7;0;0;1;2;15;A01
201800032513;2;7;0;0;2;3;15;B01
201800032513;2;33;0;0;2;1;7;A01
201800032514;1;7;0;14;0;8;13;A01
201800032515;0;7;0;0;2;1;7;B01
201800032515;1;7;0;0;2;2;15;A01
201800032516;2;7;0;0;1;1;1;A01
201800032517;2;7;0;0;1;1;1;A01
201800032518;1;7;0;0;2;2;15;A01
201800032518;2;7;0;0;2;1;2;B01
201800032519;2;30;0;1;2;1;17;A01
201800032519;1;7;0;0;2;6;1;D01
201800032519;1;7;0;0;2;1;1;E01
201800032520;2;7;0;0;2;6;23;A01
201800032520;1;2;0;0;2;1;15;B01
201800032521;2;33;0;0;2;1;15;B01
201800032521;1;7;0;0;2;3;1;A01
201800032522;1;7;0;0;2;1;15;A01
201800032522;2;1;0;0;2;1;1;B01
201800032523;2;7;0;0;1;1;15;A01
201800032524;2;7;0;14;2;1;1;A01
201800032524;1;7;0;0;2;2;1;B01
201800032525;1;7;0;0;2;1;1;A01
201800032525;1;7;0;0;2;5;1;B01
201800032526;1;3;0;0;2;3;15;A01
201800032526;2;31;0;0;2;1;1;B01
201800032527;1;10;0;2;0;1;16;A01
201800032528;2;7;0;0;2;3;9;A01
201800032528;2;7;0;0;2;2;9;B01
201800032529;1;7;0;0;2;1;15;A01
201800032529;2;34;0;0;2;1;1;B01
201800032530;2;7;0;0;2;3;1;A01
201800032530;1;1;0;0;2;1;19;B01
201800032531;2;99;0;0;1;4;0;A01
201800032532;2;30;0;0;2;1;1;A01
201800032532;2;7;0;0;2;4;1;B01
201800032533;0;10;0;0;1;7;1;A01
201800032534;0;7;0;4;0;1;0;A01
201800032535;1;7;0;0;1;3;15;A01
201800032536;1;7;0;0;6;4;23;B01
201800032536;1;32;0;0;2;1;2;A01
201800032537;1;10;0;0;2;8;15;A01
201800032537;0;10;0;0;2;1;1;B01
201800032538;1;7;0;1;1;1;1;A01
201800032539;2;7;0;0;2;2;15;A01
201800032539;1;1;0;0;2;1;0;B01
201800032540;0;10;0;0;2;2;1;A01
201800032540;0;2;0;0;2;7;16;B01
201800032541;2;37;40;0;2;2;7;A01
201800032541;2;7;0;0;2;8;15;B01
201800032542;1;99;0;0;2;1;15;A01
201800032542;2;33;0;0;2;1;17;B01
201800032543;0;30;0;0;0;0;7;A01
201800032544;1;7;0;0;2;8;10;A01
201800032544;1;32;0;0;2;1;2;B01
201800032545;1;3;0;0;1;1;1;A01
201800032546;1;7;0;0;2;3;1;B01
201800032546;2;7;0;0;2;1;1;A01
201800032547;2;7;0;0;2;1;2;A01
201800032547;2;7;0;0;2;1;2;B01
201800032547;2;7;0;0;2;1;2;C01
201800032547;2;7;0;0;0;4;2;D01
201800032548;1;7;0;0;2;2;1;B01
201800032548;2;7;0;0;2;3;1;A01
201800032549;1;7;0;0;1;3;1;A01
201800032550;2;33;0;14;0;1;0;A01
201800032551;1;31;0;0;2;1;5;A01
201800032551;2;1;0;0;2;1;1;B01
201800032552;0;1;0;0;2;1;0;B01
201800032552;1;7;0;0;2;3;15;A01
201800032553;2;1;0;0;2;1;5;B01
201800032553;2;7;0;0;2;3;1;A01
201800032554;2;7;0;0;2;3;9;A01
201800032554;2;2;0;0;2;1;2;B01
201800032555;2;7;0;0;2;1;2;A01
201800032555;2;7;0;0;2;4;3;B01
201800032555;2;7;0;0;2;4;2;C01
201800032556;1;7;0;0;2;2;1;B01
201800032556;1;7;0;0;2;3;15;A01
201800032557;0;7;0;0;2;1;1;A01
201800032557;0;7;0;0;2;1;0;B01
201800032558;1;7;0;6;1;2;1;A01
201800032559;1;7;0;0;2;1;1;A01
201800032559;1;7;0;0;2;1;1;B01
201800032559;1;7;0;0;2;8;15;C01
201800032560;2;33;0;0;2;1;1;A01
201800032560;0;32;0;0;2;0;0;B01
201800032561;0;1;0;0;2;0;19;A01
201800032561;1;10;0;0;2;0;1;B01
201800032562;1;99;0;0;2;0;21;A01
201800032562;1;7;0;0;2;5;21;B01
201800032562;1;7;0;0;2;6;20;C01
201800032563;1;10;0;0;2;6;15;A01
201800032563;1;31;0;0;2;1;2;B01
201800032564;2;31;0;0;2;8;23;A01
201800032564;1;7;0;14;0;0;0;Z01
201800032565;1;7;0;0;2;7;1;A01
201800032565;1;7;0;0;2;1;1;B01
201800032566;2;7;0;0;1;1;7;A01
201800032567;2;7;0;9;1;1;15;A01
201800032568;2;10;0;0;1;1;19;A01
201800032569;1;30;0;5;0;7;14;A01
201800032570;0;7;0;0;2;6;11;A01
201800032570;0;7;0;0;2;2;2;B01
201800032571;1;7;0;0;2;3;15;A01
201800032571;2;33;0;0;2;1;17;B01
201800032572;2;7;0;0;2;2;17;A01
201800032572;2;1;0;0;2;4;15;B01
201800032573;2;10;0;0;1;1;19;A01
201800032574;1;7;0;0;1;2;1;A01
201800032575;1;7;0;0;1;3;1;A01
201800032576;1;7;0;0;2;1;1;A01
201800032576;0;1;0;0;2;0;0;B01
201800032577;2;7;0;6;1;1;13;A01
201800032578;1;7;0;0;1;3;1;A01
201800032579;2;7;0;0;1;1;1;A01
201800032580;2;7;0;0;2;1;15;A01
201800032580;1;31;0;0;2;3;1;B01
201800032581;1;3;0;0;0;8;15;A01
201800032581;1;33;0;0;0;2;17;B01
201800032582;0;1;0;0;2;8;1;B01
201800032582;0;7;0;0;2;1;15;A01
201800032583;1;7;0;2;0;1;14;A01
201800032584;2;10;0;1;1;3;19;A01
201800032585;2;7;0;0;1;3;1;A01
201800032586;2;7;0;0;6;2;1;A01
201800032586;0;1;0;0;2;4;19;B01
201800032587;1;7;0;0;1;1;1;A01
201800032588;0;10;0;0;2;1;9;A01
201800032588;0;7;0;0;2;2;1;B01
201800032589;2;30;0;0;2;1;1;B01
201800032589;1;99;0;0;2;2;15;A01
201800032590;0;1;0;0;2;5;15;B01
201800032590;1;10;0;0;2;3;16;A01
201800032591;0;30;0;0;1;3;1;A01
201800032592;2;34;0;8;0;3;2;B01
201800032592;2;7;0;0;2;2;12;A01
201800032593;1;10;0;0;1;0;0;A01
201800032594;0;7;0;0;2;1;0;A01
201800032594;0;7;0;0;2;0;0;B01
201800032595;1;33;0;0;2;7;1;A01
201800032595;2;7;0;0;2;1;15;B01
201800032596;1;3;0;0;1;2;19;A01
201800032597;2;10;0;0;1;2;0;A01
201800032598;1;17;0;0;2;2;16;A01
201800032598;1;10;0;0;2;3;2;B01
201800032599;2;1;0;0;2;1;1;B01
201800032599;2;7;0;0;0;4;16;A01
201800032600;2;7;0;0;1;2;1;A01
201800032601;1;7;0;0;2;7;1;A01
201800032601;1;31;0;0;2;4;23;B01
201800032602;2;10;0;0;2;5;15;A01
201800032602;1;33;0;0;2;1;3;B01
201800032603;1;7;0;15;2;2;1;A01
201800032603;0;7;0;15;2;3;1;B01
201800032604;1;7;0;0;1;1;1;A01
201800032605;2;7;0;0;1;1;2;A01
201800032606;0;30;0;0;0;0;1;A01
201800032607;2;10;0;0;2;2;16;B01
201800032607;2;31;0;0;2;1;8;A01
201800032608;1;7;0;0;2;1;5;A01
201800032608;2;7;0;0;2;1;1;B01
201800032609;2;7;0;0;2;7;23;A01
201800032609;0;1;0;0;2;0;0;B01
201800032610;1;7;0;0;2;0;0;A01
201800032610;1;7;0;0;0;0;0;B01
201800032611;2;32;0;1;0;0;2;A01
201800032612;2;7;0;0;1;1;7;A01
201800032613;0;7;0;0;1;1;1;A01
201800032614;1;7;0;0;1;1;1;A01
201800032615;1;30;0;0;0;7;0;A01
201800032616;1;7;0;0;1;0;15;A01
201800032617;1;7;0;0;2;1;15;A01
201800032617;2;2;0;0;2;1;1;B01
201800032618;0;7;0;0;2;5;2;B01
201800032618;0;7;0;0;2;3;2;A01
201800032619;2;10;0;0;2;2;10;A01
201800032619;2;10;0;1;2;3;1;B01
201800032620;0;7;0;0;2;1;1;B01
201800032620;0;7;0;0;2;1;1;A01
201800032621;2;7;0;0;2;1;2;A01
201800032621;2;37;1;0;2;0;23;B01
201800032622;1;7;0;14;0;4;24;B01
201800032622;1;7;0;0;2;2;0;A01
201800032623;2;7;0;0;2;1;21;B01
201800032623;1;7;0;0;2;1;5;A01
201800032624;1;7;0;0;1;1;1;A01
201800032625;1;10;0;0;2;6;1;A01
201800032625;2;33;0;0;2;1;1;B01
201800032626;1;7;0;0;1;3;1;A01
201800032627;1;7;0;0;2;3;1;B01
201800032627;2;7;0;0;2;3;15;A01
201800032628;1;7;0;0;2;3;15;B01
201800032628;2;10;0;1;2;3;17;A01
201800032629;0;7;0;0;2;1;1;A01
201800032629;0;7;0;0;2;7;1;B01
201800032630;0;7;0;0;1;1;1;A01
201800032631;1;2;0;0;2;0;1;B01
201800032631;2;7;0;0;2;1;15;A01
201800032632;2;37;10;12;0;2;13;A01
201800032633;1;3;0;0;2;1;0;B01
201800032633;1;7;0;0;2;6;9;A01
201800032634;2;33;0;0;2;2;17;A01
201800032634;2;7;0;0;2;3;15;B01
201800032635;1;2;0;1;0;4;9;A01
201800032635;1;7;0;0;2;1;1;Z01
201800032636;0;7;0;0;1;1;16;A01
201800032637;1;2;0;0;2;3;1;A01
201800032637;1;7;0;0;2;3;1;B01
201800032638;0;99;0;0;1;1;1;Z01
201800032639;0;7;0;1;1;3;1;A01
201800032640;2;10;0;0;1;1;1;A01
201800032641;0;10;0;1;1;4;4;A01
201800032642;2;7;0;0;2;2;16;A01
201800032642;1;1;0;0;2;1;1;B01
201800032643;0;10;0;0;2;4;1;B01
201800032643;0;7;0;0;2;1;0;A01
201800032644;1;7;0;1;1;2;0;A01
201800032645;1;7;0;0;2;7;1;B01
201800032645;1;7;0;0;2;1;9;A01
201800032646;0;7;0;0;2;3;16;A01
201800032646;0;7;0;0;2;2;1;B01
201800032647;2;32;0;0;2;1;18;A01
201800032647;1;7;0;0;2;2;15;B01
201800032648;0;7;0;12;0;6;23;A01
201800032648;0;7;0;0;2;1;12;B01
201800032649;0;3;0;0;1;1;1;A01
201800032650;2;7;0;0;1;2;1;A01
201800032651;1;10;0;0;2;3;0;B01
201800032651;1;7;0;0;2;8;13;A01
201800032652;1;7;0;0;2;5;15;A01
201800032652;2;33;0;0;2;1;1;B01
201800032653;2;7;0;0;1;7;1;A01
201800032654;1;7;0;0;1;3;15;A01
201800032655;1;7;0;0;2;1;5;A01
201800032655;1;10;0;0;2;3;1;B01
201800032656;0;10;0;0;2;1;17;A01
201800032656;0;7;0;0;2;3;1;B01
201800032657;1;10;0;0;1;3;15;A01
201800032658;2;7;0;9;0;2;0;A01
201800032659;2;7;0;0;0;1;0;A01
201800032659;2;7;0;0;0;4;0;B01
201800032660;0;7;0;0;2;2;15;A01
201800032660;0;7;0;0;2;1;1;B01
201800032661;0;99;0;0;2;8;15;Z01
201800032661;1;7;0;0;2;0;0;A01
201800032662;2;33;0;0;2;1;17;B01
201800032662;1;7;0;0;2;1;15;A01
201800032663;1;10;0;0;1;1;15;A01
201800032663;2;10;0;1;2;3;1;B01
201800032664;1;2;0;11;0;1;1;A01
201800032665;2;3;0;15;0;1;1;A01
201800032666;1;10;0;0;2;1;13;A01
201800032666;1;10;0;0;2;5;15;B01
201800032666;2;10;0;0;2;2;0;C01
201800032667;1;7;0;0;0;4;23;A01
201800032667;1;7;0;0;2;9;2;B01
201800032667;1;7;0;0;2;1;1;C01
201800032668;1;7;0;12;0;2;14;A01
201800032669;2;7;0;0;1;2;15;A01
201800032670;0;7;0;0;0;1;2;A01
201800032670;0;7;0;0;0;4;2;B01
201800032670;0;7;0;0;0;4;2;C01
201800032671;0;7;0;13;0;2;14;A01
201800032672;1;7;0;0;1;3;0;A01
201800032673;1;7;0;0;2;2;1;B01
201800032673;1;7;0;0;2;3;9;A01
201800032674;0;7;0;0;2;7;1;B01
201800032674;0;7;0;0;2;1;1;A01
201800032675;1;3;0;0;1;2;16;A01
201800032676;0;7;0;8;0;2;1;A01
201800032677;0;7;0;0;2;1;1;A01
201800032677;0;7;0;0;2;1;5;B01
201800032678;1;7;0;0;2;3;5;A01
201800032678;2;7;0;0;2;3;1;B01
201800032679;1;7;0;0;9;3;1;A01
201800032679;2;1;0;0;2;1;5;B01
201800032680;1;7;0;0;1;4;4;A01
201800032681;1;14;0;0;2;2;1;A01
201800032681;2;7;0;0;2;1;13;B01
201800032682;1;33;0;0;0;7;1;A01
201800032683;2;7;0;14;1;2;1;A01
201800032684;2;7;0;0;2;1;21;B01
201800032684;1;10;0;0;2;3;13;A01
201800032685;2;7;0;8;0;1;0;A01
201800032686;1;7;0;14;2;7;21;C01
201800032686;2;17;0;0;2;2;1;B01
201800032686;1;7;0;0;2;3;15;A01
201800032687;0;3;0;2;0;1;1;A01
201800032688;1;7;0;2;0;1;2;A01
201800032689;2;7;0;2;0;3;0;A01
201800032690;2;7;0;16;9;1;1;A01
201800032691;1;7;0;13;0;9;14;A01
201800032692;0;7;0;0;9;1;9;A01
201800032692;0;1;0;0;2;4;9;B01
201800032693;2;7;0;0;2;1;1;B01
201800032693;1;7;0;0;2;1;15;A01
201800032694;2;15;0;0;2;0;1;A01
201800032694;1;15;0;0;2;1;13;B01
201800032694;2;7;0;0;0;1;1;C01
201800032694;2;10;0;0;2;1;1;D01
201800032695;2;39;1;0;0;8;1;B01
201800032695;1;7;0;0;4;1;1;A01
201800032696;2;7;0;0;2;7;10;A01
201800032696;1;7;0;0;2;1;1;B01
201800032697;0;2;0;0;2;1;1;B01
201800032697;0;10;0;0;0;8;10;A01
201800032698;1;15;0;0;2;3;15;A01
201800032698;2;2;0;0;2;1;1;B01
201800032699;1;7;0;16;0;3;13;A01
201800032700;2;7;0;1;0;1;14;A01
201800032701;0;7;0;0;1;1;15;A01
201800032702;2;7;0;0;2;4;2;C01
201800032702;2;14;0;0;0;1;2;A01
201800032702;2;15;0;0;0;4;2;B01
201800032703;1;33;0;0;2;1;1;A01
201800032703;2;7;0;0;9;7;15;B01
201800032704;2;7;0;0;2;1;1;B01
201800032704;2;7;0;0;2;3;1;A01
201800032705;2;7;0;0;2;6;11;B01
201800032705;2;33;0;0;2;6;11;A01
201800032706;2;7;0;0;2;1;13;B01
201800032706;2;7;0;0;2;1;13;A01
201800032707;1;7;0;7;0;0;1;A01
201800032708;1;33;0;0;0;9;21;A01
201800032709;2;15;0;7;0;0;1;A01
201800032710;2;2;0;0;0;3;1;A01
201800032711;2;33;0;0;2;1;1;A01
201800032711;1;7;0;0;2;2;19;B01
201800032712;2;10;0;9;0;1;0;A01
201800032713;1;7;0;0;2;3;1;A01
201800032713;2;7;0;8;2;3;1;B01
201800032714;2;7;0;0;2;1;15;A01
201800032714;2;7;0;0;2;2;1;B01
201800032714;1;7;0;0;2;1;1;C01
201800032715;1;7;0;0;2;3;13;A01
201800032715;2;7;0;0;2;1;1;B01
201800032716;2;7;0;0;2;3;1;A01
201800032716;1;20;0;0;2;1;9;B01
201800032717;1;10;0;0;2;1;1;A01
201800032717;1;7;0;0;0;4;15;B01
201800032717;2;7;0;0;2;2;0;C01
201800032717;0;7;0;0;2;1;0;D01
201800032718;2;7;0;0;2;1;1;B01
201800032718;2;2;0;0;2;8;15;A01
201800032719;2;7;0;0;2;7;1;A01
201800032719;1;7;0;0;2;1;1;B01
201800032720;1;7;0;0;2;3;13;A01
201800032720;2;7;0;0;2;3;1;B01
201800032721;2;7;0;0;2;3;13;A01
201800032721;1;7;0;0;2;3;2;B01
201800032722;2;33;0;15;2;1;1;B01
201800032722;2;7;0;0;2;3;19;A01
201800032723;1;33;0;10;0;7;14;A01
201800032724;2;7;0;13;0;1;1;A01
201800032725;2;33;0;10;0;7;1;A01
201800032726;1;7;0;0;2;2;17;A01
201800032726;1;7;0;13;2;6;13;B01
201800032727;1;7;0;0;2;1;13;A01
201800032727;2;7;0;0;2;1;1;B01
201800032728;1;31;0;13;0;1;14;A01
201800032729;1;7;0;0;2;3;13;A01
201800032729;2;7;0;0;2;3;1;B01
201800032730;2;7;0;15;0;1;14;A01
201800032731;2;38;1;7;1;6;23;A01
201800032731;2;14;0;1;0;1;2;B01
201800032732;1;38;11;0;0;4;2;B01
201800032732;1;10;0;3;2;1;2;A01
201800032733;2;7;0;2;0;9;14;A01
201800032734;2;33;0;0;2;1;11;A01
201800032734;1;30;0;0;2;1;1;B01
201800032734;2;7;0;0;0;1;2;C01
201800032735;1;7;0;0;2;1;1;A01
201800032735;1;7;0;0;0;4;23;B01
201800032736;2;7;0;0;0;2;1;A01
201800032737;1;2;0;0;6;1;1;A01
201800032738;2;7;0;2;0;1;13;A01
201800032739;1;3;0;0;2;3;5;A01
201800032739;2;21;0;0;2;3;1;B01
201800032740;1;31;0;0;9;1;11;A01
201800032740;1;1;0;0;2;1;1;B01
201800032741;0;7;0;0;2;3;10;A01
201800032741;1;33;0;0;2;1;1;B01
201800032742;2;33;0;12;0;7;1;A01
201800032743;2;31;0;3;0;7;1;A01
201800032744;1;21;0;0;0;5;23;A01
201800032744;1;1;0;1;0;1;2;B01
201800032745;1;7;0;0;0;9;1;A01
201800032746;1;7;0;2;0;1;2;A01