num_acc;senc;catv;occutc;obs;obsm;choc;manv;num_veh
201800032747;2;7;0;13;0;2;1;A01
201800032748;1;7;0;7;2;2;13;A01
201800032748;2;15;0;0;2;3;1;B01
201800032749;1;2;0;0;2;1;1;A01
201800032749;1;7;0;0;2;7;4;B01
201800032750;1;7;0;0;1;0;0;Z01
201800032751;2;7;0;0;2;1;1;A01
201800032751;2;7;0;6;2;8;1;B01
201800032752;1;10;0;0;2;5;16;B01
201800032752;1;1;0;0;2;1;1;A01
201800032753;2;2;0;0;2;1;1;A01
201800032753;2;7;0;0;2;6;1;B01
201800032754;2;2;0;0;2;3;1;B01
201800032754;1;7;0;0;2;1;15;A01
201800032755;1;10;0;0;1;1;1;A01
201800032756;2;7;0;0;1;1;1;A01
201800032757;2;17;0;0;2;1;1;B01
201800032757;1;7;0;0;2;1;13;A01
201800032758;2;17;0;0;2;3;1;A01
201800032758;1;17;0;0;2;6;1;C01
201800032758;1;7;0;13;2;8;17;B01
201800032759;1;7;0;0;2;1;13;B01
201800032759;1;10;0;0;2;1;13;A01
201800032760;1;7;0;0;2;1;1;A01
201800032760;1;2;0;0;0;7;19;B01
201800032761;2;7;0;13;0;1;1;A01
201800032762;1;7;0;0;1;2;19;A01
201800032763;2;7;0;0;2;1;1;B01
201800032763;1;7;0;0;2;1;13;A01
201800032764;2;2;0;0;2;7;15;A01
201800032764;1;7;0;0;2;2;1;B01
201800032765;1;10;0;0;9;2;2;A01
201800032765;1;1;0;0;0;4;2;B01
201800032765;2;7;0;0;2;3;1;C01
201800032766;1;7;0;13;0;0;13;A01
201800032767;0;7;0;13;0;2;1;A01
201800032768;1;7;0;0;2;3;15;A01
201800032768;2;2;0;0;2;8;1;B01
201800032769;1;33;0;13;0;1;1;A01
201800032770;1;10;0;0;2;3;15;A01
201800032770;1;33;0;0;2;1;17;B01
201800032771;1;7;0;0;1;2;1;A01
201800032772;1;7;0;0;2;1;13;A01
201800032772;2;7;0;0;2;1;1;B01
201800032773;1;33;0;0;6;1;1;A01
201800032774;1;2;0;0;0;8;1;A01
201800032775;2;7;0;7;0;1;1;A01
201800032776;0;33;0;1;0;1;0;A01
201800032777;2;7;0;0;2;1;1;C01
201800032777;2;7;0;0;2;1;1;B01
201800032777;1;7;0;0;2;1;5;A01
201800032778;1;7;0;10;0;3;13;A01
201800032779;0;7;0;0;9;3;1;A01
201800032779;0;1;0;0;2;0;19;B01
201800032780;0;7;0;0;0;1;1;A01
201800032781;2;36;0;8;0;2;1;A01
201800032782;0;10;0;2;0;3;19;A01
201800032783;1;7;0;16;0;0;1;A01
201800032784;0;15;0;2;0;1;13;A01
201800032785;0;7;0;8;0;1;13;A01
201800032786;2;7;0;0;0;2;1;A01
201800032787;2;17;0;0;2;3;1;B01
201800032787;1;7;0;0;2;1;1;D01
201800032787;1;7;0;0;2;2;1;C01
201800032787;1;7;0;0;2;1;13;A01
201800032788;1;31;0;0;2;8;19;A01
201800032788;2;7;0;0;2;1;21;B01
201800032789;0;7;0;13;0;8;13;A01
201800032790;1;7;0;13;0;1;1;A01
201800032791;1;33;0;0;0;1;14;A01
201800032792;2;7;0;13;0;8;13;A01
201800032793;2;7;0;8;0;1;1;A01
201800032794;1;7;0;0;2;3;1;C01
201800032794;2;7;0;3;0;3;0;A01
201800032794;1;7;0;13;2;3;1;B01
201800032795;2;2;0;13;0;0;1;A01
201800032796;1;7;0;8;0;1;0;A01
201800032797;1;7;0;3;0;9;11;A01
201800032798;1;7;0;2;0;3;1;A01
201800032799;1;7;0;0;2;3;13;A01
201800032799;2;7;0;0;2;3;1;B01
201800032800;2;7;0;2;0;1;1;A01
201800032801;1;7;0;2;0;2;1;A01
201800032802;2;7;0;9;2;1;1;A01
201800032802;0;7;0;0;2;1;16;B01
201800032803;2;2;0;0;2;2;1;A01
201800032803;1;10;0;0;2;3;1;B01
201800032804;2;7;0;13;0;9;0;A01
201800032805;1;7;0;0;0;3;19;B01
201800032805;1;33;0;0;2;1;1;A01
201800032806;2;37;2;7;2;3;1;A01
201800032806;1;10;0;8;2;1;16;B01
201800032807;1;1;0;0;2;4;2;A01
201800032807;1;7;0;0;9;1;2;B01
201800032808;0;7;0;0;0;3;13;A01
201800032808;0;7;0;0;2;3;1;B01
201800032809;2;1;0;0;2;1;1;B01
201800032809;1;7;0;0;9;2;15;A01
201800032810;2;7;0;0;2;3;1;A01
201800032810;1;7;0;0;2;3;1;B01
201800032811;2;7;0;2;0;2;13;A01
201800032812;1;10;0;2;0;2;0;A01
201800032813;1;3;0;0;2;3;19;A01
201800032813;1;10;0;0;2;2;1;B01
201800032814;2;33;0;0;2;1;5;A01
201800032814;1;7;0;0;2;3;15;B01
201800032815;2;1;0;0;2;1;1;B01
201800032815;2;7;0;0;9;7;1;A01
201800032816;1;7;0;0;2;3;20;B01
201800032816;2;7;0;0;2;3;11;A01
201800032817;1;7;0;13;0;2;14;A01
201800032818;1;7;0;0;2;3;1;B01
201800032818;1;7;0;0;2;3;1;C01
201800032818;2;7;0;0;2;1;0;A01
201800032819;2;33;0;0;0;2;1;A01
201800032820;1;1;0;0;2;4;11;B01
201800032820;1;7;0;0;9;2;2;A01
201800032821;1;1;0;0;2;0;13;A01
201800032821;1;7;0;0;9;8;21;B01
201800032822;2;7;0;2;0;1;0;A01
201800032823;2;14;0;0;2;1;2;A01
201800032823;2;7;0;0;2;4;2;C01
201800032823;2;7;0;0;2;4;2;B01
201800032824;2;7;0;3;2;3;13;A01
201800032824;1;17;0;0;2;1;21;B01
201800032825;2;7;0;2;0;1;1;A01
201800032826;2;7;0;8;0;0;1;A01
201800032827;2;7;0;0;1;2;2;A01
201800032828;1;7;0;0;0;2;1;A01
201800032829;1;7;0;0;2;3;1;B01
201800032829;2;7;0;0;2;1;1;A01
201800032830;1;7;0;2;0;1;1;A01
201800032831;2;7;0;12;2;1;1;B01
201800032831;1;7;0;0;2;1;13;A01
201800032832;1;7;0;0;1;2;2;A01
201800032833;1;7;0;0;1;1;2;A01
201800032834;2;7;0;0;2;0;9;A01
201800032834;1;1;0;0;2;7;1;B01
201800032835;1;7;0;0;2;1;1;C01
201800032835;1;7;0;0;2;1;2;D01
201800032835;2;7;0;0;2;1;2;A01
201800032835;2;7;0;0;2;4;1;B01
201800032836;1;7;0;0;2;3;13;A01
201800032836;2;15;0;0;2;3;21;B01
201800032837;1;7;0;0;2;2;1;B01
201800032837;1;1;0;0;2;0;19;A01
201800032838;0;7;0;0;2;1;13;A01
201800032838;0;7;0;0;2;1;2;B01
201800032839;1;7;0;3;2;1;13;A01
201800032839;2;17;0;0;2;1;1;B01
201800032840;2;17;0;3;2;1;1;B01
201800032840;1;7;0;0;2;1;13;A01
201800032841;2;7;0;0;2;1;1;B01
201800032841;1;10;0;0;2;1;13;A01
201800032842;1;16;0;0;2;1;2;A01
201800032842;1;15;0;0;2;4;1;B01
201800032843;1;7;0;0;1;3;1;A01
201800032844;0;7;0;13;0;7;0;A01
201800032845;2;1;0;0;2;1;0;B01
201800032845;1;7;0;0;2;2;0;A01
201800032846;0;7;0;0;2;6;18;A01
201800032846;0;7;0;0;2;6;23;B01
201800032847;0;7;0;0;2;2;22;A01
201800032847;0;1;0;0;2;3;0;B01
201800032848;1;7;0;0;1;1;0;A01
201800032849;2;7;0;0;1;8;1;A01
201800032850;0;1;0;0;1;1;0;A01
201800032851;1;7;0;0;1;1;0;A01
201800032852;0;7;0;0;1;4;0;A01
201800032853;0;7;0;0;1;0;0;Z01
201800032854;0;7;0;11;2;7;15;A01
201800032854;0;33;0;0;2;1;1;B01
201800032855;1;2;0;0;2;1;0;B01
201800032855;1;7;0;0;2;0;0;A01
201800032856;0;7;0;0;2;8;1;A01
201800032856;0;1;0;0;2;1;19;B01
201800032857;1;33;0;0;2;1;1;B01
201800032857;0;7;0;0;2;1;0;A01
201800032858;2;31;0;0;2;1;17;A01
201800032858;2;7;0;0;2;8;15;B01
201800032859;0;33;0;0;2;7;17;A01
201800032859;0;7;0;0;2;8;10;B01
201800032860;0;7;0;10;0;1;15;A01
201800032861;1;10;0;6;0;1;0;A01
201800032862;0;7;0;0;1;1;1;A01
201800032863;2;2;0;0;2;1;1;B01
201800032863;1;10;0;0;2;2;11;A01
201800032864;1;7;0;0;2;1;14;A01
201800032864;1;1;0;0;0;8;1;B01
201800032865;0;10;0;0;2;1;1;B01
201800032865;0;10;0;0;2;7;15;A01
201800032866;0;7;0;0;2;5;15;A01
201800032866;0;2;0;0;2;1;1;B01
201800032867;1;7;0;0;1;1;1;A01
201800032868;1;38;1;0;2;3;15;A01
201800032868;2;7;0;0;2;1;1;B01
201800032869;0;7;0;0;2;1;13;A01
201800032869;0;7;0;0;2;0;0;C01
201800032869;0;7;0;0;2;3;1;B01
201800032870;0;10;0;0;2;1;1;A01
201800032870;0;7;0;0;2;3;1;B01
201800032871;0;2;0;0;0;0;1;A01
201800032872;0;7;0;0;0;1;1;A01
201800032873;1;7;0;0;2;1;1;A01
201800032873;1;7;0;0;2;4;1;B01
201800032874;1;1;0;0;0;1;1;A01
201800032875;1;7;0;0;2;1;2;A01
201800032875;1;7;0;0;2;4;2;B01
201800032876;1;7;0;0;1;1;1;A01
201800032877;1;7;0;13;0;7;1;A01
201800032878;2;14;0;0;2;6;1;B01
201800032878;1;1;0;0;2;8;13;A01
201800032879;1;7;0;0;2;2;15;B01
201800032879;1;33;0;0;2;1;1;A01
201800032880;2;7;0;6;0;2;14;A01
201800032881;0;1;0;0;2;4;0;B01
201800032881;0;7;0;0;2;1;0;A01
201800032882;2;10;0;0;2;1;1;B01
201800032882;1;7;0;0;2;6;15;A01
201800032883;2;7;0;0;2;1;1;B01
201800032883;1;7;0;0;2;8;15;A01
201800032884;0;7;0;0;2;0;0;A01
201800032884;0;33;0;0;2;4;1;B01
201800032885;0;10;0;0;2;1;13;A01
201800032885;0;10;0;0;2;1;1;B01
201800032886;0;2;0;0;2;2;19;B01
201800032886;1;7;0;0;2;1;1;A01
201800032887;1;7;0;0;2;6;0;B01
201800032887;1;7;0;0;2;3;0;A01
201800032888;0;30;0;0;0;0;0;A01
201800032889;1;7;0;0;2;6;1;B01
201800032889;1;32;0;0;2;1;2;A01
201800032890;1;32;0;9;0;1;1;A01
201800032891;0;7;0;0;2;3;16;A01
201800032891;0;7;0;0;2;1;1;B01
201800032892;1;7;0;2;0;3;13;A01
201800032893;0;7;0;0;2;3;0;B01
201800032893;0;7;0;0;2;3;13;A01
201800032894;2;7;0;5;0;7;0;A01
201800032895;0;7;0;0;2;3;15;B01
201800032895;0;10;0;0;2;1;1;A01
201800032896;0;7;0;0;2;2;5;B01
201800032896;0;7;0;0;2;2;0;A01
201800032897;0;30;0;0;0;3;1;A01
201800032898;0;7;0;0;2;1;13;A01
201800032898;0;7;0;0;2;1;14;B01
201800032898;0;7;0;0;2;3;0;C01
201800032899;1;10;0;0;0;3;1;A01
201800032900;0;7;0;16;0;6;10;A01
201800032900;0;7;0;0;2;1;0;B01
201800032901;0;7;0;2;0;1;16;A01
201800032902;0;10;0;0;2;5;15;A01
201800032902;0;10;0;0;2;1;1;B01
201800032903;1;7;0;0;1;3;13;A01
201800032904;1;37;43;0;1;0;15;A01
201800032905;2;7;0;13;0;1;1;A01
201800032906;1;7;0;0;2;3;15;B01
201800032906;1;33;0;0;2;3;17;A01
201800032907;1;7;0;0;2;1;1;A01
201800032907;2;7;0;0;2;3;15;B01
201800032908;0;7;0;0;2;2;2;A01
201800032908;0;1;0;0;2;4;2;B01
201800032909;1;7;0;7;0;3;16;A01
201800032910;1;33;0;15;0;0;1;A01
201800032911;1;7;0;0;0;2;1;A01
201800032912;2;7;0;0;2;3;1;A01
201800032912;1;7;0;0;2;3;13;B01
201800032913;1;7;0;0;1;3;1;A01
201800032914;1;1;0;0;2;4;1;B01
201800032914;1;7;0;0;2;1;9;A01
201800032915;0;7;0;0;1;1;1;Z01
201800032916;0;7;0;0;2;5;9;B01
201800032916;0;2;0;0;2;1;1;A01
201800032917;2;7;0;0;2;1;15;A01
201800032917;2;33;0;0;2;3;1;B01
201800032918;2;7;0;0;1;2;1;A01
201800032919;0;99;0;0;2;7;17;A01
201800032919;0;30;0;0;2;0;1;B01
201800032920;1;99;0;0;2;0;0;A01
201800032920;1;7;0;0;2;3;1;B01
201800032921;0;33;0;0;0;1;0;A01
201800032922;2;1;0;0;2;8;9;A01
201800032922;2;10;0;0;2;7;1;B01
201800032923;0;7;0;0;2;3;1;B01
201800032923;0;1;0;0;2;1;6;A01
201800032924;2;7;0;0;1;7;21;A01
201800032925;1;7;0;0;2;7;15;A01
201800032925;2;2;0;0;2;1;1;B01
201800032926;0;10;0;0;0;0;1;A01
201800032926;0;33;0;0;0;0;0;B01
201800032927;0;2;0;0;2;1;2;A01
201800032927;0;7;0;0;0;6;2;B01
201800032928;2;10;0;0;2;7;0;B01
201800032928;2;10;0;0;2;3;0;A01
201800032929;0;10;0;0;2;1;1;B01
201800032929;0;10;0;0;2;1;1;A01
201800032930;1;33;0;0;2;4;17;A01
201800032930;1;7;0;0;2;4;15;B01
201800032931;2;10;0;0;2;2;1;C01
201800032931;1;7;0;0;2;1;13;A01
201800032931;2;7;0;0;2;1;1;B01
201800032931;2;7;0;0;2;1;1;D01
201800032932;0;32;0;12;0;7;16;A01
201800032933;0;1;0;0;2;8;1;B01
201800032933;0;7;0;0;2;1;16;A01
201800032934;1;7;0;0;1;2;1;A01
201800032935;0;7;0;0;2;4;1;B01
201800032935;0;33;0;0;2;1;2;A01
201800032936;1;7;0;0;1;3;1;A01
201800032937;0;7;0;0;2;3;0;B01
201800032937;0;30;0;0;2;1;1;A01
201800032938;0;34;0;0;2;7;1;B01
201800032938;0;7;0;0;2;6;11;A01
201800032939;0;2;0;0;2;1;21;B01
201800032939;0;7;0;0;2;3;15;A01
201800032940;0;7;0;0;0;1;1;A01
201800032941;1;7;0;1;0;9;1;A01
201800032942;0;1;0;0;2;1;9;A01
201800032942;2;7;0;0;2;7;1;B01
201800032943;0;30;0;0;2;6;2;A01
201800032943;0;99;0;0;0;0;0;B01
201800032944;2;30;0;0;2;1;2;A01
201800032944;2;10;0;0;2;4;16;B01
201800032945;1;7;0;0;2;6;0;B01
201800032945;1;33;0;0;2;6;2;A01
201800032946;0;2;0;0;2;7;2;B01
201800032946;0;7;0;0;2;3;2;A01
201800032947;1;7;0;0;1;2;1;A01
201800032948;2;7;0;0;1;3;0;A01
201800032949;0;1;0;0;2;2;1;B01
201800032949;0;7;0;0;2;3;16;A01
201800032950;0;7;0;0;2;2;19;A01
201800032950;0;2;0;0;2;1;1;B01
201800032951;0;7;0;0;2;1;5;A01
201800032951;0;7;0;0;2;1;1;B01
201800032952;0;2;0;0;2;1;0;B01
201800032952;0;7;0;0;2;1;9;A01
201800032953;2;30;0;0;2;0;1;A01
201800032954;0;7;0;0;2;4;2;B01
201800032954;0;7;0;0;2;1;2;A01
201800032955;1;17;0;0;2;6;1;B01
201800032955;1;14;0;0;2;1;1;A01
201800032956;1;7;0;0;0;4;1;B01
201800032956;1;7;0;0;2;1;2;A01
201800032957;1;7;0;13;0;1;14;A01
201800032958;1;7;0;6;0;1;13;A01
201800032959;1;7;0;0;2;3;13;A01
201800032959;2;32;0;0;2;3;1;B01
201800032960;1;7;0;0;0;3;1;A01
201800032961;1;31;0;0;2;1;17;A01
201800032961;1;7;0;0;2;8;15;B01
201800032962;1;7;0;0;2;3;13;A01
201800032962;2;7;0;0;2;1;1;C01
201800032962;2;7;0;0;2;3;1;B01
201800032963;1;7;0;0;2;3;13;A01
201800032963;2;7;0;0;0;3;1;B01
201800032964;1;7;0;0;2;0;1;A01
201800032964;2;7;0;0;2;0;1;B01
201800032965;2;15;0;0;2;3;14;B01
201800032965;1;7;0;0;2;1;13;A01
201800032966;1;7;0;2;0;9;1;A01
201800032967;2;7;0;6;0;1;1;A01
201800032968;0;7;0;2;0;8;1;A01
201800032969;0;7;0;2;0;1;14;A01
201800032970;1;7;0;13;0;2;1;A01
201800032971;2;7;0;3;0;1;1;A01
201800032972;2;17;0;0;2;3;1;B01
201800032972;2;7;0;0;2;2;17;A01
201800032973;2;7;0;0;1;2;1;A01
201800032974;1;7;0;0;2;1;1;B01
201800032974;2;7;0;0;2;1;15;A01
201800032975;0;7;0;0;2;1;1;A01
201800032975;0;7;0;0;2;1;1;B01
201800032976;2;7;0;2;0;6;14;A01
201800032977;2;7;0;16;0;1;1;A01
201800032978;1;7;0;0;1;2;1;A01
201800032979;0;7;0;1;0;2;1;A01
201800032979;0;7;0;1;0;3;0;B01
201800032980;1;7;0;0;2;2;5;A01
201800032980;1;31;0;0;2;1;1;B01
201800032981;1;7;0;0;2;4;23;B01
201800032981;1;7;0;0;2;1;15;A01
201800032982;1;1;0;0;6;0;0;A01
201800032983;1;7;0;0;2;4;1;B01
201800032983;1;7;0;0;2;1;1;A01
201800032984;0;32;0;0;0;0;0;A01
201800032984;1;7;0;0;2;1;1;B01
201800032985;1;7;0;0;2;1;1;A01
201800032985;1;7;0;0;2;3;1;B01
201800032986;1;7;0;0;2;7;15;A01
201800032986;1;7;0;0;2;1;1;B01
201800032987;1;33;0;3;0;7;1;A01
201800032988;1;7;0;0;2;4;1;B01
201800032988;1;7;0;0;2;1;1;A01
201800032989;1;32;0;0;6;7;1;A01
201800032990;1;7;0;3;0;8;13;A01
201800032991;0;7;0;6;0;1;0;A01
201800032992;1;7;0;0;1;1;1;A01
201800032993;0;7;0;0;0;2;14;A01
201800032994;1;7;0;0;1;3;1;A01
201800032995;0;20;0;3;0;3;13;A01
201800032996;1;1;0;0;2;8;15;B01
201800032996;1;7;0;0;2;1;1;A01
201800032997;1;7;0;0;2;3;16;B01
201800032997;1;10;0;0;2;3;15;A01
201800032998;1;7;0;0;2;3;16;A01
201800032998;1;30;0;0;2;1;1;B01
201800032999;0;7;0;8;0;2;0;A01
201800033000;2;7;0;15;0;1;0;A01
201800033001;1;7;0;0;6;7;1;A01
201800033002;1;7;0;0;1;1;1;A01
201800033003;1;7;0;0;2;1;15;A01
201800033003;1;7;0;0;2;1;14;B01
201800033004;1;30;0;0;0;7;1;A01
201800033005;1;7;0;0;1;3;2;A01
201800033006;1;7;0;13;0;1;0;A01
201800033007;1;7;0;0;2;7;16;A01
201800033007;2;34;0;0;2;6;0;B01
201800033008;2;7;0;0;2;1;0;B01
201800033008;1;7;0;0;2;1;13;A01
201800033009;1;7;0;0;2;8;1;A01
201800033009;1;7;0;0;2;1;1;B01
201800033010;0;7;0;0;2;0;0;A01
201800033010;0;1;0;0;2;0;0;B01
201800033011;1;7;0;0;1;8;0;A01
201800033012;1;10;0;5;0;1;0;A01
201800033013;1;7;0;0;2;1;13;A01
201800033013;1;7;0;0;2;1;1;B01
201800033014;1;33;0;3;0;2;1;A01
201800033015;1;7;0;0;2;0;0;B01
201800033015;1;7;0;0;2;2;16;A01
201800033016;1;7;0;0;1;3;0;A01
201800033017;2;7;0;0;1;1;1;A01
201800033018;1;7;0;8;0;1;13;A01
201800033019;1;7;0;0;1;1;1;A01
201800033020;1;7;0;0;5;1;1;A01
201800033021;1;7;0;0;1;1;1;A01
201800033022;1;7;0;0;2;1;19;A01
201800033022;1;30;0;0;2;8;1;B01
201800033023;2;7;0;0;2;1;15;A01
201800033023;1;31;0;0;2;3;1;B01
201800033024;0;1;0;0;2;1;1;B01
201800033024;0;7;0;0;2;3;15;A01
201800033025;1;7;0;0;2;7;1;B01
201800033025;1;2;0;0;2;7;15;A01
201800033026;0;7;0;0;2;6;1;B01
201800033026;0;7;0;0;2;1;0;A01
201800033027;0;20;0;13;0;7;1;A01
201800033028;0;7;0;0;2;1;0;A01
201800033028;0;34;0;0;0;4;23;B01
201800033029;0;99;0;3;0;1;14;A01
201800033030;0;7;0;0;1;1;17;A01
201800033031;0;7;0;0;2;4;2;B01
201800033031;0;7;0;0;2;1;0;A01
201800033031;0;10;0;0;2;4;23;C01
201800033032;1;7;0;0;1;1;16;A01
201800033033;1;7;0;3;0;7;1;A01
201800033034;0;7;0;0;2;1;1;A01
201800033034;0;7;0;0;2;8;1;B01
201800033035;1;7;0;1;0;7;14;A01
201800033036;0;99;0;8;0;1;2;A01
201800033037;1;10;0;0;2;3;15;B01
201800033037;1;10;0;0;2;1;17;A01
201800033038;1;7;0;0;1;1;1;A01
201800033039;0;7;0;0;2;7;13;A01
201800033039;0;7;0;0;2;8;1;B01
201800033040;1;7;0;0;2;4;1;B01
201800033040;1;7;0;0;2;1;1;A01
201800033041;1;7;0;0;2;3;1;B01
201800033041;1;7;0;0;2;8;1;C01
201800033041;1;7;0;0;2;6;1;D01
201800033041;2;7;0;0;2;8;13;A01
201800033042;1;7;0;0;2;7;15;A01
201800033042;1;7;0;0;2;1;1;B01
201800033043;1;3;0;0;2;6;15;B01
201800033043;1;7;0;0;2;1;17;A01
201800033044;0;7;0;13;0;2;1;A01
201800033045;2;30;0;0;0;7;1;A01
201800033046;1;30;0;0;0;7;1;A01
201800033047;1;7;0;0;2;1;1;A01
201800033047;1;7;0;0;2;8;1;B01
201800033048;1;7;0;0;2;1;1;A01
201800033048;1;10;0;0;2;4;1;B01
201800033049;1;7;0;0;2;1;1;B01
201800033049;1;7;0;0;2;8;19;A01
201800033050;1;7;0;0;1;1;1;A01
201800033051;1;1;0;0;2;3;1;B01
201800033051;1;7;0;0;2;2;16;A01
201800033052;2;7;0;0;2;3;9;A01
201800033052;1;7;0;0;2;2;1;B01
201800033053;1;7;0;0;2;1;1;A01
201800033053;1;7;0;0;2;4;1;B01
201800033054;2;7;0;0;2;1;1;A01
201800033054;1;7;0;0;2;7;1;B01
201800033055;1;7;0;0;2;4;2;B01
201800033055;1;7;0;0;0;4;23;D01
201800033055;1;7;0;0;2;1;2;A01
201800033055;1;7;0;0;2;4;23;C01
201800033056;2;7;0;0;2;2;1;B01
201800033056;1;7;0;0;2;5;15;A01
201800033057;1;7;0;0;1;4;4;A01
201800033058;1;7;0;0;1;1;1;A01
201800033059;1;7;0;13;0;7;1;A01
201800033060;1;7;0;0;2;1;1;A01
201800033060;1;7;0;0;2;7;1;B01
201800033061;1;7;0;6;0;7;1;A01
201800033062;1;30;0;6;0;7;1;A01
201800033063;2;7;0;0;2;1;1;B01
201800033063;1;7;0;0;2;3;15;A01
201800033064;2;7;0;0;2;3;5;A01
201800033064;1;7;0;0;2;3;2;B01
201800033065;1;7;0;13;0;2;1;A01
201800033066;0;7;0;0;2;1;1;B01
201800033066;0;2;0;0;2;1;5;A01
201800033067;1;10;0;0;2;7;17;A01
201800033067;1;2;0;0;2;8;15;B01
201800033068;0;7;0;0;1;0;1;A01
201800033069;2;7;0;0;9;3;1;A01
201800033069;0;1;0;0;2;8;19;B01
201800033070;0;7;0;2;0;5;1;A01
201800033071;1;7;0;2;0;1;13;A01
201800033072;0;2;0;0;0;3;11;A01
201800033072;0;2;0;0;0;2;1;B01
201800033073;0;7;0;2;0;5;1;A01
201800033074;0;2;0;0;2;1;1;A01
201800033074;0;7;0;0;2;2;1;B01
201800033075;2;7;0;2;0;1;13;A01
201800033076;1;7;0;2;0;1;1;A01
201800033077;2;7;0;2;0;4;2;B01
201800033077;2;7;0;0;2;1;2;A01
201800033078;1;7;0;13;0;0;1;A01
201800033079;1;1;0;0;2;1;2;A01
201800033079;1;1;0;0;2;4;15;B01
201800033080;2;7;0;0;2;1;1;A01
201800033080;2;7;0;0;2;4;15;B01
201800033080;1;7;0;0;2;3;1;C01
201800033081;0;7;0;0;1;2;1;A01
201800033082;1;7;0;16;0;0;1;A01
201800033083;0;33;0;0;2;1;1;B01
201800033083;0;7;0;0;2;7;1;A01
201800033084;0;7;0;0;2;6;23;B01
201800033084;0;2;0;0;2;1;21;A01
201800033085;1;7;0;0;2;7;15;A01
201800033085;0;7;0;0;2;1;1;B01
201800033086;0;7;0;0;2;1;2;A01
201800033086;0;7;0;0;2;4;2;B01
201800033087;0;7;0;0;1;7;1;A01
201800033088;0;33;0;0;2;1;1;B01
201800033088;0;7;0;0;2;2;10;A01
201800033089;0;31;0;0;2;8;1;B01
201800033089;0;7;0;0;2;1;15;A01
201800033090;0;7;0;0;1;1;1;A01
201800033091;0;7;0;0;2;4;1;B01
201800033091;0;7;0;0;2;1;2;A01
201800033092;0;7;0;0;2;1;1;A01
201800033092;0;7;0;0;2;8;15;B01
201800033093;0;1;0;0;2;1;15;B01
201800033093;0;7;0;0;2;7;15;A01
201800033094;0;33;0;0;2;4;2;C01
201800033094;0;33;0;0;2;4;2;B01
201800033094;1;33;0;0;2;1;2;A01
201800033095;0;7;0;0;2;3;1;B01
201800033095;0;2;0;0;2;8;1;A01
201800033096;0;7;0;0;2;7;15;A01
201800033096;0;2;0;0;2;1;1;B01
201800033097;1;7;0;0;2;1;1;A01
201800033097;0;7;0;0;2;1;1;B01
201800033098;0;1;0;0;2;1;1;B01
201800033098;0;7;0;0;2;3;22;A01
201800033099;0;7;0;1;0;1;1;A01
201800033100;0;7;0;0;2;6;1;B01
201800033100;0;2;0;0;2;1;7;A01
201800033101;0;3;0;0;2;1;2;A01
201800033101;0;7;0;0;2;4;2;B01
201800033102;0;7;0;0;1;1;1;A01
201800033102;0;7;0;0;2;5;23;B01
201800033103;0;2;0;0;2;7;16;B01
201800033103;0;7;0;0;2;3;15;A01
201800033104;0;7;0;0;2;8;1;B01
201800033104;0;7;0;0;1;1;1;A01
201800033104;0;7;0;0;2;8;1;C01
201800033105;2;7;0;0;1;1;1;A01
201800033106;1;7;0;0;2;1;2;A01
201800033106;1;7;0;0;2;4;2;B01
201800033107;0;7;0;0;2;8;15;A01
201800033107;0;31;0;0;2;7;17;B01
201800033108;1;7;0;0;1;2;1;A01
201800033109;0;7;0;0;1;1;15;A01
201800033110;0;1;0;0;2;1;1;B01
201800033110;0;10;0;0;2;3;9;A01
201800033111;0;15;0;0;2;6;23;B01
201800033111;0;33;0;0;2;3;21;A01
201800033112;0;7;0;0;1;2;17;A01
201800033113;0;7;0;0;1;7;1;A01
201800033114;0;7;0;0;2;1;1;A01
201800033114;0;2;0;0;2;4;1;B01
201800033115;0;7;0;0;2;2;16;B01
201800033115;0;1;0;0;2;1;5;A01
201800033116;0;7;0;0;2;1;15;A01
201800033116;0;7;0;0;2;1;1;B01
201800033117;0;7;0;0;1;3;1;A01
201800033118;0;2;0;0;2;1;1;A01
201800033118;0;7;0;0;2;2;1;B01
201800033119;0;30;0;0;2;0;19;Z01
201800033119;0;7;0;0;2;8;1;B01
201800033120;0;37;4;0;2;8;1;B01
201800033120;0;2;0;0;2;7;17;A01
201800033121;0;10;0;0;2;4;1;A01
201800033121;0;1;0;0;2;4;16;B01
201800033122;0;7;0;0;1;7;1;A01
201800033123;1;7;0;0;2;1;1;B01
201800033123;1;7;0;0;2;7;1;A01
201800033124;0;7;0;0;2;1;1;C01
201800033124;0;7;0;0;2;1;1;A01
201800033124;0;7;0;0;2;1;1;B01
201800033125;1;7;0;0;1;1;1;A01
201800033126;0;7;0;0;1;1;1;A01
201800033127;0;33;0;1;0;1;0;A01
201800033128;0;7;0;0;2;1;2;A01
201800033128;0;7;0;0;2;4;23;B01
201800033129;1;2;0;6;0;1;1;A01
201800033130;0;7;0;0;1;2;16;A01
201800033131;0;33;0;0;2;1;1;B01
201800033131;0;7;0;0;2;2;1;A01
201800033132;1;7;0;0;1;2;1;A01
201800033133;1;7;0;0;1;3;1;A01
201800033134;0;7;0;3;2;6;2;B01
201800033134;0;33;0;0;2;1;2;A01
201800033135;0;7;0;0;2;7;16;A01
201800033135;0;1;0;0;2;8;15;B01
201800033136;0;30;0;0;2;1;1;A01
201800033136;0;7;0;0;2;1;1;B01
201800033137;0;2;0;0;2;1;1;A01
201800033137;0;7;0;0;2;6;16;B01
201800033138;0;7;0;9;0;1;1;A01