num_acc;senc;catv;occutc;obs;obsm;choc;manv;num_veh
201800033139;1;7;0;0;2;8;15;A01
201800033139;2;33;0;0;2;1;1;B01
201800033140;1;1;0;0;2;1;1;A01
201800033140;1;7;0;0;2;7;1;B01
201800033141;2;1;0;0;2;8;1;B01
201800033141;2;7;0;0;2;2;20;Z01
201800033142;1;7;0;0;1;2;1;A01
201800033143;1;2;0;0;0;0;1;A01
201800033144;0;10;0;0;1;4;0;A01
201800033145;1;7;0;0;1;2;20;A01
201800033146;0;7;0;0;2;7;16;B01
201800033146;0;7;0;0;2;3;16;A01
201800033147;2;1;0;0;1;1;1;A01
201800033148;1;7;0;6;2;3;1;A01
201800033148;1;7;0;6;2;1;1;B01
201800033149;1;1;0;0;2;1;1;B01
201800033149;1;7;0;0;2;3;24;A01
201800033150;1;7;0;2;0;2;1;A01
201800033151;1;2;0;1;0;1;14;A01
201800033152;1;7;0;0;2;1;1;B01
201800033152;1;7;0;0;6;1;1;C01
201800033152;1;7;0;0;2;1;13;A01
201800033153;0;33;0;0;2;4;2;B01
201800033153;0;7;0;0;2;1;2;A01
201800033153;0;7;0;0;2;4;2;C01
201800033154;0;7;0;0;2;1;13;A01
201800033154;0;7;0;0;2;1;1;B01
201800033155;1;7;0;0;2;2;21;B01
201800033155;1;1;0;0;2;3;11;A01
201800033156;2;7;0;0;1;1;15;A01
201800033157;0;7;0;0;2;1;15;A01
201800033157;0;33;0;0;2;1;16;B01
201800033158;2;33;0;1;2;1;18;A01
201800033158;2;7;0;0;2;7;1;B01
201800033159;0;7;0;0;2;2;15;A01
201800033159;0;2;0;0;2;1;1;B01
201800033160;0;7;0;0;2;1;15;A01
201800033160;0;1;0;0;2;8;1;B01
201800033161;0;7;0;0;1;1;1;A01
201800033162;0;7;0;0;2;1;2;A01
201800033162;0;7;0;0;2;4;2;C01
201800033162;0;7;0;0;2;4;2;B01
201800033163;1;7;0;0;2;4;2;B01
201800033163;1;7;0;0;2;4;2;C01
201800033163;0;7;0;0;2;1;2;A01
201800033164;1;7;0;0;4;3;15;A01
201800033164;1;40;1;0;2;1;1;B01
201800033165;2;7;0;3;2;7;17;A01
201800033165;2;7;0;0;2;3;1;B01
201800033166;2;7;0;0;2;4;2;B01
201800033166;2;7;0;0;2;1;2;A01
201800033167;0;7;0;0;1;1;1;A01
201800033168;0;7;0;0;2;8;1;A01
201800033168;0;2;0;0;2;1;1;B01
201800033169;0;7;0;0;2;1;2;A01
201800033169;0;7;0;0;2;4;2;B01
201800033170;2;7;0;0;2;2;1;A01
201800033170;0;7;0;0;2;3;1;B01
201800033171;2;2;0;0;2;1;2;A01
201800033171;2;7;0;0;2;6;15;B01
201800033172;0;7;0;0;1;2;1;A01
201800033173;1;30;0;0;2;1;1;A01
201800033173;0;7;0;0;2;3;1;B01
201800033174;0;30;0;0;2;8;1;B01
201800033174;0;7;0;0;2;3;15;A01
201800033175;0;7;0;13;0;1;1;A01
201800033176;2;7;0;0;2;2;1;B01
201800033176;2;2;0;0;2;1;9;A01
201800033177;1;7;0;0;2;3;1;A01
201800033177;2;7;0;0;2;3;1;B01
201800033178;1;10;0;0;1;1;15;A01
201800033179;1;33;0;15;0;0;1;A01
201800033180;1;7;0;0;2;7;0;A01
201800033180;2;1;0;0;2;1;1;B01
201800033181;1;10;0;0;2;3;15;B01
201800033181;1;33;0;15;2;1;17;A01
201800033182;2;7;0;0;1;1;1;A01
201800033183;0;7;0;0;2;1;1;B01
201800033183;0;7;0;3;2;2;1;A01
201800033184;2;7;0;3;0;3;0;A01
201800033185;1;7;0;0;2;1;1;A01
201800033185;0;7;0;0;2;8;1;B01
201800033186;0;7;0;0;2;1;1;A01
201800033186;0;31;0;0;2;5;1;B01
201800033187;1;7;0;0;1;2;1;A01
201800033188;0;7;0;0;1;1;1;A01
201800033189;0;7;0;0;1;1;1;A01
201800033190;2;30;0;0;0;0;21;A01
201800033191;0;7;0;0;1;1;1;A01
201800033192;1;1;0;0;2;1;1;B01
201800033192;2;7;0;0;2;2;15;A01
201800033193;0;32;0;0;2;1;1;B01
201800033193;0;7;0;0;2;5;15;A01
201800033194;2;7;0;0;1;8;1;A01
201800033195;0;10;0;0;1;2;1;A01
201800033196;1;7;0;0;2;1;15;B01
201800033196;2;1;0;0;2;8;1;A01
201800033197;2;33;0;0;2;1;1;B01
201800033197;1;7;0;0;2;2;15;A01
201800033198;0;7;0;0;2;1;2;A01
201800033198;1;7;0;0;2;4;2;B01
201800033199;0;1;0;0;2;1;1;B01
201800033199;0;7;0;0;2;3;1;A01
201800033200;2;2;0;0;2;1;1;B01
201800033200;2;7;0;0;2;7;1;A01
201800033201;2;17;0;0;2;3;1;B01
201800033201;1;7;0;0;2;1;13;A01
201800033202;2;7;0;0;2;4;2;B01
201800033202;2;33;0;0;2;1;2;A01
201800033203;2;7;0;0;2;4;2;B01
201800033203;2;7;0;0;2;1;2;A01
201800033204;2;7;0;0;1;3;1;A01
201800033205;0;7;0;0;2;1;2;A01
201800033205;0;7;0;0;2;4;2;B01
201800033206;0;2;0;0;2;1;1;B01
201800033206;0;7;0;0;2;7;15;A01
201800033207;2;7;0;0;2;1;1;B01
201800033207;2;7;0;0;2;2;1;A01
201800033208;1;7;0;0;2;2;2;A01
201800033208;1;33;0;0;2;4;2;B01
201800033209;2;7;0;0;2;3;1;B01
201800033209;2;7;0;0;2;6;0;A01
201800033210;1;7;0;0;2;5;1;B01
201800033210;1;1;0;0;2;1;1;A01
201800033211;0;7;0;0;1;1;1;A01
201800033212;1;2;0;0;2;1;2;A01
201800033212;1;7;0;0;2;4;2;B01
201800033213;0;7;0;0;2;2;1;Z01
201800033213;0;2;0;0;2;8;16;B01
201800033214;1;1;0;0;2;1;15;A01
201800033214;2;7;0;0;2;7;1;B01
201800033215;2;32;0;0;1;2;17;A01
201800033216;1;7;0;0;2;7;1;C01
201800033216;1;7;0;3;2;7;9;A01
201800033216;1;7;0;0;2;7;1;B01
201800033217;0;7;0;0;1;6;20;A01
201800033218;2;30;0;0;2;1;1;A01
201800033218;0;7;0;0;2;8;15;B01
201800033219;2;1;0;0;2;1;13;B01
201800033219;1;7;0;0;2;3;1;A01
201800033220;1;33;0;16;0;1;1;A01
201800033221;2;7;0;2;0;2;1;A01
201800033222;2;7;0;2;0;2;1;A01
201800033223;1;7;0;0;2;3;2;B01
201800033223;1;7;0;0;2;7;9;A01
201800033224;0;7;0;2;0;2;0;A01
201800033225;2;7;0;15;0;1;1;A01
201800033226;1;7;0;0;2;8;1;B01
201800033226;0;1;0;0;2;1;5;A01
201800033227;1;7;0;0;2;3;0;A01
201800033227;1;7;0;0;2;3;1;B01
201800033227;1;7;0;0;2;3;1;C01
201800033228;1;15;0;6;0;2;1;A01
201800033229;1;7;0;0;2;6;6;A01
201800033229;1;33;0;0;2;1;2;B01
201800033230;1;7;0;13;0;3;1;A01
201800033231;1;33;0;13;0;1;16;A01
201800033232;2;7;0;2;0;1;13;A01
201800033233;0;7;0;13;0;9;1;A01
201800033234;1;2;0;6;0;3;0;A01
201800033235;1;2;0;9;2;0;1;A01
201800033235;2;3;0;0;2;3;1;B01
201800033236;1;7;0;0;1;8;1;A01
201800033237;1;7;0;0;2;1;13;A01
201800033237;2;7;0;0;2;1;1;B01
201800033238;2;7;0;13;0;0;0;A01
201800033239;1;7;0;0;2;3;0;A01
201800033239;2;10;0;0;2;8;1;B01
201800033239;2;7;0;13;2;3;1;C01
201800033240;2;7;0;0;2;1;1;A01
201800033240;2;7;0;0;2;4;1;B01
201800033240;2;7;0;0;0;4;23;C01
201800033241;2;7;0;0;2;1;1;B01
201800033241;0;7;0;0;0;8;9;A01
201800033242;1;7;0;0;1;1;1;A01
201800033243;1;7;0;0;2;3;9;A01
201800033243;1;1;0;0;2;1;9;B01
201800033244;1;7;0;0;1;1;1;A01
201800033245;1;7;0;0;2;3;10;A01
201800033245;1;30;0;0;2;1;17;B01
201800033246;2;10;0;0;1;1;1;A01
201800033247;1;10;0;0;2;3;16;B01
201800033247;2;7;0;0;2;3;15;A01
201800033248;2;7;0;0;2;3;9;A01
201800033248;1;1;0;0;2;5;1;B01
201800033249;2;33;0;0;2;1;17;B01
201800033249;0;7;0;0;2;8;15;A01
201800033250;2;7;0;0;2;7;15;A01
201800033250;1;33;0;0;2;1;1;B01
201800033251;2;7;0;0;2;2;16;A01
201800033251;1;1;0;0;2;1;1;B01
201800033252;2;7;0;0;1;1;1;A01
201800033253;0;7;0;0;2;5;16;A01
201800033253;0;1;0;0;2;1;21;B01
201800033254;2;7;0;0;1;3;9;A01
201800033255;1;99;0;0;2;3;13;A01
201800033255;1;10;0;0;2;6;10;B01
201800033256;1;1;0;0;2;1;1;B01
201800033256;2;7;0;0;2;2;16;A01
201800033257;1;2;0;0;2;7;1;B01
201800033257;2;7;0;0;2;1;9;A01
201800033258;2;7;0;0;2;3;15;B01
201800033258;1;3;0;0;2;3;1;A01
201800033258;2;7;0;0;2;3;23;C01
201800033259;2;38;1;0;2;2;16;A01
201800033259;2;1;0;0;2;3;1;B01
201800033260;0;7;0;0;2;2;15;A01
201800033260;0;1;0;0;2;1;1;B01
201800033261;2;7;0;0;2;1;2;B01
201800033261;2;7;0;4;2;9;2;A01
201800033262;2;7;0;4;0;1;0;A01
201800033263;2;7;0;9;2;1;1;B01
201800033263;1;7;0;9;2;5;15;A01
201800033264;1;7;0;0;2;3;15;A01
201800033264;1;1;0;0;2;7;1;B01
201800033265;1;30;0;0;0;0;0;A01
201800033266;1;33;0;0;2;1;17;A01
201800033266;1;7;0;0;2;8;15;B01
201800033267;1;7;0;0;2;1;1;A01
201800033267;1;7;0;0;2;3;9;B01
201800033268;2;30;0;12;0;2;1;A01
201800033269;0;7;0;0;1;4;4;A01
201800033270;0;7;0;0;1;1;15;A01
201800033271;1;7;0;0;1;2;17;A01
201800033272;2;7;0;0;2;7;17;A01
201800033272;1;7;0;0;2;3;1;B01
201800033273;2;7;0;0;1;2;1;A01
201800033274;1;7;0;0;1;7;1;A01
201800033275;1;7;0;0;2;1;15;B01
201800033275;2;30;0;12;2;1;1;A01
201800033276;2;33;0;0;2;1;2;B01
201800033276;2;7;0;0;2;6;1;A01
201800033277;1;7;0;0;2;7;1;A01
201800033277;1;7;0;0;2;1;1;B01
201800033278;2;7;0;8;0;1;1;A01
201800033279;1;7;0;0;1;3;1;A01
201800033280;1;7;0;0;1;1;24;A01
201800033280;1;7;0;1;0;1;16;B01
201800033281;0;7;0;0;1;1;20;A01
201800033282;1;7;0;0;2;1;1;B01
201800033282;2;7;0;0;2;1;17;A01
201800033283;0;1;0;0;2;0;1;A01
201800033283;0;30;0;;;;;B02
201800033284;1;30;0;0;1;1;1;A01
201800033285;1;33;0;0;1;1;1;A01
201800033286;1;7;0;0;1;1;1;A01
201800033287;1;1;0;0;2;1;1;B01
201800033287;0;7;0;0;2;6;15;A01
201800033288;2;7;0;0;2;4;23;A01
201800033288;2;7;0;0;2;1;1;B01
201800033289;2;7;0;0;2;3;9;A01
201800033289;1;37;16;0;2;2;1;B01
201800033290;0;7;0;15;0;6;1;A01
201800033291;1;7;0;0;2;7;15;A01
201800033291;1;32;0;0;2;3;15;B01
201800033292;1;13;0;0;2;2;12;A01
201800033292;1;7;0;4;2;8;1;B01
201800033293;2;7;0;0;2;3;9;A01
201800033293;0;1;0;0;2;7;1;B01
201800033294;1;7;0;0;1;1;1;A01
201800033295;1;7;0;0;2;1;13;A01
201800033295;2;7;0;0;2;1;1;B01
201800033296;2;1;0;0;6;1;1;B01
201800033296;1;1;0;0;2;1;5;A01
201800033297;0;1;0;0;2;8;19;B01
201800033297;2;7;0;0;2;1;17;A01
201800033298;2;7;0;0;2;1;1;C01
201800033298;2;7;0;0;2;1;1;D01
201800033298;2;7;0;0;2;1;13;B01
201800033299;1;1;0;0;2;1;1;B01
201800033299;2;7;0;0;2;8;9;A01
201800033300;1;7;0;1;1;1;14;A01
201800033301;2;7;0;8;0;1;13;A01
201800033302;0;7;0;0;1;3;1;A01
201800033303;1;7;0;0;2;7;12;A01
201800033303;1;33;0;0;2;8;1;B01
201800033304;1;7;0;0;2;1;9;A01
201800033304;1;1;0;0;2;7;1;B01
201800033305;2;7;0;0;2;6;11;A01
201800033305;2;7;0;0;2;2;21;B01
201800033306;2;1;0;0;2;1;2;A01
201800033306;2;7;0;0;2;4;23;B01
201800033307;2;31;0;0;2;7;1;B01
201800033307;2;7;0;0;2;8;11;A01
201800033308;1;7;0;0;2;3;1;B01
201800033308;2;2;0;0;2;1;17;A01
201800033309;2;7;0;0;2;4;2;B01
201800033309;2;7;0;0;2;1;1;A01
201800033309;2;10;0;0;2;4;2;C01
201800033310;1;33;0;0;0;1;1;A01
201800033311;2;7;0;0;2;6;15;A01
201800033311;2;33;0;0;2;2;1;B01
201800033312;2;37;30;0;2;4;23;C01
201800033312;2;7;0;0;2;1;2;A01
201800033312;2;7;0;0;2;4;23;B01
201800033313;2;7;0;0;2;4;23;B01
201800033313;2;7;0;0;2;1;1;A01
201800033313;2;7;0;0;2;4;23;C01
201800033314;1;7;0;0;2;3;15;A01
201800033314;1;33;0;0;2;5;15;B01
201800033315;2;17;0;0;2;5;1;B01
201800033315;2;31;0;0;2;6;1;A01
201800033316;2;33;0;0;2;1;2;A01
201800033316;2;7;0;0;2;4;1;B01
201800033317;1;7;0;0;1;8;1;A01
201800033318;2;33;0;6;0;7;1;A01
201800033319;1;30;0;11;0;1;5;A01
201800033320;1;32;0;12;0;7;1;A01
201800033321;1;1;0;0;2;1;13;A01
201800033321;2;7;0;0;2;3;1;B01
201800033322;1;7;0;0;2;8;15;B01
201800033322;1;32;0;0;2;1;17;A01
201800033323;1;7;0;0;2;3;16;B01
201800033323;2;7;0;0;2;0;17;A01
201800033324;1;7;0;8;0;3;1;A01
201800033325;1;7;0;0;1;4;20;B01
201800033326;1;30;0;0;1;1;1;A01
201800033327;2;2;0;12;0;1;1;A01
201800033328;1;7;0;0;2;1;17;A01
201800033328;1;30;0;0;2;4;1;B01
201800033329;2;2;0;0;2;1;1;B01
201800033329;1;7;0;0;2;7;9;A01
201800033330;2;1;0;0;2;1;1;B01
201800033330;1;7;0;0;2;3;9;A01
201800033331;2;1;0;0;2;3;1;B01
201800033331;2;7;0;0;2;5;16;A01
201800033332;1;7;0;0;2;8;1;A01
201800033332;1;7;0;0;2;1;1;B01
201800033333;2;3;0;8;0;1;1;A01
201800033334;2;7;0;0;2;8;15;A01
201800033334;2;33;0;0;2;2;17;B01
201800033335;1;1;0;0;2;1;1;B01
201800033335;1;7;0;0;2;2;1;A01
201800033336;1;33;0;0;2;1;17;A01
201800033336;1;7;0;0;2;3;15;B01
201800033337;1;7;0;0;1;3;15;A01
201800033338;1;1;0;12;0;1;1;B01
201800033339;1;7;0;0;1;1;1;A01
201800033340;2;10;0;0;2;2;1;A01
201800033340;2;31;0;0;2;8;0;B01
201800033341;1;7;0;0;1;2;2;A01
201800033342;1;7;0;8;0;5;1;A01
201800033343;0;7;0;0;1;0;0;A01
201800033344;2;7;0;0;2;1;1;B01
201800033344;1;7;0;0;2;1;5;A01
201800033345;1;7;0;0;1;1;1;A01
201800033346;0;7;0;0;9;2;13;A01
201800033346;0;1;0;0;2;8;15;B01
201800033347;1;7;0;13;0;0;1;A01
201800033348;2;7;0;2;0;1;1;A01
201800033349;2;7;0;13;0;1;17;A01
201800033350;1;7;0;0;1;8;1;A01
201800033351;1;7;0;0;2;1;13;A01
201800033351;2;7;0;0;2;1;1;B01
201800033352;1;7;0;0;1;1;23;A01
201800033353;0;1;0;0;9;2;1;B02
201800033353;1;7;0;0;9;3;9;A01
201800033354;2;7;0;0;2;3;15;A01
201800033354;1;33;0;0;2;1;1;B01
201800033355;1;10;0;0;1;2;16;A01
201800033356;2;31;0;0;0;8;16;A01
201800033357;2;10;0;0;2;1;19;B01
201800033357;1;7;0;0;2;1;23;C01
201800033357;2;7;0;9;2;8;19;A01
201800033358;1;7;0;0;1;7;1;A01
201800033359;2;7;0;0;1;1;1;A01
201800033360;1;7;0;0;2;6;21;C01
201800033360;1;7;0;0;2;2;1;A01
201800033360;1;7;0;0;2;8;23;B01
201800033361;1;10;0;0;1;1;1;A01
201800033362;2;7;0;0;1;1;1;A01
201800033362;2;7;0;0;1;4;1;B01
201800033363;1;7;0;0;2;2;9;A01
201800033363;1;7;0;0;2;0;9;Z01
201800033364;1;33;0;0;2;1;17;A01
201800033364;2;33;0;0;2;1;1;B01
201800033365;1;7;0;6;0;1;1;A01
201800033366;2;10;0;0;1;3;15;A01
201800033367;1;10;0;0;2;1;1;A01
201800033367;1;7;0;0;2;1;1;B01
201800033368;1;7;0;0;2;2;16;A01
201800033368;2;1;0;0;2;1;19;B01
201800033369;1;1;0;0;2;8;15;A01
201800033369;1;7;0;0;2;2;2;B01
201800033370;1;7;0;0;2;2;16;A01
201800033370;1;1;0;0;2;1;1;B01
201800033371;1;15;0;0;2;7;1;A01
201800033371;1;1;0;0;2;7;1;B01
201800033372;1;33;0;0;2;1;1;A01
201800033372;1;37;1;0;2;4;23;B01
201800033373;1;2;0;0;2;3;1;B01
201800033373;1;7;0;0;2;7;9;A01
201800033374;0;10;0;0;1;2;1;A01
201800033375;2;31;0;0;2;1;1;B01
201800033375;1;7;0;0;2;3;15;A01
201800033376;1;32;0;0;0;2;21;A01
201800033377;2;20;0;0;2;0;12;A01
201800033377;2;7;0;0;2;0;1;B01
201800033377;1;7;0;0;2;0;1;C01
201800033378;1;20;0;0;2;3;0;B01
201800033378;1;32;0;0;2;1;17;A01
201800033379;0;7;0;0;2;4;23;A01
201800033379;1;2;0;0;2;1;0;B01
201800033380;2;20;0;0;2;3;2;B01
201800033380;2;20;0;0;2;3;2;A01
201800033381;1;1;0;0;1;2;19;A01
201800033382;1;7;0;0;2;7;1;B01
201800033382;1;33;0;0;2;8;9;A01
201800033383;2;33;0;0;2;1;1;B01
201800033383;2;7;0;0;2;8;15;A01
201800033384;0;1;0;0;2;3;1;B01
201800033384;0;7;0;0;2;2;1;A01
201800033385;1;30;0;0;0;0;0;B01
201800033385;1;20;0;0;0;0;0;A01
201800033386;0;7;0;0;2;2;15;A01
201800033386;0;33;0;0;2;3;1;B01
201800033387;2;1;0;0;2;7;1;B01
201800033387;0;7;0;0;6;3;9;A01
201800033388;1;7;0;6;2;1;0;A01
201800033388;1;7;0;0;2;1;0;B01
201800033389;1;7;0;0;1;2;0;A01
201800033390;1;7;0;0;2;2;15;A01
201800033390;2;2;0;0;2;1;1;B01
201800033391;1;1;0;0;2;1;15;B01
201800033391;1;7;0;0;2;7;16;A01
201800033392;1;7;0;0;1;1;1;A01
201800033393;2;1;0;0;2;8;0;B01
201800033393;2;7;0;0;2;1;1;A01
201800033394;1;7;0;0;1;1;1;A01
201800033395;0;7;0;0;2;4;1;B01
201800033395;0;10;0;0;2;1;2;A01
201800033396;2;7;0;0;2;5;0;A01
201800033396;2;33;0;0;2;4;1;B01
201800033397;2;33;0;15;0;1;0;A01
201800033398;2;2;0;0;2;1;1;A01
201800033398;1;7;0;0;2;3;15;B01
201800033399;1;2;0;0;2;1;0;A01
201800033399;2;7;0;0;2;1;15;B01
201800033400;1;33;0;0;2;1;1;B01
201800033400;2;7;0;0;2;7;15;A01
201800033401;0;7;0;0;2;6;2;B01
201800033401;0;7;0;0;2;4;2;C01
201800033401;0;7;0;0;2;1;2;A01
201800033402;1;7;0;0;1;1;1;A01
201800033403;1;7;0;0;1;1;15;A01
201800033404;1;3;0;0;1;1;1;A01
201800033405;1;37;1;0;1;0;1;A01
201800033406;1;10;0;0;1;2;1;A01
201800033407;1;7;0;0;2;3;1;A01
201800033407;1;7;0;0;2;8;2;B01
201800033407;1;7;0;0;2;4;17;C01
201800033408;1;7;0;0;1;1;9;A01
201800033409;1;7;0;0;1;3;1;A01
201800033410;1;7;0;0;1;1;1;A01
201800033411;2;34;0;0;0;6;16;A01
201800033412;2;1;0;0;2;5;16;A01
201800033412;2;7;0;0;9;5;15;B01
201800033413;2;7;0;0;2;3;19;A01
201800033413;1;7;0;0;2;1;1;B01
201800033414;1;7;0;0;2;4;7;A01
201800033414;1;7;0;0;2;4;2;B01
201800033415;2;30;0;0;0;0;0;A01
201800033416;1;33;0;0;2;7;17;B01
201800033416;1;7;0;0;2;3;15;A01
201800033417;2;1;0;1;0;4;2;A01
201800033418;1;7;0;0;1;1;1;A01
201800033419;2;7;0;0;1;1;15;A01
201800033420;2;7;0;0;2;7;16;A01
201800033420;2;34;0;0;2;1;1;B01
201800033421;1;31;0;0;2;2;19;B01
201800033421;1;7;0;0;2;1;9;A01
201800033422;1;7;0;1;0;1;1;A01
201800033423;1;7;0;0;2;6;10;A01
201800033423;1;33;0;0;2;1;17;B01
201800033424;1;7;0;15;0;9;13;A01
201800033425;1;7;0;1;0;1;14;A01
201800033426;1;7;0;6;0;2;14;A01
201800033427;2;7;0;0;2;7;15;A01
201800033427;2;31;0;0;2;1;17;B01
201800033428;1;7;0;1;0;2;14;A01
201800033429;2;15;0;0;2;1;2;A01
201800033429;2;7;0;0;2;4;2;B01
201800033429;2;7;0;0;2;4;2;C01
201800033430;;7;0;1;9;7;0;B02
201800033430;1;7;0;15;0;9;24;A01
201800033431;1;7;0;0;2;4;0;A01
201800033431;1;7;0;0;2;1;0;B01
201800033432;1;7;0;0;2;1;1;B01
201800033432;1;7;0;0;2;4;23;A01
201800033433;2;1;0;12;0;8;15;A01
201800033434;2;1;0;0;2;2;2;B01
201800033434;1;7;0;0;2;2;9;A01
201800033435;1;2;0;0;2;1;2;A01
201800033435;1;7;0;0;2;5;15;B01
201800033436;2;7;0;0;1;2;16;A01
201800033437;2;10;0;0;1;2;1;A01
201800033438;2;33;0;0;2;7;17;B01
201800033438;2;7;0;0;2;8;15;A01
201800033439;1;7;0;0;2;3;9;B01
201800033439;2;30;0;0;2;1;17;A01
201800033440;2;7;0;9;0;9;14;A01
201800033441;1;34;0;7;0;1;16;A01
201800033442;1;7;0;6;0;1;0;A01
201800033443;2;7;0;0;2;1;1;A01
201800033443;1;7;0;0;2;1;2;B01
201800033444;1;7;0;0;2;8;10;A01
201800033444;1;33;0;0;2;1;2;B01
201800033445;1;34;0;0;0;1;2;A01
201800033446;1;7;0;0;2;1;13;A01
201800033446;2;7;0;8;2;3;1;B01
201800033447;2;7;0;0;2;3;13;A01
201800033447;1;7;0;0;2;8;14;B01
201800033447;1;7;0;0;2;3;23;C01
201800033448;2;7;0;1;1;4;20;B01
201800033449;1;7;0;1;0;2;1;A01
201800033450;1;7;0;6;0;3;13;A01
201800033451;2;7;0;0;1;2;1;A01
201800033452;1;7;0;0;2;4;15;A01
201800033452;1;7;0;0;2;1;14;B01
201800033453;1;15;0;0;2;6;4;B01
201800033453;1;7;0;0;2;2;1;A01
201800033454;1;33;0;0;2;1;17;B01
201800033454;1;7;0;0;2;3;15;A01
201800033455;1;7;0;0;2;4;2;A01
201800033455;1;7;0;0;2;1;2;B01
201800033456;2;7;0;0;9;2;2;A01
201800033456;2;1;0;0;2;1;2;B01
201800033457;2;7;0;0;2;7;1;B01
201800033457;1;7;0;0;2;2;9;A01
201800033458;1;7;0;0;2;3;15;A01
201800033458;2;7;0;0;2;3;1;B01
201800033459;1;1;0;12;0;1;2;A01
201800033460;0;30;0;0;0;0;0;A01
201800033461;2;7;0;0;1;2;0;A01
201800033462;1;7;0;0;2;3;0;D01
201800033462;1;7;0;1;2;3;0;C01
201800033462;1;7;0;0;2;2;14;B01
201800033462;2;7;0;0;2;0;19;A01
201800033463;1;1;0;0;2;8;2;A01
201800033463;1;7;0;0;2;0;2;B01
201800033464;1;7;0;0;2;0;0;B01
201800033464;1;7;0;0;2;4;9;A01
201800033465;1;1;0;0;2;0;2;B01
201800033465;1;7;0;0;2;1;15;A01
201800033466;1;7;0;0;2;4;2;A01
201800033466;1;34;0;0;2;1;2;B01
201800033467;2;7;0;1;0;3;13;A01
201800033468;1;7;0;0;2;1;2;A01
201800033468;1;1;0;0;2;4;2;B01
201800033469;1;7;0;0;2;8;19;A01
201800033469;1;33;0;0;2;1;17;B01
201800033470;2;7;0;0;2;1;2;A01
201800033470;2;7;0;0;2;4;2;B01
201800033471;1;7;0;0;2;1;2;A01
201800033471;1;7;0;0;2;1;2;B01
201800033472;0;7;0;0;2;6;15;A01
201800033472;0;7;0;0;2;1;1;B01
201800033473;1;7;0;0;2;2;9;A01
201800033473;1;7;0;0;2;0;9;B01
201800033474;1;31;0;11;0;1;13;A01
201800033475;1;1;0;0;2;4;23;B01
201800033475;0;7;0;0;2;2;0;A01
201800033476;2;7;0;0;2;3;16;B01
201800033476;1;7;0;0;2;8;9;A01
201800033477;0;34;0;0;2;1;1;B01
201800033477;0;7;0;0;2;3;13;A01
201800033478;0;7;0;0;2;6;0;A01
201800033478;0;7;0;0;2;1;0;B01
201800033479;0;7;0;0;2;3;1;B01
201800033479;0;10;0;0;2;3;13;A01
201800033480;1;7;0;0;2;0;0;B01
201800033480;2;32;0;0;2;1;17;A01
201800033481;1;1;0;0;2;0;0;B01
201800033481;1;7;0;0;6;1;16;A01
201800033482;1;7;0;0;2;3;2;A01
201800033482;1;7;0;0;2;5;1;B01
201800033483;0;7;0;0;2;1;19;B01
201800033483;2;7;0;0;2;3;0;A01
201800033484;2;10;0;12;1;2;14;A01
201800033485;1;33;0;0;0;8;0;A01
201800033486;1;7;0;0;2;0;0;B01
201800033486;1;33;0;0;2;0;0;A01
201800033487;1;7;0;0;2;4;0;C01
201800033487;1;10;0;0;2;1;0;A01
201800033487;1;7;0;0;2;4;0;B01
201800033488;1;7;0;14;0;8;13;A01
201800033489;0;7;0;0;2;4;2;C01
201800033489;0;7;0;0;2;4;2;B01
201800033489;0;7;0;0;2;1;1;A01
201800033490;1;2;0;2;0;0;13;A01
201800033491;1;2;0;12;0;7;16;A01
201800033492;1;1;0;0;2;8;19;B01
201800033492;2;15;0;0;2;6;15;A01
201800033493;2;7;0;0;2;5;17;B01
201800033493;2;30;0;0;2;8;2;A01
201800033494;2;7;0;0;2;3;2;B01
201800033494;2;7;0;0;2;5;2;A01
201800033495;2;30;0;0;0;0;1;A01
201800033496;1;32;0;0;2;1;0;B01
201800033496;1;7;0;0;2;2;15;A01
201800033497;0;7;0;13;0;1;0;A01
201800033498;1;17;0;1;0;7;21;A01
201800033498;1;1;0;0;2;8;0;B01
201800033499;1;7;0;0;2;1;15;A01
201800033499;1;1;0;0;2;1;2;B01
201800033500;1;1;0;0;2;1;0;A01
201800033500;1;7;0;0;0;4;0;B01
201800033501;2;1;0;0;0;8;1;A01
201800033502;0;1;0;0;0;1;1;A01
201800033503;0;7;0;0;2;1;1;A01
201800033503;0;7;0;0;2;4;1;B01
201800033503;0;7;0;0;6;4;1;C01
201800033504;1;7;0;0;2;1;0;A01
201800033504;1;7;0;0;2;4;1;B01
201800033505;0;2;0;0;1;1;1;A01
201800033506;2;32;0;0;2;4;1;A01
201800033506;2;32;0;0;2;1;1;B01
201800033507;0;7;0;0;2;5;2;B01
201800033507;0;30;0;0;2;1;16;A01
201800033508;2;7;0;0;2;3;15;A01
201800033508;2;1;0;0;2;1;1;B01
201800033509;0;33;0;0;2;2;1;A01
201800033509;0;7;0;0;2;1;15;B01
201800033510;1;36;0;1;0;7;2;A01
201800033510;1;7;0;1;2;8;2;B01
201800033511;0;7;0;0;1;1;1;A01
201800033512;1;2;0;0;0;7;15;A01
201800033513;0;31;0;1;0;7;1;B01
201800033513;0;7;0;0;2;6;23;A01
201800033514;1;7;0;0;1;0;15;Z01
201800033515;1;7;0;0;2;3;15;A01
201800033515;1;31;0;0;2;1;17;B01
201800033516;1;7;0;0;2;8;0;B01
201800033516;1;7;0;0;2;8;13;A01
201800033517;0;7;0;0;2;2;15;A01
201800033517;0;33;0;0;2;3;1;B01