num_acc;senc;catv;occutc;obs;obsm;choc;manv;num_veh
201800033518;0;7;0;0;2;7;15;A01
201800033518;1;7;0;0;2;3;9;B01
201800033519;2;10;0;0;2;1;19;A01
201800033519;2;1;0;0;2;8;19;B01
201800033520;2;2;0;0;2;8;2;B01
201800033520;2;7;0;0;2;5;2;A01
201800033521;1;99;0;0;2;1;19;B01
201800033521;1;7;0;0;2;3;0;A01
201800033522;1;7;0;0;2;1;11;A01
201800033522;0;1;0;0;2;1;1;B01
201800033523;2;1;0;0;2;1;1;B01
201800033523;1;10;0;0;2;2;9;A01
201800033524;1;7;0;15;1;1;15;B01
201800033525;0;7;0;1;2;0;1;A01
201800033525;0;7;0;0;2;3;15;B01
201800033526;1;7;0;0;2;1;1;B01
201800033526;2;7;0;1;0;1;8;A01
201800033527;0;7;0;0;1;1;0;A01
201800033528;0;7;0;0;2;4;16;A01
201800033528;0;7;0;0;2;1;1;B01
201800033529;1;2;0;0;2;7;17;B01
201800033529;1;7;0;0;2;8;15;A01
201800033530;2;30;0;0;2;1;17;A01
201800033530;1;7;0;0;2;8;19;B01
201800033531;1;7;0;0;2;8;17;A01
201800033531;2;7;0;0;2;3;2;B01
201800033531;1;7;0;0;2;6;2;C01
201800033532;0;7;0;0;2;2;16;A01
201800033532;0;1;0;0;2;8;2;B01
201800033533;2;15;0;0;2;4;23;A01
201800033533;2;7;0;0;2;1;2;B01
201800033534;2;32;0;0;0;2;16;A01
201800033535;1;32;0;0;2;0;3;B01
201800033535;1;7;0;0;2;3;10;A01
201800033536;1;99;0;1;0;2;14;A01
201800033537;0;7;0;0;1;0;2;A01
201800033538;2;7;0;0;1;7;1;A01
201800033539;1;7;0;0;1;2;1;A01
201800033540;2;38;50;0;2;1;1;D01
201800033540;1;7;0;0;2;5;1;C01
201800033540;1;7;0;3;2;9;1;B01
201800033540;1;7;0;0;2;1;0;A01
201800033541;1;31;0;1;0;7;21;A01
201800033542;1;33;0;12;2;1;14;A01
201800033543;0;33;0;0;2;1;13;A01
201800033543;0;7;0;0;2;3;19;B01
201800033544;0;7;0;0;2;1;9;A01
201800033544;0;7;0;0;2;8;1;B01
201800033545;2;7;0;8;0;1;20;A01
201800033546;2;7;0;0;1;1;1;A01
201800033547;2;32;0;0;2;1;17;A01
201800033547;2;21;0;0;2;6;2;B01
201800033548;1;1;0;0;2;1;0;B01
201800033548;0;13;0;0;2;7;16;A01
201800033549;2;33;0;0;2;1;17;B01
201800033549;1;7;0;0;2;3;15;A01
201800033550;2;2;0;0;2;1;9;B01
201800033550;1;7;0;0;2;6;1;A01
201800033551;0;99;0;0;2;1;0;B01
201800033551;0;7;0;0;6;3;0;A01
201800033552;2;7;0;0;1;3;15;A01
201800033553;2;30;0;0;1;1;1;A01
201800033554;2;31;0;0;2;7;17;B01
201800033554;2;7;0;0;2;8;15;A01
201800033555;2;33;0;6;0;0;1;A01
201800033556;1;30;0;0;2;7;17;B01
201800033556;2;7;0;0;2;2;15;A01
201800033557;1;30;0;0;0;0;0;B01
201800033557;1;7;0;0;2;3;15;A01
201800033558;1;7;0;0;2;1;1;B01
201800033558;1;7;0;0;2;4;1;A01
201800033559;1;33;0;0;2;1;0;B01
201800033559;1;7;0;0;2;8;15;A01
201800033560;2;7;0;0;1;0;19;A01
201800033561;0;7;0;0;2;3;15;A01
201800033561;0;31;0;0;2;2;1;B01
201800033562;1;7;0;0;1;1;16;Z01
201800033563;1;7;0;0;2;6;10;A01
201800033563;1;7;0;0;2;0;0;B01
201800033564;2;2;0;0;2;1;17;B01
201800033564;1;7;0;0;2;3;9;A01
201800033565;0;7;0;0;2;1;1;A01
201800033565;1;7;0;0;2;4;23;C01
201800033565;1;7;0;0;2;4;23;B01
201800033566;0;7;0;0;2;7;9;A01
201800033566;0;32;0;0;2;7;1;B01
201800033567;1;30;0;0;0;8;0;A01
201800033568;1;1;0;12;0;1;0;A01
201800033569;1;7;0;0;2;3;15;A01
201800033569;1;30;0;0;2;5;15;B01
201800033570;2;7;0;0;1;1;9;A01
201800033571;1;7;0;6;0;1;0;A01
201800033572;0;7;0;0;2;4;1;A01
201800033572;0;7;0;0;2;1;1;B01
201800033573;2;10;0;0;1;1;1;A01
201800033574;1;32;0;0;2;3;1;B01
201800033574;1;7;0;0;2;3;15;A01
201800033575;1;7;0;0;1;7;0;A01
201800033576;0;7;0;0;2;4;1;A01
201800033576;0;2;0;0;2;1;1;B01
201800033577;2;7;0;0;2;3;1;B01
201800033577;1;30;0;0;2;1;13;A01
201800033578;0;7;0;0;2;1;15;A01
201800033578;0;32;0;0;2;8;1;B01
201800033579;1;7;0;0;2;5;15;A01
201800033579;2;2;0;0;2;1;1;B01
201800033580;1;30;0;0;0;7;0;A01
201800033581;1;7;0;0;2;3;15;A01
201800033581;2;32;0;0;2;1;1;B01
201800033582;0;7;0;0;2;1;2;A01
201800033582;0;7;0;0;2;4;2;B01
201800033582;0;7;0;0;2;4;2;C01
201800033583;0;7;0;0;2;2;1;B01
201800033583;0;7;0;0;2;2;16;A01
201800033584;0;33;0;0;2;1;0;A01
201800033584;0;7;0;0;2;1;0;B01
201800033585;0;1;0;0;0;0;15;A01
201800033586;0;33;0;0;2;0;15;A01
201800033587;1;7;0;0;2;3;10;A01
201800033587;1;31;0;0;2;1;17;B01
201800033588;2;7;0;0;1;0;2;Z01
201800033589;1;7;0;0;2;3;16;B01
201800033589;1;7;0;0;2;7;15;A01
201800033590;2;32;0;0;2;8;2;B01
201800033590;1;7;0;0;2;1;10;A01
201800033591;1;7;0;0;0;0;0;A01
201800033591;1;34;0;0;2;0;0;B01
201800033592;0;30;0;0;2;7;1;A01
201800033592;0;7;0;0;2;8;16;B01
201800033593;1;7;0;0;2;6;2;B01
201800033593;1;7;0;0;2;3;2;A01
201800033594;0;1;0;0;0;2;1;A01
201800033595;0;1;0;0;2;8;19;B01
201800033595;0;7;0;0;2;8;15;A01
201800033596;0;32;0;0;0;0;2;A01
201800033597;2;14;0;0;1;2;16;A01
201800033598;0;7;0;0;2;1;19;A01
201800033598;0;7;0;0;2;8;2;B01
201800033599;0;7;0;0;1;2;1;A01
201800033600;0;7;0;0;2;5;15;B01
201800033600;0;7;0;0;2;3;1;A01
201800033601;2;7;0;0;1;2;15;A01
201800033602;0;7;0;4;0;1;1;A01
201800033603;1;7;0;0;2;0;0;B01
201800033603;1;30;0;0;2;1;17;A01
201800033604;0;33;0;0;0;0;0;A01
201800033605;0;7;0;0;2;3;1;B01
201800033605;0;33;0;0;2;1;1;A01
201800033606;0;33;0;0;2;1;13;A01
201800033606;0;7;0;0;2;1;1;B01
201800033607;1;1;0;0;2;1;1;B01
201800033607;2;7;0;0;2;2;15;A01
201800033608;1;7;0;0;2;3;1;B01
201800033608;1;7;0;0;2;1;1;C01
201800033608;2;7;0;0;2;1;1;A01
201800033609;0;7;0;6;0;3;1;A01
201800033610;1;7;0;0;1;3;1;A01
201800033611;0;7;0;1;0;1;1;A01
201800033611;0;7;0;0;2;8;24;B01
201800033612;1;7;0;0;2;3;13;A01
201800033612;2;7;0;0;2;3;1;B01
201800033613;0;33;0;6;0;1;21;A01
201800033614;2;7;0;0;2;2;2;A01
201800033614;2;7;0;13;0;4;1;B01
201800033615;2;7;0;0;9;2;1;A01
201800033615;2;1;0;0;2;4;1;B01
201800033615;2;1;0;0;2;0;1;C01
201800033616;1;7;0;13;0;1;0;A01
201800033617;0;7;0;8;0;1;0;A01
201800033618;1;33;0;0;2;3;2;A01
201800033618;1;7;0;0;2;5;1;B01
201800033619;1;2;0;0;2;7;1;A01
201800033619;1;7;0;0;2;1;15;B01
201800033620;2;7;0;0;2;1;13;A01
201800033620;1;7;0;0;2;0;1;B01
201800033621;2;7;0;0;2;1;5;A01
201800033621;1;7;0;0;2;1;1;B01
201800033622;1;7;0;2;0;1;21;A01
201800033623;1;7;0;0;2;6;2;B01
201800033623;1;31;0;0;2;1;2;A01
201800033624;1;7;0;5;2;1;13;B01
201800033624;2;7;0;0;2;1;13;A01
201800033625;0;2;0;0;2;1;1;A01
201800033625;0;38;1;0;2;2;15;B01
201800033626;2;7;0;0;2;7;15;B01
201800033626;1;30;0;0;2;2;1;A01
201800033627;1;33;0;0;2;1;1;B01
201800033627;1;7;0;0;2;3;15;A01
201800033628;1;7;0;0;2;6;10;B01
201800033628;1;2;0;0;2;2;17;A01
201800033629;1;7;0;0;2;1;1;C01
201800033629;2;7;0;0;2;1;13;A01
201800033629;1;7;0;0;2;2;1;B01
201800033630;1;10;0;0;2;3;15;A01
201800033630;1;33;0;0;2;1;17;B01
201800033631;2;2;0;0;2;2;0;B01
201800033631;1;7;0;0;2;2;15;A01
201800033632;1;7;0;0;2;0;15;B01
201800033632;1;7;0;15;1;1;21;A01
201800033633;0;7;0;0;2;3;9;A01
201800033633;0;34;0;0;2;1;3;B01
201800033634;1;7;0;0;2;1;17;A01
201800033634;1;7;0;0;2;0;1;B01
201800033634;2;7;0;0;2;1;1;C01
201800033635;1;10;0;0;2;1;2;A01
201800033635;1;7;0;0;2;4;2;B01
201800033635;1;7;0;0;2;4;1;C01
201800033636;1;7;0;0;1;2;1;A01
201800033637;1;7;0;0;2;2;1;A01
201800033637;1;1;0;0;2;8;19;B01
201800033638;1;7;0;0;1;1;1;A01
201800033639;1;7;0;0;2;2;1;B01
201800033639;1;1;0;0;2;0;15;A01
201800033640;0;7;0;0;2;3;13;A01
201800033640;0;7;0;0;2;1;1;B01
201800033641;0;7;0;0;2;8;1;B01
201800033641;0;7;0;0;6;2;15;A01
201800033641;0;1;0;0;2;1;1;C01
201800033642;1;33;0;0;2;1;1;B01
201800033642;1;7;0;0;2;3;0;A01
201800033643;2;33;0;16;0;1;2;A01
201800033644;1;7;0;0;2;1;13;A01
201800033644;2;7;0;0;2;1;0;B01
201800033645;1;7;0;0;1;3;1;A01
201800033645;1;7;0;0;1;6;23;B01
201800033645;2;7;0;0;0;0;0;C01
201800033646;0;31;0;0;2;1;19;A01
201800033646;0;7;0;0;2;7;0;B01
201800033647;1;7;0;0;2;2;19;A01
201800033647;1;1;0;0;2;1;1;B01
201800033648;1;33;0;0;2;1;1;B01
201800033648;1;7;0;0;2;3;15;A01
201800033649;2;7;0;0;2;3;15;A01
201800033649;2;7;0;0;2;2;17;B01
201800033650;2;1;0;10;0;1;19;A01
201800033651;1;7;0;0;2;3;13;A01
201800033651;2;7;0;0;2;3;1;B01
201800033652;2;33;0;0;2;1;5;B01
201800033652;2;10;0;0;2;5;15;A01
201800033653;1;7;0;13;0;3;0;A01
201800033654;1;21;0;0;0;1;1;A01
201800033655;0;7;0;0;2;3;15;A01
201800033655;2;7;0;0;2;1;1;B01
201800033656;1;31;0;0;0;1;1;A01
201800033657;2;37;4;0;2;8;1;C01
201800033657;1;7;0;0;2;4;15;B01
201800033657;1;10;0;0;2;3;2;A01
201800033658;1;7;0;2;2;8;21;B01
201800033658;2;7;0;13;2;3;13;A01
201800033659;2;7;0;0;2;3;13;A01
201800033659;1;7;0;0;2;3;1;B01
201800033660;2;33;0;0;2;4;1;B01
201800033660;2;33;0;0;2;2;17;A01
201800033661;2;33;0;14;0;1;0;A01
201800033662;2;7;0;0;1;1;15;A01
201800033663;2;7;0;2;0;3;13;A01
201800033664;1;31;0;0;2;1;1;B01
201800033664;1;7;0;0;2;7;10;A01
201800033665;2;7;0;9;0;1;16;A01
201800033666;2;7;0;0;1;1;19;A01
201800033667;2;7;0;0;1;0;1;A01
201800033668;1;7;0;8;0;3;1;A01
201800033669;1;7;0;13;0;1;13;A01
201800033670;1;7;0;0;2;1;15;A01
201800033670;2;31;0;0;2;8;1;B01
201800033671;1;7;0;0;1;1;15;A01
201800033672;0;99;0;0;2;0;0;R01
201800033672;1;7;0;0;2;2;2;A01
201800033673;1;7;0;0;2;1;1;B01
201800033673;1;7;0;0;2;3;15;A01
201800033674;0;7;0;0;2;2;15;B01
201800033674;0;33;0;0;2;1;1;A01
201800033675;2;31;0;0;2;1;2;A01
201800033675;2;7;0;0;2;4;23;C01
201800033675;2;7;0;0;2;4;23;B01
201800033676;0;2;0;10;0;1;0;A01
201800033677;2;7;0;0;1;2;1;A01
201800033678;2;30;0;0;2;1;0;A01
201800033678;1;30;0;0;2;1;0;B01
201800033679;0;7;0;0;2;3;15;A01
201800033679;0;2;0;1;2;7;0;B01
201800033680;2;7;0;0;2;3;1;B01
201800033680;2;7;0;0;2;3;13;A01
201800033681;2;7;0;0;2;4;2;C01
201800033681;2;7;0;0;2;1;2;A01
201800033681;2;7;0;0;2;4;2;B01
201800033682;1;3;0;0;1;1;16;A01
201800033683;2;7;0;0;2;1;1;B01
201800033683;1;2;0;0;2;1;13;A01
201800033684;2;7;0;0;2;1;15;A01
201800033684;1;31;0;0;2;1;1;B01
201800033685;0;7;0;0;2;7;20;A01
201800033685;0;33;0;0;2;1;1;B01
201800033686;1;10;0;0;2;1;13;A01
201800033686;2;7;0;0;2;1;1;B01
201800033687;1;7;0;9;0;1;14;A01
201800033688;1;7;0;0;1;1;1;A01
201800033689;0;10;0;0;2;8;23;A01
201800033689;0;7;0;0;2;1;1;B01
201800033690;0;2;0;0;2;1;1;B01
201800033690;0;7;0;0;2;2;19;A01
201800033691;2;33;0;0;2;1;15;B01
201800033691;1;7;0;0;2;8;19;A01
201800033692;2;7;0;0;6;5;15;B01
201800033692;1;1;0;0;2;1;1;A01
201800033693;2;10;0;0;2;0;0;B01
201800033693;1;7;0;0;2;1;1;A01
201800033694;1;7;0;0;2;3;1;B01
201800033694;2;1;0;0;2;8;5;A01
201800033695;1;33;0;0;2;1;17;B01
201800033695;1;7;0;0;2;6;17;A01
201800033696;2;1;0;6;2;1;1;B01
201800033696;1;7;0;0;2;3;19;A01
201800033697;2;7;0;0;2;8;10;A01
201800033697;2;33;0;0;2;7;1;B01
201800033698;1;2;0;0;2;0;0;B01
201800033698;2;7;0;0;2;3;10;A01
201800033699;2;7;0;0;2;1;16;A01
201800033699;0;7;0;0;2;0;0;B01
201800033700;1;33;0;0;2;1;1;B01
201800033700;2;7;0;0;2;5;15;A01
201800033701;2;7;0;0;2;4;23;A01
201800033701;2;7;0;0;2;1;2;B01
201800033701;2;7;0;0;2;1;2;C01
201800033702;2;7;0;0;1;1;1;A01
201800033703;0;7;0;0;1;1;1;A01
201800033704;2;30;0;0;0;1;1;A01
201800033705;0;32;0;0;2;1;1;B01
201800033705;0;7;0;0;2;3;13;A01
201800033706;1;7;0;8;0;1;0;A01
201800033707;0;7;0;0;2;4;23;B01
201800033707;0;7;0;0;2;1;1;A01
201800033708;2;7;0;0;1;1;1;Z01
201800033709;2;7;0;0;2;8;2;A01
201800033709;2;7;0;0;2;6;2;B01
201800033710;0;7;0;0;2;1;1;A01
201800033710;0;2;0;0;2;1;1;B01
201800033711;1;30;0;16;0;0;1;A01
201800033712;0;7;0;0;1;1;1;A01
201800033713;0;7;0;0;1;2;1;A01
201800033714;0;7;0;1;2;1;1;A01
201800033714;0;14;0;0;2;1;1;B01
201800033715;0;2;0;0;1;1;1;A01
201800033716;0;7;0;0;2;1;5;A01
201800033716;0;7;0;0;2;1;1;B01
201800033717;0;7;0;9;0;1;13;A01
201800033718;2;7;0;0;1;1;15;A01
201800033719;2;30;0;14;0;1;0;A01
201800033720;1;7;0;0;1;1;1;Z01
201800033721;0;7;0;8;2;3;1;B01
201800033721;0;7;0;14;0;1;1;A01
201800033722;0;34;0;0;2;8;1;B01
201800033722;0;7;0;0;2;7;12;A01
201800033723;0;7;0;0;1;2;1;A01
201800033724;0;99;0;0;2;0;0;R01
201800033724;1;7;0;0;2;1;1;A01
201800033725;0;7;0;1;0;1;13;A01
201800033726;0;7;0;0;2;3;1;B01
201800033726;0;7;0;0;2;3;5;A01
201800033727;2;7;0;0;2;1;2;A01
201800033727;2;7;0;0;2;4;2;B01
201800033728;1;7;0;4;0;1;1;A01
201800033729;2;7;0;0;2;8;15;B01
201800033729;2;33;0;0;2;1;17;A01
201800033730;0;7;0;0;1;2;1;A01
201800033731;2;7;0;0;2;1;2;A01
201800033731;2;7;0;0;2;4;2;B01
201800033732;0;7;0;0;1;1;1;Z01
201800033733;0;7;0;0;2;1;1;A01
201800033733;0;7;0;0;2;1;1;B01
201800033734;1;15;0;0;2;7;15;A01
201800033734;1;37;1;0;2;1;1;B01
201800033735;1;7;0;0;2;1;1;B01
201800033735;2;7;0;0;2;7;15;A01
201800033735;2;37;1;0;2;8;1;C01
201800033736;2;1;0;0;2;1;1;B01
201800033736;1;7;0;0;2;1;1;Z01
201800033737;2;33;0;16;0;8;1;A01
201800033738;1;7;0;0;1;3;15;A01
201800033739;1;7;0;6;0;1;14;A01
201800033740;2;7;0;0;2;4;2;B01
201800033740;2;7;0;0;2;1;2;A01
201800033741;1;30;0;12;0;1;1;A01
201800033742;1;7;0;0;2;1;1;C01
201800033742;1;10;0;0;2;1;17;B01
201800033742;1;7;0;0;2;1;5;A01
201800033743;0;2;0;1;2;1;1;B01
201800033743;0;7;0;0;2;7;10;A01
201800033744;0;7;0;8;0;7;13;A01
201800033745;0;10;0;0;2;2;1;A01
201800033745;0;33;0;0;2;8;1;B01
201800033746;1;7;0;0;2;3;19;A01
201800033746;1;7;0;0;2;1;1;B01
201800033747;1;7;0;0;2;5;0;A01
201800033747;2;7;0;0;2;1;0;B01
201800033748;1;7;0;0;2;6;1;B01
201800033748;2;7;0;0;2;1;1;A01
201800033749;0;30;0;0;0;0;0;A01
201800033750;1;7;0;0;2;7;1;A01
201800033750;1;7;0;0;2;1;1;B01
201800033751;1;7;0;0;2;8;1;B01
201800033751;1;7;0;0;2;1;1;A01
201800033752;1;7;0;0;1;1;1;A01
201800033753;;99;0;0;0;0;0;A01
201800033754;1;33;0;0;2;6;1;B01
201800033754;1;7;0;0;2;2;12;A01
201800033755;1;7;0;0;2;1;2;A01
201800033755;1;7;0;0;2;4;2;C01
201800033755;1;7;0;0;2;4;1;B01
201800033756;1;7;0;4;0;9;1;A01
201800033757;0;7;0;0;2;1;0;A01
201800033757;0;7;0;0;2;8;0;B01
201800033758;0;7;0;0;2;4;23;B01
201800033758;0;1;0;0;2;1;1;A01
201800033759;2;7;0;0;2;1;19;A01
201800033759;1;33;0;0;2;7;1;B01
201800033760;0;1;0;0;2;1;19;A01
201800033760;0;7;0;0;2;1;1;Z01
201800033761;2;33;0;4;0;1;1;A01
201800033762;1;33;0;0;2;1;1;B01
201800033762;2;7;0;0;2;4;1;C01
201800033762;2;7;0;0;0;0;17;A01
201800033763;1;7;0;1;0;2;14;A01
201800033764;2;7;0;0;2;4;2;C01
201800033764;2;7;0;0;2;1;2;A01
201800033764;2;7;0;0;2;4;2;B01
201800033764;2;7;0;0;2;4;2;D01
201800033765;1;7;0;0;2;2;20;A01
201800033765;1;32;0;0;2;1;17;B01
201800033766;1;7;0;0;2;4;23;B01
201800033766;1;30;0;0;2;1;1;A01
201800033767;1;7;0;0;2;4;1;D01
201800033767;1;7;0;0;2;1;1;C01
201800033767;1;7;0;0;2;3;5;A01
201800033767;1;7;0;0;2;3;1;B01
201800033768;1;7;0;0;2;2;1;B01
201800033768;2;7;0;0;2;1;16;A01
201800033769;1;7;0;0;2;0;0;A01
201800033769;1;7;0;0;2;0;0;B01
201800033770;1;7;0;0;2;2;0;A01
201800033770;1;7;0;0;2;6;0;B01
201800033771;1;7;0;0;2;4;1;D01
201800033771;1;7;0;0;2;8;1;C01
201800033771;1;7;0;0;2;1;14;A01
201800033771;1;7;0;14;2;8;1;B01
201800033771;1;7;0;4;2;4;1;E01
201800033772;0;7;0;0;2;3;23;B01
201800033772;0;7;0;0;2;4;0;A01
201800033773;2;7;0;0;2;8;1;B01
201800033773;1;30;0;0;2;1;1;A01
201800033774;0;7;0;0;1;1;1;A01
201800033775;2;1;0;0;0;0;0;A01
201800033776;0;7;0;0;1;1;1;A01
201800033777;2;7;0;0;2;1;17;Z01
201800033777;1;7;0;0;2;3;1;B01
201800033778;2;1;0;16;0;1;13;A01
201800033779;2;37;1;0;2;4;2;C01
201800033779;2;7;0;0;2;1;1;A01
201800033779;2;7;0;0;2;4;2;B01
201800033780;2;15;0;0;2;3;0;B01
201800033780;1;3;0;0;2;3;13;A01
201800033781;1;2;0;0;2;1;1;B01
201800033781;1;7;0;0;2;8;1;A01
201800033782;2;2;0;16;0;0;0;A01
201800033783;0;7;0;0;0;0;0;A01
201800033783;0;7;0;0;0;0;0;B01
201800033784;0;17;0;0;2;1;2;A01
201800033784;0;10;0;0;2;4;2;B01
201800033785;1;33;0;1;0;3;0;A01
201800033786;0;30;0;0;2;8;1;B01
201800033786;0;7;0;0;2;7;12;A01
201800033787;2;7;0;0;2;1;15;A01
201800033787;0;33;0;0;2;8;0;B01
201800033788;1;7;0;0;2;1;1;Z01
201800033788;1;7;0;0;2;5;12;B01
201800033789;0;7;0;0;1;1;16;A01
201800033790;0;7;0;0;2;6;1;B01
201800033790;0;7;0;0;2;1;1;A01
201800033791;1;7;0;0;1;1;1;A01
201800033792;1;7;0;0;2;1;15;A01
201800033792;1;7;0;0;2;3;1;C01
201800033792;2;7;0;0;2;4;1;B01
201800033793;2;7;0;0;2;3;15;A01
201800033793;2;33;0;0;2;7;0;B01
201800033794;1;17;0;0;2;7;16;B01
201800033794;1;33;0;0;2;1;18;A01
201800033795;2;7;0;0;2;1;1;Z01
201800033795;2;7;0;0;2;1;1;A01
201800033795;2;7;0;0;2;4;23;B01
201800033796;0;7;0;0;1;1;1;A01
201800033797;2;34;0;0;2;1;1;A01
201800033797;2;7;0;0;2;3;1;B01
201800033798;1;7;0;11;0;2;14;A01
201800033799;0;30;0;16;0;8;1;A01
201800033800;0;33;0;0;2;1;17;A01
201800033800;0;7;0;0;2;3;15;B01
201800033801;0;7;0;0;2;8;10;A01
201800033801;0;32;0;0;2;1;17;B01
201800033802;2;7;0;0;1;1;15;Z01
201800033803;2;7;0;0;1;7;1;A01
201800033804;1;7;0;9;2;1;1;A01
201800033804;1;7;0;0;2;4;1;B01
201800033805;0;7;0;0;1;2;1;A01
201800033806;0;7;0;0;2;1;1;B01
201800033806;0;7;0;8;2;7;19;A01
201800033807;0;30;0;0;2;2;1;B01
201800033807;0;7;0;0;2;3;0;A01
201800033808;1;7;0;0;2;0;0;A01
201800033808;2;1;0;0;2;0;0;B01
201800033809;2;2;0;16;0;0;1;A01
201800033810;1;2;0;0;2;1;1;B01
201800033810;2;7;0;0;2;3;5;A01
201800033811;0;7;0;8;0;1;1;A01
201800033812;2;7;0;0;2;2;1;A01
201800033812;1;1;0;0;2;1;1;B01
201800033813;1;2;0;0;2;1;1;A01
201800033813;2;1;0;0;2;1;19;B01
201800033814;1;33;0;16;0;0;1;A01
201800033815;2;7;0;0;2;3;1;B01
201800033815;1;32;0;0;2;0;0;A01
201800033816;0;33;0;1;0;3;17;A01
201800033817;0;7;0;12;0;3;13;A01
201800033818;2;7;0;9;0;1;14;A01
201800033819;0;7;0;0;2;4;1;B01
201800033819;0;33;0;0;2;1;1;A01
201800033820;0;7;0;6;2;2;1;A01
201800033820;0;7;0;0;2;1;1;B01
201800033821;0;7;0;0;2;1;1;B01
201800033821;0;30;0;0;2;7;1;A01
201800033822;0;7;0;0;1;3;15;A01
201800033823;0;7;0;16;0;9;4;A01
201800033824;0;33;0;16;0;8;1;A01
201800033825;2;7;0;0;2;4;23;C01
201800033825;2;7;0;0;2;6;23;B01
201800033825;2;33;0;0;2;1;2;A01
201800033826;1;7;0;0;1;1;1;A01
201800033827;2;7;0;0;2;4;2;B01
201800033827;2;30;0;0;2;1;2;A01
201800033828;0;7;0;0;1;1;1;A01
201800033829;0;7;0;0;2;2;1;A01
201800033829;0;2;0;0;2;1;1;B01
201800033830;0;36;0;0;0;0;1;A01
201800033831;0;7;0;0;2;1;13;A01
201800033831;0;7;0;0;2;1;1;B01
201800033832;0;32;0;0;1;1;1;A01
201800033833;1;7;0;1;2;7;1;A01
201800033833;1;7;0;0;2;1;1;B01
201800033834;1;7;0;0;2;2;1;A01
201800033834;1;7;0;0;2;1;1;B01
201800033835;1;7;0;0;2;4;1;B01
201800033835;1;33;0;0;2;1;1;A01
201800033836;2;7;0;0;2;6;11;A01
201800033836;2;33;0;0;2;7;1;B01
201800033837;1;7;0;1;2;0;19;B01
201800033837;2;10;0;0;2;1;19;A01
201800033838;2;31;0;0;0;0;0;A01
201800033839;0;2;0;0;0;0;0;A01
201800033840;2;7;0;0;2;1;5;A01
201800033840;1;7;0;0;2;1;1;B01
201800033841;2;2;0;0;2;7;1;B01
201800033841;2;7;0;0;2;3;9;A01
201800033842;0;1;0;0;2;8;5;A01
201800033842;0;7;0;0;2;4;0;B01
201800033843;2;7;0;0;2;4;2;B01
201800033843;2;7;0;0;2;4;2;D01
201800033843;2;7;0;0;2;4;2;C01
201800033843;2;7;0;0;2;1;2;A01
201800033844;2;33;0;0;2;0;17;A01
201800033845;1;7;0;0;1;3;1;A01
201800033846;1;2;0;0;1;1;1;A01
201800033847;1;7;0;0;2;3;1;A01
201800033847;1;7;0;0;2;5;15;B01
201800033848;2;7;0;0;1;1;1;A01
201800033849;0;33;0;0;2;1;17;A01
201800033849;0;7;0;0;2;8;15;B01
201800033850;1;7;0;6;0;1;13;A01
201800033851;0;7;0;0;2;3;1;B01
201800033851;0;7;0;0;2;1;15;A01
201800033852;1;7;0;0;1;1;1;Z01
201800033853;2;33;0;0;2;1;17;A01
201800033853;2;7;0;0;2;3;15;B01
201800033854;0;33;0;0;0;0;1;A01
201800033855;0;7;0;0;1;1;1;A01
201800033856;1;7;0;0;2;1;1;A01
201800033856;1;7;0;0;2;1;1;B01
201800033856;1;7;0;0;2;4;1;C01
201800033857;1;40;1;0;1;1;1;A01
201800033858;0;31;0;3;2;1;1;A01
201800033858;0;7;0;0;2;1;1;B01
201800033859;1;7;0;0;2;8;1;B01
201800033859;2;30;0;0;2;1;1;A01
201800033860;1;30;0;0;2;1;1;B01
201800033860;2;7;0;0;2;7;15;A01
201800033861;2;33;0;0;2;1;1;B01
201800033861;1;7;0;0;2;5;15;A01
201800033862;0;7;0;0;1;1;16;A01
201800033863;2;33;0;0;2;1;1;B01
201800033863;1;7;0;0;2;7;15;A01
201800033864;0;2;0;0;0;7;1;A01
201800033865;0;7;0;0;2;3;1;B01
201800033865;0;17;0;0;2;6;1;A01
201800033866;2;7;0;0;1;5;1;Z01
201800033867;0;1;0;0;2;3;1;B01
201800033867;0;7;0;0;2;2;15;A01
201800033868;0;7;0;0;2;1;1;A01
201800033868;0;7;0;0;2;3;1;B01
201800033869;2;7;0;0;2;1;5;A01
201800033869;1;7;0;0;2;1;1;B01
201800033870;0;10;0;0;1;1;1;A01
201800033871;0;7;0;0;2;1;13;A01
201800033871;0;7;0;0;2;1;23;B01
201800033872;1;7;0;2;0;1;14;A01
201800033873;0;30;0;0;0;0;1;B01
201800033873;0;7;0;0;0;0;17;A01
201800033874;0;7;0;0;1;3;15;A01
201800033875;1;7;0;0;1;1;1;A01
201800033876;2;40;1;0;2;2;1;B01
201800033876;0;7;0;0;4;1;1;A01
201800033877;0;7;0;0;1;1;15;A01
201800033878;1;7;0;0;2;7;15;A01
201800033878;2;33;0;0;2;1;1;B01
201800033878;1;7;0;0;2;5;1;C01
201800033879;2;7;0;0;1;8;1;A01
201800033880;0;7;0;8;0;1;14;A01
201800033881;0;7;0;0;1;1;1;A01
201800033882;0;10;0;0;1;4;4;A01
201800033883;2;7;0;0;1;3;1;A01
201800033884;0;7;0;0;2;1;1;B01
201800033884;0;7;0;0;2;7;1;A01
201800033885;2;7;0;14;1;2;1;A01
201800033886;0;7;0;0;1;1;1;A01
201800033887;1;30;0;0;2;0;1;A01
201800033888;0;7;0;0;1;1;1;A01
201800033889;0;7;0;0;1;2;1;A01