num_acc;senc;catv;occutc;obs;obsm;choc;manv;num_veh
201800033890;2;7;0;0;2;7;1;A01
201800033890;0;7;0;0;2;1;1;B01
201800033891;0;16;0;0;1;1;1;A01
201800033892;2;31;0;0;2;1;1;B01
201800033892;2;7;0;0;2;5;4;A01
201800033893;1;2;0;0;2;1;1;B01
201800033893;2;7;0;0;2;2;15;A01
201800033894;1;7;0;0;1;3;1;A01
201800033895;2;7;0;0;1;1;1;A01
201800033896;0;32;0;0;2;1;1;B01
201800033896;0;7;0;0;2;7;15;A01
201800033897;2;7;0;0;1;1;1;A01
201800033898;1;7;0;4;0;2;14;A01
201800033899;0;34;0;1;0;0;0;A01
201800033900;1;30;0;9;0;1;1;A01
201800033901;1;7;0;0;1;1;1;A01
201800033902;1;13;0;0;2;1;1;B01
201800033902;1;7;0;0;2;8;15;A01
201800033903;0;7;0;0;2;2;15;A01
201800033903;0;33;0;0;2;1;1;B01
201800033904;1;7;0;0;2;1;2;A01
201800033904;1;7;0;0;1;4;23;B01
201800033905;1;34;0;4;0;1;1;A01
201800033906;0;1;0;0;4;1;0;A01
201800033906;2;40;1;0;2;0;0;B01
201800033907;1;7;0;0;1;1;1;A01
201800033908;0;30;0;16;0;7;1;A01
201800033909;0;30;0;0;2;1;1;B01
201800033909;0;7;0;0;2;3;0;A01
201800033910;2;7;0;0;2;1;13;A01
201800033910;1;7;0;0;2;1;1;B01
201800033911;0;7;0;1;0;0;5;A01
201800033912;0;7;0;0;1;1;16;A01
201800033913;0;7;0;1;0;1;1;A01
201800033914;2;7;0;0;2;2;1;B01
201800033914;2;7;0;0;2;3;10;A01
201800033915;2;7;0;0;2;2;1;B01
201800033915;1;7;0;0;2;1;15;A01
201800033916;0;7;0;0;1;1;0;A01
201800033917;0;7;0;0;2;1;0;B01
201800033917;0;7;0;0;0;4;0;A01
201800033918;0;7;0;0;1;1;1;A01
201800033919;0;7;0;0;1;1;0;A01
201800033920;2;15;0;0;2;2;12;A01
201800033920;2;7;0;0;2;8;1;B01
201800033921;0;33;0;3;0;0;0;A01
201800033922;1;7;0;2;0;3;15;A01
201800033923;1;7;0;0;1;1;1;A01
201800033924;1;33;0;0;2;1;1;B01
201800033924;2;7;0;0;2;5;15;A01
201800033925;0;33;0;0;2;1;0;B01
201800033925;0;7;0;0;2;3;15;A01
201800033926;1;7;0;0;1;1;1;A01
201800033927;0;7;0;2;0;1;0;A01
201800033928;0;7;0;0;6;4;0;A01
201800033928;0;1;0;0;2;1;0;B01
201800033929;0;7;0;0;1;1;0;Z01
201800033930;1;7;0;0;2;4;2;B01
201800033930;1;30;0;0;2;1;2;A01
201800033931;0;7;0;0;2;1;0;A01
201800033931;0;7;0;0;2;1;0;B01
201800033932;0;7;0;0;2;1;0;B01
201800033932;0;7;0;0;2;0;0;A01
201800033933;0;7;0;0;0;9;0;A01
201800033934;1;2;0;0;2;1;1;B01
201800033934;1;7;0;0;2;1;16;A01
201800033935;0;7;0;6;0;3;0;A01
201800033936;0;1;0;0;2;2;1;B01
201800033936;0;7;0;0;2;1;15;A01
201800033937;1;7;0;0;2;8;15;A01
201800033937;1;31;0;0;2;1;1;B01
201800033938;1;7;0;6;0;7;1;A01
201800033939;1;7;0;0;2;1;1;B01
201800033939;1;7;0;0;2;2;1;A01
201800033940;1;7;0;12;0;2;1;A01
201800033941;1;7;0;12;0;7;0;A01
201800033942;0;7;0;0;1;1;1;A01
201800033943;0;7;0;0;1;7;0;A01
201800033944;0;7;0;0;1;2;0;A01
201800033945;0;7;0;0;1;1;0;A01
201800033946;1;7;0;0;2;1;2;A01
201800033946;1;7;0;0;2;3;2;B01
201800033947;1;15;0;0;2;1;12;A01
201800033947;1;7;0;0;2;6;1;B01
201800033948;0;30;0;0;2;2;0;B01
201800033948;0;7;0;0;2;1;0;A01
201800033949;1;7;0;6;0;1;1;A01
201800033950;1;7;0;0;2;1;2;A01
201800033950;1;7;0;0;2;4;2;B01
201800033950;1;7;0;0;2;4;2;C01
201800033951;1;33;0;0;2;1;1;B01
201800033951;1;7;0;0;2;6;10;A01
201800033952;1;7;0;0;2;6;9;A01
201800033952;1;33;0;0;2;1;1;B01
201800033953;1;7;0;0;9;1;1;A01
201800033954;2;7;0;0;2;1;14;A01
201800033954;2;15;0;0;2;4;1;B01
201800033955;2;10;0;0;2;3;2;A01
201800033955;2;7;0;0;2;5;2;B01
201800033956;2;7;0;0;2;4;2;B01
201800033956;2;7;0;0;2;1;2;A01
201800033957;1;20;0;0;1;7;1;A01
201800033958;0;7;0;0;2;2;0;A01
201800033958;0;32;0;0;0;0;0;Z01
201800033959;2;33;0;0;2;1;2;A01
201800033959;2;7;0;0;2;4;2;B01
201800033960;1;7;0;0;2;4;2;C01
201800033960;1;7;0;0;2;4;2;B01
201800033960;1;7;0;2;2;1;2;A01
201800033961;0;31;0;0;2;1;1;B01
201800033961;0;7;0;0;2;1;1;A01
201800033962;1;33;0;0;2;7;17;A01
201800033962;1;7;0;0;2;0;0;Z01
201800033963;2;7;0;0;2;1;2;A01
201800033963;2;7;0;0;2;4;2;B01
201800033964;1;33;0;0;2;1;1;B01
201800033964;1;7;0;0;2;3;15;A01
201800033965;1;7;0;0;0;0;0;B01
201800033965;1;1;0;0;2;0;0;A01
201800033966;0;7;0;0;2;3;1;B01
201800033966;0;7;0;0;2;2;0;A01
201800033967;1;2;0;0;2;1;17;B01
201800033967;0;7;0;0;2;3;15;A01
201800033968;0;7;0;0;1;1;1;Z01
201800033969;1;34;0;0;2;1;1;A01
201800033969;1;7;0;0;2;5;11;B01
201800033970;0;7;0;0;2;1;15;A01
201800033970;0;33;0;0;2;0;1;B01
201800033971;0;7;0;0;1;2;1;A01
201800033972;0;10;0;0;1;1;1;A01
201800033973;1;7;0;0;2;1;5;A01
201800033973;2;7;0;0;2;1;1;B01
201800033974;0;7;0;0;1;1;16;A01
201800033975;0;10;0;0;2;8;19;A01
201800033975;0;37;15;0;2;1;1;B01
201800033976;0;2;0;15;0;7;0;A01
201800033977;0;30;0;0;2;1;13;A01
201800033977;0;7;0;0;2;1;1;B01
201800033978;0;10;0;0;1;4;4;A01
201800033979;1;7;0;0;2;3;1;B01
201800033979;0;1;0;0;2;1;1;A01
201800033980;1;15;0;0;1;3;1;A01
201800033981;1;7;0;0;2;1;1;C01
201800033981;1;7;0;0;2;1;1;B01
201800033981;1;7;0;0;2;1;1;D01
201800033981;2;7;0;0;2;1;13;A01
201800033982;1;30;0;0;1;0;21;A01
201800033983;0;30;0;0;1;1;0;A01
201800033984;0;2;0;0;2;1;1;B01
201800033984;0;7;0;0;2;3;15;A01
201800033985;1;7;0;0;2;3;21;A01
201800033985;1;10;0;0;2;8;1;B01
201800033986;0;32;0;0;2;1;1;A01
201800033986;0;7;0;0;2;1;19;B01
201800033987;1;7;0;0;2;1;1;B01
201800033987;1;7;0;0;2;2;15;A01
201800033988;1;7;0;0;0;1;14;A01
201800033989;0;1;0;0;2;0;1;B01
201800033989;0;7;0;0;2;1;0;A01
201800033990;0;7;0;0;2;1;9;A01
201800033990;0;33;0;0;2;3;1;B01
201800033991;1;7;0;0;2;4;2;B01
201800033991;1;7;0;0;2;1;2;A01
201800033992;0;7;0;0;1;0;1;Z01
201800033993;0;7;0;0;1;2;1;A01
201800033994;2;7;0;0;2;8;15;B01
201800033994;2;33;0;0;2;7;17;A01
201800033995;2;2;0;0;2;7;1;B01
201800033995;2;7;0;0;2;1;12;A01
201800033996;2;7;0;0;2;3;11;A01
201800033996;2;33;0;0;2;7;1;B01
201800033997;1;7;0;0;2;8;1;B01
201800033997;1;17;0;0;2;7;12;A01
201800033998;0;7;0;0;2;1;0;B01
201800033998;0;7;0;0;2;1;0;A01
201800033999;0;99;0;0;2;4;1;A01
201800033999;0;7;0;0;2;0;1;Z01
201800034000;2;7;0;0;2;1;0;B01
201800034000;2;7;0;3;0;4;0;A01
201800034001;0;31;0;2;0;1;13;A01
201800034002;2;37;50;0;1;6;1;A01
201800034003;0;37;10;0;2;1;1;B01
201800034003;0;7;0;0;2;7;15;A01
201800034004;2;7;0;4;2;2;0;A01
201800034004;2;7;0;4;0;3;0;B01
201800034005;0;31;0;0;2;1;13;A01
201800034005;0;7;0;0;2;3;23;B01
201800034006;1;33;0;9;0;1;0;A01
201800034007;2;10;0;0;1;7;1;A01
201800034008;0;7;0;0;1;2;1;A01
201800034009;0;7;0;0;6;1;0;Z01
201800034009;0;31;0;1;2;1;0;A01
201800034010;1;7;0;0;2;1;2;A01
201800034010;1;7;0;0;2;4;2;B01
201800034010;1;7;0;0;2;4;2;C01
201800034011;0;13;0;0;2;6;1;B01
201800034011;0;7;0;0;2;1;0;A01
201800034012;0;7;0;0;2;6;23;A01
201800034012;0;36;0;0;2;1;2;B01
201800034013;1;7;0;0;2;3;1;B01
201800034013;1;33;0;0;2;1;16;A01
201800034014;1;17;0;0;2;1;2;A01
201800034014;1;7;0;0;2;4;1;B01
201800034015;1;7;0;0;1;1;1;A01
201800034016;2;33;0;0;2;1;1;B01
201800034016;1;7;0;0;2;2;15;A01
201800034017;0;7;0;0;2;1;13;A01
201800034017;0;33;0;0;2;2;0;B01
201800034018;2;1;0;0;2;1;1;B01
201800034018;2;7;0;0;2;5;16;A01
201800034019;2;7;0;0;2;2;1;B01
201800034019;1;7;0;0;2;2;0;A01
201800034020;1;7;0;0;1;1;1;A01
201800034021;0;7;0;6;0;1;13;A01
201800034022;0;34;0;0;2;1;17;A01
201800034022;0;7;0;6;2;3;0;B01
201800034023;2;7;0;0;2;7;15;A01
201800034023;1;7;0;0;2;1;1;B01
201800034024;1;7;0;0;2;2;17;A01
201800034024;1;15;0;0;2;2;1;B01
201800034025;0;15;0;0;0;0;15;B01
201800034025;0;32;0;0;2;7;17;A01
201800034026;1;7;0;0;2;3;11;Z01
201800034026;1;2;0;0;2;7;1;A01
201800034027;0;33;0;6;0;0;0;A01
201800034028;0;7;0;0;2;1;0;A01
201800034028;0;7;0;0;2;4;0;B01
201800034029;2;7;0;4;0;2;0;A01
201800034030;1;33;0;0;0;0;0;A01
201800034031;2;7;0;4;2;1;0;C01
201800034031;2;7;0;0;2;1;1;D01
201800034031;2;7;0;4;2;0;1;A01
201800034032;0;7;0;0;1;6;4;A01
201800034033;0;1;0;0;2;0;1;A01
201800034033;0;7;0;0;2;8;9;Z01
201800034034;0;33;0;0;2;1;1;B01
201800034034;0;7;0;0;2;6;11;A01
201800034035;1;7;0;0;1;4;1;A01
201800034036;1;7;0;0;1;2;16;A01
201800034037;0;1;0;0;2;1;9;A01
201800034037;0;7;0;0;2;6;1;B01
201800034038;0;7;0;0;1;1;1;A01
201800034039;1;7;0;6;0;9;1;A01
201800034040;0;7;0;2;0;7;1;A01
201800034041;0;10;0;0;2;7;1;A01
201800034041;0;7;0;0;2;3;1;B01
201800034042;1;7;0;2;0;1;1;A01
201800034043;1;7;0;0;2;4;23;B01
201800034043;1;7;0;0;2;1;2;A01
201800034044;2;7;0;0;2;3;1;B01
201800034044;1;7;0;1;2;1;1;A01
201800034045;1;7;0;8;2;8;19;A01
201800034045;0;7;0;0;2;1;1;B01
201800034046;1;7;0;0;2;4;2;B01
201800034046;1;7;0;0;2;1;2;A01
201800034047;0;33;0;0;2;1;0;B01
201800034047;0;7;0;0;6;2;15;A01
201800034048;0;7;0;0;2;5;16;A01
201800034048;0;1;0;0;2;1;1;B01
201800034049;2;7;0;0;1;0;1;Z01
201800034050;0;7;0;1;0;1;0;A01
201800034051;0;7;0;0;1;3;16;A01
201800034052;1;33;0;0;0;7;1;A01
201800034053;0;7;0;0;2;0;0;Z01
201800034053;1;33;0;0;2;7;1;B01
201800034054;0;7;0;0;1;1;0;A01
201800034055;2;10;0;0;2;1;1;B01
201800034055;2;7;0;0;2;1;17;A01
201800034056;1;7;0;0;2;5;1;A01
201800034056;1;33;0;0;2;3;1;B01
201800034057;0;1;0;0;2;6;19;B01
201800034057;0;7;0;0;2;1;1;A01
201800034058;0;7;0;0;2;2;17;A01
201800034058;0;2;0;0;2;8;15;B01
201800034059;0;33;0;0;2;1;17;A01
201800034059;0;7;0;0;2;8;15;B01
201800034060;2;1;0;0;2;4;1;A01
201800034060;0;7;0;0;2;0;9;Z01
201800034061;0;7;0;0;2;0;0;Z01
201800034061;0;7;0;0;2;1;1;A01
201800034062;0;7;0;0;2;1;19;A01
201800034062;0;7;0;0;2;7;1;B01
201800034063;0;7;0;0;2;3;15;B01
201800034063;0;7;0;0;2;2;17;A01
201800034064;2;7;0;0;2;0;17;Z01
201800034064;2;31;0;0;2;8;1;A01
201800034065;1;2;0;0;2;8;1;B01
201800034065;1;7;0;0;2;2;12;A01
201800034066;2;7;0;0;2;1;5;A01
201800034066;1;7;0;0;2;1;1;B01
201800034067;2;10;0;0;1;7;1;A01
201800034068;2;34;0;0;2;8;1;B01
201800034068;1;7;0;0;2;1;15;A01
201800034068;2;7;0;0;2;3;1;C01
201800034069;0;7;0;0;1;3;15;A01
201800034070;0;2;0;0;2;5;9;A01
201800034070;0;7;0;0;2;3;9;B01
201800034071;0;7;0;0;1;1;1;A01
201800034072;0;10;0;0;2;1;2;A01
201800034072;0;10;0;0;2;6;2;B01
201800034073;0;10;0;0;2;1;15;A01
201800034073;0;1;0;0;2;7;19;B01
201800034074;2;7;0;0;2;1;0;Z01
201800034074;2;2;0;0;2;8;1;A01
201800034075;0;7;0;0;2;1;2;A01
201800034075;0;7;0;0;2;4;2;B01
201800034076;1;7;0;0;2;8;1;A01
201800034076;0;1;0;0;2;0;19;B01
201800034077;1;7;0;0;2;1;1;B01
201800034077;0;7;0;1;2;3;9;A01
201800034078;2;7;0;8;0;1;13;A01
201800034079;2;1;0;0;2;1;1;B01
201800034079;1;33;0;0;2;1;15;A01
201800034080;1;7;0;0;1;1;1;A01
201800034081;0;7;0;0;1;3;1;A01
201800034082;1;7;0;0;2;5;16;B01
201800034082;1;33;0;0;2;1;18;A01
201800034083;0;7;0;0;2;4;2;B01
201800034083;0;7;0;0;2;4;2;C01
201800034083;0;7;0;0;2;4;2;D01
201800034083;0;7;0;0;2;1;2;A01
201800034084;1;7;0;0;2;2;1;A01
201800034084;2;7;0;0;2;1;23;C01
201800034084;0;7;0;0;2;3;9;B01
201800034085;0;33;0;8;0;1;16;A01
201800034086;1;7;0;0;2;1;8;B01
201800034086;2;7;0;0;2;1;8;A01
201800034087;1;7;0;0;2;4;2;C01
201800034087;2;7;0;0;2;1;2;A01
201800034087;2;7;0;0;2;4;2;D01
201800034087;2;7;0;0;2;4;1;B01
201800034088;0;33;0;0;2;7;17;A01
201800034088;0;10;0;0;2;8;15;B01
201800034089;0;7;0;0;1;2;1;A01
201800034090;2;33;0;0;2;2;1;B01
201800034090;1;7;0;0;2;1;9;A01
201800034091;1;7;0;0;2;2;14;A01
201800034091;1;7;0;0;2;8;1;B01
201800034092;2;7;0;0;2;3;1;B01
201800034092;1;7;0;0;2;1;13;A01
201800034093;0;7;0;0;1;1;1;A01
201800034094;1;7;0;0;2;1;2;A01
201800034094;1;7;0;0;2;4;2;B01
201800034095;0;33;0;0;2;3;1;B01
201800034095;0;7;0;0;2;2;15;A01
201800034096;0;31;0;0;2;0;0;B01
201800034096;0;7;0;0;2;2;0;A01
201800034097;0;99;0;0;1;0;1;Z01
201800034098;1;7;0;0;1;1;16;A01
201800034099;1;7;0;0;2;2;1;A01
201800034099;0;7;0;0;2;1;15;B01
201800034100;0;7;0;0;1;5;0;A01
201800034101;0;33;0;0;2;1;1;B01
201800034101;0;7;0;0;2;3;11;A01
201800034102;1;7;0;6;0;1;1;A01
201800034103;2;7;0;0;2;1;0;A01
201800034103;1;7;0;0;2;1;0;B01
201800034104;0;7;0;0;2;3;15;A01
201800034104;0;33;0;0;2;1;1;B01
201800034105;2;7;0;0;1;1;1;A01
201800034106;0;7;0;6;0;1;1;A01
201800034107;0;33;0;0;0;8;1;A01
201800034108;1;7;0;8;0;1;0;A01
201800034109;2;10;0;0;1;0;1;Z01
201800034110;1;7;0;0;2;3;19;Z01
201800034110;2;1;0;0;2;1;1;A01
201800034111;0;7;0;0;1;1;15;A01
201800034112;0;7;0;0;1;2;1;A01
201800034113;2;7;0;0;1;7;1;A01
201800034114;0;7;0;0;2;1;19;A01
201800034114;0;17;0;0;2;6;19;B01
201800034115;0;13;0;0;2;3;1;B01
201800034115;0;2;0;0;2;9;1;A01
201800034116;0;2;0;0;2;1;1;B01
201800034116;0;7;0;0;2;0;9;A01
201800034117;0;15;0;0;2;2;14;A01
201800034117;0;7;0;0;2;5;1;B01
201800034117;0;7;0;0;2;1;1;C01
201800034117;0;7;0;0;2;4;1;D01
201800034118;1;33;0;0;2;1;0;B01
201800034118;0;7;0;0;2;3;0;A01
201800034119;1;7;0;0;1;2;1;A01
201800034120;0;7;0;0;2;1;9;A01
201800034120;0;7;0;0;2;2;1;B01
201800034121;2;7;0;2;0;9;14;A01
201800034122;0;7;0;0;2;1;2;A01
201800034122;0;7;0;0;2;4;1;B01
201800034123;0;1;0;0;2;1;19;A01
201800034123;0;7;0;1;2;1;19;B01
201800034124;0;36;0;0;0;0;0;A01
201800034125;0;10;0;0;1;2;15;A01
201800034126;0;2;0;0;2;3;1;A01
201800034126;0;7;0;0;2;0;15;Z01
201800034127;2;7;0;8;2;1;13;A01
201800034127;1;7;0;0;2;8;1;B01
201800034128;1;7;0;1;0;1;13;A01
201800034129;0;7;0;11;0;1;1;A01
201800034130;0;7;0;2;0;8;1;A01
201800034131;0;7;0;0;2;1;19;B01
201800034131;0;7;0;0;2;7;19;A01
201800034132;0;7;0;0;2;3;15;A01
201800034132;0;7;0;0;2;1;1;B01
201800034133;2;7;0;3;0;1;14;A01
201800034134;2;15;0;0;2;1;1;A01
201800034134;1;7;0;0;2;1;5;B01
201800034135;1;3;0;0;1;2;19;A01
201800034136;1;7;0;8;0;9;21;A01
201800034137;0;10;0;0;2;7;19;A01
201800034137;0;10;0;0;2;3;19;B01
201800034138;1;33;0;0;1;3;21;A01
201800034139;1;32;0;0;6;1;1;A01
201800034139;1;1;0;0;2;4;13;B01
201800034140;0;99;0;0;1;1;0;A01
201800034141;2;32;0;0;2;9;1;A01
201800034141;2;10;0;0;2;5;1;B01
201800034142;1;7;0;0;2;1;1;A01
201800034142;1;7;0;0;2;4;1;B01
201800034143;1;1;0;0;2;4;2;A01
201800034143;1;7;0;0;6;4;0;B01
201800034144;1;7;0;0;1;2;0;A01
201800034145;0;30;0;0;2;0;1;B01
201800034145;0;7;0;0;2;1;15;A01
201800034146;1;10;0;0;2;7;19;A01
201800034146;2;33;0;0;2;1;1;B01
201800034147;0;10;0;14;1;1;20;A01
201800034148;1;10;0;0;1;2;21;A01
201800034149;1;7;0;0;1;1;15;A01
201800034150;1;7;0;0;2;0;0;A01
201800034150;1;2;0;0;2;0;0;B01
201800034151;1;10;0;;1;;;A01
201800034152;2;10;0;1;1;1;1;A01
201800034153;1;7;0;0;1;3;1;A01
201800034154;2;7;0;0;2;2;2;A01
201800034154;2;1;0;0;2;4;2;B01
201800034154;2;1;0;0;2;0;0;C01
201800034155;0;37;7;0;1;3;15;A01
201800034156;0;1;0;0;2;4;2;A01
201800034156;0;7;0;0;2;2;2;B01
201800034157;2;15;0;0;2;1;2;A01
201800034157;2;7;0;0;2;6;2;B01
201800034158;1;33;0;0;2;1;13;A01
201800034158;2;7;0;0;2;3;15;B01
201800034159;2;7;0;0;2;8;13;A01
201800034159;1;7;0;0;2;1;1;B01
201800034160;2;33;0;0;2;2;1;B01
201800034160;2;7;0;0;2;1;15;A01
201800034161;1;7;0;0;2;1;1;A01
201800034161;1;7;0;0;2;4;23;B01
201800034162;1;7;0;0;1;6;16;Z01
201800034163;2;30;0;0;0;2;14;A01
201800034164;2;7;0;0;2;7;19;A01
201800034164;1;7;0;0;2;1;1;B01
201800034165;1;7;0;0;2;1;17;A01
201800034165;2;7;0;0;2;1;1;B01
201800034166;0;30;0;0;1;1;0;Z01
201800034167;1;33;0;0;1;1;0;A01
201800034168;2;7;0;13;2;3;1;A01
201800034168;2;7;0;0;2;3;5;Z01
201800034169;0;7;0;0;2;3;13;A01
201800034169;0;7;0;0;2;1;1;B01
201800034170;2;7;0;0;2;1;9;A01
201800034170;1;1;0;0;2;7;1;B01
201800034171;1;7;0;0;2;2;16;B01
201800034171;0;7;0;0;2;1;5;A01
201800034172;2;30;0;0;0;1;1;A01
201800034173;2;7;0;9;2;2;5;A01
201800034173;1;7;0;0;2;2;1;B01
201800034174;2;7;0;0;2;2;18;A01
201800034174;2;7;0;0;2;2;0;B01
201800034175;2;7;0;0;2;2;0;A01
201800034175;2;30;0;0;2;3;0;B01
201800034176;1;7;0;0;2;3;0;A01
201800034176;2;7;0;0;2;3;1;B01
201800034177;2;7;0;0;1;2;1;A01
201800034178;2;7;0;0;1;2;1;A01
201800034179;0;7;0;0;1;1;1;A01
201800034180;1;7;0;0;6;2;13;A01
201800034180;2;10;0;0;2;3;1;B01
201800034181;1;7;0;0;1;3;15;F01
201800034182;1;7;0;0;6;1;1;A01
201800034182;2;7;0;0;2;1;1;B01
201800034183;1;7;0;0;1;0;0;A01
201800034184;2;33;0;0;2;1;2;A01
201800034184;2;7;0;0;2;4;2;B01
201800034185;2;33;0;0;2;1;1;A01
201800034185;2;33;0;0;0;4;1;B01
201800034185;1;33;0;0;6;1;1;C01
201800034186;2;1;0;0;2;1;1;B01
201800034186;0;7;0;0;6;3;16;A01
201800034187;1;7;0;0;2;1;17;A01
201800034187;1;1;0;0;6;4;2;B01
201800034188;1;33;0;0;2;2;19;A01
201800034188;1;10;0;0;2;3;1;B01
201800034188;2;7;0;0;6;3;1;C01
201800034189;1;7;0;12;0;2;1;A01
201800034189;2;31;0;0;2;1;1;B01
201800034190;1;7;0;0;1;2;15;A01
201800034191;1;7;0;0;2;7;19;A01
201800034191;1;14;0;0;2;1;1;B01
201800034192;2;7;0;2;0;1;13;A01
201800034193;1;34;0;0;2;1;17;A01
201800034193;1;33;0;0;2;4;17;B01
201800034194;2;7;0;0;2;7;17;A01
201800034194;2;7;0;0;2;1;2;B01
201800034195;1;7;0;0;2;4;9;A01
201800034195;1;10;0;0;2;1;9;B01
201800034196;2;7;0;0;2;3;9;A01
201800034196;1;1;0;0;2;7;9;B01
201800034197;2;7;0;0;2;2;15;A01
201800034197;1;7;0;0;2;3;1;B01
201800034198;1;7;0;0;2;2;17;A01
201800034198;1;1;0;0;2;6;1;B01
201800034199;2;20;0;0;2;2;1;B01
201800034199;2;33;0;0;2;1;13;A01
201800034200;2;7;0;0;2;2;2;A01
201800034200;2;1;0;0;2;8;2;B01
201800034201;2;7;0;0;0;4;0;A01
201800034201;2;99;0;0;2;1;0;B01
201800034202;1;7;0;0;2;8;0;A01
201800034202;1;7;0;0;2;1;1;B01
201800034203;1;7;0;0;2;2;19;A01
201800034203;2;34;0;0;2;1;1;B01
201800034204;1;7;0;0;1;3;1;A01
201800034205;1;7;0;0;2;1;5;A01
201800034205;2;7;0;0;2;1;0;B01
201800034206;2;7;0;0;1;3;24;A01
201800034207;2;7;0;0;1;3;19;A01
201800034208;1;7;0;0;2;1;13;A01
201800034208;2;7;0;0;2;1;1;B01
201800034209;1;31;0;0;0;7;21;B01
201800034209;1;7;0;0;0;0;15;Z01
201800034210;1;10;0;0;2;2;17;A01
201800034210;2;7;0;0;2;3;1;B01
201800034210;1;7;0;0;2;8;1;C01
201800034210;1;10;0;8;0;7;2;D01
201800034211;2;7;0;0;2;5;15;A01
201800034211;1;2;0;0;2;1;1;B01
201800034212;1;7;0;0;2;2;21;A01
201800034212;2;7;0;0;2;3;9;B01
201800034213;2;7;0;0;2;3;1;A01
201800034213;0;1;0;0;2;7;1;B01
201800034214;1;7;0;0;2;2;1;A01
201800034214;1;7;0;0;2;3;15;B01
201800034215;0;33;0;0;2;1;0;A01
201800034215;0;7;0;0;2;5;23;B01
201800034216;0;7;0;0;2;1;2;A01
201800034216;0;7;0;0;2;4;1;B01
201800034216;0;10;0;0;2;3;0;C01
201800034217;1;10;0;0;2;5;15;A01
201800034217;1;10;0;0;2;2;1;B01
201800034218;0;7;0;0;2;0;20;A01
201800034218;0;7;0;0;2;7;1;B01
201800034219;2;10;0;0;2;0;0;B01
201800034219;2;30;0;0;2;1;13;A01
201800034220;1;31;0;0;2;1;2;A01
201800034220;1;7;0;0;2;4;2;B01
201800034220;2;7;0;0;2;3;1;C01
201800034221;2;7;0;2;0;1;1;A01
201800034222;2;10;0;0;2;2;15;A01
201800034222;1;32;0;0;2;1;1;B01
201800034223;1;10;0;0;1;4;20;A01
201800034224;2;10;0;0;2;2;1;B01
201800034224;0;7;0;0;2;3;16;A01
201800034225;1;7;0;0;2;6;2;A01
201800034225;1;7;0;0;2;1;0;Z01
201800034226;0;7;0;0;2;1;2;A01
201800034226;0;7;0;0;2;4;2;B01
201800034226;0;7;0;0;2;4;2;C01
201800034227;1;7;0;0;2;1;1;A01
201800034227;2;7;0;0;2;7;15;B01
201800034227;1;7;0;0;2;3;23;C01
201800034228;2;31;0;0;2;1;2;A01
201800034228;1;7;0;0;2;3;15;B01
201800034229;1;10;0;0;2;3;10;A01
201800034229;2;33;0;0;2;1;1;B01
201800034230;1;10;0;0;0;0;0;A01
201800034230;1;10;0;13;0;2;14;B01
201800034231;0;10;0;0;2;2;0;A01
201800034231;0;34;0;0;2;7;1;B01
201800034232;0;33;0;0;1;3;22;A01
201800034233;1;15;0;0;2;1;9;A01
201800034233;1;10;0;0;2;1;9;B01
201800034233;1;7;0;0;2;4;9;C01
201800034234;1;7;0;0;2;4;2;A01
201800034234;1;2;0;0;2;1;2;B01
201800034235;1;7;0;0;2;2;17;A01
201800034235;1;7;0;0;2;8;15;B01
201800034236;2;10;0;0;2;1;15;A01
201800034236;1;33;0;0;2;1;1;B01
201800034237;1;7;0;0;2;4;23;A01
201800034237;1;10;0;0;2;1;2;B01
201800034238;0;7;0;15;2;5;1;A01
201800034238;0;7;0;0;2;2;15;B01
201800034239;1;7;0;0;2;5;17;A01
201800034239;1;1;0;0;2;3;1;B01
201800034240;1;7;0;6;2;5;17;A01
201800034240;1;7;0;0;2;2;21;B01
201800034241;1;7;0;0;2;4;23;A01
201800034241;1;7;0;0;2;1;2;B01
201800034242;0;7;0;1;0;6;23;A01
201800034242;0;7;0;1;2;1;2;B01
201800034242;0;7;0;0;2;3;2;C01
201800034242;2;7;0;0;0;0;0;D01
201800034243;1;7;0;0;2;1;17;A01
201800034243;1;7;0;0;2;8;15;B01
201800034244;1;1;0;0;2;6;1;A01
201800034244;1;10;0;0;2;3;16;Z01
201800034245;1;7;0;0;2;2;1;A01
201800034245;1;30;0;0;2;1;2;B01
201800034246;1;1;0;0;6;1;1;A01
201800034246;1;1;0;0;6;4;14;B01
201800034247;2;34;0;0;2;3;17;A01
201800034247;1;13;0;0;2;3;1;B01
201800034248;1;7;0;0;6;2;1;A01
201800034248;2;1;0;0;2;1;1;B01
201800034249;1;7;0;0;2;8;16;A01
201800034249;0;1;0;0;2;8;19;B01
201800034250;1;7;0;0;1;3;1;A01
201800034251;0;7;0;0;2;1;23;A01
201800034251;0;7;0;0;2;1;23;Z01
201800034251;0;7;0;0;2;4;23;B01
201800034252;2;10;0;0;2;1;15;A01
201800034252;0;10;0;0;2;1;1;B01
201800034253;0;7;0;0;6;7;15;B01
201800034253;0;33;0;0;2;7;1;A01
201800034254;1;30;0;0;2;8;17;A01
201800034254;1;10;0;0;2;3;15;B01
201800034255;0;7;0;0;1;4;0;A01
201800034256;1;7;0;0;2;0;0;A01
201800034256;0;1;0;0;2;4;2;B01
201800034257;1;10;0;0;2;1;2;A01
201800034257;1;7;0;0;2;4;1;B01
201800034258;1;7;0;2;2;7;17;A01
201800034259;2;10;0;0;2;2;15;A01
201800034259;1;10;0;0;2;3;1;B01