num_acc;senc;catv;occutc;obs;obsm;choc;manv;num_veh
201800034260;2;7;0;0;2;4;0;A01
201800034260;2;7;0;0;2;4;0;B01
201800034260;2;7;0;0;2;1;0;C01
201800034261;2;7;0;15;0;1;0;A01
201800034262;1;7;0;0;2;2;21;A01
201800034262;1;32;0;0;2;4;0;B01
201800034263;1;7;0;0;2;2;15;A01
201800034263;2;7;0;0;2;3;0;B01
201800034264;0;7;0;0;2;7;1;B01
201800034264;0;7;0;0;2;1;1;A01
201800034265;0;30;0;0;1;1;19;A01
201800034266;1;7;0;0;2;0;1;B01
201800034266;0;7;0;0;2;8;15;A01
201800034267;1;14;0;0;2;7;11;A01
201800034267;0;7;0;0;2;1;1;B01
201800034268;2;7;0;16;2;2;18;A01
201800034268;2;10;0;16;2;3;1;B01
201800034269;1;7;0;0;2;4;2;A01
201800034269;1;1;0;0;2;0;0;B01
201800034270;2;7;0;0;1;2;1;A01
201800034271;2;10;0;0;1;1;9;A01
201800034272;1;7;0;0;1;1;1;A01
201800034273;1;7;0;0;1;8;1;A01
201800034274;1;15;0;1;0;0;0;A01
201800034274;1;2;0;1;0;0;0;B01
201800034275;2;7;0;0;2;2;1;B01
201800034275;1;7;0;0;2;3;1;A01
201800034276;1;7;0;0;2;1;13;A01
201800034276;2;7;0;0;2;1;1;B01
201800034277;1;7;0;0;1;1;1;A01
201800034278;1;7;0;14;2;1;13;A01
201800034278;2;7;0;0;2;1;23;B01
201800034278;2;7;0;0;2;1;0;C01
201800034279;1;7;0;0;1;1;2;A01
201800034280;1;7;0;0;1;2;19;A01
201800034281;1;7;0;0;2;3;13;A01
201800034281;2;14;0;0;2;3;21;B01
201800034282;2;7;0;0;1;1;1;A01
201800034283;0;99;0;0;2;1;13;A01
201800034283;0;15;0;0;2;1;1;B01
201800034284;2;7;0;0;2;1;1;A01
201800034284;1;7;0;0;2;7;0;B01
201800034285;2;7;0;13;0;1;13;A01
201800034286;1;7;0;1;2;3;15;A01
201800034286;0;32;0;0;2;1;1;B01
201800034287;1;7;0;0;1;2;21;A01
201800034288;1;7;0;0;2;3;2;A01
201800034288;1;33;0;0;2;7;2;B01
201800034289;1;33;0;0;2;1;1;B01
201800034289;1;7;0;0;2;7;1;A01
201800034290;2;7;0;0;2;2;2;A01
201800034290;0;7;0;8;2;7;19;B01
201800034291;0;7;0;0;1;1;1;A01
201800034292;1;33;0;0;2;1;2;A01
201800034292;1;7;0;0;2;4;2;B01
201800034293;0;7;0;0;1;1;16;A01
201800034294;1;33;0;2;0;1;0;A01
201800034295;1;7;0;0;2;3;13;A01
201800034295;2;7;0;0;2;3;1;B01
201800034296;2;7;0;0;2;3;19;A01
201800034296;1;7;0;0;2;3;1;B01
201800034297;1;99;0;0;2;4;20;A01
201800034297;1;7;0;0;2;1;2;B01
201800034298;1;7;0;0;2;3;0;B01
201800034299;1;7;0;15;0;3;13;A01
201800034300;1;7;0;0;2;4;1;B01
201800034300;1;7;0;0;2;1;2;A01
201800034301;0;7;0;13;0;9;0;A01
201800034302;0;7;0;0;2;2;14;A01
201800034302;0;7;0;0;2;6;23;B01
201800034303;1;7;0;;2;7;10;A01
201800034303;1;31;0;;;;;B01
201800034304;1;10;0;0;2;7;1;B01
201800034304;1;10;0;0;2;1;15;A01
201800034305;0;7;0;15;1;3;17;A01
201800034306;1;7;0;0;0;1;15;A01
201800034307;1;7;0;0;1;2;1;A01
201800034308;1;15;0;0;2;3;11;A01
201800034308;1;7;0;0;2;2;11;B01
201800034308;1;7;0;0;2;3;1;C01
201800034309;1;7;0;0;0;0;0;A01
201800034309;1;7;0;0;0;0;0;B01
201800034310;1;7;0;13;0;1;1;A01
201800034311;2;7;0;2;0;1;14;A01
201800034312;2;7;0;0;2;3;10;A01
201800034312;1;7;0;0;2;2;21;B01
201800034313;1;38;1;0;1;3;1;A01
201800034314;2;33;0;0;2;0;17;A01
201800034314;2;7;0;0;2;6;1;B01
201800034314;1;7;0;0;2;3;1;C01
201800034315;1;7;0;0;2;6;15;A01
201800034315;1;33;0;0;2;1;21;B01
201800034316;1;7;0;0;2;3;13;A01
201800034316;2;7;0;0;2;8;0;B01
201800034317;1;7;0;0;2;1;15;A01
201800034317;2;32;0;0;2;8;1;B01
201800034318;1;33;0;3;2;1;17;A01
201800034318;1;7;0;3;0;4;17;B01
201800034319;1;99;0;0;2;1;0;A01
201800034319;1;7;0;0;2;5;1;B01
201800034320;2;33;0;13;0;9;13;A01
201800034321;1;31;0;0;2;1;1;B01
201800034321;0;7;0;0;2;1;9;A01
201800034322;0;7;0;0;2;1;1;B01
201800034322;0;30;0;0;2;7;15;Z01
201800034323;0;7;0;0;1;3;1;A01
201800034324;2;7;0;0;2;3;15;B01
201800034324;1;34;0;0;2;7;12;A01
201800034325;1;33;0;12;0;1;1;A01
201800034326;1;7;0;0;2;3;13;A01
201800034326;1;10;0;0;2;3;1;B01
201800034326;2;7;0;0;2;8;0;C01
201800034326;2;7;0;0;2;0;1;D01
201800034327;2;7;0;2;0;1;14;A01
201800034328;1;7;0;0;1;2;11;A01
201800034329;0;7;0;0;1;3;1;A01
201800034330;0;7;0;0;1;6;0;A01
201800034330;0;7;0;0;2;1;2;B01
201800034331;0;31;0;2;0;0;14;A01
201800034332;2;7;0;0;1;2;1;A01
201800034332;2;7;0;0;1;3;1;B01
201800034333;2;33;0;0;2;1;1;A01
201800034333;0;7;0;0;2;2;15;B01
201800034334;1;7;0;0;1;1;1;A01
201800034335;2;7;0;0;2;1;1;A01
201800034335;1;7;0;0;2;2;15;B01
201800034336;0;7;0;0;2;1;1;B01
201800034336;0;7;0;0;2;1;5;A01
201800034337;0;1;0;0;2;1;13;A01
201800034337;0;7;0;0;2;2;1;B01
201800034338;1;38;1;16;0;8;1;A01
201800034339;2;7;0;0;1;2;19;A01
201800034340;2;7;0;0;0;1;13;A01
201800034340;1;7;0;0;0;1;1;B01
201800034341;1;33;0;9;1;1;1;A01
201800034342;2;37;1;0;1;5;1;A01
201800034342;2;1;0;0;2;8;23;B01
201800034343;1;2;0;0;2;1;0;B01
201800034343;2;7;0;0;2;7;0;A01
201800034344;1;7;0;0;2;7;16;A01
201800034344;1;1;0;0;2;8;2;B01
201800034345;1;31;0;0;2;2;2;A01
201800034345;1;7;0;0;2;3;9;B01
201800034346;2;7;0;0;1;2;2;A01
201800034347;1;7;0;0;1;3;0;A01
201800034348;2;7;0;0;2;3;13;A01
201800034348;2;7;0;0;2;3;1;B01
201800034349;1;7;0;0;1;1;1;A01
201800034350;1;7;0;0;1;1;16;A01
201800034351;2;7;0;0;1;7;19;A01
201800034352;2;7;0;0;2;1;2;A01
201800034352;2;33;0;0;2;4;2;B01
201800034353;2;7;0;0;2;2;10;A01
201800034353;1;33;0;0;2;1;1;B01
201800034354;2;7;0;0;2;1;13;A01
201800034354;1;7;0;0;2;1;1;B01
201800034355;1;34;0;0;0;7;0;A01
201800034356;0;7;0;0;1;6;10;A01
201800034357;1;7;0;0;2;7;1;B01
201800034357;0;7;0;0;2;1;9;A01
201800034358;1;7;0;0;2;4;2;A01
201800034358;1;7;0;0;2;4;2;B01
201800034358;1;7;0;0;2;1;2;Z01
201800034359;0;7;0;0;2;3;9;A01
201800034359;0;33;0;0;2;5;1;B01
201800034360;0;99;0;0;2;0;0;A01
201800034360;0;33;0;0;2;8;0;B01
201800034361;2;10;0;0;6;0;0;B01
201800034361;2;33;0;16;0;0;9;A01
201800034362;1;7;0;0;2;1;0;A01
201800034362;1;7;0;0;2;4;0;B01
201800034363;1;99;0;0;6;0;0;A01
201800034364;2;7;0;13;2;7;19;A01
201800034364;1;7;0;0;2;7;1;B01
201800034365;0;7;0;0;2;1;5;A01
201800034365;0;1;0;0;2;1;5;B01
201800034366;1;7;0;0;1;3;16;A01
201800034367;0;2;0;0;2;2;19;A01
201800034367;0;7;0;0;2;2;0;B01
201800034368;2;7;0;0;2;1;1;B01
201800034368;2;7;0;0;2;7;1;A01
201800034369;2;7;0;0;2;1;2;A01
201800034369;2;33;0;0;2;4;2;B01
201800034370;1;7;0;0;2;7;19;A01
201800034370;1;7;0;0;2;0;0;B01
201800034371;1;1;0;0;2;2;0;B01
201800034371;2;7;0;0;2;7;19;A01
201800034372;2;33;0;5;0;0;0;A01
201800034373;0;15;0;14;0;1;0;A01
201800034374;1;10;0;0;2;2;17;A01
201800034374;1;1;0;0;2;1;1;B01
201800034375;0;7;0;0;1;1;0;A01
201800034376;0;33;0;12;0;1;1;A01
201800034377;1;7;0;9;2;1;2;A01
201800034377;1;7;0;9;2;4;2;B01
201800034378;0;7;0;0;2;3;13;A01
201800034378;0;7;0;0;2;3;0;B01
201800034379;1;10;0;0;1;2;1;A01
201800034380;1;7;0;0;1;2;1;A01
201800034381;1;7;0;0;2;1;1;A01
201800034381;1;7;0;0;2;1;15;B01
201800034382;2;37;1;0;1;6;15;A01
201800034383;1;7;0;0;2;1;0;A01
201800034383;1;7;0;0;2;1;0;B01
201800034384;1;7;0;0;2;2;1;A01
201800034384;0;1;0;0;2;1;19;B01
201800034385;1;7;0;15;0;1;19;A01
201800034386;1;7;0;0;2;1;18;A01
201800034386;1;7;0;0;2;4;2;B01
201800034387;2;31;0;0;2;1;1;A01
201800034387;2;7;0;8;0;8;1;B01
201800034388;2;15;0;0;0;4;23;A01
201800034388;2;7;0;1;0;1;14;B01
201800034389;1;7;0;0;1;2;1;A01
201800034390;1;7;0;0;2;2;15;A01
201800034390;2;33;0;0;2;1;1;B01
201800034391;2;99;0;0;1;2;0;Z01
201800034392;1;15;0;0;2;1;2;A01
201800034392;1;7;0;0;2;4;2;B01
201800034392;1;7;0;0;2;4;2;C01
201800034393;2;7;0;16;0;7;1;B01
201800034393;2;7;0;0;2;1;19;A01
201800034394;2;7;0;0;1;3;1;X01
201800034395;0;7;0;0;1;3;1;A01
201800034396;1;7;0;8;0;1;14;A01
201800034397;0;7;0;0;1;4;20;A01
201800034398;1;7;0;0;2;3;9;A01
201800034398;2;7;0;0;2;2;1;B01
201800034399;2;7;0;0;1;1;13;A01
201800034400;0;1;0;0;6;4;1;A01
201800034401;1;7;0;0;2;8;0;A01
201800034401;2;7;0;0;2;1;0;B01
201800034402;1;7;0;0;2;1;2;A01
201800034402;1;7;0;0;2;4;23;B01
201800034402;1;7;0;0;2;4;23;C01
201800034403;2;10;0;0;1;4;4;A01
201800034404;1;10;0;0;1;1;13;A01
201800034405;1;7;0;0;5;1;1;A01
201800034406;2;7;0;0;2;3;1;A01
201800034406;1;7;0;0;2;1;1;B01
201800034406;2;3;0;0;2;4;1;C01
201800034407;1;7;0;0;1;0;1;A01
201800034408;2;7;0;0;2;8;1;A01
201800034408;1;7;0;0;2;3;1;B01
201800034409;1;7;0;0;1;1;1;A01
201800034410;2;10;0;14;0;1;13;A01
201800034410;2;7;0;0;2;5;23;B01
201800034410;2;10;0;0;2;4;23;C01
201800034411;1;31;0;0;2;4;23;A01
201800034411;1;10;0;0;2;1;1;B01
201800034412;2;7;0;0;2;1;1;B01
201800034412;2;1;0;0;2;8;0;A01
201800034413;1;7;0;2;0;1;1;A01
201800034414;2;7;0;2;2;3;17;A01
201800034414;1;7;0;0;2;3;1;B01
201800034415;1;7;0;0;1;3;1;A01
201800034416;1;7;0;0;2;3;15;A01
201800034416;2;30;0;0;2;1;1;B01
201800034417;2;7;0;0;2;5;15;A01
201800034417;2;2;0;0;2;1;1;B01
201800034418;1;7;0;0;2;1;2;A01
201800034418;1;7;0;0;2;4;2;B01
201800034419;2;10;0;0;1;2;1;A01
201800034420;2;30;0;0;0;7;1;A01
201800034421;2;33;0;0;0;7;21;A01
201800034422;2;31;0;0;0;7;16;A01
201800034423;2;7;0;0;2;7;15;A01
201800034423;1;33;0;0;2;1;1;B01
201800034424;0;7;0;0;1;3;1;A01
201800034425;1;2;0;11;0;1;1;A01
201800034426;1;10;0;0;2;3;17;A01
201800034426;1;7;0;0;2;6;1;C01
201800034426;2;10;0;0;0;3;1;B01
201800034427;1;7;0;0;2;7;19;A01
201800034427;2;7;0;0;2;1;1;B01
201800034428;2;7;0;0;1;2;1;A01
201800034429;1;37;1;0;2;3;1;B01
201800034429;1;7;0;0;2;8;15;A01
201800034430;2;33;0;2;0;1;14;A01
201800034431;0;7;0;14;0;1;1;A01
201800034432;1;10;0;0;2;1;13;A01
201800034432;2;37;1;0;2;1;1;B01
201800034433;2;31;0;0;2;1;1;A01
201800034433;2;7;0;0;2;4;2;B01
201800034434;0;36;0;5;0;0;1;A01
201800034435;1;33;0;0;2;1;2;A01
201800034435;1;33;0;0;2;4;2;B01
201800034436;2;7;0;0;1;2;1;A01
201800034437;0;7;0;0;2;4;2;B01
201800034437;0;33;0;0;2;1;5;A01
201800034438;1;7;0;0;2;2;1;A01
201800034438;1;7;0;1;2;8;15;B01
201800034439;2;7;0;9;0;1;16;A01
201800034440;0;7;0;0;2;8;1;B01
201800034440;0;7;0;0;2;1;9;A01
201800034441;2;7;0;0;2;1;9;A01
201800034441;1;7;0;0;2;7;0;B01
201800034442;1;7;0;0;2;1;17;A01
201800034442;2;7;0;0;2;3;15;B01
201800034443;2;7;0;0;2;7;16;B01
201800034443;2;33;0;0;2;1;2;A01
201800034444;1;7;0;0;2;3;1;B01
201800034444;1;10;0;0;2;2;15;A01
201800034445;1;7;0;0;2;8;1;B01
201800034445;1;7;0;0;2;1;19;A01
201800034446;2;1;0;0;2;8;1;B01
201800034446;2;7;0;0;2;4;4;A01
201800034447;1;31;0;2;0;1;1;A01
201800034448;2;7;0;0;2;2;17;A01
201800034448;2;7;0;0;2;6;15;B01
201800034449;1;7;0;12;2;7;1;B01
201800034449;1;7;0;0;2;3;19;A01
201800034450;2;7;0;0;2;1;1;B01
201800034450;2;7;0;0;2;8;10;A01
201800034451;2;7;0;0;2;4;2;B01
201800034451;2;7;0;0;2;1;2;A01
201800034452;1;7;0;0;2;3;13;A01
201800034452;2;7;0;0;2;3;1;B01
201800034452;1;7;0;0;2;1;1;C01
201800034453;1;7;0;0;1;1;1;A01
201800034454;1;7;0;0;2;3;1;B01
201800034454;2;10;0;15;2;2;13;A01
201800034455;0;32;0;0;2;1;1;B01
201800034455;0;7;0;0;2;2;19;A01
201800034456;0;31;0;12;0;1;21;A01
201800034457;1;7;0;0;2;3;15;A01
201800034457;2;34;0;0;2;1;1;B01
201800034458;1;17;0;9;0;1;19;A01
201800034459;0;7;0;0;2;1;9;A01
201800034459;0;7;0;0;2;7;1;B01
201800034460;2;30;0;0;2;8;2;B01
201800034460;2;7;0;0;2;7;17;A01
201800034461;1;7;0;0;1;2;1;A01
201800034462;1;7;0;0;2;2;9;A01
201800034462;1;7;0;0;2;3;9;B01
201800034463;1;30;0;1;0;1;2;A01
201800034463;1;17;0;0;2;4;23;B01
201800034464;1;7;0;0;2;3;13;A01
201800034464;2;7;0;0;2;3;1;B01
201800034465;2;7;0;0;1;1;21;A01
201800034466;2;7;0;0;1;1;1;A01
201800034467;1;7;0;0;1;0;2;Z01
201800034468;2;7;0;0;2;4;1;A01
201800034468;2;7;0;0;2;1;2;B01
201800034469;2;10;0;0;1;2;1;A01
201800034470;2;7;0;6;1;1;14;A01
201800034471;1;7;0;0;0;0;0;A01
201800034471;2;7;0;0;0;0;0;B01
201800034472;1;13;0;14;0;1;2;A01
201800034472;1;7;0;14;0;4;2;B01
201800034472;1;7;0;0;2;4;2;C01
201800034473;2;35;0;1;2;1;13;A01
201800034474;0;33;0;0;1;1;1;A01
201800034475;1;7;0;0;1;1;1;A01
201800034476;1;33;0;0;2;1;16;A01
201800034476;2;10;0;0;2;2;1;B01
201800034477;1;2;0;0;2;1;3;B01
201800034477;0;7;0;0;2;3;15;A01
201800034478;0;7;0;9;0;2;15;A01
201800034479;2;36;0;0;2;1;21;A01
201800034479;2;10;0;0;2;4;2;B01
201800034480;1;30;0;0;0;0;21;A01
201800034480;1;7;0;0;0;0;17;B01
201800034481;1;7;0;0;2;1;1;A01
201800034481;1;7;0;0;2;4;1;B01
201800034482;1;7;0;0;1;1;0;A01
201800034483;2;7;0;0;0;2;14;A01
201800034484;1;7;0;0;5;1;14;A01
201800034485;0;7;0;0;1;3;1;A01
201800034486;2;33;0;13;0;9;15;A01
201800034487;1;7;0;0;2;7;0;A01
201800034487;1;7;0;0;2;1;0;B01
201800034488;1;7;0;0;2;3;15;A01
201800034488;1;1;0;0;2;1;19;B01
201800034489;1;10;0;0;2;2;1;A01
201800034489;1;37;2;0;2;3;1;B01
201800034490;1;33;0;1;0;1;1;A01
201800034491;1;7;0;1;0;1;13;A01
201800034492;1;99;0;0;2;4;2;B01
201800034492;1;31;0;0;2;1;2;A01
201800034493;0;7;0;0;1;1;0;A01
201800034494;0;3;0;1;0;1;14;A01
201800034495;1;7;0;0;2;3;0;A01
201800034495;1;2;0;0;2;1;1;B01
201800034496;2;38;2;0;2;3;19;A01
201800034496;2;7;0;0;2;1;1;B01
201800034497;1;7;0;6;0;1;1;A01
201800034498;1;7;0;6;2;3;17;A01
201800034499;1;10;0;0;1;2;1;A01
201800034500;1;7;0;0;2;0;1;A01
201800034501;2;99;0;0;2;1;1;A01
201800034501;2;99;0;0;2;0;0;B01
201800034502;1;10;0;0;1;3;1;A01
201800034503;0;7;0;0;2;1;15;A01
201800034503;0;33;0;0;2;1;1;B01
201800034504;1;7;0;0;2;1;15;A01
201800034504;2;7;0;0;2;6;1;B01
201800034505;1;7;0;0;1;2;1;A01
201800034506;1;30;0;0;2;1;13;A01
201800034506;2;7;0;0;2;3;1;B01
201800034507;1;7;0;0;2;1;17;A01
201800034507;2;7;0;0;2;3;1;B01
201800034508;1;7;0;0;1;1;1;A01
201800034509;2;7;0;0;2;5;15;A01
201800034509;1;33;0;0;2;1;1;B01
201800034510;0;7;0;0;0;7;21;A01
201800034511;2;33;0;0;2;3;11;A01
201800034512;2;14;0;0;2;3;13;A01
201800034512;1;7;0;0;2;3;1;B01
201800034512;2;14;0;0;2;3;1;C01
201800034513;2;10;0;3;0;3;1;A01
201800034514;0;10;0;0;2;3;1;B01
201800034514;0;7;0;0;2;3;10;A01
201800034515;1;33;0;16;0;7;9;A01
201800034516;2;7;0;0;2;3;1;A01
201800034516;1;1;0;0;2;3;3;B01
201800034517;2;1;0;0;2;1;0;B01
201800034517;0;1;0;0;2;1;0;A01
201800034518;1;7;0;0;2;8;1;B01
201800034518;2;33;0;0;2;2;9;A01
201800034519;1;7;0;3;0;1;11;A01
201800034520;0;7;0;0;0;4;23;B01
201800034520;0;99;0;0;2;1;0;A01
201800034521;0;14;0;0;2;1;1;A01
201800034521;0;7;0;14;0;4;1;B01
201800034522;1;7;0;0;1;3;0;A01
201800034523;1;33;0;0;2;9;3;A01
201800034523;1;10;0;0;0;6;2;B01
201800034523;1;10;0;0;0;9;2;C01
201800034524;1;7;0;0;2;8;10;A01
201800034524;1;33;0;0;2;1;17;B01
201800034525;1;7;0;0;1;2;2;A01
201800034526;0;7;0;0;2;3;15;A01
201800034526;0;1;0;0;2;1;19;B01
201800034527;1;7;0;0;2;1;2;A01
201800034527;1;30;0;0;2;9;1;B01
201800034527;1;7;0;0;2;2;1;C01
201800034528;1;7;0;15;0;3;10;A01
201800034528;1;33;0;0;2;7;1;B01
201800034529;2;33;0;14;0;0;19;A01
201800034530;1;7;0;0;1;3;1;A01
201800034531;2;7;0;1;0;8;23;A01
201800034531;2;15;0;1;0;7;1;B01
201800034532;2;10;0;0;2;4;11;A01
201800034532;2;7;0;0;2;1;1;B01
201800034532;2;10;0;0;2;1;1;C01
201800034532;2;7;0;0;2;3;1;D01
201800034533;2;36;0;3;0;7;0;A01
201800034534;2;10;0;0;2;3;2;A01
201800034534;2;10;0;0;2;2;17;B01
201800034535;1;7;0;0;2;3;1;B01
201800034535;0;2;0;0;2;1;0;A01
201800034536;1;7;0;0;2;8;1;B01
201800034536;0;7;0;0;2;3;19;A01
201800034537;0;3;0;0;1;0;0;A01
201800034538;2;1;0;12;0;7;1;A01
201800034539;0;30;0;0;2;8;13;A01
201800034539;0;10;0;0;2;7;17;B01
201800034540;0;30;0;0;0;0;0;A01
201800034541;2;10;0;0;2;1;1;B01
201800034541;0;7;0;0;2;2;13;A01
201800034542;1;10;0;0;2;1;2;A01
201800034542;1;7;0;0;2;4;2;B01
201800034543;0;7;0;0;1;2;1;A01
201800034544;1;1;0;0;6;6;0;A01
201800034544;1;7;0;0;2;2;0;B01
201800034545;1;7;0;4;0;5;14;A01
201800034546;1;7;0;0;2;1;21;A01
201800034546;1;7;0;0;2;4;0;B01
201800034547;1;7;0;0;2;2;17;A01
201800034547;1;7;0;0;2;6;11;B01
201800034548;1;1;0;0;0;0;1;A01
201800034549;1;7;0;0;0;3;9;A01
201800034550;2;7;0;0;1;2;0;A01
201800034551;1;7;0;0;2;2;1;A01
201800034551;1;7;0;0;2;6;9;B01
201800034552;1;7;0;0;2;2;1;A01
201800034552;0;7;0;0;2;3;1;B01
201800034553;2;7;0;13;0;9;1;A01
201800034554;2;10;0;0;2;2;2;A01
201800034554;2;10;0;0;2;4;0;B01
201800034554;2;7;0;0;2;4;2;C01
201800034555;1;7;0;6;0;1;1;A01
201800034556;1;99;0;;;;;A01
201800034556;1;10;0;0;0;0;0;B01
201800034557;1;7;0;0;2;1;9;A01
201800034557;1;32;0;0;2;4;1;B01
201800034558;1;10;0;0;2;1;2;A01
201800034558;1;7;0;0;2;9;2;B01
201800034558;1;7;0;0;0;4;2;C01
201800034559;0;7;0;0;2;8;15;A01
201800034559;0;7;0;0;2;2;17;B01
201800034560;1;7;0;0;2;1;15;A01
201800034560;2;7;0;0;2;3;1;B01
201800034561;1;7;0;0;1;3;1;A01
201800034562;0;10;0;1;6;2;14;A01
201800034563;1;20;0;0;0;0;0;A01
201800034563;1;33;0;0;0;0;0;B01
201800034564;1;7;0;0;2;6;1;B01
201800034564;1;10;0;0;2;0;0;A01
201800034565;0;7;0;3;0;1;0;A01
201800034566;1;7;0;0;0;2;14;A01
201800034567;1;7;0;0;2;1;2;A01
201800034567;1;13;0;0;2;4;2;B01
201800034568;0;7;0;0;1;2;0;Z01
201800034569;1;10;0;0;2;1;1;A01
201800034569;1;7;0;0;2;4;1;B01
201800034569;1;10;0;0;2;6;1;C01
201800034569;2;7;0;0;2;8;1;D01
201800034569;1;7;0;0;2;0;2;Z01
201800034570;1;7;0;0;2;0;0;Z01
201800034570;2;32;0;0;2;0;19;A01
201800034571;2;33;0;12;0;1;0;A01
201800034572;1;7;0;0;2;2;2;B01
201800034572;0;7;0;0;2;2;19;A01
201800034573;1;7;0;0;2;4;12;A01
201800034573;1;7;0;0;2;0;0;B01
201800034574;0;7;0;0;2;3;15;A01
201800034574;0;7;0;0;2;1;23;B01
201800034574;0;7;0;0;2;1;23;C01
201800034574;0;7;0;0;2;9;1;D01
201800034575;2;99;0;0;2;4;1;A01
201800034575;2;7;0;0;2;2;0;B01
201800034576;1;7;0;0;2;3;20;A01
201800034576;1;30;0;0;2;7;2;B01
201800034577;1;7;0;0;1;3;2;A01
201800034578;1;7;0;0;1;0;2;A01
201800034579;1;7;0;0;2;4;1;A01
201800034579;1;7;0;0;2;4;1;B01
201800034579;1;7;0;0;2;1;1;C01
201800034579;1;7;0;0;2;1;1;D01
201800034580;1;7;0;0;1;3;9;A01
201800034581;2;7;0;0;2;4;1;A01
201800034581;2;7;0;0;2;1;1;B01
201800034582;1;7;0;0;1;3;1;A01
201800034583;1;7;0;0;1;8;2;A01
201800034584;2;7;0;4;2;2;1;B01
201800034584;0;7;0;0;2;1;16;A01
201800034585;1;7;0;0;2;1;0;B01
201800034585;1;14;0;0;2;4;23;A01
201800034586;2;7;0;0;1;1;0;A01
201800034587;2;7;0;0;0;9;1;A01
201800034588;1;33;0;0;2;4;1;B01
201800034588;2;7;0;0;2;1;15;A01
201800034589;1;2;0;0;2;7;15;B01
201800034589;2;30;0;0;2;0;15;A01
201800034590;1;10;0;0;1;3;0;A01
201800034591;2;7;0;0;1;2;1;A01
201800034592;1;7;0;11;0;1;14;A01
201800034593;1;2;0;0;2;0;9;B01
201800034593;1;7;0;0;2;1;9;A01
201800034594;2;7;0;0;2;4;23;C01
201800034594;1;7;0;0;2;1;18;D01
201800034594;2;7;0;0;2;1;17;A01
201800034594;1;37;0;0;2;3;21;B01
201800034595;1;7;0;0;0;1;0;A01
201800034596;1;7;0;0;1;2;1;A01
201800034597;1;1;0;0;2;8;0;B01
201800034597;1;10;0;0;9;2;0;A01
201800034598;0;1;0;0;2;0;0;B01
201800034598;0;10;0;0;2;1;16;A01
201800034599;0;7;0;0;1;2;1;A01
201800034600;2;7;0;14;0;1;1;A01
201800034601;2;10;0;0;2;1;15;A01
201800034601;1;32;0;0;2;1;1;B01
201800034602;0;30;0;0;0;0;1;A01
201800034603;1;7;0;0;2;2;0;A01
201800034603;1;1;0;0;2;1;1;B01
201800034604;1;7;0;0;2;4;0;B01
201800034604;1;2;0;0;2;1;9;A01
201800034605;2;33;0;0;0;1;2;A01
201800034606;1;7;0;0;0;0;1;A01
201800034607;1;7;0;0;2;1;1;B01
201800034607;2;7;0;0;2;1;5;A01
201800034608;1;10;0;0;2;5;17;A01
201800034608;1;1;0;0;2;3;2;C01
201800034609;1;7;0;0;1;1;0;A01
201800034610;2;7;0;0;2;0;0;B01
201800034610;2;33;0;0;2;0;0;A01
201800034611;2;7;0;0;2;2;15;B01
201800034611;1;7;0;0;2;2;1;A01
201800034612;1;7;0;0;2;3;13;Z01
201800034612;2;7;0;0;2;3;1;B01
201800034613;1;10;0;0;2;4;2;B01
201800034613;1;10;0;0;2;1;2;A01
201800034614;1;33;0;14;0;1;17;A01
201800034615;1;7;0;0;2;3;0;A01
201800034615;2;10;0;0;2;1;0;B01
201800034616;0;10;0;0;2;2;2;B01
201800034616;0;2;0;0;2;1;15;A01
201800034617;1;7;0;0;2;3;9;B01
201800034617;1;33;0;0;2;1;0;A01
201800034618;2;7;0;0;1;1;1;A01
201800034619;1;1;0;0;2;1;17;A01
201800034619;2;10;0;0;2;3;23;B01
201800034620;1;7;0;0;1;1;0;A01
201800034621;2;7;0;0;2;4;2;A01
201800034621;2;7;0;0;2;1;2;Z01
201800034621;2;7;0;0;2;4;2;B01
201800034622;1;7;0;0;2;3;21;B01
201800034622;2;7;0;0;2;1;13;A01
201800034623;1;33;0;0;1;1;0;A01
201800034624;1;7;0;0;2;3;1;C01
201800034624;2;30;0;0;0;4;23;B01
201800034624;2;7;0;0;2;3;2;A01
201800034625;1;7;0;15;0;9;13;A01
201800034626;2;7;0;0;2;1;1;B01
201800034626;1;7;0;0;2;2;15;A01
201800034627;1;7;0;9;0;1;1;A01
201800034628;0;7;0;0;2;4;2;C01
201800034628;0;7;0;0;2;1;2;A01
201800034628;0;7;0;0;2;4;2;B01
201800034629;0;7;0;0;2;8;0;C01
201800034629;0;7;0;0;2;3;13;A01
201800034629;0;33;0;0;2;1;1;B01
201800034630;2;10;0;0;2;1;15;A01
201800034630;1;33;0;0;2;1;1;B01
201800034631;2;7;0;0;1;0;9;A01
201800034632;1;33;0;15;0;1;1;A01
201800034633;0;7;0;0;1;1;1;A01
201800034634;2;7;0;0;1;2;2;A01
201800034635;1;7;0;0;2;2;19;B01
201800034635;1;7;0;0;2;3;0;A01
201800034635;1;7;0;0;2;1;0;D01
201800034635;1;7;0;0;2;3;0;C01
201800034636;0;7;0;0;2;1;13;A01
201800034636;0;37;0;0;2;1;1;B01
201800034637;0;2;0;0;2;4;2;B01
201800034637;0;7;0;0;2;1;2;A01
201800034638;1;7;0;1;1;2;0;A01
201800034639;1;7;0;0;2;4;1;B01
201800034639;1;33;0;0;2;1;0;A01
201800034640;2;7;0;0;2;1;2;A01
201800034640;2;7;0;3;0;4;2;B01