num_acc;senc;catv;occutc;obs;obsm;choc;manv;num_veh
201800034640;2;7;0;0;2;1;2;C01
201800034641;1;7;0;0;1;2;1;A01
201800034642;1;33;0;0;2;1;1;B01
201800034642;1;7;0;0;2;3;10;A01
201800034643;1;34;0;0;2;8;11;B01
201800034643;1;7;0;0;2;2;1;A01
201800034644;1;34;0;0;1;1;0;A01
201800034645;2;7;0;12;1;3;1;A01
201800034646;1;7;0;0;2;6;1;B01
201800034646;1;7;0;0;2;2;21;A01
201800034647;0;7;0;0;0;1;0;A01
201800034648;1;10;0;0;1;4;4;A01
201800034649;0;7;0;0;1;4;4;A01
201800034650;1;7;0;1;0;2;21;A01
201800034651;2;7;0;0;2;2;1;A01
201800034651;2;2;0;0;2;4;1;B01
201800034652;0;7;0;15;0;1;1;A01
201800034653;2;7;0;0;2;1;0;A01
201800034653;1;7;0;0;2;1;1;B01
201800034654;2;7;0;0;1;8;1;A01
201800034655;2;7;0;0;1;1;1;A01
201800034656;0;7;0;0;0;4;24;B01
201800034656;1;33;0;1;0;1;13;A01
201800034657;2;7;0;0;2;3;16;A01
201800034657;1;7;0;0;2;3;23;B01
201800034658;2;7;0;3;2;1;13;A01
201800034658;1;7;0;0;2;2;1;B01
201800034659;2;7;0;0;2;3;15;B01
201800034659;2;2;0;0;2;1;17;A01
201800034660;2;2;0;0;2;1;1;A01
201800034660;1;7;0;0;2;7;1;B01
201800034661;2;30;0;0;2;2;17;A01
201800034661;2;7;0;0;2;3;15;B01
201800034662;0;7;0;0;2;6;20;A01
201800034662;2;2;0;0;2;1;2;B01
201800034663;2;7;0;0;2;1;23;B01
201800034663;1;7;0;0;2;1;1;A01
201800034664;0;7;0;0;2;1;17;A01
201800034664;0;7;0;0;2;6;0;C01
201800034664;0;7;0;0;2;1;23;B01
201800034665;1;1;0;6;0;1;1;A01
201800034666;1;7;0;0;2;6;23;B01
201800034666;1;17;0;0;2;2;21;A01
201800034667;1;7;0;4;0;3;13;A01
201800034668;1;1;0;0;2;1;1;B01
201800034668;0;7;0;0;9;3;9;A01
201800034669;2;7;0;0;1;2;1;A01
201800034670;1;7;0;0;2;1;1;B01
201800034670;2;7;0;0;2;1;13;A01
201800034671;1;7;0;0;1;5;21;A01
201800034672;1;7;0;0;1;4;4;A01
201800034673;1;7;0;0;1;2;19;A01
201800034674;2;13;0;0;2;5;15;A01
201800034674;2;33;0;0;2;1;1;B01
201800034675;1;31;0;0;2;1;17;A01
201800034675;1;7;0;0;2;3;15;B01
201800034676;1;7;0;0;2;2;1;B01
201800034676;1;10;0;0;2;3;9;A01
201800034677;1;7;0;0;1;2;1;A01
201800034678;0;99;0;0;1;2;0;Z01
201800034679;0;33;0;0;2;1;0;A01
201800034679;0;7;0;0;2;8;15;B01
201800034680;1;7;0;0;1;3;21;A01
201800034681;0;33;0;0;2;1;1;B01
201800034681;0;7;0;0;2;2;11;A01
201800034682;0;1;0;0;1;1;0;A01
201800034683;0;33;0;8;0;0;19;A01
201800034684;1;10;0;0;2;3;1;B01
201800034684;0;7;0;0;2;2;1;A01
201800034685;2;31;0;1;0;5;1;B01
201800034685;2;7;0;1;0;3;9;A01
201800034686;0;7;0;0;1;1;1;A01
201800034687;2;7;0;0;1;2;1;A01
201800034688;0;20;0;0;2;6;1;B01
201800034688;0;34;0;0;2;1;0;A01
201800034689;0;17;0;0;1;2;0;A01
201800034690;0;37;1;0;1;2;8;A01
201800034691;0;1;0;0;2;7;19;B01
201800034691;1;7;0;0;2;3;16;A01
201800034692;2;7;0;0;1;1;21;A01
201800034693;0;7;0;0;1;1;1;A01
201800034694;0;99;0;0;1;0;1;Z01
201800034695;1;7;0;0;2;3;9;A01
201800034695;2;2;0;0;2;1;1;B01
201800034696;1;10;0;0;1;6;20;A01
201800034697;0;39;180;0;1;1;1;A01
201800034698;0;7;0;0;2;2;2;A01
201800034698;0;1;0;0;2;0;0;B02
201800034699;1;7;0;0;2;1;1;B01
201800034699;0;7;0;0;2;2;15;A01
201800034700;1;33;0;0;2;6;17;A01
201800034700;1;10;0;0;0;6;1;B01
201800034701;1;10;0;14;0;1;13;A01
201800034701;1;7;0;14;0;8;15;B01
201800034702;0;7;0;0;1;1;14;A01
201800034703;1;7;0;0;2;6;19;B01
201800034703;0;7;0;0;2;2;17;A01
201800034704;0;7;0;0;1;3;0;A01
201800034705;1;7;0;0;1;1;19;A01
201800034706;0;7;0;3;0;2;21;A01
201800034707;0;7;0;0;1;1;1;A01
201800034708;1;7;0;0;2;2;15;B01
201800034708;0;7;0;0;2;1;0;A01
201800034709;1;7;0;0;5;1;1;A01
201800034710;;1;0;;1;;;A01
201800034711;0;33;0;14;0;1;0;A01
201800034712;1;34;0;0;2;1;13;A01
201800034712;1;99;0;0;0;0;0;B01
201800034713;1;15;0;0;2;2;14;A01
201800034713;1;7;0;0;2;8;1;B01
201800034714;1;7;0;0;1;3;1;A01
201800034715;2;7;0;0;2;2;15;A01
201800034715;1;33;0;0;2;0;1;B01
201800034716;0;33;0;0;1;3;21;A01
201800034717;1;7;0;0;2;1;1;B01
201800034717;2;7;0;0;2;1;13;A01
201800034718;1;33;0;0;2;0;0;B01
201800034718;1;7;0;0;2;2;15;A01
201800034719;1;7;0;0;2;0;17;B01
201800034719;1;33;0;0;2;8;1;A01
201800034720;0;7;0;0;1;0;16;A01
201800034721;0;7;0;0;1;3;0;A01
201800034722;1;7;0;0;1;3;1;A01
201800034723;0;10;0;0;1;3;15;A01
201800034724;1;7;0;0;1;2;2;A01
201800034725;2;10;0;11;1;3;1;A01
201800034726;2;7;0;0;1;3;1;A01
201800034727;1;7;0;0;2;1;13;A01
201800034727;2;7;0;0;2;1;1;B01
201800034728;1;7;0;0;1;3;19;A01
201800034729;1;7;0;0;2;4;2;B01
201800034729;1;7;0;0;2;1;2;A01
201800034730;1;7;0;13;0;6;12;B01
201800034730;1;7;0;0;2;1;18;A01
201800034731;1;7;0;4;0;2;1;A01
201800034732;1;7;0;0;2;1;1;B01
201800034732;0;7;0;0;2;3;0;A01
201800034733;1;7;0;0;1;1;1;A01
201800034734;1;33;0;0;2;1;2;B01
201800034734;1;7;0;0;2;3;10;A01
201800034735;2;7;0;0;1;3;1;A01
201800034736;2;7;0;0;1;1;19;A01
201800034737;1;7;0;0;2;1;1;A01
201800034737;2;7;0;0;2;7;1;B01
201800034738;2;10;0;0;1;1;1;A01
201800034739;1;7;0;0;2;3;19;A01
201800034739;2;31;0;0;1;2;21;B01
201800034740;1;7;0;0;2;4;23;B01
201800034740;1;7;0;0;2;1;17;A01
201800034741;1;37;0;0;2;3;15;A01
201800034741;2;7;0;9;2;1;1;B01
201800034742;2;33;0;0;0;1;0;A01
201800034743;1;2;0;1;2;7;15;B01
201800034743;2;33;0;1;2;1;1;A01
201800034744;;34;0;9;0;1;1;A01
201800034745;1;33;0;12;0;1;1;B01
201800034745;1;7;0;12;0;6;10;A01
201800034746;1;13;0;0;1;2;16;A01
201800034747;2;14;0;0;1;3;1;A01
201800034748;2;33;0;1;0;1;0;A01
201800034749;0;7;0;0;0;0;15;A01
201800034749;0;33;0;0;2;7;1;B01
201800034750;1;7;0;0;0;7;2;B01
201800034750;1;33;0;0;0;4;2;A01
201800034751;2;33;0;0;2;4;23;B01
201800034751;2;7;0;0;2;1;1;A01
201800034752;1;7;0;0;2;3;1;B01
201800034752;2;7;0;0;2;1;13;A01
201800034752;1;99;0;0;2;1;1;C01
201800034753;1;33;0;0;2;1;1;B01
201800034753;2;7;0;0;2;2;15;A01
201800034754;0;7;0;0;2;1;0;A01
201800034754;0;7;0;0;2;3;1;B01
201800034755;2;7;0;0;0;1;1;A01
201800034756;1;7;0;0;2;1;15;A01
201800034756;2;2;0;0;2;1;1;B01
201800034757;1;7;0;0;2;4;1;B01
201800034757;1;7;0;0;2;0;0;C01
201800034757;1;33;0;0;2;1;1;A01
201800034758;0;7;0;0;0;0;0;B01
201800034758;0;1;0;8;0;0;13;A01
201800034759;2;30;0;0;2;8;0;A01
201800034760;1;1;0;;;;;A01
201800034761;2;7;0;0;1;7;1;A01
201800034762;1;10;0;0;1;1;1;A01
201800034763;1;34;0;8;0;2;14;A01
201800034764;1;7;0;0;2;4;0;A01
201800034764;1;1;0;0;2;1;2;B01
201800034765;2;7;0;0;2;3;19;B01
201800034765;1;7;0;0;2;1;0;A01
201800034766;1;33;0;0;2;1;2;B01
201800034766;1;7;0;0;2;1;15;A01
201800034767;1;7;0;0;1;1;0;A01
201800034768;2;33;0;0;5;1;21;A01
201800034768;1;7;0;0;6;3;21;B01
201800034769;2;7;0;0;1;1;2;A01
201800034770;1;33;0;0;2;2;1;B01
201800034770;1;7;0;0;2;2;18;A01
201800034771;2;7;0;15;0;2;1;A01
201800034772;1;7;0;0;2;8;13;A01
201800034772;1;32;0;0;2;1;17;B01
201800034773;1;34;0;0;2;7;17;B01
201800034773;1;7;0;0;2;3;15;A01
201800034774;1;33;0;0;2;1;3;B01
201800034774;1;10;0;0;2;3;9;A01
201800034775;1;7;0;0;2;1;2;B01
201800034775;2;7;0;0;2;1;13;A01
201800034776;1;7;0;0;2;1;15;A01
201800034776;2;7;0;0;2;1;1;B01
201800034777;1;7;0;0;2;3;0;B01
201800034777;2;7;0;0;2;3;0;A01
201800034778;2;7;0;0;2;2;1;A01
201800034778;0;1;0;0;2;6;1;B01
201800034779;1;7;0;4;0;1;12;A01
201800034780;1;33;0;15;0;1;2;A01
201800034781;1;10;0;0;1;1;16;A01
201800034782;2;7;0;14;0;3;13;A01
201800034783;2;7;0;0;2;1;2;A01
201800034783;1;7;0;8;2;3;2;B01
201800034784;2;30;0;0;1;1;17;A01
201800034785;1;7;0;0;2;3;15;B01
201800034785;2;1;0;0;2;1;1;A01
201800034786;1;33;0;8;0;1;14;A01
201800034787;1;7;0;0;0;5;23;B01
201800034787;1;34;0;1;2;9;18;A01
201800034787;1;7;0;0;0;5;23;C01
201800034788;0;7;0;0;1;1;16;A01
201800034789;2;1;0;0;0;4;2;B01
201800034789;2;15;0;0;2;5;9;A01
201800034790;2;30;0;0;2;1;1;B01
201800034790;1;7;0;12;2;6;1;A01
201800034791;1;1;0;1;2;1;1;B01
201800034791;1;7;0;0;2;8;22;A01
201800034792;1;33;0;0;2;2;3;A01
201800034792;1;7;0;0;2;5;1;C01
201800034792;1;7;0;0;2;3;1;B01
201800034793;1;31;0;0;2;2;1;A01
201800034793;1;7;0;0;2;8;15;B01
201800034794;2;7;0;0;2;3;1;A01
201800034794;2;34;0;0;2;1;1;B01
201800034795;1;7;0;0;1;1;1;A01
201800034796;2;7;0;0;1;2;1;A01
201800034797;1;7;0;0;2;3;0;B01
201800034797;2;7;0;0;2;1;5;A01
201800034798;1;10;0;0;1;3;15;A01
201800034799;1;7;0;0;1;4;4;A01
201800034800;0;7;0;8;0;1;19;A01
201800034801;0;10;0;1;1;2;2;A01
201800034802;2;10;0;0;1;3;15;A01
201800034803;2;7;0;8;1;3;14;A01
201800034804;2;7;0;15;2;5;1;A01
201800034804;2;7;0;0;2;3;1;B01
201800034805;0;7;0;0;1;2;1;A01
201800034806;0;7;0;0;1;1;1;A01
201800034807;0;33;0;0;2;1;17;B01
201800034807;0;7;0;0;2;8;9;A01
201800034808;1;7;0;0;1;1;1;A01
201800034809;0;14;0;0;1;6;4;A01
201800034810;0;7;0;0;2;1;1;B01
201800034810;0;7;0;0;2;1;15;A01
201800034811;2;30;0;0;2;1;2;A01
201800034811;2;7;0;0;2;4;23;B01
201800034812;1;7;0;0;2;4;23;B01
201800034812;1;7;0;0;2;1;1;A01
201800034813;2;33;0;0;2;7;2;C01
201800034813;2;7;0;0;2;3;11;A01
201800034813;2;33;0;0;2;2;1;B01
201800034814;1;7;0;0;1;1;1;A01
201800034815;1;7;0;0;1;3;16;A01
201800034816;0;10;0;0;2;4;9;B01
201800034816;0;33;0;0;2;1;1;A01
201800034817;1;33;0;0;2;4;9;B01
201800034817;1;7;0;0;2;1;12;A01
201800034818;0;10;0;0;1;1;13;A01
201800034819;0;33;0;0;2;1;1;B01
201800034819;0;7;0;0;2;7;15;A01
201800034820;0;7;0;0;2;5;1;B01
201800034820;0;34;0;0;2;1;1;A01
201800034821;0;3;0;0;0;4;1;B01
201800034821;0;7;0;0;2;1;2;A01
201800034822;1;1;0;0;2;1;1;B01
201800034822;2;7;0;0;2;7;15;A01
201800034823;2;7;0;0;2;3;14;A01
201800034823;1;33;0;0;2;3;1;B01
201800034824;0;7;0;0;1;7;16;A01
201800034825;0;7;0;0;2;7;1;B01
201800034825;0;7;0;0;2;1;1;A01
201800034826;2;7;0;0;2;8;10;A01
201800034826;2;32;0;0;2;1;1;B01
201800034827;1;7;0;0;1;1;0;A01
201800034828;0;33;0;0;2;1;1;B01
201800034828;0;1;0;0;2;7;19;A01
201800034829;0;1;0;0;2;1;19;B01
201800034829;0;7;0;0;2;8;1;A01
201800034830;0;2;0;0;2;8;1;A01
201800034830;0;33;0;0;2;2;12;B01
201800034831;0;30;0;0;2;1;5;A01
201800034831;0;7;0;0;2;8;15;B01
201800034832;0;7;0;0;1;0;1;A01
201800034833;0;7;0;0;2;8;1;B01
201800034833;0;33;0;0;2;7;17;A01
201800034834;0;7;0;0;2;1;24;B01
201800034834;0;7;0;6;2;4;20;A01
201800034835;2;2;0;0;2;7;17;B01
201800034835;2;7;0;0;2;8;15;A01
201800034836;0;7;0;0;2;8;24;A01
201800034836;0;1;0;1;0;2;22;B01
201800034837;1;7;0;0;2;6;1;C01
201800034837;1;33;0;0;2;4;11;B01
201800034837;1;7;0;0;2;2;2;A01
201800034838;0;31;0;0;0;1;0;A01
201800034839;2;7;0;0;2;3;1;C01
201800034839;2;7;0;0;2;8;1;B01
201800034839;1;37;1;0;2;3;13;A01
201800034840;0;30;0;0;2;0;21;A01
201800034841;0;33;0;0;2;1;21;A01
201800034841;0;7;0;0;2;1;23;B01
201800034841;0;7;0;0;2;0;9;Z01
201800034841;0;10;0;0;2;3;23;C01
201800034842;1;2;0;0;2;1;1;B01
201800034842;1;7;0;0;2;4;20;A01
201800034843;0;7;0;0;1;2;1;A01
201800034844;0;7;0;0;2;7;16;A01
201800034844;0;1;0;0;2;8;19;B01
201800034845;0;1;0;0;2;1;0;B01
201800034845;0;10;0;0;2;8;0;A01
201800034846;0;7;0;0;1;1;1;A01
201800034847;1;7;0;0;2;1;2;B01
201800034847;1;1;0;0;2;4;2;C01
201800034847;1;7;0;0;6;1;2;A01
201800034848;0;7;0;0;2;3;1;B01
201800034848;0;34;0;0;2;1;15;A01
201800034849;0;10;0;0;1;7;16;A01
201800034850;2;10;0;0;1;1;0;A01
201800034851;1;7;0;1;0;1;0;A01
201800034852;0;2;0;0;2;1;1;A01
201800034852;0;7;0;0;2;7;1;B01
201800034853;1;7;0;0;2;3;9;A01
201800034853;1;33;0;0;2;1;1;B01
201800034854;0;33;0;0;2;1;17;B01
201800034854;0;7;0;0;2;8;15;A01
201800034855;0;33;0;0;2;1;1;B01
201800034855;0;7;0;0;2;2;15;A01
201800034856;2;33;0;0;2;1;1;B01
201800034856;1;7;0;0;2;2;10;A01
201800034857;0;7;0;0;1;1;0;Z01
201800034858;0;10;0;0;1;1;1;Z01
201800034859;1;7;0;0;2;2;15;A01
201800034859;1;2;0;0;2;1;18;B01
201800034860;2;7;0;0;1;1;1;A01
201800034861;2;7;0;0;0;8;1;A01
201800034862;0;33;0;0;2;1;13;A01
201800034862;0;10;0;0;2;6;1;B01
201800034863;0;10;0;0;1;2;1;A01
201800034864;0;7;0;0;1;1;1;A01
201800034865;0;31;0;0;0;4;1;A01
201800034866;0;7;0;0;2;1;1;B01
201800034866;0;7;0;0;2;2;15;A01
201800034867;0;33;0;0;2;1;1;B01
201800034867;0;7;0;0;2;7;15;A01
201800034868;1;7;0;0;1;1;1;A01
201800034869;1;7;0;0;2;3;15;A01
201800034869;2;2;0;0;2;8;1;B01
201800034870;0;7;0;0;1;7;1;A01
201800034871;2;33;0;0;2;1;1;A01
201800034871;1;7;0;0;2;5;15;B01
201800034872;0;1;0;0;2;1;1;A01
201800034872;0;7;0;0;2;7;1;B01
201800034873;0;7;0;0;2;3;1;B01
201800034873;0;33;0;0;2;1;1;A01
201800034874;1;7;0;0;2;2;15;A01
201800034874;2;1;0;0;2;3;1;B01
201800034875;0;7;0;0;2;2;1;A01
201800034875;0;1;0;0;2;2;5;B01
201800034876;0;7;0;0;2;3;15;A01
201800034876;0;2;0;0;2;1;1;B01
201800034877;1;33;0;4;0;3;1;A01
201800034878;0;7;0;0;2;4;15;B01
201800034878;0;34;0;0;2;1;15;A01
201800034879;1;7;0;0;1;2;1;A01
201800034880;1;10;0;0;1;1;15;A01
201800034881;0;33;0;0;2;1;1;B01
201800034881;0;7;0;0;2;6;9;A01
201800034882;0;1;0;0;2;0;21;B01
201800034882;0;10;0;0;2;6;20;A01
201800034883;1;1;0;0;2;4;2;B01
201800034883;1;7;0;0;2;2;2;A01
201800034884;0;7;0;0;0;0;15;Z01
201800034884;0;33;0;12;0;2;21;B01
201800034885;1;7;0;0;2;0;13;A01
201800034885;2;7;0;0;2;0;1;C01
201800034885;2;7;0;0;2;3;1;B01
201800034886;0;7;0;0;2;6;10;A01
201800034886;0;2;0;0;2;1;1;B01
201800034887;1;33;0;0;2;1;1;B01
201800034887;0;7;0;0;2;6;15;A01
201800034888;0;2;0;12;0;0;21;A01
201800034889;0;7;0;0;2;1;2;A01
201800034889;0;1;0;0;2;4;2;B01
201800034890;2;2;0;0;2;1;1;B01
201800034890;2;7;0;0;2;6;15;A01
201800034891;0;1;0;0;1;2;1;A01
201800034892;2;7;0;0;2;4;2;C01
201800034892;2;7;0;0;2;1;2;A01
201800034892;2;7;0;0;2;4;2;B01
201800034893;0;7;0;0;1;3;15;A01
201800034894;;2;0;0;2;1;1;B01
201800034894;0;7;0;0;2;2;15;A01
201800034895;0;7;0;0;1;3;1;A01
201800034896;0;2;0;0;2;2;1;B01
201800034896;0;7;0;0;2;8;20;A01
201800034897;0;7;0;0;2;3;15;A01
201800034897;0;2;0;0;2;8;1;B01
201800034898;2;7;0;3;2;4;11;A01
201800034898;1;7;0;0;2;2;1;B01
201800034898;2;14;0;0;2;1;1;C01
201800034899;0;7;0;6;0;1;19;A01
201800034900;1;7;0;0;2;1;2;A01
201800034900;1;7;0;0;2;4;23;B01
201800034901;0;7;0;0;2;2;1;B01
201800034901;0;7;0;0;2;2;15;A01
201800034902;2;7;0;0;2;7;1;B01
201800034902;0;31;0;0;2;1;19;A01
201800034903;1;30;0;0;2;1;17;B01
201800034903;0;7;0;0;2;6;15;A01
201800034904;1;7;0;0;2;3;19;A01
201800034904;1;33;0;0;2;1;1;B01
201800034905;2;7;0;13;0;1;1;A01
201800034906;0;30;0;8;0;1;0;A01
201800034907;2;7;0;0;2;0;9;B01
201800034907;2;30;0;0;2;0;17;A01
201800034908;1;30;0;0;2;1;2;A01
201800034908;1;10;0;0;2;4;2;B01
201800034909;1;7;0;0;2;4;23;A01
201800034909;1;7;0;0;0;4;23;B01
201800034910;1;7;0;0;2;1;15;A01
201800034910;2;7;0;0;2;1;17;B01
201800034911;2;7;0;0;2;0;0;C01
201800034911;2;15;0;0;2;1;2;A01
201800034911;2;7;0;0;2;4;1;B01
201800034912;0;7;0;8;0;2;1;A01
201800034913;0;7;0;6;0;2;15;A01
201800034914;1;7;0;13;0;1;1;A01
201800034915;0;33;0;0;0;9;0;A01
201800034916;0;7;0;0;2;3;0;A01
201800034916;0;30;0;0;2;1;0;B01
201800034917;1;7;0;1;0;1;14;A01
201800034918;2;7;0;0;2;2;15;A01
201800034918;1;2;0;0;2;1;0;B01
201800034919;0;7;0;0;2;4;17;B01
201800034919;0;7;0;0;2;1;0;A01
201800034920;0;7;0;0;2;3;9;A01
201800034920;0;2;0;0;2;1;1;B01
201800034921;0;7;0;0;2;5;0;B01
201800034921;0;7;0;0;2;2;16;A01
201800034922;0;2;0;0;0;7;15;A01
201800034923;0;7;0;0;2;2;15;A01
201800034923;0;2;0;0;2;7;13;B01
201800034924;2;7;0;8;0;1;19;A01
201800034925;1;2;0;0;2;0;1;A01
201800034926;2;7;0;0;2;4;2;B01
201800034926;2;7;0;0;2;1;0;A01
201800034927;0;7;0;0;0;9;1;A01
201800034928;1;7;0;16;0;1;13;A01
201800034929;0;7;0;0;2;1;0;A01
201800034929;0;7;0;8;0;4;2;B01
201800034930;1;7;0;0;1;1;19;A01
201800034931;1;30;0;0;2;1;2;A01
201800034931;2;7;0;14;2;1;16;B01
201800034932;1;7;0;0;1;7;0;A01
201800034933;1;7;0;0;1;2;9;A01
201800034934;2;7;0;0;1;3;0;A01
201800034935;1;7;0;0;1;3;9;A01
201800034936;0;7;0;0;1;5;1;A01
201800034937;0;7;0;0;1;1;15;A01
201800034938;2;7;0;0;2;1;15;A01
201800034938;2;33;0;0;2;4;1;B01
201800034939;0;7;0;0;1;1;0;A01
201800034940;1;7;0;0;2;2;20;A01
201800034940;1;2;0;0;2;1;1;B01
201800034941;1;7;0;0;1;0;1;A01
201800034942;0;2;0;0;0;8;0;A01
201800034943;0;7;0;0;2;8;1;B01
201800034943;0;7;0;0;2;1;15;A01
201800034944;0;7;0;0;2;7;15;A01
201800034944;0;7;0;0;2;1;1;B01
201800034945;1;7;0;0;2;3;17;A01
201800034945;2;7;0;0;2;3;1;B01
201800034946;0;7;0;0;2;1;15;B01
201800034946;0;33;0;0;2;1;1;A01
201800034947;0;7;0;0;2;1;1;A01
201800034947;0;7;0;0;2;2;15;B01
201800034948;0;31;0;0;2;1;1;A01
201800034948;0;7;0;0;2;4;1;B01
201800034949;0;7;0;0;2;2;1;A01
201800034949;0;7;0;0;2;1;16;B01
201800034950;0;7;0;0;2;7;19;A01
201800034950;0;7;0;0;2;3;1;B01
201800034951;0;7;0;0;1;1;1;A01
201800034952;1;7;0;0;0;9;1;A01
201800034953;0;7;0;0;2;1;1;B01
201800034953;0;30;0;0;2;3;16;A01
201800034954;0;7;0;0;1;3;16;A01
201800034955;0;7;0;0;1;2;16;A01
201800034956;0;7;0;0;2;1;1;A01
201800034956;0;7;0;0;2;4;1;B01
201800034957;0;7;0;0;2;3;1;A01
201800034957;0;7;0;0;2;3;1;B01
201800034958;0;7;0;3;2;3;1;A01
201800034958;0;7;0;0;2;9;1;B01
201800034959;0;7;0;0;1;2;20;A01
201800034960;0;7;0;0;2;3;1;A01
201800034960;0;7;0;0;2;2;1;B01
201800034961;0;7;0;0;2;1;1;A01
201800034961;0;7;0;0;2;4;1;B01
201800034961;0;7;0;0;2;4;1;C01
201800034962;0;7;0;0;2;3;9;A01
201800034962;0;7;0;0;2;2;1;B01
201800034963;0;30;0;0;2;1;1;A01
201800034963;0;7;0;0;2;3;10;B01
201800034964;0;7;0;0;2;1;1;A01
201800034964;0;7;0;0;2;4;1;B01
201800034965;0;7;0;0;2;2;1;A01
201800034965;0;7;0;0;2;3;15;B01
201800034966;0;7;0;0;1;1;1;A01
201800034967;0;7;0;0;2;3;1;A01
201800034967;0;7;0;0;2;2;1;B01
201800034968;0;7;0;0;1;1;1;A01
201800034969;0;36;0;0;2;1;1;A01
201800034969;0;7;0;0;2;0;1;B01
201800034970;0;7;0;0;1;1;1;A01
201800034971;0;1;0;0;2;1;1;B01
201800034971;0;7;0;0;2;3;1;A01
201800034972;0;7;0;0;2;1;1;A01
201800034972;0;7;0;0;2;3;1;B01
201800034973;0;7;0;0;2;1;1;A01
201800034973;0;7;0;0;2;4;1;B01
201800034974;0;7;0;0;2;1;1;B01
201800034974;0;7;0;0;2;2;15;A01
201800034975;0;7;0;0;1;1;1;A01
201800034976;0;2;0;0;2;1;1;A01
201800034976;0;7;0;0;2;4;1;B01
201800034977;0;1;0;0;2;3;5;A01
201800034977;0;7;0;0;2;3;16;B01
201800034978;0;7;0;0;2;1;1;A01
201800034978;0;7;0;0;2;1;1;B01
201800034978;0;7;0;0;2;4;1;C01
201800034979;0;1;0;0;2;1;19;A01
201800034979;0;7;0;0;2;1;1;B01
201800034980;0;2;0;0;2;1;1;A01
201800034980;0;7;0;0;2;8;1;B01
201800034981;0;10;0;0;1;1;16;A01
201800034982;0;7;0;1;0;3;1;A01
201800034983;0;7;0;0;2;1;1;A01
201800034983;0;7;0;0;2;6;1;B01
201800034983;0;7;0;0;2;1;1;C01
201800034983;0;7;0;0;2;3;1;D01
201800034984;0;2;0;0;2;1;11;A01
201800034984;0;7;0;0;2;4;1;B01
201800034985;0;1;0;0;2;1;1;A01
201800034985;0;7;0;0;2;4;1;B01
201800034986;0;2;0;0;1;1;1;A01
201800034987;0;37;30;0;2;1;1;A01
201800034987;0;7;0;0;2;8;16;B01
201800034988;0;7;0;0;1;1;1;A01
201800034989;0;7;0;0;2;1;1;A01
201800034989;0;10;0;0;2;4;1;B01
201800034990;0;10;0;5;0;1;6;A01
201800034991;0;1;0;0;1;1;1;A01
201800034992;0;30;0;0;2;7;15;A01
201800034992;0;7;0;0;2;1;1;B01
201800034993;0;33;0;0;2;1;1;A01
201800034993;0;7;0;0;2;6;1;B01
201800034994;0;7;0;0;1;2;0;A01
201800034995;0;7;0;0;1;3;1;A01
201800034996;0;3;0;0;2;3;1;A01
201800034996;0;1;0;0;2;1;1;B01
201800034997;0;7;0;0;2;1;1;A01
201800034997;0;7;0;0;2;4;1;B01
201800034998;0;7;0;0;2;1;1;A01
201800034998;0;7;0;0;2;4;1;B01
201800034998;0;7;0;0;2;4;1;C01
201800034999;0;2;0;0;2;1;9;A01
201800034999;0;7;0;0;2;2;1;B01
201800035000;0;7;0;0;1;1;1;A01
201800035001;1;7;0;0;2;1;1;A01
201800035001;1;7;0;0;2;4;1;B01
201800035002;0;7;0;0;2;8;22;A01
201800035002;0;1;0;1;0;1;1;B01
201800035003;1;7;0;0;2;1;1;A01
201800035003;1;7;0;0;2;4;1;B01
201800035003;1;7;0;0;2;4;1;C01
201800035004;0;7;0;0;1;2;1;A01
201800035005;0;7;0;0;0;1;13;A01
201800035006;0;7;0;0;1;1;15;A01
201800035007;0;7;0;1;0;1;1;A01
201800035008;0;2;0;0;2;0;13;A01
201800035008;0;2;0;0;2;1;1;B01
201800035009;0;7;0;0;2;7;1;A01
201800035009;0;7;0;0;2;1;1;B01
201800035010;0;2;0;0;2;1;1;A01
201800035010;0;7;0;0;2;8;20;B01
201800035011;0;7;0;0;1;4;20;A01
201800035012;0;7;0;0;2;1;16;B01
201800035012;0;7;0;0;2;2;16;A01
201800035013;0;3;0;0;1;1;1;A01
201800035014;0;1;0;0;2;1;13;A01
201800035014;0;7;0;0;2;1;1;B01
201800035015;0;2;0;6;0;1;1;A01
201800035016;1;7;0;0;2;2;15;B01
201800035016;0;7;0;0;2;1;1;A01
201800035017;0;7;0;0;2;1;1;A01
201800035017;0;7;0;0;2;4;1;B01
201800035018;0;7;0;0;2;7;17;A01
201800035018;0;7;0;0;2;8;1;B01
201800035019;0;7;0;0;2;1;1;B01
201800035019;0;7;0;0;2;1;13;A01
201800035020;0;1;0;0;2;1;1;A01
201800035020;0;7;0;0;2;4;1;B01
201800035021;0;7;0;0;2;8;11;A01
201800035021;0;2;0;0;2;1;1;B01
201800035022;0;2;0;0;2;3;1;A01
201800035022;0;7;0;0;2;2;15;B01
201800035023;0;7;0;5;0;1;1;A01
201800035024;0;33;0;0;2;1;1;A01
201800035024;0;7;0;0;2;6;15;B01
201800035025;0;7;0;0;2;1;15;A01
201800035025;0;33;0;0;2;2;1;B01
201800035026;0;7;0;1;0;1;1;A01
201800035027;0;30;0;0;2;1;1;A01
201800035027;0;7;0;0;2;4;1;B01
201800035028;0;7;0;0;2;1;1;A01
201800035028;0;7;0;0;2;4;1;B01
201800035029;0;7;0;0;1;1;15;A01
201800035030;0;10;0;0;1;1;1;A01