num_acc;senc;catv;occutc;obs;obsm;choc;manv;num_veh
201800035031;0;7;0;0;1;1;1;A01
201800035032;0;7;0;0;2;1;0;A01
201800035032;0;10;0;0;2;4;1;B01
201800035033;0;7;0;0;1;1;16;A01
201800035034;0;7;0;0;2;2;15;A01
201800035034;0;33;0;0;2;1;1;B01
201800035035;0;34;0;0;2;1;1;A01
201800035035;0;7;0;0;2;4;1;B01
201800035036;0;7;0;0;1;1;16;A01
201800035037;0;30;0;0;1;1;1;A01
201800035038;0;30;0;0;2;1;1;A01
201800035038;0;10;0;0;2;2;1;B01
201800035039;0;30;0;0;0;1;16;A01
201800035040;0;7;0;0;6;2;1;A01
201800035040;0;1;0;0;2;0;0;B01
201800035041;0;31;0;0;2;7;15;A01
201800035041;0;34;0;0;2;1;1;Z01
201800035042;1;7;0;0;2;4;2;A01
201800035042;1;7;0;0;2;1;2;B01
201800035042;1;7;0;0;2;1;2;C01
201800035043;0;2;0;0;2;1;19;A01
201800035043;0;7;0;0;2;8;1;B01
201800035044;0;7;0;0;2;1;1;B01
201800035044;0;1;0;0;2;1;16;A01
201800035045;0;1;0;0;2;8;19;A01
201800035045;0;7;0;0;2;1;1;B01
201800035046;2;33;0;0;2;1;1;A01
201800035046;2;7;0;0;2;8;10;B01
201800035047;0;2;0;1;0;1;1;A01
201800035048;2;7;0;9;2;1;1;A01
201800035048;2;7;0;0;2;1;1;B01
201800035049;0;7;0;0;1;1;1;A01
201800035050;0;7;0;0;1;3;1;B01
201800035051;0;7;0;0;2;1;1;A01
201800035051;0;7;0;0;2;4;1;B01
201800035052;0;7;0;0;2;8;1;A01
201800035052;0;2;0;0;2;2;1;B01
201800035053;0;7;0;0;1;1;1;A01
201800035054;0;1;0;0;1;1;1;A01
201800035055;0;33;0;0;1;1;17;A01
201800035056;0;7;0;16;0;1;1;A01
201800035057;0;1;0;0;2;3;1;B01
201800035057;0;1;0;0;2;3;1;C01
201800035057;0;7;0;0;2;1;16;A01
201800035058;0;1;0;0;2;3;15;A01
201800035058;0;7;0;0;2;3;1;B01
201800035059;0;2;0;0;2;1;1;A01
201800035059;0;1;0;0;2;1;1;B01
201800035060;0;7;0;16;0;1;16;A01
201800035061;0;7;0;0;2;1;1;A01
201800035061;0;7;0;0;2;1;1;B01
201800035062;2;7;0;0;1;3;1;A01
201800035063;0;7;0;0;2;2;15;A01
201800035063;0;1;0;0;2;1;1;B01
201800035064;0;7;0;0;1;1;1;A01
201800035065;0;7;0;0;2;5;1;B01
201800035065;0;7;0;0;2;3;11;A01
201800035066;0;7;0;0;1;3;1;A01
201800035067;0;7;0;0;2;8;15;A01
201800035067;0;14;0;0;2;1;17;B01
201800035068;0;33;0;8;0;1;1;A01
201800035069;0;7;0;0;2;2;15;A01
201800035069;0;7;0;0;2;1;1;B01
201800035070;0;33;0;0;2;1;5;A01
201800035070;0;7;0;0;2;8;15;B01
201800035071;0;7;0;0;2;1;1;B01
201800035071;0;7;0;0;2;2;15;A01
201800035072;0;30;0;0;2;1;1;A01
201800035072;0;1;0;0;2;4;15;B01
201800035073;0;31;0;0;2;1;5;A01
201800035073;0;7;0;0;2;3;15;B01
201800035074;0;7;0;0;1;1;1;A01
201800035075;0;2;0;0;1;1;0;A01
201800035076;0;7;0;0;2;2;1;A01
201800035076;0;7;0;0;2;3;15;B01
201800035077;0;7;0;0;2;1;1;A01
201800035077;0;7;0;0;2;4;2;B01
201800035077;0;7;0;0;2;4;2;C01
201800035078;0;7;0;15;0;1;1;A01
201800035079;0;7;0;0;2;4;15;A01
201800035079;0;7;0;0;2;2;1;B01
201800035080;0;7;0;0;2;3;9;A01
201800035080;0;1;0;0;2;4;1;B01
201800035081;0;7;0;0;2;1;1;A01
201800035081;0;7;0;0;2;4;1;B01
201800035082;0;7;0;0;2;1;1;A01
201800035082;0;7;0;0;2;1;1;B01
201800035083;0;33;0;14;0;1;0;A01
201800035084;0;7;0;0;2;2;15;A01
201800035084;0;33;0;0;2;8;1;B01
201800035085;2;7;0;4;2;1;1;A01
201800035085;2;7;0;0;2;3;1;B01
201800035086;0;7;0;6;0;1;1;A01
201800035087;0;7;0;0;1;1;1;A01
201800035088;0;7;0;0;2;3;22;A01
201800035088;0;1;0;0;2;1;1;B01
201800035089;0;2;0;1;2;1;5;A01
201800035089;0;7;0;0;2;1;1;B01
201800035090;2;7;0;0;2;8;1;A01
201800035090;2;7;0;0;2;3;23;C01
201800035090;0;10;0;0;2;2;15;B01
201800035091;0;7;0;0;1;1;1;A01
201800035092;0;2;0;16;0;0;1;A01
201800035093;0;7;0;0;6;2;1;B01
201800035093;0;99;0;0;2;1;5;A01
201800035094;0;7;0;0;2;3;10;A01
201800035094;0;2;0;0;2;1;1;B01
201800035095;0;34;0;0;2;1;2;A01
201800035095;0;7;0;0;2;4;1;B01
201800035096;0;31;0;12;0;1;1;A01
201800035097;0;7;0;1;0;1;1;A01
201800035098;1;2;0;1;0;1;1;A01
201800035099;1;7;0;1;0;3;1;A01
201800035100;1;7;0;0;1;6;1;A01
201800035101;0;7;0;0;2;2;15;A01
201800035101;1;7;0;0;2;8;1;B01
201800035102;1;7;0;0;1;2;15;A01
201800035103;0;7;0;0;2;1;1;A01
201800035103;0;7;0;0;2;4;1;B01
201800035104;0;1;0;0;2;1;19;A01
201800035104;0;7;0;0;2;3;16;B01
201800035105;0;7;0;0;2;5;15;A01
201800035105;0;33;0;0;2;1;1;B01
201800035106;0;7;0;0;2;2;9;A01
201800035106;0;33;0;0;2;8;1;B01
201800035107;0;7;0;0;1;1;1;A01
201800035108;0;7;0;0;2;2;1;A01
201800035108;0;7;0;0;2;3;1;B01
201800035109;0;7;0;0;2;8;10;A01
201800035109;0;33;0;0;2;1;1;B01
201800035110;0;10;0;0;2;1;20;A01
201800035110;0;7;0;0;2;2;1;B01
201800035111;0;10;0;0;2;1;1;A01
201800035111;0;7;0;0;2;4;15;B01
201800035112;0;1;0;0;2;1;1;A01
201800035112;0;7;0;0;2;8;1;B01
201800035112;0;7;0;0;2;3;1;C01
201800035113;0;7;0;0;1;0;1;A01
201800035114;0;7;0;0;1;0;1;A01
201800035115;0;7;0;0;2;1;15;A01
201800035115;1;33;0;0;2;1;1;B01
201800035116;2;7;0;0;2;3;1;B01
201800035116;0;7;0;0;2;2;1;A01
201800035117;1;7;0;0;2;1;1;A01
201800035117;1;7;0;0;2;4;1;B01
201800035118;0;7;0;0;2;8;1;A01
201800035118;0;1;0;0;2;1;0;B01
201800035119;0;7;0;0;2;2;15;A01
201800035119;0;33;0;0;2;1;1;B01
201800035120;0;7;0;0;1;1;1;A01
201800035121;0;7;0;0;2;2;1;A01
201800035121;0;7;0;0;2;3;1;B01
201800035122;0;7;0;1;1;1;1;A01
201800035123;0;7;0;0;1;8;1;A01
201800035124;0;7;0;9;0;1;1;A01
201800035125;2;7;0;0;2;1;1;A01
201800035125;1;7;0;0;2;1;1;B01
201800035126;0;1;0;0;2;0;1;B01
201800035126;0;7;0;0;2;3;1;A01
201800035127;0;2;0;0;2;3;9;A01
201800035127;0;2;0;0;2;2;1;B01
201800035128;0;7;0;0;2;3;20;A01
201800035128;0;32;0;0;2;1;1;B01
201800035129;0;7;0;0;2;0;22;A01
201800035129;0;1;0;0;2;0;1;B01
201800035130;0;7;0;0;2;3;1;A01
201800035130;0;7;0;0;2;2;1;B01
201800035131;1;7;0;6;0;1;1;A01
201800035132;0;7;0;0;1;2;16;A01
201800035133;0;7;0;0;1;2;1;A01
201800035134;1;7;0;0;2;1;1;A01
201800035134;1;7;0;0;2;1;1;B01
201800035134;1;7;0;0;2;4;1;C01
201800035135;0;7;0;0;1;2;1;A01
201800035136;0;7;0;0;1;1;1;A01
201800035137;0;7;0;0;2;1;1;A01
201800035137;0;7;0;0;2;5;1;B01
201800035137;0;7;0;0;2;4;1;C01
201800035138;0;33;0;0;2;1;1;A01
201800035138;0;7;0;0;2;4;24;B01
201800035139;1;7;0;0;2;4;1;B01
201800035139;1;7;0;0;2;1;1;A01
201800035140;2;1;0;0;2;4;1;A01
201800035140;2;7;0;0;2;2;1;B01
201800035141;0;33;0;0;2;1;1;B01
201800035141;0;7;0;0;2;2;1;A01
201800035142;0;7;0;0;2;1;15;A01
201800035142;0;2;0;0;2;0;1;B01
201800035143;0;1;0;0;2;0;1;A01
201800035143;0;7;0;0;2;5;1;B01
201800035144;2;7;0;0;1;1;1;A01
201800035145;0;7;0;0;1;0;1;A01
201800035146;0;7;0;0;2;1;15;A01
201800035146;0;33;0;0;2;1;1;B01
201800035147;0;1;0;0;2;0;0;A01
201800035147;0;7;0;0;2;0;0;B01
201800035148;0;1;0;0;2;1;1;A01
201800035148;0;7;0;0;2;5;15;B01
201800035149;0;33;0;0;2;8;1;A01
201800035149;0;1;0;0;2;0;1;B01
201800035150;0;7;0;0;1;1;1;A01
201800035151;0;7;0;0;1;0;20;A01
201800035152;0;7;0;0;2;3;9;A01
201800035152;0;31;0;0;2;7;0;B01
201800035153;0;7;0;0;2;1;15;A01
201800035153;0;2;0;0;2;0;1;B01
201800035154;0;7;0;0;2;1;15;B01
201800035154;0;1;0;0;2;1;15;A01
201800035155;0;7;0;0;1;0;1;A01
201800035156;0;7;0;0;2;1;1;A01
201800035156;0;7;0;0;2;1;1;C01
201800035156;0;2;0;0;2;2;1;B01
201800035157;0;7;0;0;2;8;9;A01
201800035157;0;7;0;0;2;9;1;B01
201800035158;0;7;0;0;1;7;16;A01
201800035159;0;1;0;0;2;1;1;B01
201800035159;0;7;0;0;2;2;16;A01
201800035160;0;2;0;0;2;1;1;A01
201800035160;0;7;0;0;2;3;1;B01
201800035161;1;7;0;0;2;3;13;A01
201800035161;2;7;0;0;2;3;1;B01
201800035162;0;33;0;0;2;1;1;A01
201800035162;0;7;0;0;2;4;1;B01
201800035163;0;7;0;0;2;8;24;A01
201800035163;0;1;0;0;2;1;1;B01
201800035164;0;1;0;0;2;6;19;B01
201800035164;0;7;0;0;2;0;16;A01
201800035165;0;7;0;15;0;3;1;A01
201800035166;0;7;0;0;2;3;9;A01
201800035166;0;2;0;0;2;1;1;B01
201800035167;0;7;0;0;2;2;1;A01
201800035167;0;2;0;0;2;3;15;B01
201800035168;0;30;0;0;2;1;17;A01
201800035168;0;7;0;0;2;8;1;B01
201800035169;0;2;0;0;1;1;1;A01
201800035170;1;7;0;0;1;7;1;A01
201800035171;1;7;0;0;1;2;1;A01
201800035172;0;7;0;0;2;1;1;A01
201800035172;0;7;0;0;2;3;1;B01
201800035172;0;1;0;0;2;0;19;C01
201800035173;1;7;0;0;1;1;1;A01
201800035174;0;7;0;0;2;1;1;A01
201800035174;0;7;0;0;2;1;23;B01
201800035174;0;7;0;0;2;4;1;C01
201800035175;0;7;0;0;2;1;1;A01
201800035175;0;7;0;0;2;1;1;B01
201800035175;0;7;0;0;2;4;1;C01
201800035176;0;7;0;0;2;0;16;A01
201800035176;0;1;0;0;2;0;1;B01
201800035177;0;7;0;0;2;3;11;A01
201800035177;0;2;0;1;2;1;1;B01
201800035178;0;7;0;0;2;1;1;A01
201800035178;0;7;0;0;2;4;1;B01
201800035179;0;7;0;0;1;1;1;A01
201800035180;0;7;0;0;2;1;15;A01
201800035180;0;7;0;0;2;0;1;B01
201800035181;0;2;0;0;2;1;1;B01
201800035181;0;7;0;0;2;1;1;A01
201800035182;0;35;0;0;2;0;1;A01
201800035182;0;7;0;0;2;6;15;B01
201800035183;0;7;0;0;1;1;1;A01
201800035184;1;7;0;0;2;1;1;A01
201800035184;1;7;0;0;2;4;1;B01
201800035185;0;7;0;0;2;7;1;B01
201800035185;0;1;0;0;2;3;1;A01
201800035186;0;7;0;0;2;2;10;A01
201800035186;0;7;0;0;2;1;1;B01
201800035187;1;7;0;2;0;1;1;A01
201800035188;0;7;0;0;1;1;1;A01
201800035189;0;2;0;0;2;1;17;A01
201800035189;0;7;0;0;2;8;20;B01
201800035190;0;10;0;0;1;7;1;A01
201800035191;0;7;0;0;1;1;1;A01
201800035192;0;7;0;0;2;1;1;A01
201800035192;0;7;0;0;2;4;1;B01
201800035192;0;7;0;0;2;5;1;C01
201800035193;0;7;0;0;2;6;16;A01
201800035193;0;31;0;0;2;1;1;B01
201800035194;0;7;0;0;2;3;15;A01
201800035194;0;7;0;0;2;1;1;B01
201800035195;0;7;0;4;0;1;1;A01
201800035196;1;7;0;0;2;3;13;A01
201800035196;1;31;0;0;2;1;21;B01
201800035197;1;7;0;0;1;1;1;A01
201800035198;1;7;0;0;2;1;17;A01
201800035198;1;7;0;0;2;8;15;B01
201800035199;0;7;0;0;2;1;2;A01
201800035199;0;33;0;0;2;0;0;B01
201800035200;1;33;0;0;2;1;1;B01
201800035200;1;7;0;0;2;3;15;A01
201800035201;0;36;0;6;0;3;0;A01
201800035202;1;7;0;0;1;3;13;A01
201800035203;1;7;0;0;0;1;13;A01
201800035204;0;7;0;0;1;3;1;A01
201800035205;1;7;0;0;2;3;15;B01
201800035205;1;33;0;0;2;1;17;A01
201800035206;1;1;0;0;0;1;13;A01
201800035207;1;1;0;0;2;0;0;B01
201800035207;1;7;0;0;2;1;0;A01
201800035208;0;30;0;0;0;0;0;A01
201800035209;1;10;0;0;;4;0;A01
201800035209;1;33;0;0;2;1;0;B01
201800035210;1;1;0;0;2;1;19;A01
201800035210;1;7;0;0;2;3;1;B01
201800035211;1;33;0;0;2;2;17;B01
201800035211;1;7;0;0;2;3;15;A01
201800035212;1;7;0;0;1;2;1;A01
201800035213;1;7;0;2;0;3;13;A01
201800035214;2;7;0;0;1;2;13;A01
201800035214;2;7;0;0;2;5;1;C01
201800035214;2;17;0;1;0;6;0;D01
201800035215;1;10;0;0;1;1;1;A01
201800035216;0;2;0;0;2;1;1;B01
201800035216;0;10;0;0;2;3;0;A01
201800035217;2;7;0;0;0;9;13;A01
201800035218;2;7;0;6;0;2;13;A01
201800035219;1;7;0;0;2;1;1;B01
201800035219;1;7;0;0;2;3;19;A01
201800035220;0;7;0;2;0;1;13;A01
201800035221;2;7;0;13;0;1;13;A01
201800035222;0;2;0;0;2;7;1;B01
201800035222;0;10;0;0;2;1;9;A01
201800035223;0;7;0;0;1;2;1;A01
201800035224;2;7;0;0;0;2;1;A01
201800035224;1;7;0;0;2;1;9;B01
201800035225;1;31;0;0;2;1;21;B01
201800035225;2;7;0;0;2;7;1;C01
201800035225;2;7;0;0;2;5;15;A01
201800035226;2;7;0;0;1;2;1;A01
201800035227;1;7;0;0;2;1;2;A01
201800035227;1;7;0;0;0;4;0;C01
201800035227;1;7;0;0;2;1;2;B01
201800035228;1;7;0;0;0;2;14;A01
201800035229;2;7;0;6;0;2;13;A01
201800035230;0;7;0;0;0;1;0;A01
201800035231;0;7;0;2;0;2;14;A01
201800035232;1;7;0;2;0;1;14;A01
201800035233;2;7;0;0;2;1;19;A01
201800035233;1;7;0;0;2;8;1;B01
201800035234;2;7;0;0;2;3;2;A01
201800035234;2;7;0;2;2;2;17;B01
201800035235;1;36;0;6;0;1;15;A01
201800035236;0;33;0;0;0;0;0;A01
201800035237;2;7;0;9;0;1;0;A01
201800035238;0;33;0;0;0;7;0;A01
201800035239;1;7;0;0;1;1;1;A01
201800035240;0;7;0;0;2;1;2;A01
201800035240;0;7;0;0;2;4;2;B01
201800035241;1;7;0;0;2;1;1;A01
201800035241;1;7;0;0;2;1;15;B01
201800035242;1;7;0;0;1;1;1;A01
201800035243;1;7;0;0;2;3;9;A01
201800035243;1;33;0;0;2;5;1;B01
201800035244;2;33;0;0;6;1;1;A01
201800035245;2;7;0;2;0;1;13;A01
201800035246;2;7;0;0;2;3;9;A01
201800035246;2;1;0;0;2;5;2;B01
201800035247;1;7;0;6;0;8;13;A01
201800035248;2;13;0;6;0;8;13;A01
201800035249;1;30;0;0;2;1;1;B01
201800035249;1;7;0;0;2;3;19;A01
201800035250;2;7;0;16;0;8;1;A01
201800035251;2;7;0;0;2;1;15;A01
201800035251;1;30;0;0;2;8;1;B01
201800035252;2;2;0;0;0;0;16;A01
201800035253;1;7;0;16;2;3;9;A01
201800035253;1;7;0;0;2;2;1;B01
201800035254;0;7;0;0;2;8;1;B01
201800035254;0;7;0;0;2;3;1;A01
201800035255;1;33;0;1;0;1;14;A01
201800035256;1;7;0;0;2;1;1;A01
201800035256;1;7;0;0;2;4;23;B01
201800035257;2;34;0;0;2;1;13;A01
201800035257;1;7;0;0;2;1;1;B01
201800035258;2;7;0;0;1;2;1;A01
201800035259;2;7;0;13;0;7;14;A01
201800035260;2;30;0;14;0;1;1;A01
201800035261;1;10;0;11;0;3;13;A01
201800035262;1;7;0;0;1;2;1;A01
201800035263;1;7;0;15;0;1;21;A01
201800035264;2;7;0;0;1;1;1;A01
201800035265;2;7;0;0;1;2;9;A01
201800035266;2;7;0;0;2;1;13;A01
201800035266;1;7;0;0;2;1;1;B01
201800035267;1;7;0;0;2;3;19;A01
201800035267;2;7;0;13;2;1;1;B01
201800035268;1;33;0;0;2;2;17;A01
201800035268;1;7;0;0;2;3;15;B01
201800035269;2;10;0;12;2;8;1;B01
201800035269;2;7;0;0;2;1;19;A01
201800035270;2;7;0;0;1;1;1;A01
201800035271;1;7;0;0;1;2;1;A01
201800035272;1;7;0;0;2;1;15;A01
201800035272;2;33;0;0;2;1;1;B01
201800035273;0;7;0;8;0;1;15;A01
201800035274;1;7;0;3;0;1;14;A01
201800035275;2;7;0;0;2;2;15;A01
201800035275;1;7;0;0;2;3;1;B01
201800035276;2;32;0;0;2;9;17;A01
201800035276;1;7;0;0;2;1;1;B01
201800035277;2;7;0;2;0;1;14;A01
201800035278;2;7;0;0;1;2;15;A01
201800035279;1;30;0;13;0;1;14;A01
201800035280;2;7;0;0;2;3;13;A01
201800035280;1;14;0;0;2;3;1;B01
201800035281;1;30;0;8;0;1;14;A01
201800035282;1;7;0;0;1;3;1;A01
201800035283;1;7;0;0;2;1;9;A01
201800035283;2;1;0;0;2;5;1;B01
201800035284;1;31;0;13;0;1;13;A01
201800035285;1;2;0;0;2;1;1;B01
201800035285;0;7;0;0;2;3;9;A01
201800035286;0;7;0;0;1;1;1;A01
201800035287;2;7;0;6;0;9;14;A01
201800035288;2;7;0;10;0;1;14;A01
201800035289;1;1;0;12;0;1;15;A01
201800035290;1;7;0;6;0;9;13;A01
201800035291;1;7;0;0;2;1;13;A01
201800035291;2;7;0;0;2;3;1;B01
201800035292;2;1;0;13;0;0;1;A01
201800035293;2;2;0;6;2;1;1;B01
201800035293;1;7;0;0;2;3;16;A01
201800035294;1;1;0;0;2;1;1;B01
201800035294;1;7;0;0;2;2;1;A01
201800035295;2;7;0;0;2;6;15;A01
201800035295;1;33;0;0;2;1;1;B01
201800035296;2;7;0;0;2;3;15;A01
201800035296;1;2;0;0;2;8;18;B01
201800035297;2;7;0;1;2;9;19;A01
201800035297;2;7;0;0;2;1;1;B01
201800035298;1;10;0;0;1;4;4;A01
201800035299;1;1;0;0;2;1;1;B01
201800035299;1;7;0;0;2;1;9;A01
201800035300;2;7;0;0;1;2;15;A01
201800035301;2;7;0;0;2;3;15;A01
201800035301;1;1;0;0;2;8;1;B01
201800035302;1;7;0;13;0;9;14;A01
201800035303;0;1;0;0;2;5;19;A01
201800035303;0;7;0;0;2;2;1;Z01
201800035304;1;33;0;0;2;1;11;A01
201800035304;2;3;0;0;2;1;1;B01
201800035305;1;30;0;0;2;1;1;A01
201800035305;1;31;0;0;2;4;23;B01
201800035306;2;33;0;0;2;1;1;B01
201800035306;2;7;0;0;2;5;15;A01
201800035307;1;7;0;13;0;0;13;A01
201800035308;2;33;0;0;2;1;1;B01
201800035308;2;7;0;0;2;2;15;A01
201800035309;0;14;0;0;2;2;1;A01
201800035309;0;1;0;0;2;4;1;B01
201800035310;2;33;0;0;2;1;17;B01
201800035310;1;7;0;0;2;3;15;A01
201800035311;2;30;0;0;2;1;1;B01
201800035311;1;7;0;0;2;2;19;A01
201800035312;2;7;0;0;2;1;13;A01
201800035312;1;7;0;0;2;1;1;B01
201800035313;2;7;0;0;2;8;15;A01
201800035313;2;31;0;0;2;3;2;B01
201800035314;1;7;0;0;1;1;19;A01
201800035315;1;2;0;0;2;1;1;A01
201800035315;2;7;0;0;2;3;1;B01
201800035316;2;7;0;0;2;3;13;A01
201800035316;1;7;0;0;2;3;1;B01
201800035317;1;7;0;0;1;2;20;A01
201800035318;0;1;0;0;2;7;19;B01
201800035318;0;7;0;0;6;2;21;A01
201800035319;2;7;0;0;1;2;0;A01
201800035320;1;30;0;0;1;1;0;A01
201800035321;1;7;0;0;2;3;15;B01
201800035321;1;2;0;0;2;1;17;A01
201800035322;1;7;0;0;2;3;15;A01
201800035322;1;33;0;0;2;2;1;B01
201800035323;0;33;0;0;2;8;1;B01
201800035323;0;7;0;0;2;1;15;A01
201800035324;0;33;0;0;2;0;0;A01
201800035324;0;7;0;0;2;8;15;B01
201800035325;1;7;0;0;2;1;13;A01
201800035325;2;7;0;0;2;1;1;B01
201800035326;1;7;0;0;1;3;0;A01
201800035327;1;7;0;0;6;1;15;A01
201800035327;1;1;0;0;2;1;1;B01
201800035328;1;2;0;0;0;7;1;B01
201800035328;1;7;0;0;0;2;15;A01
201800035329;1;33;0;0;2;2;1;B01
201800035329;2;10;0;0;2;5;15;A01
201800035330;2;33;0;0;2;8;1;B01
201800035330;0;7;0;0;2;1;15;A01
201800035331;2;32;0;0;2;1;1;A01
201800035331;2;7;0;0;2;3;15;B01
201800035332;1;7;0;0;1;1;1;A01
201800035333;1;7;0;0;1;2;1;A01
201800035334;1;7;0;0;1;3;9;A01
201800035335;2;7;0;0;2;1;2;A01
201800035335;2;1;0;0;2;4;2;B01
201800035336;0;7;0;0;2;6;4;B01
201800035336;0;34;0;0;2;1;0;A01
201800035337;1;7;0;0;1;1;1;A01
201800035338;2;7;0;0;2;3;20;B01
201800035338;1;7;0;0;2;3;1;A01
201800035339;1;10;0;0;1;0;23;A01
201800035340;1;7;0;0;2;6;15;B01
201800035340;2;31;0;0;2;1;17;A01
201800035341;0;10;0;0;2;3;24;B01
201800035341;0;33;0;1;2;9;11;A01
201800035341;0;7;0;0;2;4;1;C01
201800035342;2;7;0;1;2;1;0;A01
201800035342;2;7;0;0;2;6;24;C01
201800035342;2;7;0;0;2;8;16;B01
201800035343;1;31;0;0;2;1;1;B01
201800035343;1;7;0;0;2;2;15;A01
201800035344;2;33;0;8;0;0;0;A01
201800035345;1;7;0;0;2;3;15;A01
201800035345;2;33;0;0;2;1;1;B01
201800035346;1;7;0;0;2;6;23;B01
201800035346;1;7;0;0;1;3;21;A01
201800035347;1;33;0;0;2;1;17;A01
201800035347;1;7;0;0;2;8;15;B01
201800035348;2;1;0;0;2;1;1;B01
201800035348;1;7;0;0;2;5;15;A01
201800035349;2;33;0;6;0;1;0;A01
201800035350;1;33;0;0;2;1;1;A01
201800035350;1;7;0;0;2;3;19;B01
201800035350;1;7;0;0;6;1;1;C01
201800035351;0;7;0;0;1;1;1;A01
201800035352;2;31;0;0;2;1;13;A01
201800035352;2;31;0;0;2;4;1;B01
201800035353;2;7;0;0;1;3;0;A01
201800035353;2;7;0;0;2;1;2;B01
201800035354;1;7;0;0;2;1;1;A01
201800035354;1;1;0;0;2;8;19;B01
201800035355;0;10;0;0;2;2;15;A01
201800035355;0;33;0;0;2;1;1;B01
201800035356;1;7;0;0;2;3;13;B01
201800035356;1;33;0;0;2;1;17;A01
201800035357;1;7;0;0;1;3;1;A01
201800035358;2;7;0;2;0;3;1;A01
201800035359;0;7;0;0;1;3;15;A01
201800035360;0;7;0;8;0;0;0;A01
201800035361;2;30;0;14;0;1;0;A01
201800035362;2;10;0;0;9;3;15;A01
201800035362;1;33;0;0;2;3;0;B01
201800035363;1;7;0;1;0;2;14;A01
201800035364;2;30;0;0;0;0;1;A01
201800035365;1;7;0;0;2;1;13;A01
201800035365;2;7;0;0;2;1;0;B01
201800035366;2;10;0;0;2;3;21;B01
201800035366;1;7;0;0;2;1;13;A01
201800035366;1;7;0;0;2;1;21;C01
201800035367;1;7;0;0;1;1;1;A01
201800035368;1;7;0;0;1;4;20;A01
201800035369;1;33;0;0;2;1;1;B01
201800035369;1;7;0;0;2;5;15;A01
201800035370;2;7;0;0;2;8;1;B01
201800035370;1;7;0;0;2;1;1;A01
201800035371;1;31;0;0;2;8;2;B01
201800035371;1;7;0;0;2;2;17;A01
201800035372;1;7;0;2;0;1;14;A01
201800035373;2;2;0;0;2;2;21;B01
201800035373;2;7;0;0;2;3;9;A01
201800035374;1;7;0;0;2;3;15;B01
201800035374;1;33;0;0;2;1;17;A01
201800035375;2;7;0;0;2;3;15;A01
201800035375;1;34;0;0;2;1;1;B01
201800035375;2;10;0;0;2;3;23;C01
201800035376;2;33;0;0;0;1;21;A01
201800035377;2;2;0;0;0;0;0;B01
201800035377;1;10;0;0;2;3;0;A01
201800035378;0;1;0;0;2;4;2;B01
201800035378;0;10;0;0;2;2;2;A01
201800035379;0;10;0;0;2;1;1;B01
201800035379;0;10;0;0;2;3;5;A01
201800035380;1;7;0;2;0;5;14;A01
201800035381;2;7;0;0;2;1;1;C01
201800035381;2;7;0;1;2;2;1;A01
201800035382;1;34;0;0;2;1;1;B01
201800035382;2;7;0;0;2;3;15;A01
201800035383;1;7;0;0;1;2;1;A01
201800035384;1;31;0;0;0;0;1;A01
201800035385;0;7;0;13;0;3;0;A01
201800035386;0;31;0;0;2;1;0;B01
201800035386;0;10;0;0;2;6;2;A01
201800035387;1;31;0;0;2;4;12;B01
201800035387;1;7;0;0;2;3;2;A01
201800035388;1;10;0;0;1;3;1;A01
201800035389;0;7;0;0;2;6;1;A01
201800035389;0;2;0;0;2;1;1;B01
201800035390;2;33;0;0;2;1;2;A01
201800035390;2;7;0;0;0;6;2;B01
201800035391;2;7;0;0;1;1;14;A01
201800035392;1;7;0;13;0;0;1;A01
201800035393;1;7;0;0;2;1;1;B01
201800035393;1;7;0;0;2;8;1;C01
201800035393;1;38;1;0;2;3;13;A01
201800035394;1;7;0;0;2;8;1;A01
201800035394;2;34;0;0;2;3;17;B01
201800035395;2;31;0;0;0;8;1;A01
201800035396;0;7;0;0;2;1;1;B01
201800035396;0;30;0;0;2;8;15;A01
201800035397;1;34;0;0;2;1;1;B01
201800035397;1;99;0;0;6;8;15;A01
201800035398;0;7;0;0;1;2;16;A01
201800035399;0;7;0;0;2;3;1;B01
201800035399;0;32;0;0;2;8;13;A01
201800035400;0;7;0;0;1;4;4;A01
201800035401;2;7;0;0;2;3;15;A01
201800035401;2;34;0;0;2;7;17;B01
201800035402;1;7;0;13;0;3;1;A01
201800035403;2;1;0;1;0;1;14;A01
201800035404;1;7;0;0;2;6;2;B01
201800035404;1;7;0;0;2;1;13;A01
201800035404;1;7;0;0;2;7;1;C01
201800035404;1;7;0;0;0;4;23;D01
201800035405;2;7;0;0;0;9;13;A01
201800035406;1;7;0;0;0;9;21;A01
201800035407;0;7;0;0;0;9;21;A01
201800035408;0;20;0;0;1;4;20;A01
201800035409;1;3;0;1;0;0;1;A01
201800035410;1;10;0;0;2;3;13;A01
201800035410;1;7;0;0;2;3;0;B01
201800035411;2;7;0;0;2;2;15;A01
201800035411;1;1;0;0;2;1;0;B01
201800035412;1;33;0;0;2;8;1;A01
201800035412;1;7;0;0;2;2;1;B01
201800035413;1;7;0;0;6;3;1;C01
201800035413;1;7;0;0;6;3;15;A01
201800035413;2;34;0;0;2;1;1;B01
201800035414;1;99;0;0;0;0;0;A01
201800035415;1;7;0;0;1;1;1;A01
201800035416;2;2;0;0;2;1;17;B01
201800035416;2;10;0;0;2;6;15;A01
201800035417;2;10;0;0;2;3;1;B01
201800035417;1;7;0;0;2;3;13;A01
201800035418;1;7;0;8;0;1;13;A01
201800035419;1;13;0;0;2;4;1;B01