num_acc;senc;catv;occutc;obs;obsm;choc;manv;num_veh
201800035419;2;20;0;0;2;1;0;A01
201800035420;2;7;0;0;1;4;4;A01
201800035421;0;7;0;15;0;9;0;A01
201800035422;2;7;0;0;2;3;15;A01
201800035422;1;7;0;0;2;1;1;B01
201800035423;2;7;0;0;2;1;17;A01
201800035423;1;7;0;0;2;1;1;B01
201800035423;2;7;0;0;2;6;2;C01
201800035424;2;30;0;11;0;1;17;A01
201800035425;2;7;0;0;1;1;1;A01
201800035426;1;31;0;0;2;8;16;A01
201800035426;1;7;0;0;2;3;21;B01
201800035427;2;7;0;8;0;1;16;A01
201800035428;1;7;0;0;1;2;0;A01
201800035429;1;7;0;1;0;2;14;A01
201800035430;2;10;0;0;2;1;2;A01
201800035430;2;10;0;0;2;4;2;B01
201800035430;1;38;62;0;0;6;1;C01
201800035431;2;3;0;0;2;1;1;A01
201800035432;1;10;0;1;1;5;15;A01
201800035433;1;1;0;0;2;8;13;A01
201800035433;1;7;0;0;2;7;17;B01
201800035434;1;30;0;11;6;2;13;A01
201800035435;1;34;0;0;2;2;0;A01
201800035435;0;10;0;0;2;3;9;B01
201800035436;2;31;0;8;0;0;0;A01
201800035437;1;7;0;0;2;3;15;B01
201800035437;1;33;0;0;0;1;17;A01
201800035438;2;7;0;0;2;1;2;A01
201800035438;1;7;0;0;2;4;2;B01
201800035439;1;7;0;0;2;1;1;B01
201800035439;2;7;0;0;2;1;13;A01
201800035440;1;7;0;0;2;4;2;B01
201800035440;1;7;0;0;2;1;2;A01
201800035441;1;33;0;0;1;1;1;A01
201800035442;1;7;0;0;1;1;16;A01
201800035443;2;7;0;0;2;3;1;C01
201800035443;1;32;0;0;2;1;2;A01
201800035443;1;7;0;0;2;5;16;B01
201800035444;0;7;0;0;1;2;19;A01
201800035445;2;7;0;0;2;8;15;B01
201800035445;2;30;0;0;2;1;17;A01
201800035446;2;32;0;0;2;1;15;B01
201800035446;2;7;0;0;2;6;15;A01
201800035447;2;33;0;1;2;1;0;B01
201800035447;0;7;0;0;2;2;16;A01
201800035448;0;33;0;10;0;8;13;A01
201800035449;2;34;0;0;2;8;1;B01
201800035449;2;7;0;0;2;1;17;A01
201800035450;2;7;0;0;2;4;2;B01
201800035450;2;7;0;0;2;1;2;A01
201800035451;2;7;0;0;1;2;1;A01
201800035452;1;17;0;0;2;6;16;A01
201800035452;1;34;0;0;2;5;23;B01
201800035452;1;7;0;0;2;7;23;C01
201800035453;2;7;0;0;2;3;15;A01
201800035453;2;33;0;0;2;3;1;B01
201800035454;1;7;0;0;1;3;15;A01
201800035455;1;31;0;0;2;7;1;B01
201800035455;2;7;0;0;2;3;9;A01
201800035456;1;33;0;0;2;4;2;B01
201800035456;1;7;0;0;2;1;2;Z01
201800035457;2;7;0;9;1;1;0;A01
201800035458;2;7;0;0;2;3;9;A01
201800035458;1;33;0;0;2;7;0;B01
201800035459;2;7;0;0;1;2;1;A01
201800035460;1;33;0;0;2;7;1;B01
201800035460;0;7;0;0;2;1;15;A01
201800035461;2;7;0;0;1;2;16;A01
201800035462;1;32;0;12;1;5;21;A01
201800035463;0;7;0;1;1;6;0;A01
201800035464;2;7;0;9;1;2;0;A01
201800035465;1;7;0;0;0;4;0;C01
201800035465;1;7;0;14;0;4;23;B01
201800035465;1;7;0;14;0;2;2;Y01
201800035466;2;34;0;0;1;0;1;A01
201800035467;1;7;0;0;1;2;1;A01
201800035468;2;7;0;8;0;2;1;A01
201800035469;1;33;0;0;2;1;1;B01
201800035469;2;7;0;0;2;6;19;A01
201800035470;2;10;0;7;1;3;13;A01
201800035471;1;32;0;0;2;2;12;A01
201800035471;1;7;0;0;2;3;1;B01
201800035472;2;7;0;0;2;1;15;A01
201800035472;1;31;0;0;2;1;1;B01
201800035473;1;7;0;0;2;3;15;A01
201800035473;1;30;0;0;2;1;2;B01
201800035474;2;7;0;0;1;2;11;A01
201800035475;1;7;0;0;2;1;0;A01
201800035475;1;7;0;0;2;8;19;B01
201800035476;2;33;0;0;2;1;1;B01
201800035476;1;7;0;0;2;1;5;A01
201800035477;1;10;0;0;1;3;1;A01
201800035478;2;2;0;0;2;3;0;B01
201800035478;1;7;0;0;2;0;15;A01
201800035479;0;7;0;0;2;3;1;B01
201800035479;0;31;0;15;2;1;14;A01
201800035480;1;1;0;0;2;1;0;B01
201800035480;1;7;0;0;2;3;0;A01
201800035481;2;10;0;0;2;6;20;A01
201800035481;2;32;0;0;2;1;2;B01
201800035482;1;7;0;0;2;2;12;A01
201800035482;1;33;0;0;2;8;1;B01
201800035483;1;7;0;0;0;2;15;A01
201800035483;2;2;0;0;2;1;1;B01
201800035484;2;7;0;0;2;5;15;B01
201800035484;1;32;0;0;2;1;1;A01
201800035485;1;33;0;0;1;1;0;A01
201800035485;2;7;0;0;2;3;1;B01
201800035486;2;30;0;0;1;1;17;A01
201800035487;1;2;0;0;2;8;11;B01
201800035487;1;33;0;0;2;2;1;A01
201800035488;1;33;0;0;2;0;0;A01
201800035488;0;1;0;0;2;8;19;B01
201800035489;1;7;0;0;2;3;9;A01
201800035489;2;33;0;0;2;7;1;B01
201800035490;1;32;0;0;2;1;1;A01
201800035490;2;7;0;0;2;7;15;B01
201800035491;0;7;0;0;1;1;9;A01
201800035492;1;34;0;0;2;1;1;B01
201800035492;2;7;0;0;2;2;15;A01
201800035493;2;33;0;8;2;3;7;A01
201800035493;2;7;0;0;2;2;16;B01
201800035494;1;7;0;0;2;2;15;A01
201800035494;2;3;0;0;2;1;1;B01
201800035495;2;7;0;0;2;7;9;A01
201800035495;2;33;0;0;2;1;9;Y01
201800035496;2;31;0;0;1;2;1;A01
201800035497;2;31;0;0;2;8;1;B01
201800035497;1;7;0;0;2;3;13;A01
201800035498;0;99;0;0;2;0;0;R01
201800035498;1;7;0;0;2;3;1;A01
201800035499;1;7;0;0;2;7;1;C01
201800035499;1;34;0;0;2;1;1;A01
201800035499;1;7;0;0;2;6;1;B01
201800035500;0;1;0;0;2;1;1;B01
201800035500;1;7;0;0;9;3;13;A01
201800035501;1;7;0;0;2;3;1;B01
201800035501;2;7;0;0;2;1;13;Z01
201800035502;1;7;0;0;2;3;13;A01
201800035502;1;7;0;0;2;3;1;B01
201800035503;1;7;0;0;2;8;19;B01
201800035503;1;31;0;0;2;1;1;A01
201800035504;1;7;0;8;0;3;0;A01
201800035505;1;7;0;0;2;2;15;A01
201800035505;1;7;0;0;2;8;24;C01
201800035505;1;10;0;0;2;3;23;D01
201800035505;1;31;0;1;2;7;1;B01
201800035506;0;31;0;0;2;1;18;A01
201800035506;0;7;0;0;2;7;16;B01
201800035507;1;10;0;0;1;1;1;A01
201800035508;1;7;0;0;2;1;16;B01
201800035508;1;1;0;0;2;4;1;A01
201800035509;1;7;0;0;1;2;1;A01
201800035510;2;7;0;3;2;8;13;A01
201800035510;1;7;0;0;2;8;1;B01
201800035511;1;7;0;0;2;4;1;A01
201800035512;2;7;0;0;2;2;1;B01
201800035512;1;7;0;0;2;3;1;A01
201800035513;2;7;0;0;2;9;2;B01
201800035513;1;7;0;0;2;9;2;C01
201800035513;1;7;0;0;9;4;2;D01
201800035513;2;7;0;0;2;1;2;A01
201800035514;1;7;0;0;2;4;2;B01
201800035514;1;7;0;0;2;1;2;A01
201800035515;1;7;0;0;2;1;21;A01
201800035515;1;7;0;0;2;1;21;B01
201800035516;1;37;0;0;1;2;1;A01
201800035517;1;33;0;8;0;1;9;A01
201800035518;1;7;0;0;2;8;1;B01
201800035518;1;7;0;0;2;1;1;A01
201800035519;1;7;0;4;0;1;14;A01
201800035520;2;7;0;0;1;3;15;A01
201800035521;2;7;0;0;2;2;1;A01
201800035521;2;7;0;0;2;3;1;B01
201800035522;1;20;0;9;1;1;0;A01
201800035523;1;33;0;0;2;1;13;A01
201800035523;2;7;0;0;2;3;1;B01
201800035524;0;7;0;0;2;3;1;B01
201800035524;0;7;0;0;2;3;1;A01
201800035525;0;7;0;0;2;6;4;A01
201800035525;0;7;0;0;2;3;0;B01
201800035526;2;7;0;0;2;6;1;C01
201800035526;1;7;0;0;2;1;13;A01
201800035526;2;7;0;0;2;3;1;B01
201800035527;1;7;0;12;0;1;1;A01
201800035528;2;7;0;0;2;1;1;C01
201800035528;2;7;0;0;2;2;15;B01
201800035528;1;33;0;0;2;1;1;A01
201800035529;1;7;0;0;2;7;1;B01
201800035529;1;7;0;0;2;3;20;C01
201800035529;1;7;0;1;2;3;11;A01
201800035530;0;7;0;0;2;1;1;B01
201800035530;0;7;0;1;2;8;5;A01
201800035531;1;34;0;0;2;1;1;A01
201800035531;2;7;0;0;2;3;15;B01
201800035532;2;10;0;3;1;2;1;A01
201800035533;0;7;0;0;2;5;1;A01
201800035533;0;7;0;0;2;3;2;B01
201800035534;0;7;0;0;2;3;13;A01
201800035534;0;7;0;0;2;3;1;B01
201800035535;0;7;0;1;1;7;1;A01
201800035536;1;7;0;0;2;4;2;B01
201800035536;2;1;0;0;2;1;2;A01
201800035537;0;7;0;0;2;3;20;B01
201800035537;0;10;0;0;2;3;1;A01
201800035538;0;36;0;0;2;1;0;A01
201800035538;0;7;0;0;2;4;23;B01
201800035539;1;32;0;9;6;1;9;A01
201800035540;1;7;0;0;2;0;0;C01
201800035540;2;30;0;0;2;8;3;A01
201800035540;2;7;0;0;2;2;2;B01
201800035541;0;34;0;0;2;8;0;A01
201800035541;0;7;0;0;2;1;1;B01
201800035542;0;7;0;0;2;5;23;B01
201800035542;0;30;0;0;2;1;0;A01
201800035543;2;7;0;0;2;3;0;B01
201800035543;1;33;0;0;2;1;1;C01
201800035543;1;33;0;0;2;1;1;A01
201800035544;1;7;0;0;2;3;15;A01
201800035544;1;33;0;0;2;7;16;B01
201800035545;2;32;0;0;1;1;0;Z01
201800035546;0;7;0;0;2;1;9;A01
201800035546;0;1;0;0;2;8;0;B01
201800035547;1;31;0;0;2;1;13;A01
201800035547;2;7;0;0;2;1;1;B01
201800035548;2;7;0;0;2;1;2;A01
201800035548;2;34;0;0;2;4;2;B01
201800035549;0;7;0;0;1;4;10;A01
201800035550;2;34;0;0;2;1;1;B01
201800035550;1;7;0;0;2;5;10;A01
201800035551;1;7;0;8;0;1;1;A01
201800035552;2;7;0;0;2;3;16;A01
201800035552;2;7;0;0;2;2;1;B01
201800035553;2;30;0;1;0;1;14;A01
201800035554;1;7;0;0;1;1;21;A01
201800035555;2;7;0;0;1;2;0;A01
201800035556;1;7;0;0;2;7;16;A01
201800035556;1;37;3;1;2;9;7;B01
201800035557;1;30;0;0;2;2;15;A01
201800035557;1;7;0;0;2;8;15;B01
201800035558;0;33;0;0;2;7;17;A01
201800035558;0;7;0;0;2;1;15;B01
201800035559;2;7;0;0;2;6;19;A01
201800035559;1;33;0;0;2;1;1;B01
201800035560;1;7;0;0;2;3;13;A01
201800035560;2;7;0;0;2;3;1;B01
201800035561;2;31;0;0;2;1;1;B01
201800035561;1;7;0;0;2;3;15;A01
201800035562;1;7;0;0;2;1;1;B01
201800035562;1;31;0;0;2;1;5;A01
201800035563;1;7;0;0;2;2;15;A01
201800035563;2;33;0;0;2;1;1;B01
201800035564;1;7;0;0;1;1;1;A01
201800035565;2;2;0;2;0;0;14;A01
201800035566;0;7;0;0;1;1;0;A01
201800035567;1;32;0;0;2;2;14;A01
201800035567;1;7;0;0;2;3;0;B01
201800035568;1;7;0;0;1;2;1;A01
201800035569;1;7;0;0;1;2;1;A01
201800035570;1;10;0;0;1;2;16;A01
201800035571;0;7;0;0;1;3;1;A01
201800035572;0;7;0;0;1;1;1;A01
201800035573;0;32;0;0;2;1;19;A01
201800035573;0;7;0;0;2;8;1;B01
201800035574;2;7;0;0;2;4;1;B01
201800035574;2;7;0;0;2;1;2;A01
201800035575;2;7;0;0;1;1;1;A01
201800035576;1;10;0;0;1;2;1;A01
201800035577;0;7;0;0;2;3;19;B01
201800035577;0;33;0;0;2;2;1;A01
201800035578;1;30;0;0;2;8;16;A01
201800035578;1;7;0;0;2;7;16;Z01
201800035579;0;1;0;0;2;8;0;B01
201800035579;0;7;0;0;2;7;16;A01
201800035580;0;30;0;0;2;1;1;A01
201800035580;0;34;0;0;2;8;1;B01
201800035581;1;7;0;0;2;8;1;A01
201800035581;1;1;0;1;2;7;17;B01
201800035582;2;14;0;0;1;2;1;A01
201800035583;0;7;0;0;2;1;2;Z01
201800035583;0;32;0;0;2;0;23;A01
201800035584;1;7;0;0;2;2;1;B01
201800035584;1;7;0;1;2;3;20;A01
201800035585;1;37;1;0;1;2;0;A01
201800035586;0;1;0;0;2;7;1;B01
201800035586;0;7;0;0;2;1;9;A01
201800035587;1;31;0;0;2;1;1;B01
201800035587;2;7;0;0;2;2;5;A01
201800035588;1;32;0;0;1;1;0;A01
201800035589;0;33;0;0;2;8;11;B01
201800035589;0;7;0;0;2;2;1;A01
201800035590;1;7;0;0;2;1;1;B01
201800035590;1;30;0;0;2;3;1;A01
201800035591;1;30;0;11;0;1;1;A01
201800035592;0;1;0;0;2;1;1;B01
201800035592;0;7;0;0;2;2;15;A01
201800035593;2;7;0;0;2;2;15;A01
201800035593;1;2;0;0;2;1;1;B01
201800035594;0;7;0;0;2;1;1;A01
201800035594;0;7;0;0;2;4;1;C01
201800035594;0;7;0;0;2;4;0;B01
201800035595;1;31;0;0;1;1;17;A01
201800035596;1;37;1;0;6;5;16;A01
201800035596;1;1;0;0;2;1;1;B01
201800035597;0;7;0;0;1;1;0;A01
201800035598;1;2;0;8;2;1;21;A01
201800035598;2;7;0;0;2;1;23;B01
201800035599;0;7;0;0;6;7;0;A01
201800035599;0;1;0;0;2;1;0;B01
201800035600;1;37;21;0;2;1;13;A01
201800035600;2;31;0;0;2;1;17;B01
201800035601;1;7;0;0;2;3;15;A01
201800035601;2;31;0;0;2;1;1;B01
201800035602;2;7;0;0;2;6;2;B01
201800035602;1;30;0;0;2;1;2;A01
201800035603;2;7;0;0;2;5;15;A01
201800035603;1;2;0;0;2;1;1;B01
201800035604;1;7;0;0;1;8;1;A01
201800035605;1;15;0;0;2;7;0;A01
201800035605;2;30;0;0;2;1;21;B01
201800035606;1;30;0;0;2;1;17;A01
201800035606;1;7;0;0;2;6;15;B01
201800035607;0;7;0;0;1;1;9;A01
201800035608;2;7;0;0;2;3;1;B01
201800035608;1;3;0;0;2;3;1;A01
201800035609;1;33;0;0;0;1;13;A01
201800035610;1;7;0;0;2;3;15;A01
201800035610;2;32;0;0;2;8;1;B01
201800035611;1;7;0;0;2;5;15;A01
201800035611;2;30;0;0;2;1;1;B01
201800035612;2;2;0;0;2;1;2;B01
201800035612;2;10;0;0;2;6;4;A01
201800035613;1;7;0;0;1;2;0;A01
201800035614;1;7;0;0;1;4;23;B01
201800035614;1;7;0;0;2;1;1;A01
201800035615;1;7;0;0;1;3;0;A01
201800035616;0;37;3;0;2;1;2;B01
201800035616;0;7;0;0;2;1;16;A01
201800035617;1;32;0;0;2;2;1;B01
201800035617;1;7;0;16;0;0;19;A01
201800035618;0;7;0;0;2;4;23;A01
201800035618;0;7;0;0;2;2;2;Z01
201800035619;1;7;0;0;1;1;1;A01
201800035620;1;30;0;0;2;1;1;B01
201800035620;2;7;0;0;2;1;15;A01
201800035621;1;7;0;0;1;2;0;A01
201800035622;0;30;0;15;0;0;2;A01
201800035623;1;7;0;0;2;1;15;A01
201800035623;2;7;0;0;2;1;1;B01
201800035624;1;7;0;0;1;2;2;A01
201800035625;1;34;0;0;2;1;1;B01
201800035625;0;7;0;0;2;1;9;A01
201800035626;1;2;0;0;2;1;1;A01
201800035626;2;7;0;0;2;3;1;B01
201800035627;1;30;0;1;0;2;1;A01
201800035628;2;30;0;0;2;1;5;A01
201800035628;2;7;0;0;2;1;1;B01
201800035629;0;99;0;0;2;2;15;A01
201800035629;0;30;0;0;2;1;1;B01
201800035630;2;7;0;0;1;1;1;A01
201800035631;1;10;0;0;1;1;15;A01
201800035632;2;30;0;0;2;1;17;A01
201800035632;0;7;0;0;2;3;15;B01
201800035633;1;34;0;0;2;3;13;A01
201800035633;2;7;0;0;2;3;1;B01
201800035634;1;10;0;0;2;1;1;A01
201800035634;1;7;0;0;2;2;1;B01
201800035635;0;7;0;0;2;3;13;A01
201800035635;2;7;0;0;2;3;0;B01
201800035636;1;7;0;0;2;2;15;A01
201800035636;2;33;0;0;2;1;1;B01
201800035637;0;7;0;0;2;6;2;A01
201800035637;0;33;0;4;2;1;0;B01
201800035638;1;7;0;0;2;2;15;A01
201800035638;2;2;0;0;2;1;1;B01
201800035639;2;7;0;0;1;7;1;A01
201800035640;0;15;0;0;2;2;1;B01
201800035640;0;30;0;0;2;8;0;A01
201800035641;1;7;0;0;2;1;1;B01
201800035641;1;32;0;0;2;9;15;A01
201800035642;1;7;0;0;2;1;0;A01
201800035643;1;15;0;0;2;3;1;B01
201800035643;2;15;0;0;2;1;15;A01
201800035644;0;7;0;0;2;4;9;A01
201800035644;1;99;0;0;2;1;21;B01
201800035645;2;10;0;0;1;1;1;A01
201800035646;1;33;0;0;2;1;1;A01
201800035646;1;7;0;0;2;2;9;B01
201800035647;1;33;0;0;0;7;17;A01
201800035648;1;2;0;0;2;2;1;B01
201800035648;1;7;0;0;2;3;16;A01
201800035649;1;7;0;0;0;4;0;C01
201800035649;1;7;0;0;2;4;0;B01
201800035649;1;7;0;0;2;1;0;A01
201800035650;0;10;0;0;1;1;1;A01
201800035651;1;7;0;0;1;1;0;Z01
201800035652;1;10;0;0;2;3;15;B01
201800035652;2;2;0;1;2;2;17;A01
201800035653;1;33;0;0;0;0;1;A01
201800035653;1;7;0;0;6;6;10;B01
201800035654;2;7;0;0;1;3;15;A01
201800035655;1;10;0;0;2;1;1;B01
201800035655;1;10;0;8;2;9;13;A01
201800035656;2;10;0;1;1;5;1;B01
201800035657;2;31;0;0;2;8;1;B01
201800035657;1;7;0;0;2;8;15;A01
201800035658;1;7;0;9;0;1;1;A01
201800035659;1;34;0;0;2;1;1;B01
201800035659;2;7;0;0;2;2;15;A01
201800035660;1;7;0;0;1;1;1;A01
201800035661;1;37;2;0;1;2;1;A01
201800035662;2;31;0;0;2;1;3;B01
201800035662;2;7;0;0;2;8;10;A01
201800035663;0;7;0;0;2;2;1;A01
201800035663;0;7;0;0;2;8;1;B01
201800035664;1;7;0;0;1;1;15;A01
201800035665;0;7;0;0;1;3;18;A01
201800035666;0;7;0;0;2;1;5;A01
201800035666;0;7;0;0;2;1;1;B01
201800035667;2;7;0;0;2;2;15;A01
201800035667;1;30;0;0;2;1;1;B01
201800035668;1;7;0;0;2;1;13;A01
201800035668;2;7;0;0;2;1;1;B01
201800035669;2;7;0;0;1;3;15;A01
201800035670;2;1;0;0;1;1;1;A01
201800035671;1;7;0;0;2;0;0;B01
201800035671;2;7;0;0;2;1;5;A01
201800035672;0;30;0;0;2;8;0;A01
201800035672;2;7;0;0;2;1;1;B01
201800035673;2;7;0;0;1;2;1;A01
201800035674;1;1;0;0;2;8;1;B01
201800035674;1;7;0;0;6;7;16;A01
201800035675;0;7;0;0;2;3;5;C01
201800035675;0;10;0;0;6;1;21;B01
201800035675;0;2;0;0;2;1;0;A01
201800035676;1;1;0;0;2;2;1;B01
201800035676;2;7;0;0;6;1;1;A01
201800035677;2;1;0;0;2;1;1;B01
201800035677;2;7;0;0;2;4;15;A01
201800035678;2;7;0;0;1;2;1;A01
201800035679;1;7;0;0;2;3;21;B01
201800035679;0;7;0;0;2;3;9;A01
201800035680;0;7;0;0;2;0;0;B01
201800035680;0;7;0;0;2;1;1;A01
201800035681;0;7;0;0;2;2;17;A01
201800035681;0;7;0;0;2;3;9;B01
201800035682;2;7;0;0;1;2;1;A01
201800035683;0;7;0;0;2;1;19;A01
201800035683;0;33;0;0;2;1;1;B01
201800035684;0;7;0;0;2;4;1;C01
201800035684;0;33;0;0;2;1;1;B01
201800035684;0;7;0;0;2;8;11;A01
201800035685;2;1;0;0;2;1;1;B01
201800035685;2;7;0;0;2;3;23;A01
201800035686;0;7;0;0;2;3;13;A01
201800035686;0;33;0;0;2;1;1;B01
201800035687;1;7;0;0;6;1;1;A01
201800035687;0;1;0;0;0;8;19;B01
201800035688;2;30;0;0;2;3;1;A01
201800035688;2;7;0;0;2;7;16;B01
201800035689;0;7;0;0;6;1;2;A01
201800035689;0;1;0;0;2;4;1;B01
201800035690;0;10;0;0;1;1;23;A01
201800035691;0;7;0;0;1;1;1;A01
201800035692;0;7;0;0;1;1;1;A01
201800035693;0;7;0;3;0;1;1;A01
201800035693;0;7;0;0;2;1;1;B01
201800035693;0;7;0;0;2;1;1;C01
201800035694;1;7;0;0;2;2;16;A01
201800035694;2;1;0;0;2;3;1;B01
201800035695;1;7;0;0;1;4;4;A01
201800035695;0;99;0;0;2;0;0;R01
201800035696;1;7;0;0;2;1;0;A01
201800035696;2;7;0;0;2;3;0;B01
201800035697;2;7;0;0;2;9;1;C01
201800035697;2;7;0;0;2;4;1;E01
201800035697;2;7;0;0;2;9;1;D01
201800035697;0;2;0;0;2;4;9;B01
201800035697;2;7;0;0;2;1;9;A01
201800035698;2;3;0;0;2;4;2;A01
201800035698;2;7;0;0;2;1;2;B01
201800035699;0;2;0;0;2;1;1;A01
201800035699;2;7;0;0;2;1;9;B01
201800035700;2;7;0;0;1;2;0;A01
201800035701;0;33;0;0;6;8;21;A01
201800035702;2;7;0;14;2;1;13;A01
201800035702;1;7;0;0;2;1;1;B01
201800035703;0;3;0;6;0;3;0;A01
201800035704;0;32;0;0;2;4;15;A01
201800035704;0;7;0;16;0;4;15;B01
201800035705;1;33;0;0;6;1;1;A01
201800035706;1;7;0;0;1;2;1;A01
201800035707;1;7;0;0;2;8;15;A01
201800035707;1;33;0;0;2;1;2;B01
201800035708;1;7;0;0;2;1;1;A01
201800035708;2;7;0;0;2;8;1;B01
201800035709;1;10;0;0;2;1;15;A01
201800035709;2;33;0;0;2;1;1;B01
201800035710;1;30;0;0;0;0;0;A01
201800035711;1;7;0;0;1;2;16;A01
201800035712;2;7;0;0;2;3;15;A01
201800035712;2;33;0;0;2;1;3;B01
201800035713;1;7;0;0;1;1;15;Z01
201800035714;2;7;0;0;2;1;1;B01
201800035714;1;7;0;0;2;3;9;A01
201800035715;0;7;0;0;2;1;9;B01
201800035715;2;7;0;8;2;2;1;A01
201800035716;2;33;0;0;1;1;1;A01
201800035717;0;7;0;0;2;2;1;A01
201800035717;0;1;0;0;2;1;1;B01
201800035718;1;7;0;0;1;1;11;A01
201800035719;2;7;0;0;2;3;1;C01
201800035719;1;7;0;0;2;3;3;A01
201800035719;2;7;0;0;2;6;1;B01
201800035720;1;7;0;0;1;1;0;A01
201800035721;2;7;0;0;2;1;13;A01
201800035721;1;17;0;0;2;1;1;B01
201800035722;1;7;0;0;2;1;1;A01
201800035722;1;2;0;0;2;1;1;B01
201800035723;1;7;0;13;0;9;14;A01
201800035724;1;7;0;0;1;2;16;A01
201800035725;2;7;0;0;2;4;2;B01
201800035725;2;7;0;0;2;1;2;A01
201800035726;2;7;0;0;1;2;9;A01
201800035727;1;7;0;0;1;2;2;A01
201800035728;1;7;0;0;2;8;15;A01
201800035728;1;33;0;0;2;1;17;B01
201800035729;1;2;0;0;2;1;2;B01
201800035729;1;10;0;0;2;4;2;A01
201800035730;2;7;0;0;2;1;2;A01
201800035730;2;7;0;0;2;4;1;B01
201800035731;2;7;0;0;2;8;22;A01
201800035731;2;7;0;1;0;7;1;B01
201800035732;2;7;0;0;2;1;1;B01
201800035732;1;7;0;0;2;1;13;A01
201800035733;1;7;0;0;2;4;2;C01
201800035733;1;38;41;0;2;4;2;B01
201800035733;1;17;0;0;2;1;2;A01
201800035734;1;7;0;0;2;1;0;B01
201800035734;2;7;0;0;2;1;13;A01
201800035735;1;7;0;2;0;1;1;A01
201800035736;1;7;0;0;2;3;15;A01
201800035736;2;7;0;0;2;3;1;B01
201800035737;1;7;0;0;0;0;2;B01
201800035737;1;1;0;12;0;7;2;A01
201800035738;1;7;0;0;1;2;0;A01
201800035739;1;7;0;0;2;7;2;B01
201800035739;0;7;0;0;2;1;0;A01
201800035740;0;1;0;0;2;1;1;B01
201800035740;1;7;0;0;2;5;16;A01
201800035741;1;7;0;0;2;1;13;A01
201800035741;2;17;0;0;2;1;1;B01
201800035742;1;3;0;0;2;7;1;B01
201800035742;2;7;0;0;2;3;9;A01
201800035743;1;7;0;;;;;A01
201800035744;1;1;0;0;2;7;1;B01
201800035744;1;7;0;0;2;1;1;A01
201800035745;1;7;0;0;1;1;1;A01
201800035746;0;1;0;0;2;1;16;B01
201800035746;1;7;0;0;2;7;15;A01
201800035747;0;32;0;1;2;1;19;A01
201800035747;1;7;0;0;2;1;1;B01
201800035748;2;7;0;0;2;3;1;B01
201800035748;1;30;0;0;2;3;5;A01
201800035749;2;32;0;0;2;2;2;A01
201800035749;2;7;0;0;2;4;2;B01
201800035750;1;7;0;0;2;1;15;A01
201800035750;2;2;0;0;2;1;1;B01
201800035751;2;7;0;0;2;2;15;A01
201800035751;1;33;0;0;2;3;1;B01
201800035752;1;7;0;0;2;1;1;B01
201800035752;2;30;0;0;2;1;13;A01
201800035753;2;7;0;0;2;1;19;A01
201800035753;2;33;0;0;2;1;1;B01
201800035754;2;7;0;0;2;1;9;B01
201800035754;1;33;0;0;2;1;1;A01
201800035755;1;33;0;0;2;8;17;B01
201800035755;1;7;0;0;2;6;15;A01
201800035756;2;7;0;0;2;5;1;B01
201800035756;2;1;0;0;2;0;9;A01
201800035757;1;7;0;0;2;1;15;A01
201800035757;1;1;0;0;2;3;1;B01
201800035758;1;7;0;0;1;2;1;A01
201800035759;1;33;0;0;2;9;1;B01
201800035759;2;10;0;0;2;6;15;A01
201800035760;1;7;0;0;2;1;15;A01
201800035760;2;1;0;0;2;1;1;B01
201800035761;1;7;0;0;2;8;1;B01
201800035761;1;7;0;0;2;3;13;A01
201800035761;1;7;0;0;2;1;1;C01
201800035762;0;33;0;0;0;9;2;A01
201800035763;2;33;0;0;2;6;1;B01
201800035763;1;7;0;0;2;3;15;A01
201800035764;1;2;0;0;1;1;17;A01
201800035765;1;30;0;0;2;1;1;B01
201800035765;0;7;0;0;2;3;15;A01
201800035766;2;7;0;0;2;1;1;B01
201800035766;1;7;0;0;2;7;5;A01
201800035767;1;1;0;0;2;8;19;B01
201800035767;2;10;0;0;2;1;1;A01
201800035768;1;2;0;0;1;1;1;A01
201800035769;2;7;0;0;1;1;1;A01
201800035770;1;7;0;0;2;1;9;A01
201800035770;1;31;0;0;2;7;1;B01
201800035771;1;7;0;0;1;8;17;A01
201800035772;1;7;0;0;2;3;1;B01
201800035772;2;7;0;0;2;3;1;A01
201800035773;1;7;0;0;1;1;2;A01
201800035774;1;7;0;0;2;1;13;A01
201800035774;2;7;0;0;2;1;1;B01
201800035775;1;7;0;0;0;1;19;A01
201800035776;2;33;0;0;6;1;1;A01
201800035777;1;7;0;1;0;1;13;A01
201800035778;1;1;0;0;2;8;1;B01
201800035778;2;7;0;0;2;1;19;A01
201800035779;2;7;0;0;0;1;0;A01
201800035780;2;7;0;0;2;3;9;A01
201800035780;2;32;0;0;2;7;1;B01
201800035781;1;7;0;0;2;7;19;B01
201800035781;1;7;0;0;2;1;19;A01
201800035782;2;7;0;0;2;4;1;B01
201800035782;2;7;0;0;2;1;2;A01
201800035783;2;31;0;0;2;1;1;B01
201800035783;1;7;0;0;2;8;10;A01
201800035784;1;10;0;0;2;5;17;A01
201800035784;1;1;0;0;2;1;15;B01
201800035785;0;7;0;0;2;3;15;A01
201800035785;0;2;0;0;2;7;15;B01
201800035786;0;7;0;0;2;2;19;A01
201800035786;0;7;0;0;2;3;1;B01
201800035787;0;2;0;0;2;7;9;B01
201800035787;0;7;0;0;2;3;9;A01
201800035788;1;7;0;0;0;0;0;B01