num_acc;senc;catv;occutc;obs;obsm;choc;manv;num_veh
201800035788;1;7;0;0;2;2;14;A01
201800035789;2;2;0;0;2;1;1;B01
201800035789;2;7;0;0;2;3;15;A01
201800035790;0;30;0;0;2;1;17;A01
201800035790;0;7;0;0;2;2;1;B01
201800035791;0;7;0;0;2;2;9;A01
201800035791;0;7;0;0;2;1;1;B01
201800035792;1;30;0;1;2;2;0;A01
201800035793;1;30;0;0;0;7;0;A01
201800035794;2;33;0;0;2;7;15;A01
201800035794;1;7;0;0;2;1;1;B01
201800035795;0;7;0;0;0;0;1;A01
201800035796;2;33;0;0;2;1;1;B01
201800035796;1;7;0;0;2;3;9;A01
201800035797;2;7;0;0;1;3;15;A01
201800035798;0;7;0;0;2;1;19;B01
201800035798;0;7;0;0;2;3;19;A01
201800035799;2;7;0;0;2;5;16;A01
201800035799;2;1;0;0;2;1;1;B01
201800035800;1;30;0;1;0;2;0;A01
201800035801;1;7;0;0;2;1;1;A01
201800035801;1;2;0;0;2;4;1;B01
201800035802;0;7;0;0;2;4;23;B01
201800035802;0;7;0;0;2;1;1;A01
201800035803;0;7;0;0;1;2;16;A01
201800035804;0;7;0;0;2;3;9;A01
201800035804;0;1;0;0;2;1;1;B01
201800035805;1;30;0;0;2;2;1;B01
201800035805;1;7;0;1;2;5;0;A01
201800035806;1;7;0;0;2;1;1;A01
201800035806;1;1;0;0;2;4;1;B01
201800035807;1;7;0;0;2;3;15;B01
201800035807;1;33;0;0;2;5;17;A01
201800035808;2;7;0;0;2;6;20;B01
201800035808;2;30;0;0;2;1;17;A01
201800035809;0;30;0;0;2;1;1;B01
201800035809;0;7;0;0;2;2;15;A01
201800035810;1;1;0;14;0;0;1;A01
201800035811;0;1;0;0;0;0;0;B01
201800035811;1;7;0;0;2;3;2;A01
201800035812;0;2;0;0;2;1;1;B01
201800035812;0;7;0;0;2;8;9;A01
201800035813;1;34;0;0;2;8;1;A01
201800035814;0;32;0;0;2;2;1;B01
201800035814;0;7;0;0;2;3;9;A01
201800035815;1;33;0;0;2;1;1;B01
201800035815;1;10;0;0;2;4;4;A01
201800035816;0;2;0;8;2;1;13;A01
201800035816;0;7;0;0;2;3;1;B01
201800035817;1;30;0;0;2;1;1;B01
201800035817;1;7;0;0;2;3;0;A01
201800035818;1;7;0;0;2;3;1;B01
201800035818;1;7;0;0;2;2;15;A01
201800035819;0;7;0;0;2;4;2;A01
201800035819;0;1;0;0;0;0;0;B01
201800035820;1;7;0;0;2;1;9;A01
201800035820;0;13;0;0;2;7;1;B01
201800035821;1;7;0;0;9;8;0;A01
201800035821;1;99;0;0;2;1;1;B01
201800035822;1;7;0;2;0;1;1;A01
201800035823;1;7;0;0;2;8;19;A01
201800035823;1;13;0;0;2;1;19;B01
201800035824;1;31;0;1;0;2;21;A01
201800035824;1;7;0;0;0;3;24;B01
201800035825;1;7;0;15;2;2;13;A01
201800035825;2;7;0;0;2;3;2;B01
201800035826;2;30;0;9;0;1;1;A01
201800035827;0;7;0;0;2;5;17;A01
201800035827;0;7;0;1;1;1;1;B01
201800035827;0;7;0;0;2;4;23;D01
201800035828;1;7;0;0;2;3;16;A01
201800035828;1;30;0;0;2;3;1;B01
201800035829;0;10;0;0;2;7;15;A01
201800035829;0;33;0;0;2;2;2;B01
201800035830;0;13;0;0;2;1;2;A01
201800035830;0;10;0;0;2;4;2;B01
201800035831;0;33;0;0;0;1;0;A01
201800035832;0;7;0;0;2;1;1;B01
201800035832;0;7;0;0;2;1;13;A01
201800035833;1;13;0;0;1;4;4;A01
201800035834;0;10;0;0;2;1;1;B01
201800035834;0;7;0;0;2;2;1;A01
201800035835;0;30;0;0;6;1;1;A01
201800035836;0;34;0;0;2;1;9;A01
201800035836;0;7;0;0;2;5;1;B01
201800035837;1;7;0;0;2;1;1;A01
201800035837;2;7;0;0;2;3;15;B01
201800035838;1;7;0;2;0;0;13;A01
201800035839;2;7;0;0;1;2;1;A01
201800035840;1;7;0;0;2;1;9;A01
201800035840;1;34;0;0;2;7;1;B01
201800035841;1;7;0;0;2;9;1;A01
201800035841;2;7;0;0;2;1;1;B01
201800035841;1;7;0;0;2;1;1;C01
201800035842;2;7;0;0;2;2;15;A01
201800035842;1;1;0;0;2;1;2;B01
201800035843;2;7;0;0;2;7;15;A01
201800035843;1;1;0;0;2;1;1;B01
201800035844;1;7;0;0;2;3;1;A01
201800035844;2;7;0;0;2;2;1;B01
201800035845;1;7;0;0;2;1;13;A01
201800035845;1;7;0;0;2;1;1;B01
201800035846;1;7;0;0;2;5;15;A01
201800035846;2;7;0;0;2;1;1;B01
201800035847;0;7;0;0;2;2;15;A01
201800035847;0;2;0;0;2;1;1;B01
201800035848;2;7;0;0;2;1;15;A01
201800035848;1;7;0;0;2;1;1;B01
201800035849;0;7;0;0;1;0;14;A01
201800035849;0;7;0;0;2;4;4;B01
201800035849;0;7;0;0;2;1;1;C01
201800035850;1;7;0;0;9;1;9;A01
201800035850;2;1;0;0;2;7;13;B01
201800035851;2;7;0;0;2;1;13;A01
201800035851;1;7;0;0;2;1;1;B01
201800035852;1;2;0;0;2;1;1;A01
201800035852;0;7;0;0;2;3;1;B01
201800035853;0;7;0;0;2;1;1;A01
201800035853;0;33;0;0;2;4;1;B01
201800035853;0;7;0;0;2;4;1;C01
201800035854;2;7;0;0;2;1;1;B01
201800035854;1;7;0;0;2;8;15;A01
201800035855;2;33;0;0;2;1;3;A01
201800035855;2;7;0;0;2;4;1;B01
201800035856;1;7;0;0;2;1;15;A01
201800035856;2;7;0;0;2;1;1;B01
201800035857;1;7;0;0;0;0;1;A01
201800035858;1;7;0;0;2;1;15;A01
201800035858;1;34;0;0;2;1;1;B01
201800035859;1;7;0;0;2;1;5;A01
201800035859;2;7;0;0;2;1;2;B01
201800035860;2;7;0;0;2;1;17;A01
201800035860;1;7;0;0;2;1;1;B01
201800035861;1;7;0;0;2;5;15;A01
201800035861;2;7;0;0;2;1;1;B01
201800035862;1;2;0;0;2;1;1;B01
201800035862;1;7;0;0;2;1;15;A01
201800035863;1;7;0;0;2;1;2;A01
201800035863;1;7;0;0;2;4;2;B01
201800035864;2;30;0;0;2;1;15;A01
201800035864;1;30;0;0;2;1;1;B01
201800035865;1;7;0;0;2;8;10;A01
201800035865;1;31;0;0;2;1;1;B01
201800035866;0;7;0;0;2;1;1;A01
201800035866;0;7;0;0;2;4;1;B01
201800035867;2;10;0;0;2;4;1;C01
201800035867;2;7;0;0;2;1;2;A01
201800035867;2;7;0;0;2;4;2;B01
201800035868;1;2;0;0;2;1;1;A01
201800035868;1;7;0;0;2;6;20;B01
201800035869;2;7;0;0;2;0;2;B01
201800035869;1;36;0;0;2;1;9;A01
201800035870;2;7;0;0;2;1;9;A01
201800035870;1;1;0;0;2;7;1;B01
201800035871;2;7;0;0;0;0;2;A01
201800035871;1;30;0;0;0;0;0;B01
201800035872;2;7;0;0;2;1;2;A01
201800035872;2;7;0;0;2;4;2;B01
201800035873;1;7;0;0;2;3;1;A01
201800035873;1;7;0;0;2;1;1;B01
201800035874;1;10;0;0;2;1;1;A01
201800035874;1;7;0;0;2;7;1;B01
201800035875;1;2;0;0;2;0;13;A01
201800035875;2;7;0;0;2;8;24;B01
201800035876;0;7;0;0;2;9;1;A01
201800035876;0;10;0;0;2;1;1;B01
201800035877;2;7;0;0;1;1;1;A01
201800035878;0;7;0;0;2;1;15;A01
201800035878;0;7;0;0;2;1;1;B01
201800035879;0;7;0;0;2;1;2;B01
201800035879;0;7;0;0;2;1;13;A01
201800035880;1;17;0;0;2;6;0;B01
201800035880;1;7;0;0;2;1;2;A01
201800035881;0;7;0;0;2;2;0;A01
201800035881;0;17;0;0;2;6;2;B01
201800035882;0;7;0;0;2;1;9;A01
201800035882;0;31;0;0;2;7;1;B01
201800035883;1;7;0;1;2;3;13;A01
201800035883;2;7;0;1;2;8;2;B01
201800035884;1;30;0;0;2;7;15;A01
201800035884;2;7;0;0;2;1;1;B01
201800035885;0;33;0;0;2;2;12;A01
201800035885;0;7;0;0;2;3;2;B01
201800035886;0;33;0;9;0;1;0;A01
201800035887;2;31;0;0;2;1;17;A01
201800035887;2;7;0;0;2;3;15;B01
201800035888;2;7;0;0;2;3;1;B01
201800035888;1;7;0;0;2;3;13;A01
201800035889;1;7;0;0;2;1;2;A01
201800035889;1;7;0;0;2;1;0;C01
201800035889;1;7;0;0;2;4;2;B01
201800035889;1;7;0;0;2;1;0;D01
201800035890;1;10;0;1;0;3;13;A01
201800035891;2;7;0;0;2;7;0;A01
201800035891;1;34;0;0;2;1;2;B01
201800035892;1;7;0;0;2;1;15;A01
201800035892;2;7;0;0;2;3;2;C01
201800035892;2;7;0;0;2;3;2;B01
201800035893;0;7;0;0;2;5;15;A01
201800035893;0;7;0;0;2;8;1;B01
201800035894;2;7;0;0;1;2;1;A01
201800035895;1;30;0;12;0;0;1;A01
201800035895;1;7;0;0;0;0;17;B01
201800035896;0;30;0;0;0;2;1;A01
201800035897;2;37;3;4;0;1;2;A01
201800035898;2;2;0;0;2;2;15;A01
201800035898;1;10;0;0;2;1;1;B01
201800035899;1;7;0;1;0;7;14;A01
201800035900;2;7;0;0;2;1;2;A01
201800035900;2;7;0;0;2;4;23;B01
201800035901;2;7;0;6;0;2;14;A01
201800035902;0;1;0;0;2;1;1;B01
201800035902;0;7;0;0;2;3;9;A01
201800035903;0;7;0;0;2;1;2;A01
201800035903;0;7;0;0;2;4;23;B01
201800035904;0;33;0;0;1;1;1;A01
201800035905;2;7;0;0;2;1;2;A01
201800035905;2;7;0;0;2;4;1;B01
201800035906;0;7;0;0;2;1;9;A01
201800035906;0;1;0;0;2;8;1;B01
201800035907;1;7;0;0;1;2;1;A01
201800035908;1;7;0;0;2;3;15;A01
201800035908;2;33;0;0;2;1;1;B01
201800035909;2;13;0;0;2;2;12;A01
201800035909;2;7;0;0;2;6;1;B01
201800035910;0;7;0;0;2;2;2;A01
201800035910;0;2;0;0;2;8;2;B01
201800035911;0;7;0;0;2;1;1;B01
201800035911;0;7;0;0;2;7;1;A01
201800035912;1;30;0;0;2;1;0;A01
201800035912;2;7;0;0;2;2;15;B01
201800035913;1;10;0;14;0;1;2;A01
201800035913;1;7;0;0;2;4;2;B01
201800035914;0;7;0;0;2;2;17;A01
201800035914;0;1;0;0;2;3;1;B01
201800035915;0;10;0;0;2;4;1;B01
201800035915;0;7;0;0;2;1;2;A01
201800035916;0;33;0;0;2;1;1;B01
201800035916;0;10;0;0;2;5;9;A01
201800035917;1;7;0;0;2;1;9;A01
201800035917;0;1;0;0;2;7;1;B01
201800035918;1;7;0;0;2;1;1;A01
201800035918;2;2;0;0;2;7;1;B01
201800035919;0;7;0;0;0;0;0;A01
201800035920;1;31;0;0;2;1;1;B01
201800035920;2;7;0;0;2;8;15;A01
201800035921;1;7;0;0;2;8;10;A01
201800035921;1;33;0;0;2;1;2;B01
201800035922;2;30;0;0;2;5;15;A01
201800035922;1;2;0;0;2;1;1;B01
201800035923;0;7;0;0;2;1;5;A01
201800035923;0;2;0;0;2;1;2;B01
201800035924;1;7;0;14;0;1;2;A01
201800035924;1;7;0;0;2;4;2;B01
201800035924;1;7;0;0;2;4;2;C01
201800035925;1;7;0;0;0;8;13;A01
201800035926;0;7;0;0;2;8;9;A01
201800035926;0;7;0;0;2;1;2;B01
201800035927;1;31;0;0;2;1;1;C01
201800035927;1;7;0;0;2;3;1;A01
201800035927;2;38;45;0;2;3;15;B01
201800035928;0;7;0;0;2;3;1;B01
201800035928;0;30;0;0;2;3;0;A01
201800035929;0;7;0;0;2;7;15;A01
201800035929;1;7;0;0;2;1;1;B01
201800035930;0;37;1;0;2;1;1;B01
201800035930;0;7;0;0;2;4;9;A01
201800035931;1;7;0;0;2;5;2;B01
201800035931;1;33;0;0;2;1;2;A01
201800035932;1;7;0;0;1;1;1;A01
201800035933;1;7;0;0;2;4;23;B01
201800035933;1;33;0;9;2;1;21;A01
201800035934;1;7;0;0;2;3;1;A01
201800035934;2;32;0;0;2;1;15;B01
201800035935;2;7;0;0;1;7;1;A01
201800035936;0;33;0;0;0;1;1;A01
201800035937;1;30;0;0;2;1;2;A01
201800035937;1;7;0;0;2;4;15;B01
201800035938;1;7;0;6;0;1;14;A01
201800035939;1;7;0;1;0;1;14;A01
201800035940;0;7;0;0;1;1;1;A01
201800035941;0;7;0;14;2;1;1;A01
201800035941;0;7;0;0;1;4;23;B01
201800035942;0;7;0;0;2;4;1;B01
201800035942;0;7;0;0;1;1;2;A01
201800035943;1;7;0;0;2;3;1;A01
201800035943;2;34;0;0;2;1;21;B01
201800035944;1;7;0;0;2;1;1;B01
201800035944;1;10;0;0;2;4;18;A01
201800035945;1;7;0;0;2;1;1;B01
201800035945;1;10;0;0;2;4;18;A01
201800035946;1;7;0;0;1;1;1;A01
201800035947;2;7;0;0;1;2;1;A01
201800035948;2;33;0;0;2;1;2;A01
201800035948;2;7;0;0;2;4;1;B01
201800035949;2;7;0;0;2;3;0;A01
201800035949;2;31;0;0;2;7;1;B01
201800035950;0;7;0;0;2;8;2;B01
201800035950;0;10;0;7;0;0;2;C01
201800035950;0;7;0;7;2;1;9;A01
201800035951;0;7;0;0;1;1;1;A01
201800035952;1;7;0;0;2;8;9;A01
201800035952;1;33;0;0;2;1;1;B01
201800035953;0;10;0;0;2;2;1;B01
201800035953;0;7;0;0;2;8;1;A01
201800035954;0;7;0;0;1;1;1;A01
201800035955;0;7;0;0;2;3;15;A01
201800035955;0;31;0;0;2;1;1;B01
201800035956;0;7;0;0;2;7;1;A01
201800035956;0;1;0;0;2;0;0;B01
201800035957;2;33;0;0;2;1;1;B01
201800035957;1;7;0;0;2;7;15;A01
201800035958;0;7;0;0;2;1;1;B01
201800035958;0;10;0;0;2;7;15;A01
201800035959;0;1;0;0;2;7;1;B01
201800035959;0;7;0;0;2;1;9;A01
201800035960;0;1;0;0;2;1;1;B01
201800035960;0;7;0;0;2;2;16;A01
201800035961;1;2;0;0;2;4;1;A01
201800035962;0;7;0;0;1;1;7;A01
201800035963;1;7;0;0;2;1;13;A01
201800035963;2;7;0;0;2;1;1;B01
201800035964;1;7;0;0;2;4;1;C01
201800035964;1;33;0;0;2;4;1;B01
201800035964;1;7;0;0;2;1;1;A01
201800035965;2;7;0;0;2;1;0;A01
201800035965;1;7;0;0;2;4;23;B01
201800035966;2;7;0;13;0;1;14;A01
201800035967;1;7;0;0;1;1;16;A01
201800035968;1;7;0;2;0;1;1;A01
201800035968;2;7;0;2;0;1;1;B01
201800035969;1;7;0;0;1;2;15;A01
201800035970;1;7;0;0;2;1;2;A01
201800035970;2;7;0;9;2;4;2;B01
201800035971;2;7;0;0;2;1;15;A01
201800035971;1;37;12;0;2;3;1;B01
201800035972;1;7;0;0;2;8;22;A01
201800035972;1;1;0;0;2;2;1;B01
201800035973;1;7;0;0;1;3;1;A01
201800035974;1;7;0;0;1;1;1;A01
201800035975;2;2;0;0;2;1;1;B01
201800035975;1;7;0;0;2;1;9;A01
201800035976;2;7;0;0;2;5;17;A01
201800035976;2;2;0;0;2;8;1;B01
201800035977;1;7;0;0;2;3;9;B01
201800035977;2;2;0;0;2;1;9;A01
201800035978;2;7;0;0;2;3;5;A01
201800035978;2;10;0;0;2;3;1;B01
201800035979;1;7;0;0;2;7;1;A01
201800035979;1;7;0;0;2;3;1;C01
201800035979;2;10;0;0;2;3;1;B01
201800035980;2;7;0;0;1;2;16;A01
201800035981;1;2;0;0;2;1;1;A01
201800035981;2;10;0;0;2;3;1;B01
201800035982;1;7;0;0;2;1;2;A01
201800035982;1;7;0;0;2;4;1;B01
201800035983;1;7;0;0;2;3;9;A01
201800035983;2;7;0;0;2;2;1;B01
201800035984;1;7;0;0;1;3;15;A01
201800035985;2;7;0;0;2;2;15;A01
201800035985;1;1;0;0;2;1;1;B01
201800035986;2;10;0;0;1;1;15;A01
201800035987;1;7;0;0;2;4;2;B01
201800035987;1;7;0;0;2;1;2;A01
201800035988;2;7;0;0;2;3;20;A01
201800035988;2;1;0;0;2;1;1;B01
201800035989;2;7;0;0;2;1;2;A01
201800035989;2;7;0;0;2;4;2;C01
201800035989;2;7;0;0;2;4;2;B01
201800035990;2;7;0;0;2;4;23;B01
201800035990;2;7;0;0;2;1;2;A01
201800035991;2;7;0;0;1;1;1;A01
201800035992;0;7;0;0;1;1;1;A01
201800035993;1;7;0;4;2;2;14;A01
201800035993;1;10;0;6;2;3;1;B01
201800035994;1;7;0;0;2;4;2;B01
201800035994;1;7;0;0;2;1;2;A01
201800035995;2;7;0;0;2;3;1;B01
201800035995;1;7;0;0;2;1;15;A01
201800035996;1;7;0;0;2;3;5;A01
201800035996;1;7;0;0;2;1;2;C01
201800035996;1;7;0;0;2;3;1;B01
201800035997;2;7;0;0;2;1;0;C01
201800035997;2;7;0;1;0;1;1;A01
201800035998;2;7;0;0;1;2;1;A01
201800035999;1;7;0;0;2;4;23;C01
201800035999;1;7;0;0;2;1;2;A01
201800035999;1;7;0;0;2;1;2;B01
201800036000;2;7;0;7;0;1;1;A01
201800036001;1;7;0;12;0;1;1;A01
201800036002;1;7;0;0;2;3;1;B01
201800036002;2;7;0;0;2;2;9;A01
201800036003;2;7;0;0;2;3;9;A01
201800036003;2;10;0;0;2;2;1;B01
201800036004;2;7;0;0;2;3;9;B01
201800036004;2;30;0;0;2;1;1;A01
201800036005;1;31;0;0;2;1;9;A01
201800036005;1;33;0;0;2;7;1;B01
201800036006;2;7;0;9;2;4;2;B01
201800036006;2;10;0;0;2;1;2;A01
201800036007;1;7;0;0;2;3;13;A01
201800036007;2;7;0;0;2;3;1;B01
201800036008;2;7;0;13;0;0;1;A01
201800036009;1;7;0;0;2;3;1;B01
201800036009;2;7;0;12;2;1;9;A01
201800036010;2;2;0;0;0;0;1;B01
201800036010;1;7;0;0;0;0;9;A01
201800036011;2;7;0;0;1;4;1;A01
201800036012;1;7;0;0;2;2;1;A01
201800036012;2;7;0;0;2;1;1;B01
201800036013;1;7;0;0;1;1;16;A01
201800036014;2;17;0;0;2;3;13;A01
201800036014;1;10;0;0;2;8;13;B01
201800036015;1;14;0;0;1;1;15;A01
201800036016;1;7;0;0;2;4;23;C01
201800036016;1;7;0;0;2;1;2;A01
201800036016;1;7;0;0;2;4;23;B01
201800036017;2;7;0;0;2;4;23;C01
201800036017;2;7;0;0;2;1;2;A01
201800036017;2;7;0;0;2;4;23;B01
201800036018;1;7;0;13;0;1;1;A01
201800036019;1;10;0;0;1;7;1;A01
201800036020;2;7;0;6;0;1;1;A01
201800036021;2;7;0;0;2;4;23;C01
201800036021;2;7;0;0;2;4;23;B01
201800036021;2;17;0;0;2;1;2;A01
201800036022;2;10;0;0;2;6;15;A01
201800036022;2;7;0;0;2;2;1;B01
201800036023;2;7;0;3;2;3;1;B01
201800036023;1;10;0;0;2;3;13;A01
201800036024;2;2;0;0;0;0;1;B01
201800036024;1;7;0;0;0;0;9;A01
201800036025;1;2;0;0;2;1;2;A01
201800036025;1;7;0;0;2;5;2;B01
201800036026;1;7;0;0;2;1;1;B01
201800036026;2;7;0;1;2;2;15;A01
201800036027;2;7;0;0;1;4;4;A01
201800036028;2;10;0;0;2;4;1;B01
201800036028;2;7;0;0;2;1;2;A01
201800036029;2;7;0;0;2;1;1;B01
201800036029;2;7;0;0;2;8;10;A01
201800036030;2;7;0;0;2;4;2;B01
201800036030;2;2;0;0;2;1;2;A01
201800036031;1;7;0;0;2;8;17;A01
201800036031;2;10;0;0;2;3;0;Z01
201800036032;1;7;0;0;2;1;9;Z01
201800036032;1;2;0;0;2;7;9;A01
201800036033;1;2;0;0;0;7;16;A01
201800036034;1;7;0;0;2;6;23;B01
201800036034;1;7;0;0;2;1;2;A01
201800036035;2;7;0;0;2;1;2;A01
201800036035;2;7;0;0;2;4;2;B01
201800036036;1;7;0;0;1;3;1;A01
201800036037;1;7;0;7;0;8;1;A01
201800036038;2;7;0;0;2;3;15;A01
201800036038;2;7;0;0;2;1;1;B01
201800036039;1;7;0;13;0;1;1;A01
201800036040;0;30;0;0;2;1;1;A01
201800036040;0;7;0;0;2;2;19;B01
201800036041;0;2;0;12;0;7;16;A01
201800036042;1;7;0;0;2;1;2;A01
201800036042;1;7;0;0;2;6;1;C01
201800036042;1;7;0;0;2;4;1;B01
201800036043;0;7;0;0;2;4;1;C01
201800036043;0;7;0;0;2;1;2;A01
201800036043;0;7;0;0;2;4;1;B01
201800036044;2;7;0;0;2;5;23;B01
201800036044;2;2;0;1;2;1;2;A01
201800036045;2;7;0;0;2;4;23;B01
201800036045;2;10;0;0;2;1;2;A01
201800036046;1;10;0;0;2;3;15;B01
201800036046;1;30;0;0;2;1;1;A01
201800036047;1;33;0;6;0;1;14;A01
201800036048;2;7;0;4;2;2;17;C01
201800036048;2;17;0;0;2;4;2;B01
201800036048;2;7;0;0;0;0;14;Z01
201800036048;2;10;0;0;2;3;17;D01
201800036048;2;10;0;0;2;1;2;A01
201800036049;0;7;0;0;1;7;1;A01
201800036050;1;7;0;1;0;1;14;A01
201800036051;1;33;0;4;0;3;17;A01
201800036052;0;7;0;0;2;2;9;A01
201800036052;0;7;0;0;2;6;1;B01
201800036053;0;2;0;13;0;7;1;A01
201800036054;2;14;0;3;0;1;13;A01
201800036055;2;7;0;0;1;1;15;A01
201800036056;0;31;0;0;2;1;2;A01
201800036056;0;7;0;0;2;4;2;B01
201800036057;0;7;0;0;2;4;23;C01
201800036057;0;7;0;0;2;4;23;B01
201800036057;0;7;0;0;2;1;2;A01
201800036058;1;33;0;0;0;8;1;A01
201800036059;0;7;0;0;2;3;1;A01
201800036059;0;7;0;0;2;2;0;B01
201800036060;0;33;0;15;0;8;21;A01
201800036061;2;7;0;0;1;4;4;A01
201800036062;2;7;0;0;2;1;13;A01
201800036062;1;7;0;0;2;1;1;B01
201800036063;0;7;0;1;0;3;1;A01
201800036064;1;7;0;0;2;3;1;B01
201800036064;2;7;0;0;2;3;13;A01
201800036065;0;33;0;16;0;8;1;A01
201800036066;1;7;0;13;0;9;1;A01
201800036067;0;36;0;0;2;1;1;A01
201800036067;2;7;0;0;2;4;2;B01
201800036068;2;7;0;13;0;1;1;A01
201800036069;1;33;0;0;2;4;1;B01
201800036069;1;7;0;0;2;3;9;A01
201800036070;2;7;0;4;0;8;13;A01
201800036071;0;2;0;0;2;6;1;B01
201800036071;1;7;0;0;2;1;9;A01
201800036072;2;7;0;2;0;8;1;A01
201800036073;2;7;0;3;0;6;14;A01
201800036074;0;33;0;0;0;0;15;A01
201800036075;0;10;0;0;2;1;9;A01
201800036075;0;32;0;0;2;1;1;B01
201800036076;1;7;0;0;1;1;1;A01
201800036077;2;7;0;0;1;2;1;A01
201800036078;0;30;0;0;0;3;1;A01
201800036079;1;7;0;0;2;1;2;A01
201800036079;1;7;0;0;2;4;2;B01
201800036079;1;33;0;0;2;4;2;C01
201800036080;2;33;0;0;0;8;0;A01
201800036081;1;7;0;0;1;3;16;A01
201800036082;0;7;0;0;2;5;16;A01
201800036082;0;1;0;0;2;3;1;B01
201800036083;2;10;0;0;1;2;1;A01
201800036084;2;7;0;0;2;1;2;A01
201800036084;2;7;0;0;2;4;23;B01
201800036085;2;7;0;0;2;4;23;B01
201800036085;2;7;0;0;2;1;2;A01
201800036086;1;7;0;0;2;7;1;B01
201800036086;2;10;0;0;2;2;15;A01
201800036087;1;7;0;0;2;4;23;B01
201800036087;1;7;0;0;2;1;2;A01
201800036088;1;10;0;0;2;3;19;A01
201800036088;2;7;0;0;2;7;1;B01
201800036089;2;33;0;12;0;1;13;A01
201800036090;2;1;0;0;2;8;1;A01
201800036090;2;7;0;0;2;7;17;Z01
201800036091;1;7;0;0;2;3;1;A01
201800036091;1;7;0;0;2;2;1;B01
201800036092;2;1;0;0;2;8;1;B01
201800036092;2;10;0;0;2;7;22;A01
201800036093;1;7;0;6;0;1;1;A01
201800036094;2;30;0;0;2;1;1;A01
201800036094;1;7;0;0;2;1;15;B01
201800036095;2;2;0;0;2;2;17;A01
201800036095;2;7;0;0;2;8;15;B01
201800036096;1;7;0;0;2;4;23;B01
201800036096;1;7;0;0;2;1;2;A01
201800036097;2;7;0;0;2;2;1;B01
201800036097;1;10;0;0;2;1;1;A01
201800036098;2;7;0;3;0;1;1;A01
201800036099;2;7;0;4;0;8;21;A01
201800036100;1;33;0;0;5;1;1;A01
201800036101;2;7;0;0;2;2;17;A01
201800036101;1;7;0;0;2;3;15;B01
201800036102;2;7;0;0;2;4;23;C01
201800036102;2;7;0;0;2;4;23;B01
201800036102;2;7;0;0;2;1;1;A01
201800036103;1;7;0;0;2;2;1;A01
201800036103;2;1;0;0;2;8;1;B01
201800036104;2;7;0;13;0;9;1;A01
201800036105;1;1;0;0;2;1;2;A01
201800036105;1;7;0;0;2;4;2;Z01
201800036106;2;7;0;0;0;0;9;A01
201800036106;1;33;0;0;0;0;1;B01
201800036107;2;14;0;0;2;2;1;B01
201800036107;1;7;0;0;2;7;15;A01
201800036108;0;7;0;0;1;1;1;A01
201800036109;1;33;0;0;2;1;1;B01
201800036109;1;7;0;0;2;3;15;A01
201800036110;1;34;0;11;0;1;1;A01
201800036111;2;7;0;0;2;1;15;A01
201800036111;1;33;0;0;2;1;17;B01
201800036112;1;7;0;12;0;1;1;A01
201800036113;2;7;0;0;1;2;1;A01
201800036114;1;15;0;0;0;0;2;B01
201800036114;1;33;0;0;0;8;2;A01
201800036114;1;10;0;0;0;0;2;C01
201800036115;1;10;0;0;2;3;1;C01
201800036115;2;7;0;0;2;6;15;B01
201800036115;2;7;0;0;2;1;2;A01
201800036116;1;7;0;0;2;5;17;B01
201800036116;1;7;0;0;2;3;2;A01
201800036117;1;7;0;0;1;1;1;Z01
201800036118;1;7;0;0;2;4;2;B01
201800036118;1;99;0;0;2;1;2;A01
201800036119;1;10;0;0;2;2;1;A01
201800036119;0;7;0;0;2;3;1;B01
201800036120;2;1;0;0;0;0;1;A01
201800036121;2;1;0;12;0;1;0;A01
201800036122;1;7;0;0;2;2;1;B01
201800036122;1;30;0;0;2;1;9;A01
201800036123;2;1;0;0;0;1;1;A01
201800036124;2;7;0;0;2;4;2;B01
201800036124;2;7;0;0;2;1;2;A01
201800036125;1;7;0;0;2;1;2;A01
201800036125;2;7;0;0;2;4;2;B01
201800036125;1;7;0;0;2;6;1;C01
201800036126;1;7;0;1;2;3;15;A01
201800036126;2;7;0;0;2;1;1;B01
201800036127;1;7;0;0;1;1;1;A01
201800036128;2;33;0;0;0;8;1;A01
201800036129;2;7;0;0;2;8;1;A01
201800036129;1;7;0;0;2;3;1;B01
201800036130;1;7;0;0;2;1;2;A01
201800036130;1;2;0;0;2;4;2;B01
201800036131;2;7;0;13;0;7;1;A01
201800036132;1;2;0;0;2;1;2;A01
201800036133;1;10;0;0;2;4;2;B01
201800036133;1;31;0;0;2;1;2;A01
201800036134;2;7;0;0;1;2;1;A01
201800036135;1;7;0;0;2;1;2;A01
201800036135;1;7;0;0;2;4;2;B01
201800036136;1;7;0;1;0;1;14;A01
201800036137;1;7;0;6;0;1;1;A01
201800036138;1;1;0;0;0;1;16;A01
201800036139;1;7;0;0;2;7;1;B01
201800036139;1;7;0;0;2;1;9;A01
201800036140;1;7;0;0;2;3;9;A01
201800036140;1;7;0;0;2;2;1;B01
201800036141;1;7;0;15;0;1;1;A01
201800036142;2;7;0;9;2;1;15;A01
201800036142;2;31;0;0;2;1;1;B01
201800036143;1;7;0;0;2;2;1;B01
201800036143;2;7;0;0;2;7;15;A01
201800036144;2;7;0;13;0;1;14;A01
201800036145;1;7;0;0;2;1;1;B01
201800036145;2;7;0;0;2;2;15;A01
201800036146;1;7;0;0;2;3;0;B01
201800036146;1;1;0;0;2;1;9;A01
201800036147;2;7;0;6;0;1;1;A01
201800036148;2;7;0;0;2;3;23;C01
201800036148;1;3;0;0;2;8;15;B01