num_acc;senc;catv;occutc;obs;obsm;choc;manv;num_veh
201800036148;1;33;0;0;2;2;5;A01
201800036149;2;7;0;2;0;1;14;A01
201800036150;2;1;0;12;0;1;0;A01
201800036151;0;30;0;0;0;0;1;A01
201800036152;0;1;0;0;0;0;1;A01
201800036153;1;7;0;0;2;3;15;A01
201800036153;2;31;0;0;2;8;1;B01
201800036154;2;7;0;15;0;0;0;B01
201800036154;1;7;0;0;2;3;13;A01
201800036155;1;33;0;3;0;8;1;A01
201800036156;2;7;0;0;2;2;9;B01
201800036156;1;2;0;0;2;7;17;A01
201800036157;1;7;0;0;2;1;2;A01
201800036157;1;7;0;0;2;4;1;B01
201800036158;1;33;0;7;0;1;1;A01
201800036159;2;2;0;0;0;8;1;A01
201800036160;2;2;0;0;0;8;1;A01
201800036161;1;33;0;0;0;8;1;A01
201800036162;2;2;0;12;0;7;20;A01
201800036163;0;30;0;0;2;1;16;A01
201800036163;0;7;0;0;2;1;1;B01
201800036164;0;1;0;0;0;0;0;A01
201800036165;1;7;0;0;2;8;20;A01
201800036165;1;7;0;0;2;2;1;B01
201800036166;2;7;0;0;2;2;14;Z01
201800036166;2;7;0;2;2;6;1;B01
201800036167;2;7;0;13;0;1;14;A01
201800036168;2;10;0;8;2;3;1;B01
201800036168;1;7;0;0;2;1;9;A01
201800036169;2;1;0;0;2;3;1;B01
201800036169;1;7;0;0;2;2;9;A01
201800036170;2;7;0;6;0;1;14;A01
201800036171;1;7;0;0;1;1;1;A01
201800036172;2;30;0;0;0;7;1;A01
201800036173;2;7;0;0;2;4;23;B01
201800036173;2;7;0;0;2;4;23;C01
201800036173;2;7;0;0;2;1;2;A01
201800036174;2;7;0;0;2;1;1;A01
201800036174;2;10;0;0;2;7;1;B01
201800036175;1;10;0;0;2;6;9;B01
201800036175;1;2;0;0;2;1;17;A01
201800036176;2;7;0;0;2;8;1;B01
201800036176;1;1;0;0;2;8;13;A01
201800036177;2;7;0;9;0;1;14;A01
201800036178;2;10;0;0;2;5;15;A01
201800036178;2;2;0;0;2;1;16;B01
201800036179;1;7;0;0;1;3;15;A01
201800036180;1;7;0;0;2;4;2;C01
201800036180;1;7;0;0;2;4;2;B01
201800036180;1;7;0;0;2;1;2;A01
201800036181;1;7;0;0;2;8;15;A01
201800036181;1;7;0;0;2;2;15;B01
201800036182;1;7;0;0;2;1;15;A01
201800036182;2;7;0;0;2;3;1;B01
201800036183;1;7;0;0;2;4;15;B01
201800036183;1;33;0;0;2;1;2;A01
201800036184;0;10;0;0;1;4;4;A01
201800036185;2;7;0;0;2;1;1;B01
201800036185;1;7;0;0;2;1;13;A01
201800036186;1;31;0;0;2;8;1;B01
201800036186;1;7;0;0;2;1;9;A01
201800036187;1;10;0;0;2;1;2;A01
201800036187;1;33;0;0;2;4;2;B01
201800036188;2;7;0;0;2;4;23;B01
201800036188;2;7;0;0;2;1;2;A01
201800036188;2;7;0;0;2;4;23;C01
201800036189;1;7;0;0;2;2;15;A01
201800036189;2;1;0;0;2;1;1;B01
201800036190;1;7;0;0;2;1;15;A01
201800036190;2;33;0;0;2;1;1;B01
201800036191;2;7;0;0;2;4;2;C01
201800036191;2;7;0;0;2;1;2;A01
201800036191;0;7;0;0;2;4;2;B01
201800036192;1;7;0;3;0;1;14;A01
201800036193;0;33;0;0;0;7;0;A01
201800036194;1;7;0;0;1;2;1;A01
201800036195;1;7;0;0;2;4;1;B01
201800036195;1;7;0;0;2;1;2;A01
201800036196;1;7;0;0;2;1;1;A01
201800036196;2;7;0;0;2;3;15;B01
201800036197;2;2;0;0;2;1;2;A01
201800036197;2;14;0;0;2;6;23;B01
201800036198;1;30;0;0;0;8;1;A01
201800036199;2;7;0;1;0;1;14;A01
201800036200;2;7;0;0;1;3;1;A01
201800036201;1;7;0;0;2;6;15;A01
201800036201;1;33;0;0;2;1;17;B01
201800036202;1;7;0;0;2;1;2;A01
201800036202;1;7;0;0;2;4;2;B01
201800036203;2;2;0;0;2;1;1;B01
201800036203;1;7;0;0;2;2;15;A01
201800036204;1;10;0;0;1;2;1;A01
201800036205;2;7;0;0;1;2;1;A01
201800036206;2;7;0;0;2;3;23;C01
201800036206;2;7;0;0;2;2;1;B01
201800036206;1;7;0;0;2;2;15;A01
201800036207;2;30;0;0;0;2;1;A01
201800036208;1;30;0;1;0;1;14;A01
201800036209;1;7;0;0;2;2;15;A01
201800036209;2;1;0;0;2;1;1;B01
201800036210;2;30;0;13;0;8;14;A01
201800036211;2;7;0;0;2;4;23;B01
201800036211;2;14;0;0;2;1;2;A01
201800036212;1;7;0;0;2;7;9;A01
201800036212;2;7;0;0;0;1;1;B01
201800036213;0;7;0;0;1;1;1;Z01
201800036214;2;7;0;0;1;3;1;A01
201800036215;2;7;0;0;2;1;2;A01
201800036215;1;10;0;0;2;4;2;B01
201800036216;2;7;0;0;2;7;15;A01
201800036216;1;33;0;0;2;1;1;B01
201800036217;2;7;0;0;1;1;16;A01
201800036218;2;7;0;2;0;3;13;A01
201800036219;1;7;0;0;2;3;2;A01
201800036219;1;7;0;0;2;5;23;B01
201800036220;1;7;0;13;0;1;13;A01
201800036221;1;7;0;0;2;6;2;B01
201800036221;1;7;0;0;2;3;2;A01
201800036222;1;7;0;0;2;1;2;A01
201800036222;1;7;0;0;2;4;2;B01
201800036223;1;2;0;12;0;1;1;A01
201800036224;1;7;0;0;2;1;9;A01
201800036224;1;7;0;0;2;6;1;B01
201800036225;2;7;0;0;2;3;1;B01
201800036225;0;7;0;0;2;2;1;A01
201800036226;1;7;0;8;0;1;1;A01
201800036227;2;7;0;0;1;2;1;A01
201800036228;2;7;0;0;2;6;1;B01
201800036228;1;7;0;0;2;1;13;A01
201800036229;2;7;0;0;1;2;16;A01
201800036230;2;7;0;0;1;5;1;A01
201800036231;2;7;0;0;1;7;1;A01
201800036232;2;10;0;0;2;2;5;A01
201800036232;1;7;0;0;2;3;1;B01
201800036233;2;7;0;0;2;8;2;B01
201800036233;2;17;0;0;0;0;0;C01
201800036233;2;7;0;0;2;1;2;A01
201800036234;1;7;0;0;2;4;2;B01
201800036234;1;7;0;0;2;4;2;C01
201800036234;1;7;0;0;2;1;2;A01
201800036235;1;7;0;0;2;3;1;B01
201800036235;2;7;0;0;2;3;15;A01
201800036236;2;2;0;0;2;1;2;A01
201800036236;2;2;0;0;2;4;2;B01
201800036237;2;7;0;0;2;3;15;Z01
201800036237;1;7;0;0;2;3;1;A01
201800036238;1;7;0;3;0;3;1;A01
201800036239;2;15;0;0;2;4;24;C01
201800036239;1;10;0;0;2;1;2;A01
201800036239;1;10;0;1;2;4;2;B01
201800036240;2;7;0;0;2;4;23;C01
201800036240;2;7;0;0;2;4;23;B01
201800036240;2;7;0;0;2;1;1;A01
201800036241;1;1;0;0;2;1;1;A01
201800036241;2;7;0;0;2;5;15;Z01
201800036242;1;7;0;0;2;1;1;A01
201800036242;2;7;0;0;2;3;1;B01
201800036243;2;17;0;0;2;1;1;B01
201800036243;2;7;0;0;2;1;0;Z01
201800036243;2;7;0;0;2;4;1;A01
201800036243;2;7;0;0;2;1;2;C01
201800036243;2;7;0;0;2;4;1;D01
201800036244;1;7;0;0;2;4;23;B01
201800036244;1;30;0;0;2;1;2;A01
201800036245;1;7;0;0;2;7;15;A01
201800036245;2;30;0;0;2;1;1;B01
201800036246;2;17;0;0;2;2;12;A01
201800036246;2;7;0;0;2;4;2;D01
201800036246;2;7;0;0;2;1;2;E01
201800036246;2;7;0;0;2;3;1;B01
201800036246;2;10;0;0;2;4;2;C01
201800036247;1;10;0;0;2;2;1;B01
201800036247;0;7;0;0;2;3;1;A01
201800036248;2;7;0;9;0;1;1;A01
201800036249;1;30;0;0;0;8;1;A01
201800036250;2;7;0;0;2;1;2;B01
201800036250;2;1;0;0;2;4;2;A01
201800036251;1;14;0;0;2;2;1;B01
201800036251;1;7;0;13;2;6;9;A01
201800036252;2;7;0;0;2;6;15;A01
201800036252;1;32;0;0;2;1;1;B01
201800036253;1;7;0;0;2;1;1;A01
201800036253;1;17;0;0;2;4;1;B01
201800036254;2;2;0;0;2;1;1;B01
201800036254;1;7;0;0;2;5;9;A01
201800036255;2;10;0;0;2;4;23;B01
201800036255;2;7;0;0;2;1;2;A01
201800036256;2;1;0;0;0;8;1;A01
201800036257;1;7;0;0;1;1;16;A01
201800036258;0;7;0;0;2;6;1;B01
201800036258;0;31;0;0;2;2;21;A01
201800036259;1;7;0;0;1;2;1;A01
201800036260;1;7;0;0;2;2;1;A01
201800036260;1;7;0;0;2;8;15;Z01
201800036261;2;7;0;0;1;2;1;A01
201800036262;1;7;0;0;2;6;1;A01
201800036262;1;99;0;0;2;0;0;Z01
201800036263;2;7;0;0;2;3;15;B01
201800036263;1;33;0;0;2;3;17;A01
201800036264;2;7;0;0;0;0;0;Z01
201800036264;1;7;0;4;0;8;1;A01
201800036265;1;7;0;0;2;1;1;A01
201800036265;1;7;0;0;2;3;9;B01
201800036266;2;7;0;0;2;4;2;B01
201800036266;2;7;0;0;2;4;2;C01
201800036266;2;7;0;0;2;4;2;D01
201800036266;2;10;0;0;2;1;2;A01
201800036267;1;7;0;0;1;1;1;A01
201800036268;1;7;0;0;1;1;1;A01
201800036269;2;7;0;1;0;1;1;A01
201800036270;1;10;0;0;2;1;15;A01
201800036270;2;33;0;0;2;1;1;B01
201800036271;1;7;0;0;1;2;15;A01
201800036272;1;7;0;8;0;1;14;A01
201800036273;0;99;0;0;2;0;0;R01
201800036273;1;7;0;0;2;2;15;A01
201800036274;2;7;0;0;1;0;21;A01
201800036275;1;7;0;0;2;2;13;A01
201800036275;2;7;0;0;2;2;21;B01
201800036276;1;7;0;0;1;2;21;A01
201800036277;1;7;0;6;0;1;14;A01
201800036278;2;33;0;0;2;9;1;B01
201800036278;1;7;0;0;2;8;19;A01
201800036279;1;33;0;0;0;0;1;A01
201800036280;1;1;0;1;0;1;14;A01
201800036281;1;7;0;0;2;3;0;B01
201800036281;1;2;0;0;2;1;9;A01
201800036282;2;1;0;0;2;1;1;B01
201800036282;1;7;0;0;2;5;15;A01
201800036283;1;7;0;0;0;9;0;A01
201800036284;1;33;0;0;2;1;1;B01
201800036284;2;10;0;0;2;5;1;A01
201800036285;0;10;0;0;2;3;16;A01
201800036285;0;1;0;9;0;2;0;B01
201800036286;1;7;0;0;2;4;0;A01
201800036286;1;7;0;0;2;4;0;B01
201800036287;1;7;0;0;1;5;20;A01
201800036288;0;37;1;0;1;5;0;A01
201800036289;1;7;0;0;2;1;1;B01
201800036289;2;7;0;0;2;1;13;A01
201800036289;2;7;0;0;2;2;2;C01
201800036290;2;1;0;0;2;1;1;B01
201800036290;2;7;0;0;2;2;15;A01
201800036291;1;7;0;0;1;3;1;A01
201800036292;1;7;0;0;0;9;1;A01
201800036293;1;7;0;0;1;1;15;A01
201800036294;1;7;0;0;1;2;1;A01
201800036295;0;7;0;0;1;2;1;A01
201800036296;0;7;0;1;0;2;1;A01
201800036297;2;33;0;9;0;1;19;A01
201800036298;0;7;0;0;2;1;0;A01
201800036298;0;99;0;0;2;1;0;B01
201800036299;2;7;0;0;1;0;1;A01
201800036300;2;7;0;0;1;2;9;A01
201800036301;1;31;0;0;2;2;2;A01
201800036301;1;37;10;0;2;3;15;B01
201800036302;0;1;0;0;2;0;0;B01
201800036302;2;7;0;0;6;1;16;A01
201800036303;1;1;0;0;2;8;19;B01
201800036303;2;17;0;0;2;1;15;A01
201800036304;2;7;0;1;2;1;13;A01
201800036304;1;1;0;0;2;1;1;C01
201800036304;2;7;0;0;2;1;1;B01
201800036305;0;7;0;0;1;4;4;A01
201800036306;0;7;0;8;0;3;0;A01
201800036307;1;33;0;15;0;1;13;A01
201800036308;1;7;0;0;1;1;1;A01
201800036309;1;7;0;0;2;2;19;A01
201800036309;1;30;0;0;2;1;2;B01
201800036310;0;7;0;0;2;3;15;A01
201800036310;2;2;0;0;2;1;1;B01
201800036311;2;7;0;2;0;1;13;A01
201800036312;2;33;0;8;0;1;1;A01
201800036313;1;33;0;0;2;5;0;B01
201800036313;1;7;0;0;2;1;9;A01
201800036314;0;7;0;0;1;3;15;A01
201800036315;2;10;0;3;0;4;2;B01
201800036315;2;7;0;3;0;1;2;A01
201800036316;1;2;0;0;2;7;21;B01
201800036316;2;7;0;0;2;1;19;A01
201800036317;1;7;0;0;1;3;1;A01
201800036318;2;7;0;0;4;8;1;A01
201800036318;1;39;55;0;2;1;1;B01
201800036319;1;7;0;0;1;1;15;A01
201800036320;2;7;0;0;1;2;0;A01
201800036321;2;7;0;0;1;7;16;A01
201800036322;2;33;0;0;2;1;1;B01
201800036322;1;7;0;0;2;7;15;A01
201800036323;1;33;0;0;2;1;2;A01
201800036323;1;21;0;0;2;6;1;B01
201800036324;1;7;0;0;1;0;1;A01
201800036325;2;1;0;0;2;7;1;B01
201800036325;2;7;0;0;2;3;9;A01
201800036326;1;7;0;0;2;3;1;B01
201800036326;2;7;0;0;2;1;19;A01
201800036327;1;7;0;3;2;1;13;A01
201800036327;2;7;0;0;2;1;1;B01
201800036328;0;7;0;15;0;7;1;A01
201800036329;1;10;0;0;2;1;15;A01
201800036329;2;7;0;0;2;1;1;B01
201800036330;0;7;0;0;2;2;15;A01
201800036330;0;7;0;0;2;3;1;B01
201800036331;2;33;0;0;0;0;1;A01
201800036332;0;7;0;0;1;1;0;A01
201800036333;1;7;0;0;2;1;1;A01
201800036333;2;1;0;0;2;1;15;B01
201800036334;1;7;0;15;0;7;0;A01
201800036335;1;33;0;0;2;2;1;A01
201800036335;2;7;0;0;2;7;15;B01
201800036336;1;30;0;0;2;2;17;A01
201800036336;2;7;0;0;2;3;15;B01
201800036337;0;7;0;6;0;1;0;A01
201800036338;0;7;0;0;2;2;9;A01
201800036338;1;2;0;0;2;1;1;B01
201800036339;0;33;0;0;2;1;1;B01
201800036339;0;7;0;0;2;6;1;A01
201800036340;0;7;0;0;2;3;16;A01
201800036340;0;1;0;0;2;8;19;B01
201800036341;2;7;0;0;2;1;13;A01
201800036341;1;14;0;0;2;6;1;B01
201800036341;1;7;0;0;2;1;1;C01
201800036342;0;31;0;6;0;1;1;A01
201800036343;0;10;0;0;0;3;2;A01
201800036343;0;2;0;0;2;1;2;B01
201800036344;1;7;0;0;2;2;2;A01
201800036344;1;1;0;0;2;4;2;B01
201800036345;2;30;0;0;2;1;5;A01
201800036345;1;7;0;0;2;1;1;B01
201800036346;1;7;0;0;2;8;19;A01
201800036346;1;15;0;0;2;1;1;B01
201800036347;2;30;0;0;2;1;1;A01
201800036347;1;7;0;0;2;3;1;B01
201800036348;0;7;0;14;0;0;0;A01
201800036349;2;7;0;0;1;3;1;A01
201800036350;0;7;0;0;2;1;1;B01
201800036350;0;7;0;0;2;7;9;A01
201800036351;2;10;0;1;0;2;1;A01
201800036351;2;15;0;0;2;5;24;B01
201800036352;1;7;0;0;1;0;1;A01
201800036353;2;7;0;0;1;1;19;A01
201800036354;0;1;0;0;1;1;1;A01
201800036355;1;7;0;0;2;3;1;B01
201800036355;1;10;0;0;2;1;1;A01
201800036356;1;10;0;0;2;1;15;A01
201800036356;2;2;0;0;2;7;0;B01
201800036357;0;7;0;0;2;4;2;B01
201800036357;0;31;0;0;2;1;2;A01
201800036358;0;7;0;0;2;2;15;A01
201800036358;0;33;0;0;2;1;1;B01
201800036359;1;7;0;0;1;1;1;A01
201800036360;1;7;0;0;2;1;2;A01
201800036360;1;7;0;0;1;6;2;B01
201800036361;0;7;0;0;1;3;15;A01
201800036362;0;3;0;0;2;6;2;B01
201800036362;0;2;0;0;2;2;17;A01
201800036363;0;7;0;0;2;1;1;B01
201800036363;0;7;0;0;2;7;1;A01
201800036364;0;7;0;0;2;3;15;B01
201800036364;0;33;0;0;2;8;17;A01
201800036365;1;1;0;0;0;0;0;B01
201800036365;1;7;0;0;2;1;0;A01
201800036366;0;7;0;0;2;2;17;A01
201800036366;0;7;0;0;2;4;2;B01
201800036367;2;34;0;0;2;1;17;A01
201800036367;2;7;0;0;2;3;15;B01
201800036368;1;7;0;0;2;1;13;A01
201800036368;2;7;0;0;2;3;0;B01
201800036369;1;1;0;0;1;1;0;A01
201800036370;0;33;0;0;2;7;1;B01
201800036370;0;7;0;0;2;3;19;A01
201800036371;1;33;0;0;2;1;1;B01
201800036371;2;7;0;0;2;3;15;A01
201800036372;1;7;0;0;1;2;0;A01
201800036373;0;34;0;0;1;1;21;A01
201800036374;1;99;0;1;0;1;1;A01
201800036375;0;7;0;0;2;3;9;A01
201800036375;0;31;0;0;2;7;16;B01
201800036376;1;7;0;0;0;3;19;A01
201800036376;0;33;0;0;0;0;0;B01
201800036377;0;30;0;10;0;0;0;A01
201800036378;2;33;0;0;1;1;1;A01
201800036379;0;7;0;0;1;4;20;A01
201800036380;0;7;0;0;1;1;15;A01
201800036381;0;7;0;0;1;1;1;A01
201800036382;0;2;0;14;0;1;1;A01
201800036383;0;7;0;0;2;1;1;B01
201800036383;0;7;0;0;2;3;1;C01
201800036383;1;7;0;0;2;1;5;A01
201800036384;1;7;0;9;0;1;19;A01
201800036385;2;7;0;0;2;1;1;A01
201800036385;2;7;0;0;2;4;2;B01
201800036386;1;7;0;0;2;3;1;B01
201800036386;2;7;0;0;2;2;15;A01
201800036387;1;7;0;0;2;4;2;B01
201800036387;1;7;0;0;2;4;2;C01
201800036387;1;7;0;0;2;4;2;D01
201800036387;1;7;0;0;2;1;1;A01
201800036388;2;3;0;0;2;1;2;B01
201800036388;2;33;0;0;2;1;1;A01
201800036389;1;7;0;0;2;1;2;B01
201800036389;1;7;0;0;2;1;9;A01
201800036390;1;7;0;0;2;4;2;B01
201800036390;1;7;0;0;2;1;1;A01
201800036391;1;31;0;0;0;8;1;A01
201800036392;2;7;0;3;2;9;17;A01
201800036392;2;14;0;0;2;1;2;B01
201800036393;2;7;0;0;1;3;1;A01
201800036394;2;7;0;0;1;1;1;A01
201800036395;2;7;0;0;2;4;2;B01
201800036395;2;7;0;0;2;1;1;A01
201800036396;1;33;0;1;0;1;1;A01
201800036397;1;7;0;0;2;7;14;B01
201800036397;1;34;0;0;2;8;15;A01
201800036398;1;7;0;0;1;1;1;A01
201800036399;1;17;0;0;2;1;1;A01
201800036399;1;7;0;0;2;4;2;B01
201800036400;1;7;0;0;2;4;1;A01
201800036400;1;7;0;0;2;4;2;B01
201800036401;2;2;0;0;0;7;1;A01
201800036402;1;7;0;0;1;1;1;A01
201800036403;1;7;0;0;1;1;1;A01
201800036404;2;7;0;0;2;4;2;B01
201800036404;2;7;0;0;2;1;1;A01
201800036405;1;31;0;0;2;2;17;B01
201800036405;1;7;0;0;2;8;15;A01
201800036406;1;15;0;7;1;7;16;A01
201800036407;1;7;0;0;2;3;1;A01
201800036407;1;1;0;0;2;1;19;B01
201800036408;1;31;0;0;2;1;3;B01
201800036408;1;7;0;0;2;1;9;A01
201800036409;1;7;0;0;2;4;2;B01
201800036409;1;7;0;0;2;1;1;A01
201800036410;1;31;0;0;2;8;9;B01
201800036410;1;31;0;0;2;7;17;A01
201800036411;1;7;0;0;2;1;1;B01
201800036411;2;7;0;0;2;1;15;A01
201800036412;1;7;0;0;2;4;2;C01
201800036412;1;7;0;0;2;1;1;A01
201800036412;1;7;0;0;2;4;2;B01
201800036413;1;7;0;6;0;1;1;A01
201800036414;1;7;0;0;1;1;1;A01
201800036415;2;7;0;0;2;4;2;B01
201800036415;2;7;0;0;2;1;1;A01
201800036416;1;2;0;0;2;7;1;B01
201800036416;1;99;0;0;2;3;17;Z01
201800036417;1;3;0;6;0;1;1;A01
201800036418;1;1;0;12;0;1;16;A01
201800036419;0;7;0;0;2;7;14;A01
201800036419;0;1;0;0;2;1;1;B01
201800036420;1;7;0;0;2;8;13;B01
201800036420;2;7;0;0;2;8;13;A01
201800036421;1;7;0;0;2;4;2;B01
201800036421;1;7;0;0;2;4;2;C01
201800036421;2;7;0;0;2;1;1;A01
201800036422;1;7;0;6;0;1;1;A01
201800036423;1;33;0;0;0;0;1;A01
201800036424;2;10;0;0;2;4;2;D01
201800036424;2;7;0;0;2;1;1;A01
201800036424;2;7;0;0;2;4;2;C01
201800036424;2;7;0;0;2;2;2;B01
201800036425;1;7;0;0;2;4;2;B01
201800036425;1;7;0;14;2;1;1;A01
201800036426;1;7;0;13;0;1;1;A01
201800036427;1;7;0;8;0;7;0;A01
201800036428;1;7;0;0;2;4;2;B01
201800036428;1;7;0;0;2;1;1;A01
201800036429;1;31;0;0;0;7;21;A01
201800036430;2;7;0;0;2;3;1;B01
201800036430;2;15;0;0;2;2;12;A01
201800036431;1;30;0;0;2;1;1;B01
201800036431;1;7;0;0;2;8;15;A01
201800036432;0;1;0;1;0;0;1;A01
201800036433;0;7;0;0;1;1;1;A01
201800036434;1;15;0;0;2;4;23;A01
201800036434;1;7;0;0;2;1;2;C01
201800036434;1;7;0;1;0;1;2;B01
201800036435;1;7;0;0;2;1;2;B01
201800036435;1;7;0;0;2;4;9;A01
201800036436;1;7;0;0;2;4;3;B01
201800036436;1;7;0;0;2;1;1;A01
201800036437;1;7;0;0;2;1;1;A01
201800036437;1;7;0;0;2;4;2;B01
201800036438;2;7;0;6;0;1;16;A01
201800036439;1;33;0;0;2;8;1;B01
201800036439;1;7;0;0;2;7;18;A01
201800036440;1;7;0;6;0;1;1;A01
201800036441;1;7;0;3;0;7;1;A01
201800036442;2;33;0;0;0;8;0;A01
201800036443;2;7;0;0;2;4;2;C01
201800036443;2;7;0;0;2;1;1;A01
201800036443;2;7;0;0;2;1;2;B01
201800036444;1;7;0;0;2;1;1;A01
201800036444;1;7;0;0;2;8;2;B01
201800036445;1;32;0;0;2;4;2;B01
201800036445;1;32;0;0;2;1;1;A01
201800036446;1;7;0;0;1;8;1;A01
201800036447;1;7;0;0;1;4;20;A01
201800036448;1;32;0;0;0;0;1;A01
201800036449;1;7;0;6;2;4;2;B01
201800036449;1;7;0;0;2;1;1;A01
201800036450;1;7;0;0;2;1;1;A01
201800036450;1;7;0;0;2;4;2;B01
201800036451;1;33;0;0;0;0;1;A01
201800036452;1;7;0;0;2;4;2;B01
201800036452;1;34;0;11;2;1;1;A01
201800036453;1;38;1;0;2;1;15;A01
201800036453;1;34;0;0;2;1;2;B01
201800036454;1;7;0;0;2;7;16;B01
201800036454;1;30;0;1;2;1;18;A01
201800036455;2;7;0;3;0;2;1;A01
201800036456;2;3;0;12;0;9;1;A01
201800036457;1;7;0;0;2;2;12;A01
201800036457;1;7;0;0;2;6;2;B01
201800036458;2;33;0;0;2;8;2;B01
201800036458;2;7;0;0;2;7;12;A01
201800036459;2;14;0;0;2;8;13;B01
201800036459;2;30;0;0;2;1;17;A01
201800036460;0;33;0;0;2;8;1;B01
201800036460;2;7;0;0;2;7;1;A01
201800036461;1;7;0;0;2;1;1;A01
201800036461;1;7;0;0;2;5;2;B01
201800036462;0;32;0;0;0;7;1;A01
201800036463;2;7;0;0;2;4;2;B01
201800036463;2;7;0;0;2;1;1;A01
201800036463;0;7;0;0;2;0;0;Z01
201800036464;1;7;0;1;0;1;1;A01
201800036465;1;7;0;1;0;2;1;A01
201800036466;1;7;0;0;2;4;2;B01
201800036466;1;7;0;0;2;1;1;A01
201800036467;1;31;0;0;0;1;0;A01
201800036468;1;33;0;0;2;7;3;A01
201800036468;1;7;0;0;2;8;1;B01
201800036469;1;7;0;0;2;7;1;B01
201800036469;2;2;0;0;2;1;1;A01
201800036470;0;1;0;0;0;0;15;A01
201800036471;1;31;0;0;1;7;1;A01
201800036472;1;7;0;0;2;8;2;B01
201800036472;1;33;0;0;2;1;1;A01
201800036473;2;7;0;0;2;1;2;C01
201800036473;1;7;0;0;2;1;17;Z01
201800036473;2;7;0;0;2;3;1;B01
201800036474;1;7;0;0;1;4;20;A01
201800036475;1;7;0;14;0;1;1;A01
201800036476;0;7;0;0;2;3;1;B01
201800036476;0;7;0;0;2;6;11;A01
201800036477;2;7;0;0;2;1;1;A01
201800036477;2;7;0;0;2;4;2;B01
201800036478;2;7;0;0;2;1;1;A01
201800036478;2;7;0;0;2;4;2;B01
201800036479;2;1;0;0;0;7;1;A01
201800036480;1;7;0;5;0;1;9;Z01
201800036481;1;10;0;0;2;6;15;B01
201800036481;1;33;0;0;2;2;17;A01
201800036482;1;7;0;0;2;1;9;Z01
201800036482;1;7;0;0;2;7;1;B01
201800036483;1;7;0;1;0;2;1;A01
201800036484;1;7;0;0;1;1;19;A01
201800036485;0;7;0;0;2;4;2;B01
201800036485;0;7;0;0;2;1;1;A01
201800036485;0;7;0;0;2;4;2;C01
201800036486;1;7;0;0;1;2;19;A01
201800036487;1;7;0;0;2;1;5;A01
201800036487;2;7;0;0;2;1;1;B01
201800036488;2;7;0;0;2;1;1;A01
201800036488;2;7;0;0;2;4;2;B01
201800036489;0;7;0;0;2;3;1;A01
201800036489;0;7;0;0;2;3;2;B01
201800036490;0;7;0;0;2;8;15;B01
201800036490;0;31;0;0;2;1;17;A01
201800036491;0;7;0;0;2;4;2;B01
201800036491;0;7;0;0;2;1;1;A01
201800036491;0;7;0;0;2;4;2;C01
201800036492;0;7;0;0;1;2;16;A01
201800036493;0;7;0;0;2;4;2;C01
201800036493;0;7;0;0;2;1;1;A01
201800036493;0;7;0;0;2;4;2;B01
201800036494;1;7;0;14;0;1;1;A01
201800036495;0;32;0;0;2;1;1;A01
201800036495;0;7;0;0;2;4;2;B01
201800036496;2;7;0;0;1;1;1;A01
201800036497;0;33;0;11;0;1;1;A01
201800036498;1;7;0;0;1;2;9;A01
201800036499;1;20;0;0;2;1;1;A01
201800036499;1;20;0;0;2;4;2;B01
201800036499;1;20;0;0;2;4;2;C01
201800036500;0;21;0;0;2;4;2;B01
201800036500;0;7;0;3;2;1;1;A01
201800036501;1;7;0;12;0;3;1;A01
201800036502;1;7;0;0;2;2;15;B01
201800036502;1;7;0;0;2;6;15;A01
201800036503;1;33;0;0;1;1;1;A01
201800036504;0;7;0;0;2;4;2;B01
201800036504;0;33;0;0;2;1;1;A01
201800036505;0;7;0;3;0;1;21;A01
201800036506;1;7;0;0;2;1;1;A01
201800036506;1;7;0;0;2;4;1;B01
201800036507;0;7;0;3;0;9;9;A01
201800036508;1;32;0;0;2;1;1;B01
201800036508;1;7;0;0;2;4;4;A01
201800036509;0;7;0;0;2;4;2;D01
201800036509;0;7;0;1;2;9;1;A01
201800036509;0;7;0;0;2;4;2;C01
201800036510;1;2;0;0;0;1;1;A01
201800036511;0;7;0;0;2;1;1;B01
201800036511;0;30;0;0;2;1;1;A01
201800036512;0;7;0;0;2;3;1;B01
201800036512;0;31;0;8;2;1;17;A01
201800036513;0;1;0;0;2;1;1;A01
201800036513;0;7;0;0;6;7;9;B01
201800036514;0;7;0;0;1;1;1;A01
201800036515;1;2;0;0;2;1;1;B01
201800036515;1;10;0;0;2;2;14;A01
201800036516;1;7;0;0;6;2;16;A01
201800036516;1;1;0;0;2;1;2;C01
201800036516;1;1;0;0;2;1;1;B01
201800036517;1;7;0;0;1;3;1;A01
201800036518;1;7;0;0;2;3;1;B01
201800036518;2;7;0;0;2;7;13;Z01
201800036519;2;7;0;0;2;4;2;B01
201800036519;2;7;0;0;2;1;1;A01
201800036519;2;7;0;0;2;1;2;C01
201800036520;0;7;0;0;2;8;15;B01
201800036520;0;2;0;0;2;1;17;A01
201800036521;0;7;0;0;2;4;2;B01
201800036521;0;7;0;0;2;1;1;A01
201800036522;0;7;0;0;1;2;1;A01
201800036523;0;7;0;0;1;1;1;A01
201800036524;0;7;0;0;1;1;9;A01
201800036525;0;7;0;0;2;1;1;A01
201800036525;0;7;0;0;2;4;2;B01
201800036526;0;7;0;0;1;1;1;A01
201800036527;0;7;0;3;0;1;1;A01
201800036528;0;31;0;0;2;1;2;B01
201800036528;0;7;0;0;2;2;15;A01
201800036529;0;7;0;0;2;1;1;A01
201800036529;0;7;0;0;2;1;1;B01