num_acc;senc;catv;occutc;obs;obsm;choc;manv;num_veh
201800036530;0;7;0;0;2;3;1;B01
201800036530;0;7;0;0;2;7;12;A01
201800036531;2;7;0;0;2;8;11;B01
201800036531;2;7;0;0;2;8;1;C01
201800036531;2;7;0;0;2;2;1;A01
201800036532;2;32;0;0;2;1;1;A01
201800036532;2;10;0;0;2;7;1;B01
201800036533;2;10;0;0;2;1;15;A01
201800036533;2;7;0;0;2;8;1;B01
201800036534;0;7;0;1;0;8;13;A01
201800036535;2;34;0;0;2;1;1;B01
201800036535;2;7;0;0;2;1;1;A01
201800036536;1;7;0;1;2;8;0;C01
201800036536;1;7;0;0;2;4;2;B01
201800036536;1;13;0;0;2;1;1;A01
201800036537;1;30;0;14;0;0;1;A01
201800036538;0;7;0;8;2;9;1;B01
201800036538;0;7;0;0;2;1;15;A01
201800036539;0;14;0;12;2;5;12;A01
201800036539;0;1;0;0;2;8;23;B01
201800036540;1;7;0;0;2;2;15;A01
201800036540;1;34;0;0;2;1;1;B01
201800036541;1;34;0;0;1;1;18;A01
201800036542;1;2;0;0;2;8;1;B01
201800036542;1;7;0;0;2;7;1;A01
201800036543;1;10;0;0;2;3;1;A01
201800036543;1;33;0;0;2;2;2;B01
201800036544;2;7;0;0;2;1;1;A01
201800036544;2;7;0;0;2;8;10;Z01
201800036545;0;7;0;0;2;4;2;B01
201800036545;0;7;0;0;2;4;2;C01
201800036545;0;7;0;0;2;1;1;A01
201800036546;1;31;0;0;2;3;3;B01
201800036546;1;7;0;0;2;2;12;A01
201800036546;1;7;0;0;2;4;3;C01
201800036547;1;7;0;0;2;4;15;B01
201800036547;1;10;0;0;2;1;2;Z01
201800036547;1;7;0;0;2;4;1;A01
201800036548;0;7;0;0;2;2;19;A01
201800036548;0;32;0;0;2;1;1;B01
201800036549;2;30;0;0;2;7;14;A01
201800036549;2;10;0;0;2;3;2;B01
201800036550;1;7;0;0;2;4;15;B01
201800036550;1;7;0;0;2;1;1;Z01
201800036551;2;7;0;0;2;8;1;B01
201800036551;2;34;0;0;2;1;1;Z01
201800036552;2;32;0;0;1;1;1;A01
201800036553;2;30;0;0;1;1;1;Z01
201800036554;1;7;0;0;2;4;2;C01
201800036554;1;7;0;0;2;1;1;A01
201800036554;1;7;0;0;2;9;2;B01
201800036555;1;10;0;0;2;3;15;A01
201800036555;1;2;0;0;2;7;17;B01
201800036556;2;32;0;0;0;8;1;A01
201800036557;1;7;0;9;2;1;1;A01
201800036557;1;7;0;14;2;4;23;B01
201800036558;1;7;0;0;1;1;15;A01
201800036559;2;7;0;0;2;3;1;B01
201800036559;2;33;0;0;2;1;19;A01
201800036560;2;7;0;12;2;1;13;A01
201800036560;1;7;0;12;2;1;1;B01
201800036561;0;10;0;0;2;7;15;B01
201800036561;0;10;0;0;2;1;1;A01
201800036562;2;33;0;6;0;1;1;A01
201800036563;2;31;0;0;2;2;1;A01
201800036563;2;10;0;0;2;8;10;B01
201800036564;1;7;0;0;2;1;1;B01
201800036564;0;7;0;0;2;6;10;A01
201800036565;1;7;0;0;1;1;1;A01
201800036566;1;34;0;0;2;7;17;B01
201800036566;1;10;0;0;2;8;13;A01
201800036567;0;7;0;0;2;1;2;B01
201800036567;0;7;0;0;2;4;1;A01
201800036568;2;7;0;0;2;3;1;A01
201800036568;2;7;0;0;2;2;1;B01
201800036569;1;10;0;0;2;4;23;B01
201800036569;1;10;0;0;2;1;1;A01
201800036570;2;7;0;0;2;3;15;B01
201800036570;2;7;0;0;2;2;21;A01
201800036571;2;32;0;0;2;1;1;B01
201800036571;1;10;0;0;2;8;1;A01
201800036572;2;7;0;0;2;1;1;A01
201800036572;2;7;0;0;2;7;1;B01
201800036573;0;7;0;0;2;1;1;A01
201800036573;0;7;0;0;2;4;2;B01
201800036573;0;7;0;0;2;4;2;C01
201800036574;1;7;0;0;1;2;1;A01
201800036575;0;7;0;0;1;1;1;A01
201800036576;1;7;0;0;2;4;2;B01
201800036576;1;7;0;0;2;1;1;A01
201800036577;0;7;0;0;2;7;15;A01
201800036577;0;33;0;0;2;1;1;B01
201800036578;1;7;0;0;1;3;1;A01
201800036579;1;7;0;0;2;4;2;B01
201800036579;1;7;0;0;2;1;1;A01
201800036580;2;7;0;0;1;3;1;A01
201800036581;1;7;0;0;2;1;1;B01
201800036581;1;7;0;0;2;8;9;A01
201800036582;2;7;0;0;2;1;1;B01
201800036582;1;7;0;0;2;1;1;A01
201800036583;2;7;0;0;2;1;1;A01
201800036583;2;7;0;0;2;4;1;B01
201800036584;1;7;0;0;1;4;23;B01
201800036584;1;10;0;0;2;1;1;A01
201800036585;2;1;0;0;2;1;1;B01
201800036585;2;7;0;0;2;5;16;Z01
201800036586;0;33;0;0;2;2;1;B01
201800036586;0;10;0;0;2;6;15;A01
201800036587;2;7;0;0;2;7;15;A01
201800036587;1;33;0;0;2;1;2;B01
201800036588;1;7;0;0;1;1;17;A01
201800036589;0;10;0;1;2;8;2;C01
201800036589;0;10;0;1;1;2;14;A01
201800036589;0;10;0;1;2;5;2;D01
201800036589;0;7;0;1;0;6;2;F01
201800036589;0;10;0;1;6;4;2;E01
201800036589;0;10;0;0;2;8;1;B01
201800036590;1;7;0;0;1;2;1;A01
201800036591;0;7;0;0;2;1;16;A01
201800036591;0;7;0;0;2;1;19;B01
201800036592;2;7;0;0;2;4;2;C01
201800036592;2;7;0;0;2;4;2;B01
201800036592;2;10;0;0;2;1;1;A01
201800036592;2;7;0;0;2;4;2;D01
201800036593;1;10;0;0;2;2;1;A01
201800036593;1;1;0;0;2;6;15;B01
201800036594;0;7;0;0;2;3;9;A01
201800036594;0;1;0;0;2;2;1;B01
201800036595;0;10;0;0;1;2;1;A01
201800036596;2;7;0;0;2;7;19;Z01
201800036596;1;31;0;0;2;1;1;A01
201800036597;0;7;0;0;2;1;10;A01
201800036597;0;7;0;0;2;1;2;B01
201800036598;2;7;0;0;1;6;1;B01
201800036599;1;3;0;0;2;1;1;A01
201800036599;2;10;0;0;2;3;1;B01
201800036600;2;7;0;0;2;8;15;B01
201800036600;2;7;0;0;2;1;17;A01
201800036601;0;10;0;0;1;3;1;A01
201800036602;1;37;10;0;2;2;1;B01
201800036602;0;7;0;0;2;3;9;A01
201800036603;2;33;0;0;2;2;11;A01
201800036603;2;7;0;0;2;3;11;B01
201800036604;1;7;0;0;1;1;1;A01
201800036605;2;7;0;1;0;3;1;B01
201800036605;2;33;0;0;2;6;1;A01
201800036606;0;7;0;0;1;1;15;A01
201800036607;2;33;0;0;2;2;17;B01
201800036607;2;7;0;0;2;3;11;A01
201800036608;2;34;0;0;2;1;1;B01
201800036608;1;7;0;0;2;8;15;A01
201800036609;2;7;0;11;0;3;1;A01
201800036610;1;10;0;0;2;4;1;B01
201800036610;1;10;0;0;2;1;1;A01
201800036611;1;7;0;0;2;3;15;A01
201800036611;1;2;0;0;2;2;1;B01
201800036612;2;7;0;0;2;2;1;A01
201800036612;2;7;0;0;2;6;15;B01
201800036613;2;33;0;0;2;1;17;A01
201800036613;2;7;0;0;2;6;2;B01
201800036614;2;7;0;0;2;3;16;B01
201800036614;2;10;0;0;2;1;1;A01
201800036615;2;10;0;0;1;2;1;A01
201800036616;0;32;0;0;2;1;1;B01
201800036616;0;10;0;0;2;3;15;A01
201800036617;2;7;0;0;1;2;14;A01
201800036618;0;7;0;0;2;1;9;A01
201800036618;0;1;0;0;2;7;1;B01
201800036619;1;7;0;0;2;5;15;A01
201800036619;2;32;0;0;2;1;1;B01
201800036620;1;30;0;0;2;1;17;B01
201800036620;1;7;0;0;2;8;15;A01
201800036621;1;1;0;0;2;4;16;B01
201800036621;1;7;0;0;9;1;1;A01
201800036622;0;7;0;0;2;1;1;C01
201800036622;0;7;0;0;2;3;9;A01
201800036622;0;7;0;0;2;1;11;B01
201800036623;0;7;0;0;2;3;1;B01
201800036623;0;34;0;0;2;5;12;A01
201800036624;1;7;0;0;2;2;19;A01
201800036624;1;7;0;0;2;3;16;B01
201800036625;0;7;0;0;2;5;2;B01
201800036625;0;99;0;0;2;1;2;Z01
201800036625;2;7;0;0;2;6;1;A01
201800036626;1;33;0;0;2;3;2;B01
201800036626;1;7;0;0;2;3;1;A01
201800036627;1;20;0;0;1;1;19;A01
201800036628;1;30;0;0;2;8;1;B01
201800036628;1;7;0;0;2;1;9;A01
201800036629;1;7;0;0;2;6;15;B01
201800036629;1;32;0;0;2;1;1;A01
201800036630;0;33;0;0;2;1;1;A01
201800036630;0;7;0;0;2;4;2;B01
201800036631;0;7;0;0;1;1;15;A01
201800036632;0;7;0;0;2;4;2;B01
201800036632;0;7;0;0;2;1;1;A01
201800036633;0;1;0;0;2;1;1;B01
201800036633;1;7;0;0;2;3;1;A01
201800036634;2;7;0;0;2;2;15;A01
201800036634;1;31;0;0;2;1;1;B01
201800036635;0;20;0;0;1;3;1;A01
201800036636;2;30;0;0;2;7;1;A01
201800036636;2;7;0;0;2;4;9;B01
201800036637;0;20;0;0;1;1;13;Z01
201800036638;2;33;0;0;2;2;17;B01
201800036638;2;3;0;0;2;3;13;A01
201800036639;2;7;0;0;1;3;1;A01
201800036640;1;1;0;0;2;8;1;B01
201800036640;1;7;0;0;2;3;15;A01
201800036641;1;10;0;0;2;2;3;A01
201800036641;1;7;0;6;2;6;1;B01
201800036642;0;7;0;0;2;3;10;B01
201800036642;0;32;0;0;2;1;1;A01
201800036643;0;30;0;0;2;1;1;A01
201800036643;0;7;0;0;2;4;2;B01
201800036644;2;7;0;0;1;1;16;A01
201800036645;1;7;0;0;2;2;13;B01
201800036645;2;7;0;0;2;2;1;A01
201800036646;2;7;0;0;1;2;16;A01
201800036647;2;10;0;0;2;3;13;A01
201800036647;2;7;0;6;2;6;16;B01
201800036648;1;7;0;0;2;1;19;A01
201800036648;1;7;0;0;2;8;19;B01
201800036649;2;7;0;1;2;4;2;B01
201800036649;2;7;0;0;2;1;1;A01
201800036650;2;33;0;0;2;1;1;A01
201800036650;1;7;0;0;2;7;15;B01
201800036651;2;7;0;0;1;3;15;A01
201800036652;2;7;0;0;2;2;1;B01
201800036652;1;7;0;0;2;3;9;A01
201800036653;1;7;0;1;0;1;1;A01
201800036654;1;30;0;0;2;2;17;A01
201800036654;1;7;0;0;2;6;1;B01
201800036655;1;7;0;1;0;2;1;A01
201800036656;1;7;0;0;1;1;1;A01
201800036657;1;2;0;0;2;1;19;B01
201800036657;1;7;0;0;2;3;1;A01
201800036658;1;7;0;0;2;3;15;A01
201800036658;1;32;0;0;2;7;1;B01
201800036659;1;7;0;0;2;4;2;C01
201800036659;1;14;0;0;2;2;1;A01
201800036659;1;7;0;0;2;4;2;B01
201800036660;2;7;0;0;2;1;15;A01
201800036660;1;7;0;0;2;3;1;B01
201800036661;1;7;0;0;2;1;1;A01
201800036661;1;7;0;0;2;4;2;B01
201800036662;2;37;30;0;2;1;1;A01
201800036662;1;30;0;0;2;1;0;B01
201800036663;2;33;0;0;2;3;21;B01
201800036663;2;10;0;0;2;1;9;A01
201800036664;1;7;0;0;2;1;13;A01
201800036664;1;7;0;0;2;1;1;B01
201800036665;2;7;0;0;2;3;15;A01
201800036665;2;33;0;0;2;2;3;B01
201800036666;2;30;0;1;0;1;14;A01
201800036667;2;7;0;14;0;1;1;A01
201800036667;2;7;0;14;2;4;1;B01
201800036667;2;7;0;14;2;4;2;C01
201800036668;2;7;0;0;1;2;16;A01
201800036669;2;7;0;0;2;2;9;B01
201800036669;2;33;0;0;2;1;1;A01
201800036670;1;7;0;0;1;4;20;A01
201800036671;2;7;0;0;2;3;15;A01
201800036671;2;33;0;0;2;2;17;B01
201800036672;1;10;0;0;2;8;15;A01
201800036672;1;99;0;7;2;2;17;B01
201800036673;2;7;0;0;2;1;1;A01
201800036673;2;7;0;0;2;4;15;B01
201800036674;2;7;0;6;2;8;9;A01
201800036674;2;7;0;0;2;2;1;B01
201800036675;2;7;0;9;0;1;9;A01
201800036676;1;7;0;0;2;3;1;B01
201800036676;2;7;0;0;2;2;1;A01
201800036677;2;7;0;0;2;2;15;B01
201800036677;1;30;0;0;2;1;1;A01
201800036678;1;1;0;0;2;5;16;B01
201800036678;1;10;0;0;2;3;15;A01
201800036679;1;7;0;1;0;7;1;B01
201800036679;2;7;0;0;2;1;9;A01
201800036680;0;99;0;0;1;2;9;A01
201800036681;1;7;0;0;1;1;1;A01
201800036682;1;7;0;0;6;6;1;A01
201800036682;1;2;0;0;2;1;1;B01
201800036683;0;7;0;0;2;4;2;B01
201800036683;0;7;0;0;2;1;1;A01
201800036684;1;10;0;0;2;2;19;B01
201800036684;1;7;0;0;2;6;1;A01
201800036685;1;7;0;0;2;4;2;B01
201800036685;1;7;0;0;2;1;1;A01
201800036686;2;7;0;1;2;2;1;A01
201800036686;1;7;0;0;2;3;15;B01
201800036687;1;7;0;0;2;7;17;A01
201800036687;1;1;0;0;2;6;1;B01
201800036688;1;33;0;0;2;4;1;B01
201800036688;1;7;0;0;2;1;1;A01
201800036689;2;7;0;0;2;4;1;B01
201800036689;0;7;0;0;2;1;15;A01
201800036690;1;7;0;0;1;1;1;A01
201800036691;1;7;0;0;2;1;1;A01
201800036691;1;7;0;13;0;4;2;B01
201800036692;0;7;0;0;2;1;1;A01
201800036692;0;7;0;0;2;7;1;B01
201800036693;0;31;0;0;0;0;1;A01
201800036694;0;7;0;0;2;1;1;A01
201800036694;0;7;0;0;2;4;2;B01
201800036695;1;7;0;0;0;9;14;A01
201800036696;1;7;0;0;2;1;1;A01
201800036696;1;7;0;0;2;4;2;B01
201800036697;2;7;0;0;2;4;2;B01
201800036697;2;10;0;0;2;1;1;A01
201800036698;0;7;0;0;0;9;0;A01
201800036699;1;7;0;6;0;4;14;A01
201800036700;0;7;0;0;2;8;1;B01
201800036700;0;33;0;0;2;8;1;A01
201800036701;1;33;0;0;0;0;1;A01
201800036702;1;7;0;6;0;1;1;A01
201800036703;0;17;0;16;0;8;4;A01
201800036704;0;10;0;14;0;1;1;A01
201800036705;0;1;0;0;2;1;1;B01
201800036705;0;7;0;0;2;8;1;A01
201800036706;1;7;0;2;2;1;1;B01
201800036706;0;7;0;2;2;1;9;A01
201800036707;0;15;0;16;0;8;13;A01
201800036708;1;7;0;0;2;1;13;A01
201800036708;1;7;0;0;2;1;1;B01
201800036709;1;7;0;15;0;3;9;A01
201800036710;2;7;0;0;2;8;1;B01
201800036710;1;7;0;0;2;3;13;A01
201800036711;2;10;0;16;0;1;1;A01
201800036712;0;7;0;0;2;1;1;A01
201800036712;0;7;0;0;2;4;2;B01
201800036713;2;2;0;0;5;1;1;A01
201800036714;2;7;0;13;0;7;13;A01
201800036715;0;7;0;0;2;1;1;A01
201800036715;0;7;0;0;2;4;2;B01
201800036716;2;7;0;0;2;1;9;A01
201800036716;0;2;0;0;2;1;9;B01
201800036717;2;2;0;0;2;2;1;A01
201800036717;1;7;0;0;2;3;9;B01
201800036718;2;7;0;0;2;4;2;B01
201800036718;2;7;0;0;2;1;1;A01
201800036719;2;7;0;0;0;9;1;A01
201800036720;2;7;0;0;0;0;1;A01
201800036721;1;1;0;9;0;5;1;A01
201800036722;2;7;0;0;2;4;2;B01
201800036722;2;7;0;0;2;1;1;A01
201800036723;1;7;0;0;1;1;1;A01
201800036724;1;33;0;0;2;1;1;B01
201800036724;1;7;0;0;2;3;19;A01
201800036725;0;99;0;0;0;0;0;Z01
201800036726;0;7;0;0;1;7;1;A01
201800036727;1;2;0;0;0;0;1;A01
201800036728;0;33;0;0;0;0;13;A01
201800036729;2;7;0;0;2;4;2;B01
201800036729;2;10;0;0;2;1;1;A01
201800036730;0;31;0;0;0;0;1;A01
201800036731;2;7;0;14;0;9;1;A01
201800036732;1;7;0;0;1;7;1;A01
201800036733;0;1;0;0;0;0;1;A01
201800036734;1;7;0;0;2;1;17;A01
201800036734;2;7;0;0;2;3;1;B01
201800036735;0;30;0;0;0;0;1;A01
201800036736;0;7;0;0;2;4;4;A01
201800036736;0;1;0;0;2;1;1;B01
201800036737;0;7;0;0;2;1;1;B01
201800036737;0;7;0;0;2;8;9;A01
201800036738;1;7;0;0;2;8;13;A01
201800036738;1;7;0;0;2;3;13;B01
201800036739;2;7;0;16;0;8;13;A01
201800036740;2;7;0;0;2;7;1;A01
201800036740;1;33;0;0;2;2;1;B01
201800036741;1;7;0;0;2;4;2;B01
201800036741;1;33;0;0;2;1;1;A01
201800036742;0;7;0;0;0;0;14;A01
201800036743;1;17;0;0;2;8;13;A01
201800036743;1;7;0;0;2;7;1;C01
201800036743;1;7;0;0;2;7;1;B01
201800036744;0;7;0;0;2;4;1;B01
201800036744;0;7;0;0;2;1;2;A01
201800036745;0;7;0;0;1;1;1;A01
201800036746;0;7;0;0;2;1;1;B01
201800036746;0;1;0;0;2;4;2;A01
201800036747;0;7;0;0;2;1;1;A01
201800036747;0;7;0;0;2;4;2;B01
201800036748;1;33;0;0;2;1;2;D01
201800036748;1;7;0;0;2;4;2;E01
201800036748;1;7;0;0;2;1;2;C01
201800036748;1;13;0;0;2;1;1;A01
201800036748;1;7;0;0;2;4;2;B01
201800036749;0;7;0;0;2;1;13;Z01
201800036749;0;7;0;0;2;3;1;A01
201800036750;0;33;0;14;0;1;1;A01
201800036751;0;7;0;14;0;0;14;A01
201800036752;0;7;0;0;2;4;4;A01
201800036752;0;7;0;0;2;1;1;B01
201800036753;0;7;0;0;1;1;1;A01
201800036754;2;15;0;0;2;2;1;C01
201800036754;2;7;0;0;2;6;1;A01
201800036754;2;7;0;0;2;1;2;B01
201800036755;0;7;0;0;2;4;2;B01
201800036755;0;7;0;0;2;1;1;A01
201800036756;0;7;0;13;0;9;1;A01
201800036757;0;1;0;0;2;1;1;B01
201800036757;0;14;0;0;2;1;9;A01
201800036758;1;7;0;0;1;1;1;A01
201800036759;2;17;0;7;0;7;14;A01
201800036760;1;7;0;0;1;3;15;B01
201800036761;1;7;0;0;1;2;21;A01
201800036762;1;7;0;0;1;1;1;A01
201800036763;2;7;0;0;2;4;1;A01
201800036763;2;7;0;0;2;5;2;B01
201800036764;0;7;0;0;2;7;16;A01
201800036764;0;34;0;0;2;3;15;B01
201800036765;0;7;0;0;2;2;19;A01
201800036765;0;7;0;0;2;3;1;B01
201800036766;0;7;0;0;2;2;1;B01
201800036766;0;1;0;0;2;1;1;A01
201800036767;0;7;0;0;2;4;1;A01
201800036767;0;7;0;0;2;1;2;B01
201800036768;0;7;0;0;2;1;1;A01
201800036768;0;7;0;0;2;4;23;C01
201800036768;0;7;0;0;2;4;23;D01
201800036768;0;7;0;0;2;4;23;B01
201800036769;1;7;0;0;2;1;1;A01
201800036769;1;7;0;0;2;4;2;B01
201800036770;1;7;0;0;1;3;1;A01
201800036771;0;7;0;0;1;2;1;A01
201800036772;0;10;0;0;2;4;2;Z01
201800036772;0;1;0;0;2;1;1;A01
201800036773;2;10;0;0;1;1;15;A01
201800036774;0;7;0;0;1;2;1;A01
201800036775;0;7;0;4;2;4;2;B01
201800036775;0;7;0;0;2;1;1;A01
201800036775;0;7;0;0;2;4;2;C01
201800036776;;7;0;;;;;Z01
201800036776;;7;0;;;;;A01
201800036777;1;7;0;0;1;4;1;A01
201800036777;1;7;0;0;2;1;2;B01
201800036778;0;7;0;0;2;4;2;B01
201800036778;0;7;0;0;2;4;1;A01
201800036778;0;7;0;0;2;1;2;Z01
201800036778;0;7;0;0;2;4;2;C01
201800036779;1;7;0;1;0;1;14;A01
201800036780;1;7;0;0;1;2;1;A01
201800036781;0;7;0;0;2;2;1;A01
201800036781;1;34;0;0;2;8;2;B01
201800036782;1;7;0;0;1;1;1;A01
201800036783;0;7;0;0;2;4;1;B01
201800036783;0;7;0;0;2;4;1;A01
201800036783;0;7;0;0;2;3;1;C01
201800036784;0;33;0;0;1;1;1;A01
201800036785;0;7;0;0;2;3;1;B01
201800036785;0;7;0;0;2;1;1;A01
201800036786;0;7;0;0;2;8;1;A01
201800036786;0;33;0;0;2;8;1;B01
201800036787;1;7;0;0;1;1;9;A01
201800036788;1;7;0;0;2;1;2;B01
201800036788;1;2;0;0;2;4;1;A01
201800036789;0;7;0;2;0;3;14;A01
201800036790;0;7;0;0;2;1;1;A01
201800036790;0;7;0;0;2;4;2;B01
201800036791;1;7;0;0;2;1;2;B01
201800036791;1;7;0;1;2;1;2;C01
201800036791;1;7;0;0;2;4;1;A01
201800036792;1;7;0;0;0;1;1;A01
201800036793;1;2;0;0;2;3;18;B01
201800036793;1;7;0;0;2;2;1;A01
201800036794;1;7;0;0;1;1;1;A01
201800036795;1;10;0;0;1;3;1;A01
201800036795;2;10;0;0;1;8;1;B01
201800036796;2;7;0;0;2;5;12;B01
201800036796;2;7;0;1;2;3;1;A01
201800036797;1;10;0;0;2;1;19;B01
201800036797;1;7;0;0;2;4;19;A01
201800036798;1;7;0;0;1;2;21;A01
201800036799;1;7;0;0;1;3;19;A01
201800036800;1;33;0;0;1;3;17;A01
201800036801;1;30;0;0;2;7;1;A01
201800036801;1;7;0;0;2;3;15;B01
201800036802;1;20;0;6;0;1;19;A01
201800036803;2;7;0;0;2;3;19;B01
201800036803;1;33;0;0;2;8;15;A01
201800036804;1;7;0;8;0;2;14;A01
201800036805;1;7;0;15;0;3;13;A01
201800036806;1;34;0;9;2;2;19;B01
201800036806;1;7;0;12;2;3;15;A01
201800036807;1;7;0;0;2;3;16;A01
201800036807;1;7;0;0;2;5;16;B01
201800036808;2;7;0;0;2;1;15;A01
201800036808;1;7;0;0;2;6;1;B01
201800036809;1;7;0;0;1;1;1;A01
201800036810;1;31;0;0;2;7;1;B01
201800036810;1;7;0;0;2;1;1;A01
201800036811;1;7;0;0;1;1;1;A01
201800036812;1;99;0;0;2;1;19;A01
201800036812;1;7;0;0;2;4;19;C01
201800036812;1;7;0;0;2;4;19;B01
201800036813;0;99;0;0;1;4;4;A01
201800036814;1;10;0;0;2;4;1;A01
201800036814;1;7;0;0;2;1;2;B01
201800036815;1;7;0;0;2;3;20;A01
201800036815;1;2;0;0;2;1;2;B01
201800036816;0;7;0;0;2;6;11;A01
201800036816;0;33;0;0;2;2;12;B01
201800036817;1;7;0;0;1;1;1;A01
201800036818;0;7;0;0;2;3;5;A01
201800036818;0;7;0;0;2;3;1;B01
201800036819;1;10;0;0;1;1;16;A01
201800036820;2;33;0;0;2;1;1;B01
201800036820;1;10;0;0;2;1;15;A01
201800036821;2;7;0;0;2;4;23;C01
201800036821;2;7;0;0;2;1;1;A01
201800036821;2;7;0;0;2;4;23;B01
201800036822;2;33;0;0;2;1;1;B01
201800036822;1;7;0;0;2;5;6;A01
201800036823;0;7;0;0;2;2;9;A01
201800036823;0;1;0;0;2;6;9;B01
201800036824;0;10;0;0;2;3;9;A01
201800036824;0;3;0;0;2;4;11;B01
201800036825;1;7;0;0;2;7;15;B01
201800036825;1;33;0;0;2;8;11;A01
201800036826;0;30;0;0;1;1;1;A01
201800036827;0;32;0;0;0;0;0;A01
201800036828;0;7;0;0;2;4;1;A01
201800036828;0;7;0;0;2;1;2;B01
201800036829;2;10;0;0;2;6;23;B01
201800036829;2;33;0;0;2;3;1;A01
201800036830;0;7;0;1;1;3;1;A01
201800036831;2;7;0;0;1;7;16;A01
201800036832;0;7;0;1;1;4;4;A01
201800036833;0;2;0;0;2;1;17;B01
201800036833;0;7;0;0;2;3;15;A01
201800036834;0;99;0;0;1;3;15;A01
201800036835;0;2;0;0;0;8;1;B01
201800036835;0;10;0;0;2;2;17;A01
201800036836;0;7;0;0;1;1;1;A01
201800036837;1;10;0;0;1;1;16;A01
201800036838;2;10;0;0;2;8;15;B01
201800036838;2;30;0;0;2;7;17;A01
201800036839;2;7;0;1;0;1;1;C01
201800036839;2;7;0;0;2;4;1;B01
201800036839;2;7;0;0;2;4;1;A01
201800036840;1;10;0;0;1;4;4;A01
201800036841;0;7;0;0;1;5;4;A01
201800036842;1;10;0;0;2;8;1;A01
201800036842;0;2;0;0;2;1;19;B01
201800036843;1;7;0;0;2;2;1;B01
201800036843;0;7;0;0;2;3;19;A01
201800036844;0;7;0;0;2;6;16;A01
201800036844;0;15;0;0;2;2;14;B01
201800036845;1;10;0;0;1;1;1;Z01
201800036846;0;7;0;0;1;2;1;A01
201800036847;0;7;0;1;0;1;14;A01
201800036848;0;7;0;1;0;2;1;A01
201800036849;0;2;0;0;0;3;13;B01
201800036849;0;7;0;0;2;2;1;A01
201800036850;0;7;0;4;0;2;14;A01
201800036851;0;10;0;0;2;8;1;B01
201800036851;0;10;0;0;2;1;1;A01
201800036852;0;7;0;0;2;4;2;B01
201800036852;0;7;0;9;2;1;21;A01
201800036853;1;10;0;12;1;2;1;A01
201800036854;0;10;0;0;2;0;11;A01
201800036854;0;33;0;0;2;0;1;B01
201800036855;0;32;0;0;2;3;1;A01
201800036855;0;7;0;0;2;4;2;C01
201800036855;0;7;0;0;2;4;2;B01
201800036856;2;10;0;0;1;1;16;A01
201800036857;1;7;0;0;2;2;1;A01
201800036857;1;7;0;0;2;1;1;B01
201800036858;1;10;0;0;1;1;19;A01
201800036859;2;1;0;0;2;1;1;B01
201800036859;2;37;10;0;2;1;1;A01
201800036860;0;10;0;0;2;3;9;A01
201800036860;0;1;0;14;2;3;3;B01
201800036861;0;7;0;0;1;1;1;A01
201800036862;0;33;0;0;1;3;14;A01
201800036863;1;32;0;0;2;1;1;A01
201800036863;1;7;0;0;2;6;1;B01
201800036864;2;7;0;1;0;2;1;A01
201800036865;1;7;0;1;0;5;4;A01
201800036865;2;7;0;0;2;1;1;C01
201800036865;1;2;0;0;2;1;1;B01
201800036866;2;7;0;0;1;3;1;A01
201800036867;0;7;0;0;2;3;15;A01
201800036867;0;1;0;0;2;3;1;B01
201800036868;0;33;0;0;2;7;1;B01
201800036868;0;3;0;0;2;8;15;A01
201800036869;0;1;0;0;2;7;1;B01
201800036869;0;7;0;0;2;1;19;A01
201800036870;0;7;0;0;1;2;1;A01
201800036871;0;7;0;0;1;1;16;A01
201800036872;0;7;0;9;2;7;1;B01
201800036872;0;7;0;0;2;1;9;A01
201800036873;0;30;0;0;1;1;1;A01
201800036874;2;7;0;0;6;8;15;A01
201800036874;2;33;0;14;2;2;17;B01
201800036875;1;99;0;0;1;1;1;Z01
201800036876;0;7;0;0;1;1;15;A01
201800036876;0;7;0;0;2;1;16;B01
201800036877;1;30;0;0;2;1;1;A01
201800036877;2;30;0;0;2;1;1;B01
201800036878;0;7;0;0;2;1;1;A01
201800036878;0;7;0;0;2;5;2;B01
201800036879;1;7;0;0;1;1;19;A01
201800036880;0;7;0;0;2;1;9;B01
201800036880;0;7;0;0;2;4;9;A01
201800036881;2;7;0;0;1;2;1;A01
201800036882;1;31;0;0;2;3;17;B01
201800036882;1;10;0;0;2;6;11;A01
201800036883;1;7;0;1;0;4;1;A01
201800036883;2;7;0;0;2;1;1;B01
201800036884;0;34;0;0;2;8;2;B01
201800036884;0;7;0;0;2;1;14;A01
201800036885;0;7;0;0;2;4;2;C01
201800036885;0;7;0;0;2;4;23;Z01
201800036885;0;7;0;0;2;4;23;B01
201800036885;0;7;0;0;2;1;2;E01
201800036885;0;7;0;0;2;1;2;D01
201800036886;0;7;0;0;2;3;1;A01
201800036886;0;7;0;0;2;3;1;B01
201800036887;1;7;0;0;2;3;13;A01
201800036887;2;7;0;0;2;3;1;B01
201800036888;0;10;0;0;1;7;1;A01
201800036889;1;7;0;0;2;0;0;H01
201800036889;1;7;0;0;2;0;0;G01
201800036889;1;7;0;0;2;4;2;B01
201800036889;1;7;0;0;2;0;0;E01
201800036889;1;7;0;0;2;0;0;F01
201800036889;1;7;0;0;2;0;0;D01
201800036889;1;7;0;1;2;9;1;A01
201800036889;1;7;0;0;2;0;0;I01
201800036890;0;7;0;0;2;8;1;B01
201800036890;0;7;0;0;2;1;9;A01
201800036891;2;7;0;0;2;2;21;B01