num_acc;senc;catv;occutc;obs;obsm;choc;manv;num_veh
201800036891;1;7;0;0;2;3;1;A01
201800036891;2;7;0;0;2;0;0;C01
201800036892;1;33;0;8;0;1;17;A01
201800036893;1;7;0;0;2;4;16;A01
201800036893;1;7;0;0;2;2;16;B01
201800036894;0;7;0;0;1;2;5;A01
201800036895;1;7;0;0;2;3;1;A01
201800036895;2;10;0;0;2;3;14;C01
201800036895;2;7;0;0;2;3;14;B01
201800036896;1;7;0;0;2;2;16;Z01
201800036896;0;99;0;0;2;0;0;R01
201800036897;1;15;0;0;2;7;21;B01
201800036897;1;31;0;0;2;8;14;A01
201800036898;2;31;0;0;2;5;9;A01
201800036899;0;99;0;0;2;0;0;R01
201800036899;2;7;0;0;2;3;19;A01
201800036900;1;33;0;12;0;1;14;A01
201800036901;1;7;0;0;2;1;13;A01
201800036901;1;7;0;0;2;3;1;B01
201800036902;1;7;0;0;2;3;1;A01
201800036902;2;7;0;0;2;3;2;B01
201800036903;1;30;0;0;2;3;13;A01
201800036903;1;7;0;0;2;8;17;B01
201800036904;0;7;0;0;1;1;0;A01
201800036905;2;30;0;0;2;4;1;B01
201800036905;2;7;0;0;2;1;1;A01
201800036906;1;7;0;0;2;1;19;A01
201800036906;0;7;0;0;2;3;24;C01
201800036906;2;34;0;0;2;1;3;B01
201800036907;1;7;0;0;2;4;23;B01
201800036907;1;7;0;0;2;4;1;A01
201800036908;1;7;0;0;2;3;13;A01
201800036908;2;7;0;0;2;8;1;B01
201800036909;2;7;0;0;2;4;2;B01
201800036909;2;7;0;0;2;1;1;A01
201800036909;2;7;0;0;2;4;2;C01
201800036910;0;7;0;0;2;3;15;B01
201800036910;0;30;0;0;2;1;17;A01
201800036911;0;7;0;0;2;2;1;A01
201800036911;1;1;0;0;2;1;2;B01
201800036912;0;7;0;0;2;3;1;B01
201800036912;0;33;0;0;2;2;9;A01
201800036913;0;7;0;0;2;4;24;B01
201800036913;1;7;0;1;0;1;1;A01
201800036914;2;7;0;0;2;2;1;A01
201800036914;2;34;0;0;2;1;1;B01
201800036915;1;30;0;0;1;1;1;Z01
201800036916;1;7;0;1;1;1;13;A01
201800036916;0;7;0;0;2;4;2;C01
201800036917;1;10;0;0;2;2;13;A01
201800036917;1;33;0;0;2;3;14;B01
201800036918;0;31;0;0;2;1;1;A01
201800036918;0;7;0;0;2;5;15;B01
201800036919;0;7;0;0;2;2;10;B01
201800036919;0;33;0;0;2;1;1;A01
201800036920;0;37;10;0;1;1;9;A01
201800036921;0;7;0;12;1;2;1;A01
201800036922;2;1;0;0;2;8;1;B01
201800036922;1;7;0;0;6;1;19;A01
201800036923;0;7;0;0;2;1;1;B01
201800036923;0;7;0;0;2;1;13;A01
201800036923;0;7;0;0;2;1;1;C01
201800036924;1;7;0;0;1;3;1;A01
201800036925;0;34;0;0;2;1;1;B01
201800036925;1;7;0;0;6;3;10;A01
201800036926;0;33;0;0;2;1;1;A01
201800036926;0;7;0;0;2;4;2;B01
201800036927;0;30;0;0;1;2;1;A01
201800036928;0;7;0;8;1;1;1;A01
201800036929;0;10;0;0;1;4;4;A01
201800036930;1;7;0;0;2;4;2;B01
201800036930;1;10;0;0;2;1;1;A01
201800036931;0;7;0;0;2;5;17;B01
201800036931;1;7;0;0;2;3;13;A01
201800036931;1;7;0;0;2;4;9;D01
201800036931;1;7;0;0;2;6;1;C01
201800036932;1;31;0;0;1;1;19;A01
201800036933;1;7;0;0;2;8;11;A01
201800036933;1;33;0;0;2;7;1;B01
201800036934;1;7;0;0;2;8;19;B01
201800036934;1;7;0;0;2;1;19;A01
201800036935;0;7;0;0;1;2;11;A01
201800036936;0;7;0;0;2;2;15;B01
201800036936;1;7;0;6;2;3;1;A01
201800036937;0;33;0;1;0;3;1;B01
201800036937;2;7;0;0;2;5;24;A01
201800036938;1;7;0;0;2;3;15;A01
201800036938;1;34;0;0;2;2;17;B01
201800036939;0;7;0;0;2;3;0;B01
201800036939;0;7;0;0;2;1;0;A01
201800036940;0;7;0;0;2;6;2;C01
201800036940;0;7;0;0;2;4;2;B01
201800036940;0;7;0;0;2;1;1;A01
201800036941;0;7;0;0;1;3;1;A01
201800036942;1;7;0;0;1;2;1;A01
201800036943;0;10;0;0;6;3;9;A01
201800036943;0;1;0;0;2;5;2;B01
201800036944;0;7;0;0;2;7;1;A01
201800036944;0;10;0;0;2;2;2;B01
201800036945;0;15;0;0;2;3;14;A01
201800036945;0;7;0;0;2;1;13;B01
201800036946;0;7;0;0;2;9;1;B01
201800036946;0;7;0;0;2;1;19;A01
201800036947;0;7;0;0;2;2;1;A01
201800036947;0;33;0;0;2;1;1;B01
201800036948;0;1;0;0;2;6;1;B01
201800036948;0;7;0;0;2;3;1;A01
201800036949;0;33;0;0;2;3;1;B01
201800036949;0;7;0;0;2;2;12;A01
201800036950;1;7;0;0;1;3;1;A01
201800036951;0;7;0;0;2;3;19;A01
201800036951;0;7;0;0;2;2;19;B01
201800036951;0;7;0;0;2;8;19;C01
201800036952;2;34;0;12;0;9;19;A01
201800036953;1;7;0;0;2;6;15;A01
201800036953;1;34;0;0;2;2;17;B01
201800036954;0;7;0;0;1;1;1;A01
201800036955;0;7;0;1;1;3;1;A01
201800036956;0;10;0;0;1;1;19;A01
201800036957;2;10;0;0;1;1;1;A01
201800036958;1;7;0;0;1;1;19;A01
201800036959;2;7;0;0;1;1;1;A01
201800036960;1;7;0;0;2;4;2;C01
201800036960;1;7;0;0;2;1;1;A01
201800036960;1;7;0;0;2;4;2;B01
201800036961;2;7;0;0;2;1;2;B01
201800036961;2;7;0;0;2;4;1;A01
201800036962;2;7;0;0;2;4;1;A01
201800036962;2;34;0;0;2;1;3;B01
201800036963;1;7;0;0;1;1;19;A01
201800036964;1;15;0;0;2;8;13;A01
201800036964;1;7;0;0;2;7;1;B01
201800036965;1;7;0;0;2;4;2;B01
201800036965;1;7;0;0;2;1;1;A01
201800036966;1;30;0;0;2;1;15;A01
201800036966;1;7;0;0;2;8;1;B01
201800036967;1;7;0;0;2;1;15;A01
201800036967;2;2;0;0;2;8;1;B01
201800036968;1;31;0;0;2;1;1;A01
201800036968;1;10;0;0;2;1;1;B01
201800036969;1;33;0;0;2;3;1;B01
201800036969;1;7;0;0;2;3;1;A01
201800036970;2;7;0;0;2;3;1;B01
201800036970;2;7;0;0;2;4;23;A01
201800036971;1;37;1;0;2;1;1;B01
201800036971;1;10;0;0;2;8;15;A01
201800036972;1;7;0;0;2;7;15;B01
201800036972;2;33;0;0;2;1;1;A01
201800036973;1;7;0;0;1;1;14;A01
201800036974;2;7;0;1;2;4;2;D01
201800036974;2;14;0;1;0;1;2;F02
201800036974;2;7;0;1;2;4;2;C01
201800036974;2;7;0;1;0;4;2;E01
201800036974;2;7;0;1;2;1;2;B01
201800036974;2;7;0;0;2;4;1;A01
201800036975;1;10;0;0;1;1;1;A01
201800036976;2;7;0;3;0;9;1;A01
201800036977;2;7;0;0;1;1;1;A01
201800036978;2;2;0;0;2;1;2;B01
201800036978;2;7;0;0;2;6;23;A01
201800036979;1;7;0;0;2;2;9;A01
201800036979;1;34;0;0;2;1;2;B01
201800036980;1;33;0;0;2;8;1;B01
201800036980;1;7;0;0;2;5;12;A01
201800036981;1;10;0;9;0;1;1;A01
201800036982;0;10;0;0;2;2;24;B01
201800036982;0;33;0;1;0;1;14;A01
201800036983;1;7;0;0;1;3;1;A01
201800036984;0;7;0;0;2;1;0;C01
201800036984;0;7;0;0;2;2;15;A01
201800036984;0;7;0;0;2;7;16;B01
201800036985;2;1;0;0;2;1;1;B01
201800036985;1;7;0;0;6;3;15;A01
201800036986;2;7;0;4;0;3;13;A01
201800036987;1;7;0;0;2;0;2;B01
201800036987;1;33;0;3;2;9;3;A01
201800036988;1;33;0;0;1;1;1;A01
201800036989;2;2;0;0;2;8;1;B01
201800036989;2;7;0;0;2;0;0;A01
201800036990;0;7;0;0;2;1;15;A01
201800036990;0;1;0;0;2;1;1;B01
201800036991;1;7;0;0;2;4;2;B01
201800036991;1;7;0;0;2;4;1;A01
201800036991;1;10;0;0;2;1;2;Z01
201800036991;1;7;0;0;2;4;2;C01
201800036992;0;7;0;4;0;1;13;A01
201800036993;1;7;0;0;2;7;1;B01
201800036993;1;31;0;0;2;8;11;A01
201800036994;1;7;0;13;0;1;1;A01
201800036995;0;7;0;0;1;4;20;A01
201800036996;2;10;0;0;1;2;16;A01
201800036997;2;7;0;0;2;2;24;C01
201800036997;1;7;0;0;2;3;20;B01
201800036997;1;33;0;0;2;1;1;A01
201800036998;1;7;0;0;2;4;1;B01
201800036998;1;7;0;0;2;1;2;Z01
201800036999;1;1;0;0;2;1;19;B01
201800036999;2;7;0;0;2;2;15;A01
201800037000;1;7;0;0;1;3;15;A01
201800037001;0;7;0;0;2;3;9;A01
201800037001;0;1;0;0;2;7;1;B01
201800037002;1;99;0;0;2;2;1;B01
201800037002;0;7;0;0;2;2;1;A01
201800037003;0;7;0;0;2;1;1;B01
201800037003;0;7;0;0;2;1;13;A01
201800037004;0;32;0;0;2;7;13;B01
201800037004;0;33;0;0;2;8;14;A01
201800037005;0;7;0;0;2;1;16;A01
201800037005;0;33;0;0;2;1;1;B01
201800037006;1;7;0;0;1;1;1;A01
201800037007;1;7;0;0;1;2;1;A01
201800037008;2;7;0;0;2;1;1;C01
201800037008;2;7;0;0;2;3;1;B01
201800037008;1;2;0;0;2;1;17;A01
201800037009;0;2;0;0;2;1;1;B01
201800037009;0;7;0;0;2;2;15;A01
201800037010;1;2;0;0;2;1;1;A01
201800037010;1;7;0;0;2;6;2;B01
201800037011;0;7;0;0;2;4;2;B01
201800037011;0;10;0;0;2;4;2;C01
201800037011;0;7;0;0;2;1;1;A01
201800037012;0;7;0;0;2;4;2;D01
201800037012;0;7;0;0;2;4;2;B01
201800037012;0;7;0;0;2;1;1;A01
201800037012;0;7;0;0;2;4;2;C01
201800037013;1;7;0;0;2;4;2;B01
201800037013;1;7;0;0;2;1;1;A01
201800037014;2;30;0;0;2;1;1;A01
201800037014;2;7;0;0;2;4;2;B01
201800037015;1;7;0;0;2;4;2;B01
201800037015;1;7;0;0;2;1;18;A01
201800037016;1;7;0;0;2;4;16;B01
201800037016;1;7;0;0;2;1;1;A01
201800037017;2;7;0;0;2;1;1;A01
201800037017;2;7;0;0;2;4;2;B01
201800037018;0;1;0;14;2;5;19;B01
201800037018;0;7;0;0;2;2;1;A01
201800037019;1;7;0;0;2;2;1;B01
201800037019;2;7;0;0;2;8;19;A01
201800037020;0;33;0;0;2;1;21;A01
201800037020;0;10;0;0;2;6;21;B01
201800037021;1;7;0;0;2;1;11;A01
201800037021;1;7;0;0;2;4;11;B01
201800037021;1;7;0;0;2;1;2;C01
201800037022;1;7;0;0;1;4;4;A01
201800037023;1;7;0;0;2;1;1;A01
201800037023;1;7;0;0;2;4;1;B01
201800037024;0;2;0;0;2;1;1;B01
201800037024;0;7;0;0;2;2;1;A01
201800037025;0;31;0;0;2;1;13;B01
201800037025;0;7;0;0;2;5;1;A01
201800037026;1;7;0;0;2;1;1;A01
201800037026;1;7;0;0;2;4;2;B01
201800037027;1;10;0;0;2;1;1;A01
201800037027;1;7;0;0;2;4;2;B01
201800037027;1;7;0;0;2;4;2;C01
201800037028;2;33;0;0;2;8;1;B01
201800037028;0;7;0;0;0;8;15;A01
201800037029;1;10;0;0;2;1;9;B01
201800037029;1;7;0;0;2;3;9;A01
201800037030;1;7;0;0;1;3;1;A01
201800037031;1;7;0;0;1;1;1;A01
201800037032;1;7;0;0;0;0;0;A01
201800037033;1;10;0;0;2;2;15;A01
201800037033;2;1;0;0;2;3;0;B01
201800037034;0;7;0;0;2;4;20;A01
201800037034;0;2;0;0;2;7;23;B01
201800037035;1;7;0;0;2;1;1;A01
201800037035;1;1;0;0;2;7;1;B01
201800037036;1;7;0;0;2;3;15;B01
201800037036;1;7;0;0;2;1;1;A01
201800037037;1;34;0;0;0;3;1;A01
201800037038;0;1;0;0;2;3;19;B01
201800037038;2;7;0;0;2;1;13;A01
201800037039;1;7;0;0;1;1;16;A01
201800037040;1;7;0;0;2;1;1;A01
201800037040;1;7;0;0;2;4;2;C01
201800037040;1;7;0;0;2;4;1;B01
201800037041;0;7;0;0;2;1;15;A01
201800037041;0;7;0;0;2;1;1;B01
201800037042;1;7;0;0;1;2;1;A01
201800037043;0;1;0;0;0;0;13;A01
201800037044;2;7;0;9;2;4;4;A01
201800037045;2;7;0;0;2;5;1;B01
201800037045;2;30;0;0;2;1;18;A01
201800037046;0;7;0;0;2;1;15;B01
201800037046;0;34;0;0;2;1;1;A01
201800037047;0;7;0;0;0;6;1;B01
201800037047;0;33;0;14;2;1;16;A01
201800037048;2;30;0;0;2;2;17;A01
201800037048;2;7;0;0;2;6;15;B01
201800037049;2;1;0;0;0;1;1;A01
201800037050;0;7;0;0;6;8;17;B01
201800037050;0;31;0;0;2;7;17;A01
201800037051;0;33;0;0;2;7;17;B01
201800037051;0;7;0;0;2;3;13;A01
201800037052;1;7;0;0;2;3;15;A01
201800037052;1;34;0;0;2;7;2;B01
201800037053;0;7;0;0;2;3;1;B01
201800037053;0;7;0;0;2;2;1;A01
201800037054;0;31;0;0;2;1;19;B01
201800037054;0;10;0;0;2;8;21;A01
201800037055;1;7;0;0;1;2;9;A01
201800037056;1;7;0;0;2;2;15;A01
201800037056;2;33;0;0;2;3;1;B01
201800037057;0;7;0;0;1;5;20;A01
201800037058;0;7;0;0;1;1;17;A01
201800037059;0;7;0;0;2;1;15;B01
201800037059;0;10;0;0;2;1;1;A01
201800037060;1;7;0;0;2;5;15;A01
201800037060;2;31;0;0;2;7;21;B01
201800037061;1;7;0;0;2;0;21;A01
201800037062;2;7;0;0;2;3;1;A01
201800037062;2;7;0;0;2;3;1;B01
201800037063;2;7;0;0;2;3;16;A01
201800037063;1;99;0;0;2;1;19;B01
201800037064;2;7;0;0;2;3;16;B01
201800037064;2;30;0;0;2;2;1;A01
201800037065;1;1;0;0;2;7;19;B01
201800037065;1;7;0;11;0;3;1;A01
201800037066;2;7;0;0;1;1;1;A01
201800037067;2;33;0;14;2;1;17;A01
201800037067;2;7;0;0;2;3;15;B01
201800037068;1;7;0;0;2;3;1;C01
201800037068;0;7;0;0;2;8;17;A01
201800037068;0;7;0;0;2;1;1;B01
201800037069;1;30;0;0;2;1;1;A01
201800037069;2;10;0;0;2;2;1;B01
201800037070;1;1;0;0;2;1;16;B01
201800037070;2;7;0;0;2;3;9;A01
201800037071;1;2;0;0;2;1;1;B01
201800037071;2;10;0;0;2;1;17;A01
201800037072;1;33;0;0;2;1;1;B01
201800037072;0;3;0;0;2;8;1;A01
201800037073;1;7;0;0;2;2;19;A01
201800037073;1;31;0;0;2;1;1;B01
201800037074;1;33;0;0;2;1;1;A01
201800037074;2;7;0;0;2;1;1;B01
201800037075;1;33;0;0;2;1;17;A01
201800037075;2;7;0;0;2;3;15;B01
201800037076;0;10;0;0;1;2;1;A01
201800037077;1;10;0;0;2;1;9;A01
201800037077;1;1;0;0;2;7;19;B01
201800037078;2;7;0;0;2;1;1;A01
201800037078;1;7;0;0;2;6;1;B01
201800037079;0;1;0;1;2;8;19;B01
201800037079;2;7;0;0;2;1;1;A01
201800037080;0;7;0;0;1;1;1;A01
201800037081;0;7;0;0;1;1;1;A01
201800037082;0;2;0;0;2;1;1;B01
201800037082;1;7;0;0;2;3;1;A01
201800037083;1;2;0;6;0;1;1;A01
201800037084;0;7;0;0;1;1;9;A01
201800037085;2;7;0;0;2;7;19;A01
201800037085;2;7;0;0;2;1;19;B01
201800037086;2;7;0;0;1;3;15;A01
201800037087;1;7;0;0;1;2;21;A01
201800037088;2;7;0;0;2;5;1;B01
201800037088;1;14;0;0;2;3;1;A01
201800037089;1;7;0;0;1;2;19;A01
201800037090;2;30;0;0;2;3;1;B01
201800037090;1;7;0;0;2;7;15;A01
201800037091;2;7;0;0;2;9;1;C01
201800037091;1;7;0;0;2;9;1;A01
201800037091;1;7;0;0;2;1;1;B01
201800037092;2;7;0;0;2;1;1;B01
201800037092;1;7;0;0;2;1;16;A01
201800037093;1;7;0;0;2;3;15;B01
201800037093;1;2;0;0;2;1;1;A01
201800037094;1;7;0;2;0;1;15;A01
201800037095;1;33;0;0;2;8;1;B01
201800037095;2;7;0;0;2;3;15;A01
201800037096;1;7;0;0;6;5;15;A01
201800037096;2;33;0;0;2;1;1;B01
201800037097;0;30;0;0;2;1;1;B01
201800037097;0;7;0;0;2;1;19;A01
201800037098;1;7;0;0;2;1;15;A01
201800037098;2;7;0;0;2;8;1;B01
201800037099;2;7;0;6;2;8;1;A01
201800037099;1;7;0;0;2;1;1;B01
201800037100;2;33;0;1;2;8;17;A01
201800037101;2;34;0;0;2;1;17;B01
201800037101;1;14;0;0;2;3;15;A01
201800037102;0;7;0;0;1;1;20;A01
201800037103;1;7;0;1;2;2;18;B01
201800037103;1;14;0;0;2;7;16;A01
201800037104;0;7;0;0;1;2;1;A01
201800037105;2;7;0;0;2;4;1;C01
201800037105;1;33;0;0;2;1;1;B01
201800037105;2;7;0;0;2;7;15;A01
201800037106;0;7;0;0;1;1;1;A01
201800037107;0;7;0;0;2;8;15;B01
201800037107;0;31;0;0;2;1;17;A01
201800037108;0;31;0;0;2;8;16;A01
201800037108;0;7;0;0;2;2;1;B01
201800037109;0;7;0;0;2;8;23;C01
201800037109;0;7;0;0;2;3;23;B01
201800037109;0;7;0;4;2;3;15;A01
201800037110;1;7;0;6;0;1;15;A01
201800037111;1;7;0;1;0;1;0;A01
201800037112;0;7;0;14;0;1;1;A01
201800037113;1;33;0;8;2;7;17;A01
201800037113;1;7;0;8;2;8;15;B01
201800037114;2;33;0;0;2;8;1;A01
201800037114;1;7;0;0;2;2;15;B01
201800037115;0;7;0;0;2;3;1;A01
201800037115;2;30;0;0;2;1;1;B01
201800037116;1;2;0;0;2;1;1;B01
201800037116;1;10;0;0;2;3;20;A01
201800037117;1;2;0;0;2;1;18;B01
201800037117;1;7;0;0;6;7;1;A01
201800037118;1;10;0;0;2;8;1;B01
201800037118;1;2;0;0;2;8;9;A01
201800037119;1;7;0;0;2;3;15;A01
201800037119;1;34;0;0;2;5;1;B01
201800037120;0;7;0;1;2;3;21;A01
201800037120;0;7;0;1;2;3;21;B01
201800037121;0;10;0;0;2;2;1;A01
201800037121;0;7;0;0;2;4;1;B01
201800037122;2;7;0;1;0;2;1;A01
201800037123;1;7;0;0;2;4;1;A01
201800037123;1;7;0;0;2;1;2;B01
201800037123;1;7;0;0;2;1;2;C01
201800037124;1;2;0;0;2;1;1;B01
201800037124;2;7;0;0;2;3;1;A01
201800037125;2;7;0;0;2;1;1;A01
201800037125;2;1;0;0;2;3;16;B01
201800037126;2;33;0;0;2;1;1;A01
201800037126;2;7;0;0;2;4;23;C01
201800037126;2;7;0;0;2;6;23;B01
201800037127;2;7;0;1;2;2;1;A01
201800037127;1;37;1;0;2;8;1;C01
201800037127;2;10;0;0;2;2;24;B01
201800037128;0;7;0;0;2;4;24;C01
201800037128;0;7;0;0;2;4;23;D01
201800037128;0;15;0;0;2;8;1;E01
201800037128;0;7;0;0;2;9;23;B01
201800037128;0;15;0;0;2;1;1;A01
201800037128;0;7;0;0;2;5;23;F01
201800037129;2;7;0;0;2;2;1;B01
201800037129;2;13;0;0;2;3;15;A01
201800037130;0;7;0;0;2;8;19;A01
201800037130;2;7;0;0;2;1;1;B01
201800037131;0;10;0;0;2;2;15;B01
201800037131;0;33;0;0;2;1;1;A01
201800037132;0;7;0;0;2;8;1;A01
201800037133;1;7;0;0;1;1;16;A01
201800037134;1;7;0;0;1;7;16;A01
201800037135;2;30;0;0;2;3;13;A01
201800037135;2;14;0;0;2;5;1;B01
201800037136;2;10;0;0;1;3;1;A01
201800037137;2;7;0;0;1;1;16;A01
201800037138;2;32;0;0;2;0;2;A01
201800037138;2;7;0;0;2;2;16;B01
201800037139;1;7;0;0;2;3;9;A01
201800037139;1;7;0;0;2;2;1;B01
201800037140;2;7;0;0;1;3;1;A01
201800037141;2;15;0;0;1;0;1;A01
201800037142;1;7;0;0;1;4;4;A01
201800037143;1;7;0;0;1;1;15;A01
201800037144;2;7;0;0;2;3;9;A01
201800037144;2;7;0;0;2;2;1;B01
201800037145;1;33;0;0;2;1;2;A01
201800037145;1;7;0;0;2;4;1;B01
201800037146;1;7;0;1;0;1;14;A01
201800037147;1;7;0;0;2;7;1;A01
201800037147;1;7;0;0;2;3;9;B01
201800037148;1;14;0;1;1;6;1;A01
201800037149;2;7;0;0;2;3;13;A01
201800037149;2;10;0;0;2;5;23;B01
201800037150;1;7;0;0;1;3;1;A01
201800037151;1;7;0;0;2;2;10;A01
201800037151;1;31;0;0;2;1;1;B01
201800037152;1;7;0;0;2;1;1;A01
201800037152;2;7;0;0;2;2;15;B01
201800037153;1;7;0;0;2;1;19;A01
201800037153;2;7;0;0;2;8;1;B01
201800037154;2;7;0;0;2;3;15;A01
201800037154;2;34;0;0;2;7;17;B01
201800037155;2;7;0;0;2;2;15;A01
201800037155;1;34;0;0;2;1;1;B01
201800037156;1;7;0;0;1;2;1;A01
201800037157;2;1;0;0;2;8;1;B01
201800037157;2;7;0;0;2;1;15;A01
201800037158;1;7;0;0;2;2;1;A01
201800037158;2;7;0;0;2;3;15;B01
201800037159;2;33;0;0;2;1;16;A01
201800037159;2;7;0;0;2;6;1;B01
201800037160;2;7;0;0;2;1;2;A01
201800037160;2;7;0;0;2;4;1;B01
201800037161;2;7;0;0;2;7;15;A01
201800037161;1;10;0;0;2;1;1;B01
201800037162;0;30;0;0;2;1;15;A01
201800037162;2;10;0;0;2;6;1;B01
201800037163;1;7;0;0;2;7;16;A01
201800037163;1;1;0;0;2;1;1;B01
201800037164;1;7;0;0;1;2;1;A01
201800037165;1;30;0;0;2;8;0;A01
201800037165;2;7;0;0;2;1;15;B01
201800037166;1;7;0;0;2;1;2;A01
201800037166;1;7;0;0;1;1;1;B01
201800037167;2;1;0;0;2;1;23;A01
201800037167;2;7;0;0;2;5;2;B01
201800037168;1;7;0;0;2;1;1;A01
201800037168;1;7;0;0;2;4;16;B01
201800037169;2;33;0;0;2;2;2;A01
201800037169;2;15;0;0;2;4;2;B01
201800037170;1;1;0;0;2;1;19;A01
201800037170;0;10;0;0;2;1;1;B01
201800037171;1;7;0;0;2;2;15;A01
201800037171;2;30;0;0;2;7;1;B01
201800037172;2;7;0;1;0;2;14;A01
201800037172;0;7;0;1;0;8;24;B01
201800037173;0;10;0;0;2;2;16;A01
201800037173;0;1;0;0;2;3;2;B01
201800037174;2;33;0;0;2;5;0;A01
201800037174;2;10;0;0;0;6;0;B01
201800037175;1;30;0;0;2;1;1;A01
201800037175;1;7;0;0;2;3;19;B01
201800037176;1;7;0;0;6;2;0;A01
201800037176;0;99;0;0;2;1;19;B01
201800037177;2;7;0;0;2;3;15;B01
201800037177;2;10;0;0;2;2;1;A01
201800037178;0;7;0;0;1;2;1;A01
201800037179;1;7;0;15;2;2;1;A01
201800037179;1;7;0;0;2;2;13;B01
201800037180;0;7;0;0;6;1;9;A01
201800037180;0;1;0;0;2;1;2;B01
201800037181;2;30;0;0;2;2;1;A01
201800037181;2;7;0;0;2;3;9;B01
201800037182;1;7;0;0;2;2;16;A01
201800037182;1;99;0;0;2;1;1;B01
201800037183;2;7;0;0;2;5;12;A01
201800037183;1;30;0;0;2;8;1;B01
201800037184;2;32;0;0;1;1;21;A01
201800037185;1;7;0;0;2;3;15;A01
201800037185;2;33;0;0;2;3;1;B01
201800037186;2;1;0;0;1;1;1;A01
201800037187;1;34;0;0;2;6;5;A01
201800037187;1;7;0;0;2;3;1;B01
201800037188;1;37;35;0;1;2;16;A01
201800037189;1;7;0;0;2;6;11;A01
201800037189;1;31;0;0;2;1;1;B01
201800037190;0;37;1;2;2;3;17;A01
201800037190;0;7;0;0;2;4;24;B01
201800037190;1;32;0;0;2;1;1;C01
201800037191;2;7;0;0;2;2;15;A01
201800037191;1;33;0;0;2;1;1;B01
201800037192;1;10;0;0;1;7;16;A01
201800037193;1;37;15;0;1;3;16;A01
201800037194;1;7;0;0;2;8;13;A01
201800037194;1;2;0;0;2;1;1;B01
201800037195;1;7;0;0;1;2;1;A01
201800037196;2;7;0;0;2;8;15;A01
201800037196;2;34;0;0;2;2;2;B01
201800037197;2;7;0;0;2;1;1;A01
201800037197;2;7;0;0;2;4;23;B01
201800037197;2;7;0;0;2;4;23;C01
201800037198;0;7;0;0;1;1;1;A01
201800037199;2;33;0;0;0;1;0;A01
201800037199;1;33;0;0;0;1;0;B01
201800037200;1;30;0;0;2;0;13;A01
201800037200;1;7;0;0;2;2;1;B01
201800037201;2;7;0;8;0;1;21;A01
201800037202;1;7;0;0;1;3;1;A01
201800037203;2;7;0;0;1;2;19;A01
201800037204;1;99;0;0;1;5;21;A01
201800037205;1;7;0;0;2;2;2;A01
201800037205;1;31;0;0;2;6;2;B01
201800037206;0;14;0;0;2;2;12;A01
201800037206;0;10;0;0;2;3;2;B01
201800037207;1;7;0;0;2;3;9;A01
201800037207;2;2;0;0;2;1;5;B01
201800037208;0;32;0;0;2;1;14;B01
201800037208;0;7;0;0;2;1;17;A01
201800037209;0;7;0;0;2;5;12;A01
201800037209;1;33;0;0;2;3;3;B01
201800037210;0;34;0;0;2;2;1;A01
201800037210;0;32;0;0;2;7;15;B01
201800037211;0;7;0;0;1;1;0;A01
201800037212;1;7;0;0;0;9;14;A01
201800037213;1;7;0;0;1;1;1;A01
201800037214;1;7;0;0;2;4;1;A01
201800037214;1;7;0;0;2;3;1;B01
201800037215;1;7;0;0;1;2;15;A01
201800037216;2;7;0;0;1;1;1;A01
201800037217;1;7;0;9;9;3;15;A01
201800037217;2;33;0;9;2;1;1;B01
201800037218;2;7;0;0;1;2;1;A01
201800037219;1;7;0;0;1;1;0;A01
201800037220;1;7;0;0;2;0;13;A01
201800037220;1;7;0;0;2;6;10;B01
201800037220;1;7;0;0;2;4;0;C01
201800037221;2;99;0;0;2;0;0;R01
201800037221;1;7;0;0;2;0;1;A01
201800037222;1;7;0;0;1;4;1;Z01
201800037223;1;33;0;0;1;1;1;A01
201800037224;1;7;0;0;2;1;15;A01
201800037224;2;33;0;0;2;1;1;B01
201800037225;1;14;0;0;2;1;2;A01
201800037225;1;7;0;0;2;4;2;B01
201800037225;1;7;0;0;2;4;1;C01
201800037226;1;34;0;9;0;1;0;A01
201800037227;2;10;0;0;1;1;1;A01
201800037228;1;7;0;0;2;7;1;A01
201800037228;1;34;0;0;2;8;1;B01
201800037229;1;7;0;0;1;2;1;A01
201800037230;2;7;0;0;1;8;0;A01
201800037231;1;7;0;0;2;8;22;A01
201800037231;1;2;0;1;0;1;1;B01
201800037232;1;10;0;0;1;1;16;A01
201800037233;1;7;0;0;2;0;24;A01
201800037233;1;30;0;1;0;8;21;B01
201800037234;1;1;0;0;1;4;15;A01
201800037235;1;7;0;0;2;6;0;A01
201800037235;2;7;0;0;2;2;0;B01
201800037236;1;7;0;0;2;3;10;A01
201800037236;1;31;0;0;2;1;1;B01
201800037237;1;30;0;1;0;1;1;A01
201800037238;1;7;0;0;2;1;15;A01
201800037238;2;1;0;0;2;1;1;B01
201800037239;1;34;0;11;0;8;1;A01
201800037240;1;7;0;0;2;2;15;A01
201800037240;1;31;0;0;2;3;16;B01
201800037241;1;7;0;0;1;1;1;A01
201800037242;1;34;0;0;2;0;0;A01
201800037243;1;7;0;0;2;5;14;A01
201800037244;2;7;0;0;0;0;15;A01
201800037244;2;31;0;1;0;1;21;B01
201800037245;1;7;0;0;2;8;15;A01
201800037245;1;30;0;0;2;1;1;B01
201800037246;2;37;0;0;2;4;1;A01