num_acc;senc;catv;occutc;obs;obsm;choc;manv;num_veh
201800037246;2;34;0;0;2;1;1;B01
201800037247;1;7;0;0;1;2;16;A01
201800037248;2;7;0;0;1;3;9;A01
201800037249;1;34;0;0;2;1;0;A01
201800037249;1;34;0;0;2;1;0;B01
201800037249;1;38;0;0;2;4;0;C01
201800037250;1;7;0;0;2;3;15;A01
201800037250;2;33;0;0;2;3;0;B01
201800037251;1;7;0;0;2;7;15;A01
201800037251;2;33;0;0;2;1;1;B01
201800037252;1;10;0;0;1;2;19;A01
201800037253;1;7;0;0;1;1;1;A01
201800037254;2;7;0;0;2;1;1;A01
201800037254;1;2;0;0;2;1;1;B01
201800037255;0;1;0;0;2;1;15;A01
201800037255;0;1;0;0;2;1;21;B01
201800037256;1;1;0;0;2;4;1;B01
201800037256;1;7;0;0;2;2;16;A01
201800037257;2;31;0;0;2;1;1;B01
201800037257;1;7;0;0;2;5;15;A01
201800037258;1;10;0;0;2;3;9;A01
201800037258;1;2;0;0;2;1;1;B01
201800037259;2;7;0;0;2;1;1;A01
201800037259;2;10;0;0;2;4;23;B01
201800037260;2;7;0;0;2;6;23;A01
201800037260;2;31;0;0;2;1;1;B01
201800037261;1;7;0;0;2;6;16;B01
201800037261;1;13;0;0;2;2;1;A01
201800037262;1;7;0;0;1;1;1;A01
201800037263;2;1;0;0;2;1;15;A01
201800037263;2;1;0;0;2;7;1;B01
201800037264;1;7;0;0;1;3;1;A01
201800037265;2;7;0;0;2;8;15;A01
201800037265;1;30;0;0;2;1;1;B01
201800037266;1;7;0;0;1;1;1;A01
201800037267;2;7;0;0;2;4;2;A01
201800037267;2;2;0;0;2;1;2;B01
201800037268;1;34;0;0;1;1;1;A01
201800037269;1;31;0;0;1;1;1;A01
201800037270;1;2;0;0;1;0;1;A01
201800037271;1;33;0;1;0;9;21;B01
201800037271;1;7;0;0;0;0;10;A01
201800037272;1;10;0;0;2;3;1;A01
201800037272;2;7;0;0;2;9;6;B01
201800037273;1;7;0;0;1;3;1;A01
201800037274;1;2;0;0;2;7;17;A01
201800037274;1;33;0;0;2;3;15;B01
201800037275;1;14;0;0;2;1;2;A01
201800037275;1;33;0;0;2;4;2;B01
201800037276;1;7;0;0;1;2;1;A01
201800037277;1;31;0;0;2;1;1;A01
201800037277;1;7;0;0;2;3;1;B01
201800037278;1;7;0;0;1;3;1;A01
201800037279;1;7;0;0;2;1;15;A01
201800037279;2;2;0;0;2;1;1;B01
201800037280;1;7;0;0;1;1;15;A01
201800037281;1;7;0;0;1;7;1;A01
201800037282;1;7;0;0;2;1;1;A01
201800037282;1;7;0;0;2;4;23;B01
201800037283;1;14;0;2;0;1;21;A01
201800037284;1;10;0;0;2;2;1;A01
201800037284;1;7;0;0;2;8;13;B01
201800037285;1;7;0;0;2;6;2;A01
201800037285;1;2;0;0;2;2;11;B01
201800037286;1;7;0;0;2;2;20;A01
201800037286;1;30;0;0;2;2;0;B01
201800037287;0;7;0;0;2;5;2;A01
201800037287;0;10;0;0;2;3;2;B01
201800037288;0;10;0;0;1;4;4;A01
201800037289;0;7;0;0;2;2;0;A01
201800037289;0;2;0;0;2;7;9;B01
201800037290;1;7;0;0;2;4;4;A01
201800037290;1;33;0;0;2;1;2;B01
201800037291;0;2;0;0;1;3;0;A01
201800037292;0;15;0;0;2;0;1;A01
201800037292;0;7;0;0;2;2;15;B01
201800037293;1;7;0;0;2;6;13;A01
201800037293;1;7;0;1;2;9;13;B01
201800037294;1;7;0;8;2;2;11;A01
201800037294;1;33;0;0;2;9;0;B01
201800037295;0;1;0;0;0;1;1;A01
201800037296;0;7;0;0;2;6;0;A01
201800037296;0;7;0;0;2;3;15;B01
201800037297;0;30;0;0;2;2;0;B01
201800037297;0;7;0;0;2;0;15;Z01
201800037298;0;7;0;0;2;4;2;A01
201800037298;0;2;0;0;2;1;1;B01
201800037299;0;7;0;0;1;0;0;A01
201800037300;0;34;0;0;1;1;1;A01
201800037301;0;7;0;0;2;1;15;A01
201800037301;0;33;0;0;2;3;2;B01
201800037302;;34;0;;;;;A01
201800037302;;7;0;;;;;B01
201800037303;0;7;0;0;1;3;15;A01
201800037304;0;7;0;0;2;0;0;A01
201800037304;0;7;0;0;2;4;0;B01
201800037305;0;7;0;0;2;3;15;A01
201800037305;0;33;0;0;2;1;0;B01
201800037306;0;7;0;0;2;1;2;A01
201800037306;0;7;0;0;2;4;2;B01
201800037307;1;7;0;0;2;7;16;A01
201800037307;1;32;0;0;2;1;0;B01
201800037308;0;15;0;0;2;6;2;A01
201800037308;0;31;0;0;2;2;2;B01
201800037309;0;7;0;0;2;1;0;B01
201800037309;0;7;0;0;2;3;1;A01
201800037310;0;7;0;0;2;8;0;A01
201800037310;0;2;0;0;2;1;12;B01
201800037311;0;13;0;0;2;8;15;A01
201800037311;1;33;0;0;2;2;2;B01
201800037312;0;20;0;1;1;0;22;A01
201800037313;0;32;0;0;2;6;1;A01
201800037313;0;7;0;0;2;0;15;Z01
201800037314;0;7;0;0;2;6;1;B01
201800037314;0;7;0;0;2;3;1;C01
201800037314;0;7;0;0;2;2;13;A01
201800037315;0;7;0;0;2;4;2;C01
201800037315;0;7;0;0;2;1;1;A01
201800037315;0;7;0;0;2;4;1;B01
201800037316;0;7;0;0;1;0;16;A01
201800037317;0;7;0;0;2;1;2;A01
201800037317;0;7;0;0;2;4;2;B01
201800037318;0;7;0;0;1;3;16;A01
201800037319;0;7;0;0;2;2;10;A01
201800037319;0;31;0;0;2;3;2;B01
201800037320;0;32;0;0;0;0;0;A01
201800037320;0;7;0;0;2;3;15;Z01
201800037321;1;7;0;0;2;3;15;A01
201800037321;0;2;0;0;2;1;1;B01
201800037322;0;7;0;0;2;2;2;A01
201800037322;0;2;0;0;2;3;1;B01
201800037323;0;7;0;0;2;5;19;A01
201800037323;0;34;0;0;2;3;21;B01
201800037324;1;7;0;0;2;6;11;A01
201800037324;1;31;0;0;2;1;1;B01
201800037325;0;30;0;0;0;0;2;A01
201800037326;0;7;0;1;2;7;14;A01
201800037327;0;33;0;0;2;0;0;B01
201800037327;0;7;0;0;2;6;0;A01
201800037328;0;7;0;0;2;1;0;A01
201800037328;0;7;0;0;2;4;0;B01
201800037329;1;7;0;0;1;1;1;A01
201800037330;0;7;0;0;0;2;1;A01
201800037330;0;33;0;0;2;1;21;B01
201800037331;0;32;0;0;2;6;15;A01
201800037331;0;31;0;0;2;3;17;B01
201800037332;0;7;0;0;1;1;1;A01
201800037333;2;7;0;8;0;1;2;A01
201800037334;0;13;0;0;2;1;0;A01
201800037334;0;13;0;0;2;4;0;B01
201800037335;0;13;0;0;2;2;15;A01
201800037335;0;13;0;0;2;3;0;B01
201800037336;0;10;0;0;2;7;20;A01
201800037336;0;34;0;1;2;8;0;B01
201800037337;0;10;0;0;2;4;0;A01
201800037337;0;7;0;0;2;1;1;B01
201800037338;1;32;0;0;2;9;0;B01
201800037338;1;7;0;0;2;8;15;A01
201800037339;0;30;0;0;1;1;0;A01
201800037340;;32;0;16;;;;A01
201800037341;1;32;0;0;2;2;2;A01
201800037341;1;1;0;0;2;3;13;B01
201800037342;0;32;0;0;1;3;1;A01
201800037343;1;7;0;0;1;1;0;A01
201800037344;2;34;0;15;0;9;14;A01
201800037345;1;7;0;0;1;1;1;A01
201800037346;1;7;0;1;2;2;21;A01
201800037347;0;99;0;0;2;0;0;R01
201800037347;1;34;0;0;2;0;2;A01
201800037348;1;7;0;1;0;2;0;A01
201800037348;1;7;0;0;2;2;0;B01
201800037349;1;7;0;0;2;8;10;A01
201800037350;1;7;0;6;1;2;14;A01
201800037351;1;7;0;0;1;1;2;A01
201800037352;1;33;0;16;9;2;21;A01
201800037353;1;7;0;0;2;4;9;A01
201800037353;1;7;0;0;2;4;1;B01
201800037354;1;7;0;0;1;2;1;A01
201800037355;1;7;0;0;1;2;14;A01
201800037356;1;7;0;0;1;1;1;A01
201800037357;1;7;0;0;2;1;23;A01
201800037357;1;34;0;0;2;4;23;B01
201800037358;1;7;0;0;1;4;24;A01
201800037359;1;99;0;0;2;0;0;R01
201800037359;1;7;0;0;2;7;4;A01
201800037360;1;7;0;4;0;1;1;A01
201800037361;0;99;0;0;2;0;0;R01
201800037361;1;7;0;0;2;2;1;A01
201800037362;1;7;0;0;1;8;2;A01
201800037363;0;99;0;0;2;0;0;R01
201800037363;1;7;0;0;2;3;1;A01
201800037364;1;7;0;0;2;1;1;B01
201800037364;1;34;0;0;2;3;15;A01
201800037365;1;7;0;0;2;1;14;A01
201800037365;1;7;0;0;2;4;1;B01
201800037365;1;7;0;0;2;4;1;C01
201800037366;1;7;0;0;2;5;1;A01
201800037366;1;7;0;0;2;1;16;B01
201800037367;2;7;0;0;2;7;15;A01
201800037367;1;2;0;0;2;1;1;B01
201800037368;1;30;0;0;2;1;1;A01
201800037368;1;7;0;0;2;3;16;B01
201800037369;0;33;0;;;;;A01
201800037370;0;7;0;8;1;1;16;A01
201800037371;0;30;0;1;0;3;0;A01
201800037372;1;99;0;0;2;4;11;B01
201800037372;1;7;0;0;2;1;1;Z01
201800037373;1;7;0;;1;;;A01
201800037374;0;33;0;15;0;1;16;B01
201800037374;0;7;0;15;0;3;15;A01
201800037375;0;7;0;0;1;4;4;A01
201800037376;1;7;0;0;2;3;11;A01
201800037376;1;7;0;0;2;2;2;B01
201800037377;1;30;0;0;2;1;1;A01
201800037377;1;10;0;0;0;7;1;B01
201800037378;2;7;0;0;2;1;2;A01
201800037378;1;7;0;0;2;4;23;B01
201800037379;1;7;0;0;1;2;2;A01
201800037380;2;10;0;0;2;3;10;A01
201800037380;2;30;0;0;2;7;1;B01
201800037381;0;7;0;0;1;3;15;A01
201800037382;0;7;0;0;2;1;0;A01
201800037382;0;7;0;0;2;8;1;B01
201800037383;2;7;0;0;2;3;0;A01
201800037383;1;7;0;0;2;1;0;B01
201800037384;1;10;0;0;1;3;19;B01
201800037385;1;33;0;1;0;3;21;A01
201800037385;1;10;0;0;2;5;24;B01
201800037386;0;7;0;0;1;1;15;A01
201800037387;1;7;0;6;2;6;16;A01
201800037387;1;37;0;6;2;1;11;B01
201800037388;1;31;0;0;1;1;16;A01
201800037389;1;7;0;0;2;1;1;A01
201800037389;1;7;0;0;2;8;16;B01
201800037390;0;99;0;0;2;0;0;R01
201800037390;2;7;0;0;2;1;0;A01
201800037391;1;7;0;0;1;4;4;A01
201800037392;1;7;0;0;2;1;1;A01
201800037392;1;7;0;0;2;4;1;B01
201800037393;1;7;0;0;2;2;1;B01
201800037393;2;7;0;0;2;8;1;C01
201800037393;1;31;0;0;1;3;17;A01
201800037394;1;31;0;0;2;7;16;A01
201800037394;1;7;0;0;2;1;1;B01
201800037395;1;7;0;0;1;1;15;A01
201800037396;1;7;0;0;1;3;15;A01
201800037397;1;7;0;0;2;2;1;A01
201800037397;1;7;0;0;2;3;15;B01
201800037398;1;7;0;0;2;1;21;A01
201800037398;1;7;0;0;2;4;1;B01
201800037399;1;7;0;0;2;3;15;A01
201800037399;1;33;0;0;2;2;1;B01
201800037400;1;7;0;0;2;3;16;A01
201800037400;1;33;0;1;2;4;1;B01
201800037401;1;7;0;0;2;3;15;A01
201800037401;1;33;0;0;2;1;1;B01
201800037402;2;7;0;0;2;3;17;A01
201800037402;2;31;0;1;2;2;13;B01
201800037403;1;1;0;0;2;1;1;A01
201800037403;2;7;0;0;2;3;1;B01
201800037404;2;33;0;0;2;1;1;B01
201800037404;1;7;0;0;2;3;15;A01
201800037405;1;31;0;1;1;1;2;A01
201800037405;1;7;0;0;2;8;24;B01
201800037406;2;7;0;0;1;1;9;A01
201800037406;2;7;0;0;2;2;21;B01
201800037407;1;2;0;0;2;1;19;A01
201800037407;2;31;0;0;2;3;16;B01
201800037408;1;7;0;0;2;3;1;B01
201800037408;1;31;0;0;2;1;17;A01
201800037409;1;37;0;0;1;2;1;A01
201800037410;1;7;0;9;2;3;1;B01
201800037410;1;7;0;0;2;2;19;A01
201800037411;1;7;0;0;2;3;15;A01
201800037411;2;31;0;12;1;3;1;B01
201800037412;1;7;0;0;2;2;16;A01
201800037412;1;2;0;0;2;1;13;B01
201800037413;1;7;0;0;2;6;18;B01
201800037413;1;13;0;0;2;4;4;A01
201800037414;1;7;0;0;2;3;15;A01
201800037414;2;33;0;1;2;1;2;B01
201800037415;1;7;0;0;2;7;10;A01
201800037415;2;7;0;0;2;3;2;B01
201800037416;1;7;0;0;1;1;1;A01
201800037417;2;7;0;1;1;2;21;A01
201800037418;1;7;0;0;2;8;10;A01
201800037418;1;31;0;0;2;1;17;B01
201800037419;1;7;0;0;9;3;21;A01
201800037419;1;33;0;0;2;7;1;B01
201800037420;2;1;0;0;2;1;2;B01
201800037420;1;3;0;0;2;3;15;A01
201800037421;1;7;0;0;1;1;1;A01
201800037422;2;7;0;0;9;2;1;A01
201800037422;2;1;0;0;2;3;2;B01
201800037423;1;7;0;0;1;1;1;A01
201800037424;2;7;0;1;0;1;1;A01
201800037425;1;7;0;0;1;5;0;A01
201800037426;1;7;0;0;2;1;1;A01
201800037426;1;7;0;0;2;9;1;B01
201800037426;1;7;0;0;2;4;1;C01
201800037427;1;1;0;0;9;8;0;B01
201800037427;1;7;0;0;9;4;4;A01
201800037428;1;7;0;0;2;5;23;B01
201800037428;1;33;0;1;2;1;18;A01
201800037429;1;33;0;0;2;1;1;B01
201800037429;1;31;0;0;2;6;13;A01
201800037430;2;33;0;0;1;1;1;A01
201800037431;1;7;0;0;2;3;13;A01
201800037431;1;33;0;0;2;7;17;B01
201800037432;1;7;0;0;2;2;19;B01
201800037432;1;33;0;0;2;1;7;A01
201800037433;2;10;0;0;9;3;1;B01
201800037433;1;1;0;0;2;7;1;A01
201800037434;1;7;0;0;1;2;16;A01
201800037435;2;10;0;0;2;1;2;A01
201800037435;2;7;0;0;2;4;2;B01
201800037435;2;7;0;0;1;1;1;C01
201800037436;2;31;0;0;2;1;9;B01
201800037436;2;10;0;0;2;8;10;A01
201800037437;1;7;0;0;2;3;1;B01
201800037437;2;7;0;0;2;6;15;A01
201800037438;1;7;0;0;9;2;15;A01
201800037438;1;1;0;0;2;4;15;B01
201800037439;2;7;0;0;2;1;2;A01
201800037439;2;7;0;0;2;4;2;B01
201800037439;2;7;0;0;2;4;2;C01
201800037440;1;34;0;0;1;1;15;A01
201800037441;1;7;0;1;0;2;16;A01
201800037441;1;31;0;1;2;3;18;B01
201800037442;1;33;0;0;2;3;18;A01
201800037442;1;7;0;0;2;5;14;B01
201800037443;1;7;0;0;2;1;15;A01
201800037443;1;33;0;0;2;1;2;B01
201800037444;2;7;0;0;2;5;16;B01
201800037444;2;32;0;0;2;3;7;A01
201800037445;1;7;0;0;2;1;16;B01
201800037445;2;33;0;0;2;1;5;A01
201800037446;1;7;0;0;2;3;22;A01
201800037446;1;31;0;15;0;5;17;B01
201800037447;1;7;0;0;2;3;2;A01
201800037447;1;33;0;0;2;2;17;B01
201800037448;1;7;0;0;1;1;15;A01
201800037449;2;7;0;0;2;2;16;A01
201800037449;2;33;0;0;2;3;16;B01
201800037450;1;10;0;0;2;2;1;A01
201800037450;1;7;0;0;9;0;0;B01
201800037451;1;7;0;0;1;7;1;A01
201800037452;1;7;0;0;2;3;10;A01
201800037452;1;31;0;0;2;3;1;B01
201800037453;1;7;0;0;2;8;22;A01
201800037453;1;37;0;1;0;2;1;B01
201800037454;1;31;0;0;1;1;1;A01
201800037455;1;7;0;0;2;1;9;A01
201800037455;1;31;0;0;2;1;17;B01
201800037456;1;7;0;0;2;2;19;A01
201800037456;1;33;0;0;2;1;1;B01
201800037457;1;7;0;0;1;2;1;A01
201800037458;1;34;0;0;2;1;17;A01
201800037458;1;7;0;0;2;8;10;B01
201800037459;2;7;0;0;9;2;22;A01
201800037459;2;1;0;0;2;1;2;B01
201800037460;2;33;0;0;2;1;2;A01
201800037460;2;7;0;0;2;4;2;B01
201800037461;2;7;0;0;2;3;10;A01
201800037461;2;7;0;0;2;2;1;B01
201800037462;1;10;0;0;2;4;20;A01
201800037462;1;34;0;0;2;1;21;B01
201800037463;2;7;0;0;2;2;17;A01
201800037463;2;2;0;0;2;1;1;B01
201800037464;2;7;0;0;2;8;15;A01
201800037464;1;31;0;0;2;2;17;B01
201800037465;2;7;0;0;2;8;22;A01
201800037465;2;32;0;1;0;1;21;B01
201800037466;2;7;0;0;2;2;15;A01
201800037466;2;31;0;0;2;1;21;B01
201800037467;2;32;0;0;9;7;1;B01
201800037467;1;2;0;;0;2;12;A01
201800037468;2;33;0;0;2;8;8;B01
201800037468;1;3;0;0;2;1;15;A01
201800037469;1;32;0;0;1;3;21;A01
201800037470;1;32;0;14;0;1;1;A01
201800037470;1;32;0;0;2;4;1;B01
201800037471;1;38;0;0;1;1;1;A01
201800037472;0;7;0;0;1;3;15;A01
201800037473;1;7;0;0;2;1;15;A01
201800037473;1;2;0;0;2;1;1;B01
201800037474;1;7;0;1;1;3;0;A01
201800037475;2;31;0;12;0;8;0;A01
201800037476;1;33;0;0;2;7;15;A01
201800037476;2;7;0;0;2;2;1;B01
201800037477;1;10;0;0;1;3;15;A01
201800037478;1;30;0;0;2;1;0;A01
201800037478;0;7;0;0;2;3;0;B01
201800037479;2;7;0;0;2;8;9;A01
201800037479;1;1;0;0;2;8;9;B01
201800037480;1;7;0;0;2;3;0;B01
201800037480;1;7;0;0;2;2;15;A01
201800037481;1;7;0;0;1;8;15;A01
201800037482;1;7;0;0;1;1;9;A01
201800037483;2;7;0;0;2;3;1;B01
201800037483;1;10;0;0;2;2;19;A01
201800037484;2;1;0;0;2;1;1;B01
201800037484;1;10;0;0;2;5;4;A01
201800037485;1;3;0;0;2;3;1;A01
201800037485;1;7;0;1;2;6;1;B01
201800037486;0;3;0;0;2;3;0;A01
201800037486;1;99;0;0;2;1;0;B01
201800037487;1;32;0;0;2;6;17;A01
201800037487;1;7;0;0;2;6;23;B01
201800037488;1;7;0;0;2;1;15;A01
201800037488;1;32;0;0;2;1;1;B01
201800037489;1;7;0;0;1;3;1;A01
201800037490;1;7;0;0;1;4;20;A01
201800037491;1;7;0;0;1;3;16;A01
201800037492;1;7;0;0;2;2;10;A01
201800037492;2;34;0;0;2;3;1;B01
201800037493;1;33;0;0;2;1;1;B01
201800037493;1;7;0;0;2;0;0;A01
201800037494;1;7;0;0;2;0;0;A01
201800037494;2;2;0;0;2;1;1;B01
201800037495;1;7;0;0;2;5;23;B01
201800037495;1;34;0;14;0;1;0;A01
201800037496;1;7;0;8;2;1;15;A01
201800037496;1;34;0;0;2;8;1;B01
201800037497;1;32;0;0;2;1;1;B01
201800037497;1;7;0;0;2;7;1;A01
201800037498;2;10;0;0;1;2;15;A01
201800037499;2;7;0;0;2;3;15;A01
201800037499;1;1;0;0;2;8;1;B01
201800037500;0;7;0;0;1;1;0;A01
201800037501;2;30;0;0;1;1;1;A01
201800037502;1;99;0;0;1;1;1;A01
201800037503;2;32;0;0;1;1;21;A01
201800037504;1;30;0;0;2;1;19;A01
201800037504;2;7;0;0;2;8;19;B01
201800037505;1;1;0;0;2;7;19;A01
201800037505;1;7;0;0;2;1;1;B01
201800037506;1;7;0;0;1;3;15;A01
201800037507;2;7;0;0;2;6;15;A01
201800037507;1;33;0;0;2;2;17;B01
201800037508;1;7;0;0;2;2;14;A01
201800037508;1;32;0;0;2;6;16;B01
201800037509;1;7;0;0;2;3;17;A01
201800037509;2;7;0;0;2;1;1;B01
201800037510;1;10;0;0;1;1;15;A01
201800037511;1;33;0;0;0;8;15;A01
201800037512;2;7;0;0;1;3;1;A01
201800037513;0;7;0;0;2;1;2;A01
201800037513;0;33;0;0;2;4;1;B01
201800037514;1;7;0;0;2;7;21;A01
201800037514;1;31;0;0;2;8;17;B01
201800037515;1;10;0;0;2;4;23;A01
201800037515;1;2;0;0;2;1;2;B01
201800037516;2;7;0;0;2;2;10;A01
201800037516;2;30;0;0;2;8;1;B01
201800037517;1;10;0;0;2;3;21;A01
201800037517;1;7;0;0;2;5;23;B01
201800037518;1;7;0;0;1;2;15;A01
201800037519;1;2;0;0;2;3;1;B01
201800037519;1;7;0;0;2;1;1;A01
201800037520;1;3;0;1;2;1;1;B01
201800037520;1;30;0;1;2;1;1;A01
201800037521;1;10;0;0;2;3;9;A01
201800037521;2;2;0;0;2;1;9;B01
201800037522;1;7;0;0;1;1;15;A01
201800037523;1;7;0;0;2;2;19;A01
201800037523;1;33;0;0;2;3;19;B01
201800037524;2;7;0;0;2;3;13;A01
201800037524;0;99;0;0;2;8;19;B01
201800037525;1;7;0;0;2;6;21;A01
201800037525;1;33;0;0;2;1;1;B01
201800037526;2;34;0;0;2;1;17;A01
201800037526;1;7;0;0;2;6;15;B01
201800037527;2;7;0;0;2;2;1;A01
201800037527;0;7;0;0;2;3;15;B01
201800037528;1;7;0;0;1;2;1;A01
201800037529;2;7;0;0;2;1;15;A01
201800037529;1;30;0;0;2;1;1;B01
201800037530;2;10;0;0;1;1;0;A01
201800037531;1;30;0;0;1;1;17;A01
201800037532;1;20;0;0;1;1;17;A01
201800037533;1;32;0;0;1;1;17;A01
201800037534;1;30;0;0;1;0;0;A01
201800037535;1;7;0;0;1;2;12;A01
201800037536;1;7;0;0;1;1;15;A01
201800037537;2;30;0;0;2;3;18;A01
201800037537;2;7;0;0;2;2;16;B01
201800037538;1;7;0;0;2;5;15;A01
201800037538;2;2;0;0;2;1;1;B01
201800037539;1;7;0;0;2;3;15;A01
201800037539;1;2;0;0;2;3;1;B01
201800037540;1;33;0;0;1;3;1;A01
201800037541;2;31;0;0;2;1;1;B01
201800037541;1;7;0;0;2;5;15;A01
201800037542;2;7;0;14;0;3;13;A01
201800037543;1;7;0;0;1;3;19;A01
201800037544;1;7;0;0;1;3;1;A01
201800037545;1;1;0;0;2;7;19;B01
201800037545;1;10;0;0;2;1;16;A01
201800037546;1;7;0;0;2;2;1;A01
201800037546;1;33;0;0;2;3;15;B01
201800037547;1;10;0;0;1;7;16;A01
201800037548;1;7;0;0;2;8;17;A01
201800037548;1;33;0;0;2;8;17;B01
201800037549;1;10;0;0;1;5;4;A01
201800037550;1;33;0;0;2;8;2;B01
201800037551;1;7;0;0;2;1;13;A01
201800037551;1;7;0;0;2;8;19;B01
201800037552;1;10;0;0;2;8;1;B01
201800037552;1;30;0;0;2;1;15;A01
201800037553;1;7;0;0;2;3;2;A01
201800037553;1;31;0;0;2;7;9;B01
201800037554;1;7;0;0;2;8;2;A01
201800037554;1;33;0;0;2;2;17;B01
201800037555;0;7;0;0;2;3;15;A01
201800037555;0;33;0;0;2;1;1;B01
201800037556;1;7;0;0;1;2;1;A01
201800037557;1;13;0;0;1;1;1;A01
201800037558;0;7;0;0;2;3;15;A01
201800037558;0;33;0;0;2;1;2;B01
201800037559;2;10;0;0;2;3;15;A01
201800037559;1;31;0;0;2;1;1;B01
201800037560;2;10;0;0;2;2;12;A01
201800037560;2;31;0;0;2;8;1;B01
201800037561;2;10;0;1;0;7;14;A01
201800037562;0;99;0;0;2;0;0;R01
201800037562;2;10;0;0;2;4;4;A01
201800037563;2;10;0;0;2;1;1;B01
201800037563;1;10;0;8;2;8;1;A01
201800037564;2;7;0;0;2;3;15;A01
201800037564;2;7;0;0;2;6;4;B01
201800037565;1;34;0;0;0;0;15;A01
201800037566;1;7;0;0;2;7;9;A01
201800037566;1;31;0;0;2;1;1;B01
201800037567;2;10;0;8;0;1;13;A01
201800037568;1;10;0;0;2;2;15;A01
201800037568;1;1;0;0;2;1;1;B01
201800037569;2;7;0;0;2;3;16;A01
201800037569;1;7;0;0;2;2;1;B01
201800037570;1;10;0;0;1;7;1;A01
201800037571;1;7;0;0;1;2;1;A01
201800037572;1;31;0;14;0;1;21;A01
201800037573;2;7;0;0;2;7;15;A01
201800037573;2;33;0;0;2;3;7;B01
201800037573;1;7;0;0;2;1;8;C01
201800037574;1;34;0;0;2;1;1;A01
201800037574;1;7;0;0;2;4;1;B01
201800037575;2;33;0;0;1;0;17;A01
201800037576;1;7;0;0;2;0;15;A01
201800037576;2;7;0;0;2;7;7;B01
201800037577;1;7;0;0;1;0;16;A01
201800037578;1;10;0;0;1;1;1;A01
201800037579;1;10;0;0;1;4;4;A01
201800037580;2;10;0;0;1;1;1;A01
201800037581;2;7;0;0;2;8;10;A01
201800037581;2;34;0;0;2;1;1;B01
201800037582;1;32;0;0;1;0;7;A01
201800037583;1;7;0;0;2;0;7;B01
201800037583;1;7;0;0;2;0;7;A01
201800037584;2;34;0;3;0;7;1;A01
201800037585;2;10;0;0;2;1;2;A01
201800037585;2;10;0;0;2;4;2;B01
201800037586;1;7;0;0;1;0;7;A01
201800037587;1;7;0;0;1;3;7;A01
201800037588;1;10;0;0;2;2;15;A01
201800037588;2;2;0;0;2;1;1;B01
201800037589;2;7;0;0;2;2;15;A01
201800037589;1;31;0;0;2;1;2;B01
201800037590;1;7;0;0;2;3;13;A01
201800037590;1;31;0;0;2;2;17;B01
201800037591;1;7;0;0;9;8;24;A01
201800037591;1;99;0;1;0;1;7;B01
201800037592;2;99;0;8;0;1;2;A01
201800037593;2;10;0;0;2;7;15;A01
201800037593;1;33;0;0;2;1;1;B01
201800037594;1;33;0;0;1;1;2;A01
201800037595;2;7;0;0;2;2;15;A01
201800037595;2;31;0;0;2;1;2;B01
201800037596;1;10;0;0;2;7;15;A01
201800037596;2;31;0;0;2;1;1;B01
201800037597;1;31;0;1;0;1;1;A01
201800037598;2;7;0;0;2;8;19;A01
201800037598;1;33;0;0;2;1;17;B01
201800037599;2;7;0;0;2;6;1;B01
201800037599;2;33;0;0;2;1;2;A01
201800037600;1;7;0;8;2;1;7;A01
201800037600;1;7;0;0;2;4;7;B01
201800037600;1;7;0;0;2;4;7;C01
201800037601;2;10;0;0;2;7;1;A01
201800037601;1;10;0;0;2;1;1;B01
201800037602;0;99;0;0;2;0;0;R01
201800037602;2;10;0;0;2;3;1;A01
201800037603;2;7;0;0;2;7;1;B01
201800037603;2;7;0;0;2;1;1;A01
201800037604;2;7;0;0;1;5;20;A01
201800037605;2;7;0;1;0;1;15;A01
201800037606;2;33;0;0;2;2;1;A01
201800037606;2;7;0;0;2;4;9;B01
201800037607;1;7;0;0;2;8;9;A01
201800037607;2;31;0;0;2;1;7;B01
201800037608;1;7;0;0;1;1;1;A01
201800037609;2;7;0;0;1;1;2;A01
201800037610;1;1;0;0;2;1;2;B01
201800037610;2;7;0;0;2;1;15;A01
201800037611;1;10;0;0;2;1;2;A01
201800037611;1;7;0;0;2;4;2;B01
201800037612;1;10;0;0;2;4;4;A01
201800037612;1;10;0;0;2;1;24;B01
201800037613;1;7;0;0;2;3;22;A01
201800037613;1;2;0;0;2;1;1;B01
201800037614;2;30;0;0;2;1;7;A01
201800037614;2;10;0;0;2;8;15;B01
201800037615;2;7;0;0;2;7;15;A01
201800037615;1;7;0;0;2;1;2;B01
201800037616;1;38;0;0;2;1;1;B01
201800037616;1;32;0;0;2;3;1;A01
201800037617;2;30;0;0;2;7;14;A01
201800037617;2;32;0;0;2;8;13;B01
201800037618;1;7;0;0;1;4;4;A01
201800037619;2;7;0;0;2;1;15;A01
201800037619;1;33;0;0;2;1;1;B01
201800037620;1;7;0;12;0;3;1;A01
201800037621;2;34;0;0;9;1;7;A01
201800037621;2;1;0;0;2;4;7;B01
201800037622;1;7;0;0;2;0;7;A01
201800037622;1;1;0;0;2;7;19;B01
201800037623;2;7;0;0;1;2;1;A01
201800037624;2;7;0;0;2;1;7;A01
201800037624;2;37;0;0;2;8;16;B01
201800037624;1;7;0;0;2;1;8;C01
201800037625;2;33;0;0;2;1;2;A01