num_acc;senc;catv;occutc;obs;obsm;choc;manv;num_veh
201800037625;2;7;0;0;2;4;2;B01
201800037626;1;7;0;0;2;7;15;A01
201800037626;2;7;0;0;2;2;1;B01
201800037627;2;10;0;0;2;2;16;A01
201800037627;1;32;0;0;2;3;16;B01
201800037628;2;7;0;0;2;2;17;A01
201800037628;2;1;0;0;2;3;1;B01
201800037629;2;37;43;0;1;2;16;A01
201800037630;1;7;0;0;1;3;2;A01
201800037631;1;10;0;0;2;2;15;A01
201800037631;2;2;0;0;2;1;1;B01
201800037632;1;7;0;0;2;1;2;A01
201800037632;0;7;0;0;2;1;2;B01
201800037633;0;10;0;0;2;1;2;A01
201800037633;0;31;0;0;2;4;2;B01
201800037634;2;7;0;0;2;1;1;A01
201800037634;1;1;0;0;2;8;15;B01
201800037635;2;7;0;0;2;2;15;A01
201800037635;1;7;0;0;2;3;1;B01
201800037636;2;7;0;0;1;1;0;A01
201800037637;1;1;0;0;2;1;2;A01
201800037637;1;7;0;0;2;4;0;B01
201800037638;2;7;0;4;0;1;1;A01
201800037639;1;7;0;0;2;3;21;A01
201800037639;2;2;0;0;2;1;13;B01
201800037640;1;7;0;0;2;3;15;A01
201800037640;1;33;0;1;2;1;1;B01
201800037641;0;7;0;0;2;7;15;A01
201800037641;0;31;0;0;2;2;1;B01
201800037642;1;33;0;0;2;1;9;A01
201800037642;1;31;0;0;2;7;1;B01
201800037643;0;10;0;1;0;1;1;A01
201800037644;1;7;0;0;2;6;2;A01
201800037644;1;33;0;0;2;1;2;B01
201800037645;2;7;0;0;2;7;15;A01
201800037645;1;34;0;0;2;1;1;B01
201800037646;2;7;0;0;1;2;15;A01
201800037647;1;7;0;0;1;1;1;A01
201800037648;1;31;0;0;2;1;1;A01
201800037648;1;7;0;0;2;2;1;B01
201800037649;1;37;10;0;1;2;16;A01
201800037650;1;30;0;0;2;1;1;B01
201800037650;2;7;0;0;2;6;15;A01
201800037651;1;7;0;0;2;2;2;B01
201800037651;1;7;0;0;2;3;2;A01
201800037652;2;7;0;0;2;1;5;A01
201800037652;1;7;0;0;2;1;1;B01
201800037652;1;7;0;0;2;1;1;C01
201800037653;2;7;0;0;2;1;1;A01
201800037653;1;7;0;0;2;1;1;B01
201800037654;1;32;0;4;0;1;2;A01
201800037655;0;7;0;0;2;2;15;A01
201800037655;1;33;0;0;2;1;2;B01
201800037656;1;2;0;0;2;1;2;A01
201800037656;1;7;0;0;2;4;2;B01
201800037657;1;7;0;0;1;1;15;A01
201800037658;1;7;0;0;6;8;15;A01
201800037658;1;1;0;0;2;8;0;B01
201800037659;2;7;0;0;2;3;15;B01
201800037659;2;37;1;0;2;2;2;A01
201800037660;1;7;0;0;1;1;1;A01
201800037661;2;7;0;0;2;1;0;A01
201800037661;1;7;0;0;2;2;21;B01
201800037662;1;7;0;4;0;1;1;A01
201800037663;1;34;0;0;2;1;13;A01
201800037663;2;7;0;0;2;2;15;B01
201800037664;1;7;0;0;2;6;2;A01
201800037664;1;33;0;0;2;7;2;B01
201800037665;1;7;0;0;2;2;2;A01
201800037665;1;30;0;0;2;3;9;B01
201800037666;2;7;0;0;2;2;15;A01
201800037666;1;2;0;0;2;0;2;B01
201800037667;2;10;0;0;2;5;20;A01
201800037667;2;1;0;0;2;1;1;B01
201800037668;1;10;0;0;2;2;16;A01
201800037668;1;30;0;0;2;1;1;B01
201800037669;2;32;0;1;0;1;21;A01
201800037669;2;7;0;0;2;4;24;B01
201800037670;2;7;0;0;2;2;15;A01
201800037670;2;32;0;0;2;1;0;B01
201800037671;1;37;0;0;1;5;16;A01
201800037672;2;37;0;0;1;2;15;A01
201800037673;2;7;0;0;1;1;1;A01
201800037674;1;7;0;0;1;1;1;A01
201800037675;2;7;0;0;1;1;1;A01
201800037676;2;7;0;0;1;3;15;A01
201800037677;1;32;0;0;2;8;1;B01
201800037677;1;7;0;0;2;3;16;A01
201800037678;2;7;0;0;2;6;1;B01
201800037678;1;30;0;0;2;1;1;A01
201800037679;2;30;0;0;2;8;16;A01
201800037679;2;33;0;0;2;7;16;B01
201800037680;1;10;0;0;2;8;13;A01
201800037680;1;33;0;0;2;7;1;B01
201800037681;1;1;0;0;2;7;1;B01
201800037681;1;7;0;0;2;1;10;Z01
201800037682;1;7;0;16;0;1;1;A01
201800037682;2;10;0;0;2;5;21;B01
201800037683;1;33;0;0;1;1;17;A01
201800037683;1;10;0;0;2;3;1;B01
201800037684;1;7;0;9;2;1;1;A01
201800037684;1;7;0;0;2;1;1;B01
201800037685;1;7;0;1;0;2;1;A01
201800037686;1;32;0;0;2;1;1;A01
201800037686;1;7;0;0;2;8;15;B01
201800037687;2;10;0;0;2;1;15;A01
201800037687;1;33;0;0;2;8;1;B01
201800037688;1;1;0;0;2;4;1;A01
201800037688;1;10;0;0;2;1;1;B01
201800037688;1;7;0;0;2;1;1;C01
201800037689;1;7;0;0;2;0;20;A01
201800037689;1;1;0;0;2;2;1;B01
201800037690;1;32;0;0;2;8;14;A01
201800037690;1;7;0;0;2;7;1;B01
201800037690;1;14;0;0;2;0;1;C01
201800037691;1;7;0;0;2;8;1;A01
201800037691;1;7;0;0;2;8;1;B01
201800037692;1;7;0;0;2;4;1;A01
201800037692;1;30;0;0;2;1;1;B01
201800037693;1;32;0;0;2;1;2;A01
201800037693;1;7;0;0;2;2;16;B01
201800037693;2;7;0;0;2;3;0;C01
201800037694;1;7;0;0;2;2;20;A01
201800037694;1;30;0;0;2;8;1;B01
201800037695;1;7;0;0;2;3;1;A01
201800037695;2;1;0;0;2;7;1;B01
201800037696;1;7;0;0;2;3;10;A01
201800037696;1;31;0;0;2;7;2;B01
201800037697;2;7;0;0;2;2;16;A01
201800037697;2;32;0;0;2;8;1;B01
201800037698;1;7;0;0;1;3;1;A01
201800037699;1;30;0;0;0;7;1;A01
201800037700;1;34;0;0;2;7;3;A01
201800037700;1;1;0;0;2;8;7;B01
201800037701;2;10;0;0;1;4;20;A01
201800037702;2;7;0;0;2;1;15;A01
201800037702;1;2;0;0;2;1;1;B01
201800037703;1;7;0;0;2;4;1;A01
201800037703;1;7;0;0;2;1;2;B01
201800037704;1;7;0;0;2;4;2;A01
201800037704;1;7;0;0;2;1;2;B01
201800037704;1;7;0;0;2;1;2;C01
201800037705;1;7;0;1;0;1;1;A01
201800037706;2;7;0;0;2;7;15;A01
201800037706;1;32;0;0;2;1;1;B01
201800037707;2;33;0;0;2;7;16;A01
201800037707;2;34;0;0;2;3;1;B01
201800037708;1;7;0;0;0;0;16;A01
201800037708;1;1;0;0;0;0;1;B01
201800037709;2;7;0;0;1;2;9;A01
201800037710;2;7;0;0;2;1;0;A01
201800037710;1;33;0;0;2;1;1;B01
201800037711;2;32;0;0;2;7;17;A01
201800037711;2;7;0;0;2;8;1;B01
201800037712;1;7;0;0;2;8;1;A01
201800037712;1;33;0;0;2;0;2;B01
201800037713;2;33;0;0;2;8;1;A01
201800037713;2;7;0;0;2;1;15;B01
201800037714;1;10;0;0;2;1;1;A01
201800037714;2;7;0;0;2;5;15;B01
201800037715;2;7;0;0;1;2;1;A01
201800037716;2;1;0;0;2;1;1;A01
201800037716;1;7;0;0;2;3;1;B01
201800037717;1;33;0;0;2;7;2;A01
201800037717;1;33;0;0;2;8;2;B01
201800037718;1;7;0;0;1;1;1;Z01
201800037719;2;7;0;0;2;4;9;A01
201800037719;2;7;0;0;2;1;9;B01
201800037720;2;14;0;0;2;1;9;A01
201800037720;2;7;0;0;2;8;1;B01
201800037721;2;1;0;0;2;4;15;B01
201800037721;2;7;0;0;2;1;1;A01
201800037722;1;7;0;0;1;3;15;A01
201800037723;1;99;0;0;2;0;0;A01
201800037723;2;32;0;0;2;0;1;B01
201800037724;1;7;0;0;2;3;22;A01
201800037724;1;1;0;0;2;7;1;B01
201800037725;2;33;0;0;2;1;1;A01
201800037725;2;7;0;0;2;6;16;B01
201800037726;2;33;0;0;2;0;1;A01
201800037726;1;99;0;0;2;0;0;Z01
201800037727;2;7;0;0;2;1;1;B01
201800037727;1;7;0;0;2;8;15;A01
201800037728;1;7;0;0;2;5;1;A01
201800037728;1;32;0;0;2;8;11;B01
201800037729;2;34;0;0;0;8;1;A01
201800037730;1;30;0;0;1;2;1;A01
201800037731;2;7;0;0;1;3;16;A01
201800037732;2;7;0;0;1;3;7;A01
201800037733;2;33;0;0;2;1;1;B01
201800037733;2;7;0;0;2;0;0;Z01
201800037734;2;33;0;0;2;4;15;A01
201800037734;2;33;0;0;2;7;1;B01
201800037735;2;7;0;0;1;1;1;A01
201800037736;1;34;0;0;1;2;1;A01
201800037736;2;7;0;0;2;3;1;B01
201800037736;2;7;0;0;2;0;1;C01
201800037737;2;7;0;0;2;3;15;A01
201800037737;1;32;0;0;2;8;1;B01
201800037738;1;7;0;0;2;5;4;A01
201800037738;2;7;0;0;2;1;9;B01
201800037739;1;7;0;0;1;7;1;A01
201800037740;1;7;0;0;1;7;1;A01
201800037741;2;14;0;0;2;3;1;A01
201800037741;1;7;0;0;2;8;1;B01
201800037742;1;7;0;0;1;1;1;A01
201800037743;2;10;0;0;2;6;1;A01
201800037743;2;1;0;0;2;1;2;B01
201800037744;2;7;0;0;2;6;1;A01
201800037744;2;34;0;0;2;1;1;B01
201800037745;1;30;0;0;1;1;3;A01
201800037746;2;7;0;0;2;1;1;A01
201800037746;0;30;0;0;2;1;0;B01
201800037747;2;14;0;0;1;1;1;A01
201800037748;2;7;0;0;1;1;1;Z01
201800037749;1;32;0;0;2;2;1;A01
201800037749;1;30;0;0;2;3;15;B01
201800037750;1;2;0;0;2;1;1;B01
201800037750;2;7;0;0;2;3;15;A01
201800037751;2;7;0;0;1;5;20;A01
201800037752;1;7;0;0;1;1;15;A01
201800037753;2;7;0;0;2;1;1;A01
201800037753;1;30;0;0;2;4;1;B01
201800037754;2;7;0;0;2;1;0;A01
201800037754;1;7;0;0;2;1;0;B01
201800037755;1;7;0;0;2;4;23;A01
201800037755;1;7;0;0;2;1;2;B01
201800037755;1;7;0;0;2;4;23;C01
201800037756;1;7;0;0;2;1;12;A01
201800037756;2;30;0;0;2;1;1;B01
201800037757;1;7;0;0;2;2;1;B01
201800037757;1;34;0;0;2;7;15;A01
201800037758;1;7;0;0;2;1;0;A01
201800037758;2;7;0;0;2;1;0;B01
201800037759;1;7;0;0;2;4;2;A01
201800037759;1;33;0;0;2;1;2;B01
201800037760;1;7;0;0;1;1;1;A01
201800037761;1;7;0;0;2;1;1;A01
201800037761;0;99;0;0;2;0;0;R01
201800037762;1;7;0;0;1;2;1;A01
201800037763;1;31;0;0;2;1;1;A01
201800037763;1;7;0;0;2;3;1;B01
201800037764;2;7;0;0;2;1;1;B01
201800037764;1;7;0;0;2;2;15;A01
201800037765;1;7;0;0;1;1;1;A01
201800037766;2;7;0;0;1;1;1;A01
201800037767;1;7;0;0;1;1;1;A01
201800037768;2;7;0;0;1;1;15;A01
201800037769;1;7;0;0;2;1;0;A01
201800037769;2;34;0;0;2;1;0;B01
201800037770;1;7;0;0;1;1;0;A01
201800037771;1;7;0;0;2;1;2;A01
201800037771;1;33;0;0;2;1;15;B01
201800037772;1;7;0;0;2;1;1;B01
201800037772;1;7;0;0;2;1;1;A01
201800037773;1;31;0;1;0;1;0;A01
201800037774;1;34;0;0;1;1;16;A01
201800037775;1;7;0;0;2;3;10;A01
201800037775;1;31;0;0;2;1;7;B01
201800037776;1;7;0;1;0;1;2;A01
201800037776;2;7;0;0;2;1;15;B01
201800037777;1;7;0;0;1;1;15;A01
201800037778;1;31;0;15;0;1;1;A01
201800037779;1;7;0;0;2;4;0;A01
201800037779;1;7;0;0;2;0;0;B01
201800037780;1;7;0;0;2;1;12;A01
201800037780;1;34;0;0;2;1;0;B01
201800037781;2;7;0;0;1;1;1;A01
201800037782;1;7;0;0;2;1;1;A01
201800037782;1;31;0;0;2;1;1;B01
201800037783;1;7;0;0;2;1;0;B01
201800037783;1;7;0;0;2;1;0;A01
201800037784;1;10;0;0;2;0;0;B01
201800037784;2;2;0;0;2;1;0;A01
201800037785;1;34;0;0;2;1;15;A01
201800037785;2;33;0;0;2;1;17;B01
201800037786;1;7;0;0;2;1;1;A01
201800037787;1;7;0;0;2;1;1;A01
201800037787;1;33;0;0;2;1;1;B01
201800037788;1;31;0;0;2;1;2;A01
201800037788;1;7;0;0;2;1;2;B01
201800037789;1;7;0;0;2;1;1;A01
201800037789;1;37;0;0;1;1;1;C01
201800037790;1;30;0;0;2;1;1;A01
201800037790;1;7;0;0;2;1;1;B01
201800037791;1;99;0;0;2;0;0;R01
201800037791;1;7;0;0;2;8;22;A01
201800037792;1;1;0;0;2;1;0;A01
201800037792;1;7;0;0;9;1;0;B01
201800037793;1;7;0;0;2;1;9;A01
201800037793;1;33;0;0;2;1;1;B01
201800037794;1;7;0;0;1;1;1;A01
201800037795;1;10;0;0;1;0;0;A01
201800037796;1;31;0;0;2;1;0;B01
201800037796;1;7;0;0;2;1;1;A01
201800037797;1;30;0;0;1;1;19;A01
201800037797;1;7;0;0;9;3;1;B01
201800037798;1;34;0;0;2;1;1;A01
201800037798;1;7;0;0;2;4;1;B01
201800037799;2;99;0;0;2;1;13;A01
201800037799;1;33;0;0;2;4;1;B01
201800037800;1;7;0;0;1;2;1;A01
201800037801;2;7;0;0;2;2;15;A01
201800037801;1;7;0;0;2;3;1;B01
201800037802;1;7;0;0;1;1;0;A01
201800037803;1;10;0;0;2;1;1;B01
201800037803;1;2;0;0;2;1;15;A01
201800037804;1;7;0;0;2;1;1;A01
201800037804;0;99;0;0;2;0;0;R01
201800037805;2;34;0;0;1;1;1;A01
201800037806;1;7;0;0;2;0;1;A01
201800037806;2;31;0;0;2;1;1;B01
201800037807;1;7;0;0;1;0;0;A01
201800037808;1;7;0;0;2;1;1;B01
201800037808;1;7;0;0;2;1;1;A01
201800037809;1;7;0;0;2;1;1;A01
201800037809;1;7;0;0;2;1;1;B01
201800037810;1;7;0;0;2;0;0;B01
201800037810;1;7;0;0;2;0;0;A01
201800037811;1;7;0;0;2;1;1;A01
201800037811;1;7;0;0;2;1;1;B01
201800037812;1;7;0;0;2;1;1;A01
201800037812;1;7;0;0;2;4;0;B01
201800037813;1;7;0;0;2;1;0;A01
201800037813;1;7;0;0;2;0;0;B01
201800037813;1;7;0;0;2;0;0;C01
201800037814;1;34;0;0;2;1;1;A01
201800037814;1;7;0;0;2;1;1;B01
201800037815;1;1;0;0;2;1;5;A01
201800037815;1;33;0;0;9;2;15;B01
201800037816;1;7;0;0;2;1;9;A01
201800037816;1;7;0;0;2;1;1;B01
201800037817;2;10;0;0;2;0;0;A01
201800037817;1;10;0;0;2;0;0;B01
201800037818;1;34;0;0;2;1;1;A01
201800037818;1;7;0;0;2;1;1;B01
201800037819;1;34;0;0;2;0;0;A01
201800037819;2;31;0;0;2;0;0;B01
201800037820;1;7;0;0;2;1;1;A01
201800037820;1;7;0;0;2;1;1;B01
201800037821;2;7;0;0;2;1;1;A01
201800037821;1;7;0;0;2;4;1;B01
201800037822;2;37;0;0;2;0;0;A01
201800037822;1;7;0;0;2;0;0;B01
201800037823;1;7;0;0;2;1;1;A01
201800037823;1;7;0;0;2;1;1;B01
201800037823;1;7;0;0;2;1;1;C01
201800037823;1;7;0;0;2;4;23;D01
201800037824;1;7;0;0;2;3;13;A01
201800037824;1;34;0;0;2;1;1;B01
201800037825;1;7;0;0;2;1;0;A01
201800037825;1;7;0;0;2;1;1;B01
201800037826;1;7;0;0;1;1;1;A01
201800037827;1;37;0;0;2;1;0;A01
201800037827;1;33;0;0;2;1;0;B01
201800037828;1;7;0;0;1;1;1;A01
201800037829;1;30;0;0;1;1;1;B01
201800037830;1;1;0;0;2;1;0;A01
201800037830;1;7;0;0;9;1;1;B01
201800037831;1;7;0;0;2;3;15;A01
201800037831;2;33;0;0;2;1;17;B01
201800037832;1;32;0;0;2;1;0;A01
201800037832;1;34;0;0;2;0;0;B01
201800037833;1;7;0;1;0;2;1;A01
201800037833;1;10;0;0;2;4;24;B01
201800037834;1;31;0;1;0;2;22;A01
201800037834;2;2;0;0;2;0;0;B01
201800037835;2;7;0;0;2;1;1;A01
201800037835;1;7;0;0;2;1;0;B01
201800037836;1;30;0;0;2;1;1;A01
201800037836;1;7;0;0;2;1;0;B01
201800037837;0;20;0;;1;;;A01
201800037837;0;7;0;0;2;1;23;B01
201800037838;;7;0;;1;;;A01
201800037839;0;7;0;0;2;2;15;A01
201800037839;0;30;0;0;2;1;1;B01
201800037840;0;33;0;0;1;1;1;A01
201800037841;0;7;0;0;2;3;0;A01
201800037841;0;15;0;0;2;1;1;B01
201800037842;;2;0;;;;;A01
201800037842;;7;0;;;;;B01
201800037843;0;7;0;0;2;1;1;A01
201800037843;0;33;0;0;2;1;1;B01
201800037844;0;7;0;0;2;1;1;A01
201800037844;0;2;0;0;2;1;1;B01
201800037845;2;7;0;0;1;0;0;A01
201800037846;;7;0;;1;;;A01
201800037847;0;36;0;1;0;1;1;A01
201800037848;;7;0;;;;;A01
201800037848;;32;0;;;;;B01
201800037849;1;34;0;0;2;8;3;A01
201800037849;1;17;0;0;2;7;1;B01
201800037849;1;17;0;0;2;7;1;C01
201800037850;2;7;0;0;1;1;1;A01
201800037851;2;10;0;0;1;5;1;A01
201800037852;0;7;0;0;1;3;15;A01
201800037853;1;7;0;0;2;1;16;A01
201800037853;1;32;0;0;2;3;0;B01
201800037854;2;7;0;0;2;1;1;A01
201800037854;1;7;0;0;2;0;1;B01
201800037854;1;7;0;0;2;0;0;C01
201800037855;1;7;0;0;0;1;15;A01
201800037855;1;7;0;0;0;3;1;B01
201800037856;0;7;0;0;0;1;0;A01
201800037856;1;33;0;0;2;1;1;B01
201800037857;1;7;0;0;2;7;15;A01
201800037857;2;7;0;0;2;1;1;B01
201800037858;0;7;0;0;2;1;1;A01
201800037858;0;7;0;0;0;0;0;B01
201800037859;1;7;0;0;1;1;0;A01
201800037860;1;7;0;16;1;3;0;A01
201800037861;1;37;1;0;1;1;14;A01
201800037862;0;1;0;0;1;1;1;A01
201800037863;0;7;0;0;1;1;16;A01
201800037864;1;7;0;0;0;1;0;A01
201800037864;1;32;0;1;0;1;1;B01
201800037865;2;7;0;0;2;1;1;A01
201800037865;1;7;0;0;2;2;1;B01
201800037866;2;34;0;0;1;1;1;A01
201800037867;1;33;0;0;2;4;15;A01
201800037867;2;10;0;0;2;4;15;B01
201800037868;1;30;0;0;0;1;0;A01
201800037868;0;30;0;0;0;0;0;B01
201800037869;0;7;0;0;1;3;0;A01
201800037870;1;7;0;0;2;1;1;A01
201800037870;1;7;0;0;2;4;1;B01
201800037871;1;7;0;0;0;2;0;A01
201800037871;1;7;0;0;0;8;0;B01
201800037872;0;7;0;0;2;0;0;A01
201800037872;0;32;0;0;2;0;1;B01
201800037873;0;2;0;0;2;3;1;A01
201800037873;0;7;0;0;2;7;15;B01
201800037874;;99;0;0;1;0;0;A01
201800037875;0;34;0;0;2;1;23;A01
201800037875;0;10;0;0;2;4;4;B01
201800037876;0;7;0;0;2;1;1;B01
201800037876;0;7;0;0;2;3;16;A01
201800037877;0;7;0;0;2;1;5;A01
201800037877;0;7;0;0;2;1;15;B01
201800037878;1;7;0;0;1;1;15;A01
201800037879;1;37;15;0;2;3;1;A01
201800037879;;37;0;;;;;B01
201800037880;0;7;0;0;2;2;1;A01
201800037880;0;34;0;0;2;0;0;B01
201800037881;0;7;0;0;2;3;13;A01
201800037881;0;33;0;0;2;1;1;B01
201800037882;1;7;0;0;2;1;1;A01
201800037882;1;7;0;0;2;4;1;B01
201800037883;0;7;0;0;1;1;19;A01
201800037884;1;34;0;0;2;1;2;A01
201800037884;1;7;0;0;2;4;2;B01
201800037885;2;7;0;0;1;3;15;A01
201800037886;0;7;0;0;2;2;10;A01
201800037886;0;34;0;0;2;8;1;B01
201800037887;1;31;0;0;2;4;14;A01
201800037887;1;34;0;0;2;1;21;B01
201800037888;1;7;0;0;1;2;16;A01
201800037889;2;7;0;0;1;1;21;A01
201800037890;0;7;0;0;2;3;15;A01
201800037890;1;7;0;0;2;5;16;B01
201800037891;1;7;0;0;2;3;15;A01
201800037891;1;7;0;0;2;2;1;B01
201800037892;0;10;0;0;2;6;0;A01
201800037892;2;32;0;0;2;0;0;B01
201800037893;2;7;0;0;1;1;19;A01
201800037894;1;7;0;0;2;1;19;A01
201800037894;1;7;0;0;2;3;21;B01
201800037895;1;7;0;0;1;1;15;A01
201800037896;1;7;0;1;0;3;9;A01
201800037896;1;31;0;1;0;1;1;B01
201800037897;1;7;0;0;2;3;15;A01
201800037897;2;34;0;0;2;1;1;B01
201800037898;1;33;0;0;2;7;17;A01
201800037898;1;7;0;0;2;8;15;B01
201800037899;2;7;0;0;2;3;15;A01
201800037899;2;32;0;0;2;7;17;B01
201800037900;1;7;0;0;2;2;15;A01
201800037900;2;34;0;0;2;8;2;B01
201800037901;1;32;0;0;2;3;2;A01
201800037901;1;7;0;0;2;7;16;B01
201800037902;1;7;0;0;1;0;15;A01
201800037903;1;7;0;0;2;8;13;A01
201800037903;1;34;0;0;2;7;2;B01
201800037904;1;34;0;0;2;8;9;A01
201800037904;1;34;0;0;2;8;9;B01
201800037905;1;7;0;0;2;2;21;A01
201800037905;1;7;0;0;2;3;9;B01
201800037906;1;33;0;0;2;4;18;A01
201800037906;1;7;0;0;2;5;7;B01
201800037907;2;7;0;0;2;3;1;A01
201800037907;2;31;0;0;2;1;2;B01
201800037908;1;33;0;0;2;2;17;A01
201800037908;1;7;0;0;2;3;10;B01
201800037909;1;7;0;0;2;6;10;A01
201800037909;1;31;0;0;2;1;1;B01
201800037910;2;7;0;0;1;1;1;A01
201800037911;1;34;0;1;0;2;17;A01
201800037911;1;10;0;0;2;6;24;B01
201800037912;2;7;0;0;2;1;1;A01
201800037912;0;99;0;0;2;0;0;R01
201800037913;2;7;0;0;2;3;10;A01
201800037913;2;31;0;0;2;1;7;B01
201800037914;2;99;0;0;2;3;7;B01
201800037914;1;30;0;0;9;2;16;A01
201800037915;1;7;0;0;2;3;1;A01
201800037915;1;33;0;0;2;2;16;B01
201800037916;1;7;0;3;0;1;9;A01
201800037916;1;7;0;0;2;3;16;B01
201800037917;1;7;0;0;9;1;2;A01
201800037917;1;99;0;0;2;4;2;B01
201800037918;2;31;0;0;2;1;19;B01
201800037918;1;7;0;0;2;2;15;A01
201800037919;1;7;0;0;2;1;1;A01
201800037919;1;33;0;0;2;7;1;B01
201800037920;1;7;0;0;2;2;15;A01
201800037920;2;34;0;0;2;8;16;B01
201800037921;1;7;0;0;2;1;2;A01
201800037921;1;7;0;0;2;4;2;B01
201800037922;1;7;0;0;2;3;11;A01
201800037922;1;33;0;0;2;1;17;B01
201800037923;1;7;0;0;2;2;15;A01
201800037923;1;34;0;0;2;3;19;B01
201800037924;1;7;0;6;0;1;16;A01
201800037925;2;7;0;0;2;5;1;B01
201800037925;1;7;0;0;2;5;19;Z01
201800037926;1;1;0;0;2;7;17;A01
201800037926;1;7;0;0;9;3;15;B01
201800037927;1;7;0;0;2;2;15;A01
201800037927;2;31;0;0;2;3;7;B01
201800037928;1;7;0;0;1;1;15;A01
201800037929;1;7;0;0;2;3;2;A01
201800037929;1;33;0;0;2;1;3;B01
201800037929;1;7;0;0;2;5;2;C01
201800037929;1;7;0;0;2;3;2;D01
201800037930;2;7;0;0;1;1;19;A01
201800037931;1;7;0;0;1;6;4;A01
201800037932;1;7;0;0;2;3;13;A01
201800037932;1;31;0;0;2;2;17;B01
201800037933;1;7;0;0;1;1;19;A01
201800037934;1;34;0;0;2;1;7;A01
201800037934;1;7;0;0;2;6;16;B01
201800037935;2;7;0;0;9;1;0;A01
201800037935;2;1;0;0;2;1;5;B01
201800037936;1;7;0;0;1;1;15;A01
201800037937;1;10;0;0;2;2;18;A01
201800037937;1;10;0;2;2;5;2;B01
201800037937;1;17;0;0;2;6;1;C01
201800037938;1;33;0;7;2;9;13;A01
201800037938;1;7;0;0;2;3;14;B01
201800037938;1;7;0;0;2;4;21;C01
201800037939;1;7;0;0;2;3;9;A01
201800037939;1;7;0;0;2;9;1;B01
201800037939;1;7;0;0;2;7;1;C01
201800037940;1;7;0;0;1;1;1;A01
201800037941;1;32;0;0;2;6;23;A01
201800037941;1;32;0;1;0;9;1;B01
201800037942;1;2;0;0;2;2;2;A01
201800037942;2;1;0;0;2;1;9;B01
201800037943;1;7;0;0;1;1;2;Z01
201800037944;1;14;0;0;2;1;2;A01
201800037944;1;10;0;0;2;4;2;B01
201800037944;1;7;0;0;2;4;2;C01
201800037945;2;10;0;0;2;3;15;A01
201800037945;1;32;0;0;2;3;1;B01
201800037946;0;7;0;0;2;7;15;A01
201800037946;0;33;0;0;2;1;1;B01
201800037947;1;7;0;0;2;2;16;A01
201800037947;1;30;0;0;2;8;1;B01
201800037948;1;1;0;0;2;1;2;A01
201800037948;1;7;0;0;2;6;2;B01
201800037949;1;7;0;0;2;8;15;A01
201800037949;1;33;0;0;2;1;1;B01
201800037950;1;7;0;0;2;7;17;A01
201800037950;1;1;0;0;2;3;1;B01
201800037951;1;7;0;0;2;2;14;A01
201800037951;1;10;0;0;2;8;1;B01
201800037952;1;7;0;0;1;4;4;A01
201800037953;0;7;0;0;2;8;23;A01
201800037953;0;33;0;0;2;2;17;B01
201800037954;1;10;0;1;2;3;13;A01
201800037954;1;32;0;1;2;2;17;B01
201800037955;1;7;0;0;2;4;1;B01
201800037955;1;10;0;0;2;1;2;A01
201800037956;1;7;0;0;1;2;1;A01
201800037957;2;7;0;0;1;3;15;A01
201800037958;1;10;0;0;1;2;1;A01
201800037959;1;30;0;0;2;3;3;A01
201800037959;1;10;0;0;2;5;2;B01
201800037960;1;10;0;0;2;1;14;A01
201800037960;1;10;0;0;2;8;23;B01
201800037960;1;7;0;0;2;4;1;C01
201800037960;1;7;0;0;2;4;1;D01
201800037961;2;7;0;0;2;2;14;A01
201800037961;2;32;0;0;2;8;1;B01
201800037961;2;7;0;0;2;7;23;C01
201800037962;2;7;0;0;2;1;1;A01
201800037962;1;7;0;0;2;2;15;B01
201800037963;1;10;0;0;2;3;24;A01
201800037963;0;2;0;0;2;1;1;B01
201800037964;0;7;0;0;2;3;9;A01
201800037964;0;34;0;0;2;2;1;B01
201800037965;2;2;0;0;2;7;7;A01
201800037965;2;7;0;0;2;1;20;B01
201800037966;2;33;0;0;2;8;23;B01
201800037966;2;32;0;0;2;2;17;Z01
201800037967;0;7;0;0;1;1;1;A01
201800037968;0;10;0;0;2;1;2;A01
201800037968;0;7;0;0;2;4;2;B01
201800037969;2;7;0;0;2;3;15;A01
201800037969;2;2;0;0;2;7;17;B01
201800037970;1;7;0;0;2;5;15;A01
201800037970;2;30;0;0;2;1;1;B01
201800037971;1;7;0;0;2;5;9;A01
201800037971;1;33;0;0;2;3;1;B01
201800037972;2;7;0;0;2;1;1;B01
201800037972;2;7;0;0;2;8;10;A01
201800037973;0;7;0;0;1;3;1;A01
201800037974;1;7;0;0;2;2;15;A01
201800037974;2;33;0;0;2;3;1;B01
201800037975;0;99;0;0;2;8;1;B01
201800037975;1;7;0;0;2;2;15;A01
201800037976;1;7;0;0;2;3;2;A01
201800037976;1;7;0;0;2;5;1;B01
201800037977;2;7;0;0;1;1;1;A01
201800037978;2;7;0;0;1;3;1;A01
201800037979;2;10;0;0;2;6;20;A01
201800037979;1;32;0;0;2;1;23;B01
201800037980;1;32;0;0;2;7;1;A01
201800037980;1;7;0;0;2;3;16;Z01
201800037981;1;7;0;0;1;1;9;A01
201800037982;1;7;0;0;2;3;21;A01
201800037982;1;2;0;0;2;1;21;B01
201800037983;1;30;0;0;2;1;2;A01
201800037983;1;7;0;0;2;4;2;B01
201800037984;0;7;0;0;2;6;13;A01