num_acc;senc;catv;occutc;obs;obsm;choc;manv;num_veh
201800037984;0;32;0;0;2;1;3;B01
201800037985;1;7;0;0;1;2;1;A01
201800037986;2;7;0;0;2;3;1;A01
201800037986;1;30;0;0;2;7;15;B01
201800037987;1;7;0;0;2;2;1;B01
201800037987;2;2;0;0;2;1;15;A01
201800037988;0;99;0;0;2;7;1;A01
201800037988;0;10;0;0;2;3;1;B01
201800037989;0;34;0;0;1;2;9;A01
201800037990;0;7;0;9;0;1;12;A01
201800037991;1;7;0;4;0;2;14;A01
201800037992;1;7;0;0;2;1;1;A01
201800037992;1;7;0;12;2;4;1;B01
201800037992;1;10;0;0;2;7;24;C01
201800037993;1;14;0;0;2;8;11;A01
201800037993;1;30;0;0;2;7;1;B01
201800037994;1;7;0;0;2;4;1;A01
201800037994;1;33;0;0;2;1;1;B01
201800037995;1;14;0;0;2;3;2;A01
201800037995;1;33;0;0;2;5;23;B01
201800037996;1;1;0;0;1;1;1;A01
201800037997;1;10;0;0;2;6;2;A01
201800037997;1;33;0;0;2;1;1;B01
201800037998;1;7;0;0;2;6;23;B01
201800037998;2;31;0;14;0;1;2;A01
201800037999;1;34;0;0;2;3;9;B01
201800037999;1;37;0;0;2;2;12;A01
201800038000;1;7;0;0;2;1;1;A01
201800038000;1;37;0;0;2;3;1;B01
201800038001;2;7;0;16;2;1;2;A01
201800038001;2;7;0;0;2;4;2;B01
201800038002;1;14;0;0;1;0;2;A01
201800038003;1;10;0;0;2;1;2;A01
201800038003;1;33;0;0;2;1;9;B01
201800038004;;2;0;;1;1;10;A01
201800038005;1;34;0;4;0;1;17;A01
201800038006;0;1;0;0;0;1;1;A01
201800038007;0;1;0;15;0;1;0;A01
201800038008;0;7;0;0;2;6;11;A01
201800038008;0;33;0;0;2;7;21;B01
201800038009;1;30;0;0;2;1;0;A01
201800038009;1;7;0;0;2;8;1;B01
201800038010;0;32;0;0;2;1;11;A01
201800038010;1;10;0;0;2;6;15;B01
201800038011;0;30;0;0;2;1;1;A01
201800038011;0;10;0;0;2;7;23;B01
201800038012;0;1;0;0;0;1;0;A01
201800038013;1;33;0;15;2;1;2;B01
201800038013;1;7;0;12;0;3;19;A01
201800038014;0;7;0;0;2;1;1;B01
201800038014;0;7;0;0;2;1;0;Z01
201800038015;1;7;0;0;1;2;2;A01
201800038016;1;7;0;0;2;1;2;A01
201800038016;1;7;0;0;2;2;23;B01
201800038017;1;32;0;0;2;1;1;A01
201800038017;1;7;0;0;2;7;15;B01
201800038018;2;99;0;0;2;7;18;A01
201800038018;1;99;0;0;2;8;17;B01
201800038019;1;34;0;0;1;1;1;A01
201800038020;1;7;0;0;1;3;15;A01
201800038021;1;7;0;0;1;3;0;A01
201800038022;1;31;0;1;0;0;18;A01
201800038023;2;7;0;0;2;5;10;A01
201800038023;2;34;0;1;2;3;1;B01
201800038024;2;7;0;1;0;1;2;A01
201800038024;1;7;0;1;2;6;24;C01
201800038025;1;33;0;0;2;1;1;B01
201800038025;1;7;0;0;2;7;15;A01
201800038026;2;34;0;12;0;0;1;A01
201800038027;1;10;0;0;2;3;15;A01
201800038027;1;34;0;0;2;1;1;B01
201800038028;1;7;0;0;2;6;11;A01
201800038028;1;32;0;0;2;1;17;B01
201800038029;2;7;0;0;2;2;10;A01
201800038029;1;31;0;0;2;1;1;B01
201800038030;2;2;0;0;0;8;1;A01
201800038031;1;99;0;0;2;1;0;A01
201800038031;1;10;0;0;9;2;13;B01
201800038032;2;7;0;0;2;4;10;A01
201800038032;2;33;0;0;2;1;1;B01
201800038033;1;7;0;0;2;6;23;B01
201800038033;1;33;0;0;2;1;16;A01
201800038034;1;34;0;0;2;1;9;A01
201800038034;1;7;0;0;2;3;1;B01
201800038035;2;31;0;2;0;2;14;A01
201800038036;1;33;0;0;1;1;1;A01
201800038037;1;33;0;0;1;1;1;A01
201800038038;2;7;0;1;0;1;15;A01
201800038038;1;10;0;12;2;6;24;B01
201800038039;2;33;0;1;0;1;0;A01
201800038039;2;10;0;0;2;6;23;B01
201800038040;1;32;0;0;1;1;17;A01
201800038041;1;7;0;0;2;7;12;A01
201800038041;1;2;0;0;2;8;13;B01
201800038042;1;99;0;0;0;0;1;A01
201800038043;1;13;0;0;2;8;15;A01
201800038043;1;7;0;0;2;2;0;B01
201800038044;0;10;0;0;4;8;15;A01
201800038044;0;40;1;0;2;2;0;B01
201800038045;2;7;0;0;2;3;15;A01
201800038045;2;31;0;0;2;7;17;B01
201800038046;1;7;0;0;2;3;10;A01
201800038046;1;33;0;0;2;2;17;B01
201800038047;1;33;0;0;2;1;1;A01
201800038047;0;7;0;0;2;5;15;B01
201800038048;0;30;0;0;2;8;2;B01
201800038048;0;7;0;0;2;1;0;Z01
201800038049;1;7;0;0;2;8;24;A01
201800038049;1;1;0;0;2;2;1;B01
201800038050;0;2;0;0;2;1;0;A01
201800038050;1;7;0;0;2;4;0;B01
201800038051;2;7;0;0;2;8;15;A01
201800038051;2;32;0;0;2;2;1;B01
201800038052;1;7;0;0;2;6;10;A01
201800038052;1;30;0;0;2;1;17;B01
201800038053;1;7;0;0;2;1;15;A01
201800038053;1;1;0;0;2;4;15;B01
201800038053;0;7;0;0;2;7;0;C01
201800038054;2;7;0;0;1;4;4;A01
201800038055;1;30;0;0;2;4;0;B01
201800038055;1;10;0;0;2;1;0;Z01
201800038056;0;32;0;0;2;3;16;B01
201800038056;0;7;0;0;2;5;14;A01
201800038057;2;32;0;14;0;1;2;A01
201800038058;1;7;0;0;1;1;2;A01
201800038059;1;30;0;0;2;8;13;A01
201800038059;1;7;0;0;2;6;19;B01
201800038060;1;7;0;0;2;2;1;A01
201800038060;1;7;0;0;2;1;1;B01
201800038061;1;7;0;0;2;8;13;A01
201800038061;1;32;0;0;2;7;1;B01
201800038062;1;7;0;1;0;2;14;A01
201800038063;1;7;0;0;2;1;15;A01
201800038063;1;7;0;0;2;8;1;B01
201800038064;1;7;0;0;2;1;1;A01
201800038064;1;7;0;0;2;1;15;B01
201800038065;1;7;0;0;1;3;15;A01
201800038066;1;33;0;0;2;2;17;A01
201800038066;1;7;0;0;2;3;9;B01
201800038067;1;31;0;0;2;3;1;B01
201800038067;1;7;0;0;2;1;1;A01
201800038068;1;7;0;4;2;2;17;A01
201800038068;1;7;0;0;2;3;1;B01
201800038068;1;7;0;0;2;3;1;C01
201800038069;1;7;0;0;2;2;15;A01
201800038069;1;30;0;0;2;1;1;B01
201800038070;1;7;0;0;1;2;16;A01
201800038071;1;32;0;0;2;1;21;B01
201800038071;1;10;0;0;2;2;15;A01
201800038072;1;7;0;0;2;3;0;A01
201800038072;1;10;0;0;2;3;0;B01
201800038073;1;33;0;0;2;3;13;A01
201800038073;1;37;0;0;2;3;1;B01
201800038074;1;31;0;0;1;1;0;A01
201800038075;1;7;0;1;0;1;0;A01
201800038076;1;33;0;0;2;3;18;A01
201800038076;1;7;0;0;2;2;16;B01
201800038077;1;7;0;0;2;2;21;A01
201800038077;1;7;0;0;2;4;1;B01
201800038077;1;7;0;0;2;1;1;C01
201800038078;1;7;0;0;1;3;1;A01
201800038079;1;40;0;0;2;3;1;B01
201800038079;1;2;0;0;4;1;0;A01
201800038080;1;7;0;0;1;2;16;A01
201800038081;1;38;0;1;2;1;2;A01
201800038081;1;7;0;1;2;4;1;B01
201800038082;1;7;0;0;2;1;15;A01
201800038082;1;7;0;0;2;8;1;B01
201800038083;1;7;0;0;2;1;2;A01
201800038083;1;7;0;0;2;3;23;B01
201800038084;1;7;0;0;2;1;2;A01
201800038084;1;7;0;0;2;4;2;B01
201800038084;1;10;0;0;2;4;2;C01
201800038085;1;7;0;0;2;3;9;A01
201800038085;1;30;0;0;2;1;1;B01
201800038086;1;30;0;0;2;2;11;A01
201800038086;1;10;0;0;2;3;11;B01
201800038087;1;7;0;0;2;2;15;A01
201800038087;1;30;0;0;2;3;19;B01
201800038088;1;7;0;0;2;1;19;A01
201800038088;1;7;0;0;2;4;23;B01
201800038089;2;7;0;0;2;6;19;A01
201800038089;2;7;0;1;2;1;9;B01
201800038090;2;37;15;1;0;1;19;A01
201800038091;1;7;0;0;1;0;19;A01
201800038092;1;33;0;0;2;3;17;A01
201800038092;1;7;0;0;2;3;9;B01
201800038093;1;10;0;0;2;1;21;A01
201800038093;1;7;0;0;2;4;23;B01
201800038094;1;10;0;0;2;2;16;A01
201800038094;1;33;0;0;2;1;19;B01
201800038095;1;10;0;0;2;3;15;A01
201800038095;1;32;0;0;2;1;1;B01
201800038096;1;7;0;0;2;3;9;A01
201800038096;1;32;0;0;2;2;17;B01
201800038097;1;7;0;0;2;3;16;A01
201800038097;1;15;0;0;2;5;16;B01
201800038098;1;33;0;0;1;3;19;A01
201800038099;1;30;0;0;9;0;0;A01
201800038100;1;7;0;0;2;1;19;A01
201800038100;1;7;0;0;2;4;23;B01
201800038101;1;7;0;0;2;2;16;A01
201800038101;1;33;0;0;2;1;19;B01
201800038102;1;31;0;0;0;6;17;E01
201800038103;1;33;0;0;2;1;19;A01
201800038103;1;7;0;0;2;3;15;B01
201800038104;1;7;0;9;2;2;19;A01
201800038104;1;7;0;0;2;1;19;B01
201800038105;1;34;0;0;2;1;19;A01
201800038105;1;7;0;0;2;1;19;B01
201800038106;1;33;0;0;0;4;19;A01
201800038107;1;34;0;0;0;3;19;A01
201800038108;1;7;0;0;2;1;19;A01
201800038108;1;33;0;0;2;4;19;B01
201800038109;1;7;0;0;2;3;10;A01
201800038109;1;31;0;0;2;7;19;B01
201800038110;1;7;0;0;1;3;19;A01
201800038111;1;34;0;0;0;7;19;A01
201800038112;1;1;0;0;2;4;0;A01
201800038112;2;2;0;0;2;1;0;Z01
201800038113;1;7;0;0;2;1;19;A01
201800038113;1;33;0;0;2;4;19;B01
201800038114;1;10;0;0;2;1;19;A01
201800038114;1;7;0;0;2;4;23;B01
201800038115;1;7;0;0;2;6;15;B01
201800038115;1;30;0;0;2;2;19;A01
201800038116;1;7;0;0;2;8;9;A01
201800038116;1;31;0;0;2;7;19;B01
201800038117;1;7;0;2;2;1;15;A01
201800038117;1;34;0;0;2;1;1;B01
201800038118;1;7;0;0;2;1;19;A01
201800038118;1;7;0;0;2;4;19;B01
201800038119;1;7;0;1;0;1;19;A01
201800038120;1;7;0;0;2;1;15;A01
201800038120;1;33;0;0;2;3;19;B01
201800038121;1;7;0;0;2;6;19;A01
201800038121;1;17;0;0;2;2;9;B01
201800038122;1;14;0;0;2;0;4;A01
201800038122;1;7;0;0;2;5;19;B01
201800038123;1;15;0;0;2;1;15;A01
201800038123;1;1;0;0;2;0;0;B01
201800038124;1;33;0;0;0;0;1;A01
201800038125;1;2;0;0;2;7;1;A01
201800038125;1;7;0;0;2;0;18;Z01
201800038126;1;2;0;0;2;8;1;A01
201800038126;1;7;0;0;2;1;15;Z01
201800038127;1;7;0;0;2;7;19;A01
201800038127;1;33;0;0;2;1;19;B01
201800038128;1;10;0;0;2;3;15;A01
201800038128;1;7;0;0;2;2;16;B01
201800038129;1;10;0;0;2;1;19;A01
201800038129;1;7;0;0;2;5;19;B01
201800038129;1;7;0;0;2;7;19;C01
201800038130;1;30;0;0;2;1;19;A01
201800038130;1;7;0;0;2;6;19;B01
201800038131;1;10;0;0;2;1;19;A01
201800038131;1;7;0;0;2;8;19;B01
201800038132;1;10;0;0;2;1;19;A01
201800038132;1;7;0;0;2;3;15;B01
201800038133;1;7;0;1;2;7;19;A01
201800038133;1;10;0;0;2;1;19;B01
201800038134;0;17;0;14;0;1;1;A01
201800038135;1;7;0;1;0;3;1;A01
201800038135;1;7;0;1;2;4;0;B01
201800038136;1;7;0;1;0;2;19;A01
201800038137;1;10;0;0;2;1;2;A01
201800038137;1;7;0;0;2;4;23;B01
201800038138;1;7;0;0;2;1;19;B01
201800038138;1;10;0;0;2;3;15;A01
201800038139;1;33;0;0;1;2;19;A01
201800038140;1;33;0;0;2;2;18;A01
201800038140;1;7;0;0;2;2;1;B01
201800038141;1;7;0;9;0;1;19;A01
201800038142;1;33;0;0;2;2;19;B01
201800038142;1;7;0;0;2;2;15;A01
201800038143;1;30;0;0;2;1;17;A01
201800038143;1;7;0;0;2;6;15;B01
201800038144;1;1;0;0;2;8;19;B01
201800038144;1;7;0;0;6;1;19;A01
201800038145;1;7;0;0;1;2;16;A01
201800038146;1;1;0;0;1;1;2;A01
201800038147;1;32;0;14;0;1;1;A01
201800038148;1;7;0;0;2;1;19;A01
201800038148;1;7;0;0;2;8;1;B01
201800038149;1;33;0;0;0;0;1;A01
201800038149;1;7;0;0;2;4;1;B01
201800038150;1;7;0;0;2;3;11;A01
201800038150;1;33;0;0;2;1;19;B01
201800038151;1;7;0;0;2;1;19;A01
201800038151;1;7;0;0;2;1;19;B01
201800038152;1;10;0;0;2;1;2;A01
201800038152;1;7;0;0;1;1;23;B01
201800038153;1;30;0;0;2;1;17;A01
201800038153;1;7;0;0;2;6;15;B01
201800038154;1;7;0;0;1;1;19;A01
201800038155;1;7;0;0;2;1;19;A01
201800038155;1;7;0;0;2;4;19;B01
201800038156;1;10;0;0;2;1;15;A01
201800038156;1;31;0;0;2;1;19;B01
201800038157;1;7;0;0;2;1;2;A01
201800038157;1;7;0;0;2;4;23;B01
201800038158;1;32;0;0;2;4;17;A01
201800038158;1;10;0;0;2;8;16;B01
201800038159;1;7;0;0;2;5;15;A01
201800038159;1;31;0;0;2;3;19;B01
201800038160;1;32;0;0;2;3;18;A01
201800038160;1;7;0;0;2;2;1;B01
201800038161;1;7;0;0;1;4;20;A01
201800038162;1;14;0;0;1;7;19;A01
201800038163;1;7;0;0;1;2;1;A01
201800038164;1;10;0;0;2;2;1;A01
201800038164;1;7;0;0;2;3;15;B01
201800038165;1;7;0;0;2;2;16;A01
201800038165;1;7;0;0;2;3;1;B01
201800038166;1;30;0;0;2;1;2;A01
201800038166;1;7;0;0;2;4;23;B01
201800038167;1;7;0;0;1;2;16;A01
201800038168;1;7;0;0;2;7;15;A01
201800038168;2;7;0;0;2;1;1;B01
201800038169;1;7;0;0;1;3;16;A01
201800038170;1;7;0;0;2;1;15;A01
201800038170;1;32;0;0;2;1;1;B01
201800038171;1;7;0;0;2;3;13;A01
201800038171;1;33;0;0;2;2;1;B01
201800038172;1;7;0;0;1;2;1;A01
201800038173;1;7;0;0;1;2;16;A01
201800038174;1;7;0;0;2;3;19;B01
201800038174;1;7;0;0;2;2;19;A01
201800038175;1;31;0;0;2;1;19;A01
201800038175;1;30;0;0;2;0;0;B01
201800038176;1;7;0;0;2;7;17;A01
201800038176;1;7;0;0;2;8;0;B01
201800038177;1;7;0;7;2;5;1;A01
201800038177;1;7;0;0;2;1;1;B01
201800038177;1;7;0;0;2;1;1;C01
201800038178;1;7;0;0;2;1;1;A01
201800038178;1;7;0;0;2;4;1;B01
201800038179;1;7;0;14;0;4;20;A01
201800038180;1;7;0;0;2;1;23;A01
201800038180;1;32;0;0;2;4;23;B01
201800038181;2;7;0;0;2;5;15;A01
201800038181;1;31;0;0;2;1;2;B01
201800038182;1;31;0;0;1;1;1;A01
201800038182;1;7;0;0;2;0;0;B01
201800038183;2;31;0;0;1;1;1;B01
201800038184;1;34;0;0;2;1;2;A01
201800038184;1;17;0;0;2;4;1;B01
201800038185;1;7;0;0;0;0;19;A01
201800038185;2;34;0;0;0;1;0;B01
201800038186;1;7;0;1;1;3;1;A01
201800038187;2;7;0;0;2;1;15;A01
201800038187;1;31;0;0;2;1;1;B01
201800038188;1;7;0;0;2;3;13;A01
201800038188;1;34;0;0;2;7;2;B01
201800038189;2;34;0;0;2;1;2;A01
201800038189;2;13;0;0;2;4;2;B01
201800038190;1;30;0;1;0;7;1;A01
201800038191;1;7;0;0;1;2;1;A01
201800038192;2;7;0;0;2;3;1;B01
201800038192;2;31;0;0;2;1;1;A01
201800038193;2;33;0;0;0;0;1;A01
201800038194;1;34;0;0;2;8;0;A01
201800038194;2;7;0;0;2;7;0;B01
201800038195;2;7;0;0;1;2;0;A01
201800038196;2;7;0;1;0;8;24;A01
201800038196;2;31;0;1;0;2;24;B01
201800038197;1;33;0;0;2;1;1;A01
201800038197;1;7;0;0;2;1;0;B01
201800038198;2;31;0;0;2;8;17;A01
201800038198;2;7;0;0;2;8;15;B01
201800038199;1;7;0;0;1;1;15;A01
201800038200;1;7;0;0;2;3;15;B01
201800038200;1;30;0;0;2;3;1;A01
201800038201;1;34;0;0;2;1;1;A01
201800038201;2;37;0;0;2;3;15;B01
201800038202;1;33;0;0;2;1;1;B01
201800038202;1;7;0;0;2;8;15;A01
201800038203;1;2;0;0;2;1;17;A01
201800038203;2;7;0;0;2;3;23;B01
201800038204;1;7;0;0;2;1;0;A01
201800038204;1;31;0;0;2;1;0;B01
201800038205;2;7;0;0;2;8;20;A01
201800038205;2;31;0;0;0;0;1;B01
201800038206;0;7;0;0;1;1;19;A01
201800038207;2;7;0;0;9;2;9;A01
201800038207;1;1;0;0;2;1;1;B01
201800038208;2;7;0;0;2;4;23;A01
201800038208;2;1;0;0;2;1;2;B01
201800038209;1;7;0;0;2;3;15;A01
201800038209;1;33;0;0;2;1;19;B01
201800038210;1;7;0;0;2;1;2;A01
201800038210;1;7;0;0;2;4;23;B01
201800038210;1;7;0;0;2;4;23;C01
201800038210;1;7;0;0;2;4;23;D01
201800038211;1;34;0;0;2;1;23;A01
201800038211;1;7;0;0;2;4;23;B01
201800038212;1;33;0;0;2;1;2;A01
201800038212;1;2;0;0;2;4;2;B01
201800038213;1;7;0;0;1;2;7;A01
201800038214;2;31;0;0;0;0;13;A01
201800038215;0;99;0;0;2;0;0;R01
201800038215;1;31;0;0;1;1;17;A01
201800038216;1;33;0;0;2;1;5;A01
201800038216;0;7;0;0;2;5;19;B01
201800038217;1;7;0;10;4;0;0;A01
201800038217;1;39;0;0;2;1;23;B01
201800038218;1;99;0;0;2;4;17;A01
201800038218;1;2;0;0;2;1;21;B01
201800038219;1;7;0;0;1;1;0;A01
201800038220;1;33;0;0;2;1;17;A01
201800038220;1;7;0;0;2;6;20;B01
201800038221;2;34;0;0;2;8;21;A01
201800038221;1;34;0;0;2;7;0;B01
201800038221;1;7;0;0;2;0;0;C01
201800038222;1;7;0;0;2;2;16;A01
201800038222;0;1;0;0;2;1;1;B01
201800038223;2;1;0;0;1;1;21;A01
201800038224;2;2;0;0;2;1;17;A01
201800038224;2;7;0;0;2;8;15;B01
201800038225;1;30;0;0;0;0;0;A01
201800038226;2;7;0;0;2;4;5;A01
201800038226;1;1;0;0;2;1;2;B01
201800038227;2;10;0;0;2;4;24;A01
201800038227;0;1;0;0;2;1;1;B01
201800038228;2;7;0;0;2;2;15;A01
201800038228;1;34;0;0;2;1;1;B01
201800038229;2;7;0;0;1;2;16;A01
201800038230;1;10;0;0;2;4;23;A01
201800038230;1;34;0;0;2;1;2;B01
201800038231;1;2;0;0;2;1;17;A01
201800038231;2;7;0;0;2;8;19;B01
201800038232;1;33;0;0;2;1;1;A01
201800038232;1;7;0;0;2;0;10;B01
201800038233;2;37;1;0;2;3;1;A01
201800038233;2;99;0;0;2;5;17;B01
201800038234;2;7;0;0;2;2;10;A01
201800038234;1;1;0;0;2;1;1;B01
201800038235;0;32;0;1;0;1;2;A01
201800038235;0;7;0;0;2;4;23;B01
201800038236;1;32;0;0;2;1;1;B01
201800038236;1;7;0;0;2;8;1;A01
201800038237;1;7;0;0;2;7;0;A01
201800038237;1;30;0;0;2;5;13;B01
201800038238;0;7;0;0;0;0;16;A01
201800038238;0;1;0;0;0;0;16;B01
201800038239;1;7;0;0;1;1;1;A01
201800038240;1;7;0;0;1;2;17;A01
201800038241;2;31;0;0;0;7;21;A01
201800038242;1;7;0;0;2;1;1;B01
201800038242;1;33;0;0;2;8;1;A01
201800038243;2;7;0;0;1;1;1;A01
201800038244;2;30;0;0;1;1;17;A01
201800038245;1;34;0;14;0;1;0;A01
201800038246;2;10;0;0;2;1;2;A01
201800038246;2;7;0;0;2;4;23;B01
201800038246;2;7;0;0;2;4;0;C01
201800038246;2;7;0;0;2;4;0;D01
201800038247;2;33;0;1;2;8;17;A01
201800038247;1;7;0;0;2;3;1;B01
201800038248;0;7;0;0;1;1;14;A01
201800038249;1;10;0;0;2;4;0;A01
201800038249;2;30;0;0;2;8;0;B01
201800038250;1;7;0;0;2;7;1;A01
201800038250;1;7;0;1;2;3;1;B01
201800038251;1;10;0;0;1;3;15;A01
201800038252;2;7;0;0;2;3;15;A01
201800038252;1;33;0;0;2;8;1;B01
201800038253;1;7;0;0;1;1;15;A01
201800038254;1;7;0;0;2;7;10;A01
201800038254;1;33;0;0;2;1;19;K01
201800038255;1;31;0;0;2;6;23;A01
201800038255;1;31;0;0;2;1;0;B01
201800038256;1;7;0;0;1;1;1;A01
201800038257;1;7;0;0;2;2;15;A01
201800038257;1;33;0;0;2;1;1;B01
201800038258;2;32;0;1;0;2;14;A01
201800038258;1;7;0;0;2;6;24;B01
201800038259;2;7;0;0;2;1;9;A01
201800038259;2;33;0;0;2;2;19;B01
201800038260;1;7;0;0;1;2;7;A01
201800038261;2;34;0;1;0;1;16;A01
201800038262;1;34;0;0;0;0;1;A01
201800038263;2;31;0;0;2;2;1;B01
201800038263;2;31;0;0;2;6;1;A01
201800038264;1;34;0;0;2;1;1;B01
201800038264;2;7;0;0;2;7;1;A01
201800038265;2;7;0;0;1;3;15;A01
201800038266;2;7;0;0;2;3;1;A01
201800038266;2;33;0;1;0;2;19;B01
201800038267;1;10;0;0;2;8;15;A01
201800038267;1;31;0;0;2;7;1;B01
201800038268;2;31;0;0;2;2;16;A01
201800038268;0;99;0;0;2;0;0;R01
201800038269;1;34;0;0;1;7;1;A01
201800038270;1;7;0;0;2;6;23;A01
201800038270;1;34;0;1;0;1;1;B01
201800038271;1;33;0;0;2;3;15;A01
201800038271;2;31;0;0;2;1;19;B01
201800038272;1;7;0;0;9;7;16;A01
201800038272;1;1;0;0;2;1;2;B01
201800038273;2;7;0;0;2;2;1;A01
201800038273;2;34;0;0;2;1;1;B01
201800038274;1;7;0;0;1;3;1;A01
201800038275;1;7;0;0;2;1;1;A01
201800038275;2;99;0;0;2;0;0;R01
201800038276;1;7;0;0;2;5;1;B01
201800038276;2;7;0;0;2;1;1;A01
201800038277;1;32;0;0;2;4;16;A01
201800038277;1;33;0;0;2;1;1;B01
201800038278;1;37;0;0;2;5;1;A01
201800038278;1;1;0;0;2;8;1;B01
201800038279;2;7;0;0;1;2;1;A01
201800038280;1;31;0;14;0;1;19;A01
201800038281;2;13;0;0;1;4;4;A01
201800038282;1;10;0;0;1;4;4;A01
201800038283;1;7;0;0;1;3;16;A01
201800038284;1;7;0;0;2;3;1;A01
201800038284;2;37;0;0;2;2;1;B01
201800038285;1;7;0;0;1;3;15;A01
201800038286;2;7;0;0;2;8;20;A01
201800038286;1;33;0;0;2;7;15;B01
201800038287;2;7;0;0;1;4;4;A01
201800038288;1;7;0;0;1;1;1;A01
201800038289;1;31;0;1;0;1;1;A01
201800038290;2;31;0;0;2;0;9;A01
201800038291;1;1;0;14;0;1;18;B01
201800038292;1;7;0;0;2;7;14;A01
201800038292;1;1;0;0;2;8;1;B01
201800038293;1;7;0;0;1;2;15;A01
201800038294;2;10;0;0;2;1;1;A01
201800038294;1;10;0;0;2;8;1;B01
201800038295;2;1;0;1;0;1;1;A01
201800038295;2;7;0;0;0;4;23;B01
201800038296;0;99;0;0;2;0;0;R01
201800038296;2;7;0;0;2;1;1;A01
201800038297;0;99;0;0;2;0;0;R01
201800038297;1;1;0;0;2;1;1;A01
201800038298;1;33;0;0;2;3;1;A01
201800038298;1;10;0;0;2;2;14;B01
201800038299;1;7;0;0;2;1;1;B01
201800038299;1;30;0;8;2;1;1;A01
201800038300;1;31;0;0;1;1;1;A01
201800038301;1;7;0;0;1;1;2;A01
201800038302;2;7;0;8;9;1;16;A01
201800038303;2;7;0;0;1;3;15;A01
201800038304;1;7;0;0;1;1;1;A01
201800038305;0;99;0;0;2;0;0;R01
201800038305;1;7;0;0;2;1;1;A01
201800038306;2;7;0;0;2;1;1;A01
201800038306;1;1;0;0;2;1;8;B01
201800038307;1;30;0;0;6;1;18;A01
201800038307;1;1;0;0;0;4;16;B01
201800038308;1;30;0;0;2;3;18;A01
201800038308;1;7;0;0;2;5;0;B01
201800038309;1;30;0;0;0;0;0;A01
201800038310;2;7;0;0;2;2;1;A01
201800038310;2;7;0;0;2;8;20;B01
201800038311;2;7;0;0;2;5;1;A01
201800038311;1;30;0;0;2;1;15;B01
201800038312;2;32;0;0;2;8;1;B01
201800038312;1;10;0;0;2;1;1;A01
201800038313;1;7;0;0;2;7;16;A01
201800038313;1;33;0;0;2;8;18;B01
201800038314;1;7;0;9;0;9;1;A01
201800038315;2;32;0;1;0;1;15;A01
201800038316;2;30;0;0;2;7;17;A01
201800038316;2;7;0;0;2;8;15;B01
201800038317;1;7;0;0;2;3;0;A01
201800038317;1;10;0;0;2;2;1;B01
201800038318;1;10;0;0;2;2;16;A01
201800038318;0;99;0;0;2;0;0;R01
201800038319;1;32;0;0;2;7;17;A01
201800038319;1;10;0;1;0;3;1;B01
201800038320;1;7;0;0;2;1;1;B01
201800038320;1;30;0;0;2;7;1;A01
201800038321;1;1;0;0;2;1;1;B01
201800038321;1;7;0;0;2;5;16;A01
201800038322;1;1;0;0;2;3;1;B01
201800038322;2;7;0;0;6;2;1;A01
201800038323;2;99;0;0;2;2;19;A01
201800038323;1;1;0;0;0;0;0;B01
201800038324;2;7;0;0;2;2;0;A01
201800038324;2;30;0;0;2;6;0;B01
201800038325;1;7;0;0;2;2;1;A01
201800038325;2;34;0;0;2;1;1;B01
201800038326;1;7;0;0;1;2;15;A01
201800038327;2;7;0;1;1;3;1;A01
201800038328;0;7;0;0;1;2;1;A01
201800038329;1;14;0;0;2;5;16;A01
201800038329;1;30;0;0;2;1;1;B01
201800038330;1;30;0;0;2;1;1;A01
201800038330;2;7;0;0;2;7;15;B01
201800038331;1;30;0;0;2;1;1;A01
201800038331;1;7;0;0;2;4;1;B01
201800038332;2;2;0;0;1;1;1;A01
201800038333;0;7;0;0;0;0;0;A01
201800038333;0;32;0;0;2;1;0;B01
201800038334;1;34;0;0;1;1;1;A01
201800038335;1;34;0;1;0;1;15;A01
201800038336;2;30;0;0;2;1;2;A01
201800038336;1;10;0;0;2;4;2;B01
201800038337;1;7;0;0;2;2;1;A01
201800038337;1;7;0;0;2;3;16;B01
201800038338;1;7;0;0;1;1;15;A01
201800038339;1;7;0;0;1;1;1;A01
201800038340;1;10;0;0;2;2;15;A01
201800038340;1;10;0;0;2;3;1;B01
201800038341;1;30;0;0;1;1;5;A01
201800038342;1;10;0;0;0;0;15;A01
201800038342;1;2;0;0;0;0;1;B01
201800038343;2;10;0;0;2;3;15;A01
201800038343;1;33;0;0;2;1;2;B01
201800038344;2;7;0;0;1;0;23;A01
201800038345;2;7;0;0;1;3;15;A01
201800038346;2;30;0;9;0;1;1;A01
201800038347;;30;0;;;;;A01
201800038347;;7;0;;;;;B01
201800038348;1;7;0;0;2;8;9;A01
201800038348;2;32;0;0;2;1;1;B01
201800038349;2;7;0;0;1;1;1;A01
201800038350;0;37;1;0;1;2;1;A01
201800038351;1;7;0;0;1;2;16;A01
201800038352;1;7;0;0;1;5;15;A01
201800038353;;3;0;;1;;;A01
201800038354;2;33;0;0;1;2;2;A01
201800038355;1;31;0;0;2;4;23;A01
201800038355;1;7;0;0;2;1;2;B01
201800038356;1;7;0;0;1;4;4;A01