num_acc;senc;catv;occutc;obs;obsm;choc;manv;num_veh
201800038357;1;7;0;0;0;0;17;A01
201800038357;1;1;0;0;0;0;2;B01
201800038358;2;7;0;0;1;3;16;A01
201800038359;2;34;0;0;1;1;17;A01
201800038360;1;7;0;0;2;2;0;A01
201800038360;1;7;0;0;2;2;0;B01
201800038361;1;7;0;0;2;8;9;A01
201800038361;2;34;0;0;2;1;21;B01
201800038362;1;7;0;0;1;1;1;A01
201800038363;1;7;0;0;2;2;19;A01
201800038363;1;31;0;0;2;1;19;B01
201800038364;1;7;0;0;2;3;10;A01
201800038364;1;33;0;0;2;2;17;B01
201800038365;1;7;0;0;1;1;1;A01
201800038366;2;7;0;0;2;3;13;A01
201800038366;1;31;0;0;2;3;15;B01
201800038367;1;31;0;3;0;7;15;A01
201800038368;2;7;0;0;1;2;17;A01
201800038369;1;7;0;0;1;1;15;A01
201800038370;1;7;0;0;1;2;15;A01
201800038371;2;31;0;0;1;2;1;A01
201800038372;2;14;0;0;1;1;1;A01
201800038373;2;99;0;0;0;0;0;A01
201800038374;1;7;0;11;0;1;1;A01
201800038375;2;1;0;0;2;1;1;E01
201800038375;2;7;0;0;2;2;1;B01
201800038376;1;36;0;2;6;1;19;A01
201800038377;1;10;0;0;2;1;1;A01
201800038377;1;7;0;0;2;1;1;B01
201800038378;2;2;0;0;2;1;1;A01
201800038378;1;7;0;0;2;3;1;B01
201800038379;1;7;0;0;2;2;1;A01
201800038379;2;33;0;0;2;8;15;B01
201800038380;0;33;0;0;0;7;16;A01
201800038381;0;32;0;0;0;0;0;A01
201800038382;1;30;0;0;2;3;13;A01
201800038382;2;7;0;0;2;3;1;B01
201800038383;2;34;0;0;0;1;1;A01
201800038384;1;10;0;0;1;2;17;A01
201800038385;1;30;0;0;2;1;2;A01
201800038385;1;30;0;0;2;4;2;B01
201800038386;0;31;0;0;2;7;0;A01
201800038386;0;10;0;0;2;2;9;B01
201800038387;0;7;0;0;1;2;2;A01
201800038388;;99;0;0;1;0;0;A01
201800038389;1;7;0;0;2;2;15;A01
201800038389;1;1;0;0;0;2;1;B01
201800038390;0;99;0;0;2;3;15;A01
201800038390;0;33;0;0;2;2;1;B01
201800038391;1;34;0;0;1;1;1;A01
201800038392;1;10;0;0;1;2;9;A01
201800038392;2;7;0;0;2;3;19;B01
201800038393;0;33;0;1;2;2;3;A01
201800038393;0;7;0;0;2;3;11;B01
201800038394;2;7;0;0;1;2;16;A01
201800038395;0;2;0;0;0;0;15;A01
201800038396;0;30;0;0;0;0;0;A01
201800038397;1;32;0;0;2;1;1;A01
201800038397;1;7;0;0;2;2;1;B01
201800038398;2;7;0;0;2;7;15;A01
201800038398;1;32;0;0;2;1;1;B01
201800038399;2;7;0;0;2;2;1;B01
201800038399;1;7;0;0;2;2;5;Z01
201800038400;2;2;0;0;2;1;17;A01
201800038400;2;7;0;0;2;8;15;B01
201800038401;2;10;0;0;1;2;1;A01
201800038402;2;33;0;0;1;3;1;A01
201800038403;1;7;0;0;1;4;4;A01
201800038404;1;31;0;0;2;1;7;B01
201800038404;1;14;0;0;2;2;16;A01
201800038405;1;31;0;0;1;1;1;Z01
201800038406;1;13;0;0;2;1;2;A01
201800038406;1;13;0;0;2;4;2;B01
201800038406;1;7;0;0;2;4;2;C01
201800038407;2;7;0;0;1;1;2;A01
201800038408;2;33;0;0;2;5;2;A01
201800038408;2;7;0;0;2;0;2;Z01
201800038409;2;33;0;0;2;1;1;B01
201800038409;2;7;0;0;2;4;13;Z01
201800038410;1;7;0;0;2;3;1;B01
201800038410;1;7;0;0;2;3;1;A01
201800038411;1;31;0;0;1;1;21;A01
201800038412;2;7;0;1;0;1;1;A01
201800038413;1;7;0;0;1;2;1;A01
201800038414;1;7;0;6;0;1;2;A01
201800038415;2;7;0;0;1;2;2;A01
201800038416;1;34;0;0;2;1;17;A01
201800038416;1;10;0;0;2;8;15;B01
201800038417;1;7;0;8;0;1;16;A01
201800038418;2;7;0;0;2;4;2;A01
201800038418;2;33;0;0;2;4;2;B01
201800038419;1;7;0;0;1;1;23;A01
201800038420;1;1;0;0;9;8;13;A01
201800038421;2;7;0;0;2;1;1;A01
201800038421;2;7;0;0;2;3;1;B01
201800038422;1;33;0;0;1;1;1;A01
201800038423;1;7;0;0;2;2;15;A01
201800038423;2;34;0;0;2;1;2;B01
201800038424;1;7;0;0;2;6;17;A01
201800038424;1;32;0;0;2;2;2;B01
201800038425;1;7;0;0;1;4;4;A01
201800038426;1;7;0;0;2;1;2;A01
201800038426;1;7;0;0;2;4;2;B01
201800038427;2;7;0;0;2;8;17;A01
201800038427;2;31;0;0;2;2;17;B01
201800038428;1;7;0;0;2;1;16;A01
201800038428;1;31;0;0;2;7;16;B01
201800038429;2;14;0;0;1;1;1;A01
201800038430;2;33;0;0;2;7;17;A01
201800038430;1;7;0;0;2;2;15;B01
201800038431;1;7;0;1;0;1;14;A01
201800038432;2;7;0;0;1;4;20;A01
201800038433;1;33;0;0;0;0;1;A01
201800038434;2;7;0;0;2;2;16;A01
201800038434;2;31;0;0;2;1;7;B01
201800038435;2;7;0;0;1;1;7;A01
201800038436;2;7;0;0;2;4;1;A01
201800038436;2;7;0;0;2;4;1;B01
201800038437;2;33;0;0;2;1;7;A01
201800038437;1;7;0;0;2;7;16;B01
201800038438;1;31;0;0;1;3;13;A01
201800038439;1;1;0;0;2;7;19;B01
201800038439;1;7;0;0;9;1;15;A01
201800038440;1;3;0;0;0;9;1;A01
201800038441;2;7;0;0;2;6;14;A01
201800038441;2;33;0;0;2;6;1;B01
201800038442;2;7;0;8;0;1;6;A01
201800038443;2;7;0;0;2;1;2;A01
201800038443;2;7;0;0;2;4;2;B01
201800038444;1;7;0;0;2;5;23;A01
201800038444;1;7;0;0;2;1;23;B01
201800038445;1;34;0;0;0;0;1;A01
201800038446;1;33;0;0;2;3;1;A01
201800038446;1;7;0;0;2;2;1;B01
201800038447;2;30;0;0;2;1;1;A01
201800038447;1;7;0;0;2;1;1;B01
201800038448;2;7;0;0;1;2;2;A01
201800038449;2;7;0;0;2;6;23;A01
201800038449;2;30;0;1;0;1;2;B01
201800038450;2;10;0;0;2;1;2;A01
201800038450;2;7;0;0;2;4;2;B01
201800038451;1;32;0;0;0;7;16;A01
201800038452;1;31;0;0;2;8;1;B01
201800038452;1;7;0;0;2;2;1;A01
201800038453;1;7;0;0;1;2;1;A01
201800038454;1;10;0;0;2;3;10;A01
201800038454;1;31;0;0;2;1;17;B01
201800038455;1;7;0;0;1;2;1;A01
201800038456;2;7;0;0;1;1;1;A01
201800038457;1;7;0;0;2;5;16;A01
201800038457;1;31;0;0;2;3;16;B01
201800038458;2;7;0;0;2;1;2;A01
201800038458;2;7;0;0;2;4;2;B01
201800038458;2;7;0;0;2;4;2;C01
201800038458;2;7;0;0;2;4;2;D01
201800038459;1;7;0;0;2;1;2;A01
201800038459;1;31;0;0;2;4;2;B01
201800038460;1;30;0;0;2;3;9;A01
201800038460;1;7;0;0;2;1;1;B01
201800038461;2;10;0;0;2;0;15;Z01
201800038461;0;99;0;0;2;0;0;R01
201800038462;1;7;0;0;1;2;9;A01
201800038463;2;7;0;0;1;7;17;A01
201800038464;1;7;0;0;1;2;0;A01
201800038465;1;10;0;0;2;8;0;A01
201800038465;1;34;0;0;2;2;1;B01
201800038466;1;10;0;0;1;7;1;A01
201800038467;2;20;0;8;0;3;21;A01
201800038468;1;10;0;0;2;1;2;A01
201800038468;1;7;0;0;2;1;2;B01
201800038468;1;7;0;0;2;1;23;C01
201800038469;0;40;100;0;1;1;0;A01
201800038470;0;2;0;0;2;1;16;A01
201800038470;1;7;0;0;2;5;16;B01
201800038471;1;7;0;0;2;1;21;A01
201800038471;1;7;0;0;2;4;0;B01
201800038472;2;7;0;0;1;2;1;A01
201800038473;2;2;0;0;2;1;2;B01
201800038473;2;7;0;0;2;6;2;Z01
201800038474;2;7;0;0;2;3;13;A01
201800038474;2;33;0;0;2;2;2;B01
201800038475;1;31;0;0;2;1;1;A01
201800038475;2;7;0;0;2;2;15;B01
201800038476;2;30;0;0;2;1;0;A01
201800038476;2;7;0;0;2;1;15;B01
201800038477;1;7;0;0;2;2;0;A01
201800038477;1;7;0;0;2;3;0;B01
201800038478;2;7;0;0;2;5;15;A01
201800038478;2;2;0;0;2;1;0;B01
201800038479;1;33;0;0;2;1;1;A01
201800038479;1;10;0;0;2;5;11;B01
201800038480;2;7;0;0;2;2;16;A01
201800038480;0;99;0;0;2;8;19;B01
201800038481;1;7;0;0;1;2;1;A01
201800038482;1;30;0;0;2;1;1;A01
201800038482;2;7;0;0;2;3;1;B01
201800038483;1;1;0;1;0;7;17;A01
201800038483;1;7;0;0;2;8;23;B01
201800038484;1;33;0;0;2;6;15;B01
201800038484;1;10;0;0;2;1;1;A01
201800038485;1;1;0;0;2;8;13;B01
201800038485;1;7;0;0;2;8;1;Z01
201800038486;1;7;0;0;1;8;1;A01
201800038487;1;32;0;0;2;0;17;A01
201800038488;2;30;0;0;0;8;3;A01
201800038489;1;32;0;0;1;1;0;A01
201800038490;2;7;0;0;2;1;2;A01
201800038490;2;7;0;0;2;4;23;B01
201800038490;2;7;0;0;2;4;23;C01
201800038491;1;32;0;0;2;1;1;B01
201800038491;2;10;0;0;2;2;17;A01
201800038492;2;10;0;0;1;2;1;A01
201800038493;2;33;0;0;2;8;18;B01
201800038493;2;10;0;0;2;7;14;Z01
201800038494;2;99;0;0;0;0;0;A01
201800038495;2;7;0;0;2;8;15;A01
201800038495;2;35;0;0;2;7;1;B01
201800038496;1;7;0;0;2;5;15;A01
201800038496;1;2;0;0;2;1;1;B01
201800038497;1;99;0;14;0;1;0;A01
201800038498;1;30;0;0;1;1;21;A01
201800038499;2;34;0;0;2;1;7;A01
201800038499;2;7;0;0;2;5;16;B01
201800038500;1;7;0;0;2;3;13;A01
201800038500;2;7;0;0;6;3;1;B01
201800038501;1;10;0;0;1;1;1;A01
201800038502;2;31;0;0;2;1;21;A01
201800038502;1;7;0;0;2;6;2;B01
201800038503;1;7;0;0;1;0;0;Z01
201800038504;1;33;0;0;1;2;19;A01
201800038505;1;7;0;0;1;1;1;A01
201800038506;2;7;0;0;2;3;10;A01
201800038506;2;32;0;0;2;1;1;B01
201800038507;1;10;0;0;2;2;1;A01
201800038507;1;7;0;0;2;3;1;B01
201800038508;0;7;0;0;1;2;1;Z01
201800038509;1;1;0;1;0;7;1;A01
201800038509;2;7;0;0;2;8;24;B01
201800038510;1;34;0;0;1;1;1;Z01
201800038511;2;30;0;0;0;0;9;A01
201800038512;2;7;0;0;2;3;15;A01
201800038512;1;2;0;0;2;0;0;B01
201800038513;2;7;0;0;2;6;4;A01
201800038513;2;33;0;0;2;3;23;B01
201800038514;2;7;0;1;0;2;1;A01
201800038514;1;7;0;0;0;8;24;B01
201800038515;1;31;0;0;2;0;0;A01
201800038515;2;1;0;0;2;7;1;B01
201800038516;1;2;0;0;2;1;1;B01
201800038516;2;7;0;0;2;3;10;A01
201800038517;1;7;0;0;2;2;9;A01
201800038517;1;2;0;1;2;2;1;B01
201800038517;1;7;0;1;2;6;0;C01
201800038518;1;10;0;0;1;3;1;A01
201800038519;1;10;0;0;1;8;16;A01
201800038520;2;10;0;0;2;4;2;A01
201800038520;2;7;0;0;2;4;2;B01
201800038521;2;33;0;0;1;1;1;A01
201800038522;2;7;0;0;2;1;1;A01
201800038522;2;7;0;0;2;4;1;B01
201800038523;2;7;0;0;6;3;15;A01
201800038523;2;1;0;0;2;2;13;B01
201800038524;1;7;0;0;2;8;16;A01
201800038524;1;33;0;0;2;7;1;B01
201800038525;1;7;0;0;2;1;1;A01
201800038525;1;13;0;0;0;4;1;B01
201800038526;1;7;0;1;0;2;1;A01
201800038527;1;7;0;0;1;1;15;A01
201800038528;1;7;0;0;1;1;15;A01
201800038529;1;7;0;0;0;2;9;A01
201800038529;1;31;0;0;0;8;9;B01
201800038530;1;1;0;0;0;1;5;B01
201800038530;2;7;0;16;0;3;19;A01
201800038531;1;7;0;0;1;3;15;A01
201800038532;1;7;0;0;1;2;16;A01
201800038533;1;7;0;0;1;2;19;A01
201800038534;2;7;0;0;2;8;10;A01
201800038534;2;34;0;0;2;7;17;B01
201800038535;2;7;0;0;1;1;2;A01
201800038536;2;7;0;0;1;3;21;A01
201800038537;1;7;0;0;2;3;20;A01
201800038537;1;34;0;0;2;2;2;B01
201800038538;1;7;0;0;2;7;15;A01
201800038538;2;31;0;0;2;1;1;B01
201800038539;2;7;0;0;1;5;1;A01
201800038540;1;7;0;0;2;5;23;B01
201800038540;1;2;0;0;2;1;2;A01
201800038541;2;7;0;0;1;1;2;A01
201800038542;1;10;0;0;2;8;11;A01
201800038542;1;7;0;0;2;7;1;B01
201800038543;1;7;0;8;0;1;1;A01
201800038544;1;14;0;0;2;2;21;A01
201800038544;1;7;0;0;2;6;16;B01
201800038545;1;7;0;0;1;3;1;A01
201800038546;1;30;0;0;1;1;1;A01
201800038547;1;34;0;0;1;2;1;A01
201800038548;1;30;0;0;1;0;1;Z01
201800038549;1;2;0;0;1;3;2;A01
201800038550;1;7;0;0;1;2;16;A01
201800038551;1;7;0;8;2;7;21;B01
201800038551;1;7;0;0;2;0;21;Z01
201800038552;1;10;0;0;2;6;0;A01
201800038552;1;7;0;0;2;6;9;B01
201800038553;1;7;0;0;2;7;0;A01
201800038553;1;7;0;0;2;8;0;B01
201800038554;1;7;0;0;2;1;1;A01
201800038554;1;7;0;0;2;7;19;B01
201800038555;1;7;0;0;9;3;11;A01
201800038555;1;31;0;0;2;2;1;B01
201800038556;1;7;0;0;2;1;20;A01
201800038556;1;33;0;0;2;4;0;B01
201800038557;1;7;0;0;1;1;19;A01
201800038558;2;33;0;0;2;1;13;A01
201800038558;1;34;0;1;2;1;13;B01
201800038559;1;10;0;0;9;0;15;A01
201800038559;1;31;0;1;0;3;21;B01
201800038560;1;10;0;0;2;2;10;A01
201800038560;2;33;0;0;2;2;9;B01
201800038561;1;7;0;0;1;3;7;A01
201800038562;1;33;0;1;2;3;7;B01
201800038562;1;7;0;0;1;7;12;A01
201800038563;2;7;0;0;2;1;8;A01
201800038563;1;7;0;0;2;1;23;B01
201800038563;1;7;0;0;2;1;23;C01
201800038564;1;2;0;0;1;1;0;Z01
201800038565;1;33;0;0;2;1;1;A01
201800038565;2;7;0;0;2;2;15;B01
201800038566;1;7;0;0;2;8;24;A01
201800038566;2;1;0;1;0;1;1;B01
201800038567;1;7;0;0;2;1;2;A01
201800038567;1;7;0;0;2;4;15;B01
201800038568;2;7;0;0;1;3;15;A01
201800038569;1;31;0;0;2;3;15;A01
201800038569;1;7;0;0;2;2;1;B01
201800038570;1;7;0;0;1;1;16;A01
201800038571;1;7;0;0;1;0;0;Z01
201800038572;1;33;0;0;2;8;1;A01
201800038572;1;7;0;0;2;7;19;B01
201800038573;1;7;0;0;2;3;13;A01
201800038573;1;33;0;0;2;7;13;B01
201800038574;1;7;0;0;2;8;18;A01
201800038574;1;7;0;0;2;1;1;B01
201800038575;1;30;0;0;1;1;1;A01
201800038576;1;31;0;2;0;1;21;A01
201800038577;1;2;0;0;2;3;1;B01
201800038577;1;7;0;0;2;1;1;A01
201800038578;1;31;0;0;2;3;18;A01
201800038578;1;7;0;0;2;5;23;B01
201800038579;2;33;0;0;2;3;1;A01
201800038579;1;7;0;0;2;2;1;B01
201800038580;1;32;0;0;2;1;21;A01
201800038580;1;7;0;0;2;3;15;B01
201800038581;1;1;0;0;2;3;5;B01
201800038582;1;20;0;0;1;3;10;A01
201800038582;1;34;0;0;2;2;23;B01
201800038583;1;7;0;0;2;3;10;A01
201800038583;1;7;0;0;2;2;1;B01
201800038584;2;7;0;0;2;1;19;A01
201800038584;1;7;0;0;2;8;19;B01
201800038585;2;31;0;0;2;1;1;Z01
201800038585;1;7;0;0;2;2;15;A01
201800038586;1;7;0;12;0;2;21;A01
201800038587;1;31;0;0;2;8;16;A01
201800038587;2;13;0;0;2;1;0;B01
201800038588;1;1;0;0;2;1;1;A01
201800038588;1;7;0;0;9;3;15;B01
201800038589;2;32;0;0;2;1;13;A01
201800038589;2;7;0;0;2;8;15;B01
201800038590;2;7;0;0;2;1;7;A01
201800038590;1;7;0;0;2;2;7;B01
201800038591;1;7;0;0;2;2;19;A01
201800038591;1;33;0;0;2;8;2;B01
201800038592;1;7;0;0;2;1;15;A01
201800038592;1;7;0;0;2;4;15;B01
201800038593;1;7;0;0;1;1;19;A01
201800038594;2;7;0;0;2;3;0;A01
201800038594;1;7;0;0;9;1;0;B01
201800038595;2;7;0;11;0;3;15;A01
201800038596;1;7;0;0;9;6;14;A01
201800038596;1;33;0;0;2;3;14;B01
201800038597;2;7;0;0;2;1;2;A01
201800038597;2;33;0;0;2;4;2;B01
201800038597;2;7;0;0;2;2;2;C01
201800038598;1;7;0;0;1;1;1;A01
201800038599;1;33;0;0;2;2;17;A01
201800038599;2;7;0;0;2;1;19;B01
201800038600;1;32;0;0;2;3;0;A01
201800038600;1;17;0;0;2;1;1;B01
201800038601;1;39;0;0;2;7;23;A01
201800038601;1;32;0;0;4;1;0;Z01
201800038602;1;7;0;0;2;6;10;A01
201800038602;1;10;0;0;2;1;2;B01
201800038603;1;33;0;15;2;3;1;B01
201800038603;2;10;0;0;2;2;15;A01
201800038604;2;7;0;0;1;2;15;A01
201800038605;1;7;0;0;1;8;1;A01
201800038606;0;7;0;0;2;8;1;B01
201800038606;0;30;0;0;2;1;15;A01
201800038607;1;14;0;0;2;2;9;A01
201800038607;1;34;0;2;2;3;0;B01
201800038608;1;30;0;0;2;1;0;A01
201800038608;1;30;0;0;2;4;2;B01
201800038609;1;7;0;0;2;4;0;A01
201800038609;1;14;0;0;2;1;0;B01
201800038610;0;10;0;0;2;3;9;A01
201800038610;0;7;0;0;2;5;1;B01
201800038611;0;10;0;1;0;3;1;A01
201800038611;0;7;0;0;2;6;0;B01
201800038612;0;7;0;0;2;1;1;A01
201800038612;0;7;0;0;2;2;1;B01
201800038613;;99;0;0;0;0;0;Y01
201800038613;1;30;0;0;2;0;0;Z01
201800038614;0;7;0;0;2;2;15;A01
201800038614;0;7;0;0;2;3;1;B01
201800038615;1;7;0;0;2;1;1;A01
201800038615;1;7;0;0;2;7;1;B01
201800038616;1;7;0;0;2;4;1;A01
201800038616;1;34;0;0;2;1;16;B01
201800038617;1;30;0;0;2;1;17;A01
201800038617;2;7;0;0;2;5;2;B01
201800038618;2;2;0;0;2;0;0;A01
201800038618;2;7;0;0;2;2;1;B01
201800038619;1;7;0;0;2;1;10;A01
201800038619;1;33;0;0;2;8;1;B01
201800038620;1;7;0;0;2;2;10;A01
201800038620;1;33;0;0;2;1;1;B01
201800038620;1;37;1;0;2;3;0;C01
201800038621;0;10;0;0;2;5;16;A01
201800038621;0;34;0;0;2;3;13;B01
201800038622;2;7;0;0;2;3;5;A01
201800038622;1;1;0;0;2;3;1;B01
201800038623;0;7;0;0;2;2;9;A01
201800038623;0;30;0;0;2;8;15;B01
201800038624;0;7;0;0;2;3;15;A01
201800038624;0;34;0;0;2;3;1;B01
201800038625;1;30;0;0;2;2;17;A01
201800038625;1;7;0;0;2;3;15;B01
201800038626;2;7;0;0;2;3;16;A01
201800038626;2;99;0;0;2;8;1;B01
201800038627;1;7;0;0;2;3;15;A01
201800038627;1;34;0;0;2;2;17;B01
201800038628;2;32;0;8;2;2;17;A01
201800038628;2;10;0;0;2;3;15;B01
201800038629;0;1;0;0;2;7;15;A01
201800038629;0;7;0;0;2;1;0;B01
201800038630;0;10;0;9;2;3;1;B01
201800038630;0;7;0;0;2;1;15;A01
201800038631;2;7;0;0;1;2;1;A01
201800038632;2;32;0;0;2;7;17;A01
201800038632;2;7;0;0;2;6;15;B01
201800038633;0;7;0;0;6;3;0;A01
201800038633;0;1;0;0;2;7;0;B01
201800038634;1;1;0;0;1;0;0;Z01
201800038635;0;10;0;0;1;1;1;A01
201800038636;1;7;0;0;2;1;15;A01
201800038636;1;2;0;0;2;1;1;B01
201800038637;1;7;0;0;2;6;12;A01
201800038637;1;33;0;0;2;1;0;B01
201800038638;1;7;0;0;1;1;15;A01
201800038639;0;7;0;0;2;1;1;A01
201800038639;0;7;0;0;2;3;1;B01
201800038640;0;7;0;0;1;4;4;A01
201800038641;1;37;3;0;2;1;9;A01
201800038641;1;7;0;0;2;8;9;B01
201800038642;1;7;0;0;2;1;1;B01
201800038642;1;7;0;0;2;7;1;A01
201800038643;2;10;0;0;2;8;2;A01
201800038643;0;1;0;0;2;3;19;B01
201800038644;1;34;0;0;2;8;19;A01
201800038644;1;30;0;0;2;1;1;Z01
201800038645;0;7;0;0;2;0;24;C01
201800038645;1;7;0;0;2;2;16;B01
201800038645;1;34;0;1;2;8;7;A01
201800038646;2;7;0;0;2;3;11;A01
201800038646;2;30;0;0;2;7;11;B01
201800038647;1;7;0;0;2;3;19;A01
201800038647;0;7;0;0;2;2;0;B01
201800038648;1;7;0;0;1;2;15;A01
201800038649;1;7;0;0;2;3;15;A01
201800038649;1;2;0;0;2;1;17;B01
201800038650;1;14;0;0;1;2;15;A01
201800038651;1;34;0;0;2;8;1;A01
201800038651;1;7;0;0;2;6;15;B01
201800038652;0;30;0;8;2;1;0;A01
201800038652;2;7;0;0;2;2;16;B01
201800038653;1;14;0;0;2;6;16;A01
201800038653;1;33;0;0;2;0;0;B01
201800038654;1;7;0;0;2;4;0;A01
201800038654;1;7;0;0;2;6;0;Z01
201800038655;1;7;0;0;1;3;1;A01
201800038656;1;7;0;0;2;2;14;A01
201800038656;1;30;0;0;2;3;2;B01
201800038657;0;7;0;0;2;1;19;A01
201800038657;0;7;0;0;2;8;19;B01
201800038658;0;13;0;0;2;1;2;A01
201800038658;0;7;0;0;2;9;2;B01
201800038658;0;13;0;0;2;4;0;C01
201800038659;0;7;0;0;1;1;1;A01
201800038660;2;7;0;0;1;1;16;A01
201800038661;1;7;0;0;1;1;1;A01
201800038662;1;7;0;0;2;7;1;B01
201800038662;2;7;0;0;2;1;1;A01
201800038663;1;7;0;4;0;2;14;A01
201800038664;2;7;0;0;1;6;20;A01
201800038665;1;7;0;0;1;1;1;A01
201800038666;1;7;0;0;1;1;1;A01
201800038667;1;7;0;0;2;8;9;A01
201800038667;1;14;0;0;2;2;1;B01
201800038668;1;7;0;0;2;2;15;A01
201800038668;1;34;0;0;2;1;19;B01
201800038669;0;7;0;0;2;2;15;A01
201800038669;0;2;0;0;2;3;0;B01
201800038670;2;7;0;0;1;1;15;A01
201800038671;1;31;0;0;2;7;14;B01
201800038671;1;33;0;0;2;8;3;A01
201800038671;1;7;0;0;2;8;1;C01
201800038672;1;1;0;0;1;1;1;A01
201800038673;2;7;0;0;1;3;15;A01
201800038674;1;10;0;0;1;5;4;A01
201800038675;1;7;0;0;2;7;19;B01
201800038675;1;7;0;0;2;3;19;A01
201800038676;1;2;0;0;1;1;1;A01
201800038677;2;7;0;0;2;2;10;A01
201800038677;1;31;0;0;2;1;18;B01
201800038678;1;7;0;0;2;1;21;A01
201800038678;1;1;0;0;2;8;19;B01
201800038679;1;7;0;0;2;1;2;A01
201800038679;1;7;0;0;2;4;2;B01
201800038680;1;7;0;0;1;2;19;A01
201800038681;1;37;0;10;0;1;9;A01
201800038682;1;7;0;0;2;5;16;A01
201800038682;1;7;0;0;2;3;1;B01
201800038683;1;7;0;0;2;4;23;C01
201800038683;1;7;0;0;2;4;23;B01
201800038683;1;7;0;0;2;4;23;D01
201800038683;1;7;0;0;2;1;19;A01
201800038684;0;31;0;0;2;4;21;A01
201800038684;0;7;0;0;2;0;21;B01
201800038685;0;7;0;0;2;1;1;A01
201800038685;0;7;0;0;2;4;1;B01
201800038685;2;7;0;0;2;4;1;C01
201800038686;0;10;0;0;2;1;2;A01
201800038686;0;7;0;0;2;4;2;B01
201800038687;1;33;0;0;2;1;21;A01
201800038687;1;7;0;0;0;5;2;B01
201800038688;1;34;0;0;1;0;2;A01
201800038689;1;7;0;0;2;3;13;A01
201800038689;1;34;0;0;2;7;17;B01
201800038690;2;7;0;0;2;3;11;A01
201800038690;1;30;0;0;2;8;21;B01
201800038691;1;7;0;0;2;6;15;A01
201800038691;2;34;0;0;2;3;21;B01
201800038692;1;7;0;0;2;2;19;A01
201800038692;1;33;0;0;2;8;19;B01
201800038693;1;7;0;0;2;2;23;A01
201800038693;1;33;0;0;2;4;23;B01
201800038694;1;33;0;0;1;1;1;A01
201800038695;1;7;0;0;1;2;15;A01
201800038696;1;7;0;0;1;4;4;A01
201800038697;1;13;0;0;2;2;14;A01
201800038697;1;7;0;0;2;8;23;B01
201800038698;1;7;0;0;2;8;15;A01
201800038698;1;31;0;0;2;1;17;B01
201800038699;2;33;0;0;9;3;17;A01
201800038699;1;1;0;0;2;3;1;B01
201800038700;1;7;0;8;2;1;17;A01
201800038700;2;34;0;0;2;1;21;B01
201800038701;1;7;0;1;0;1;0;A01
201800038702;1;7;0;7;2;9;1;A01
201800038702;1;7;0;0;2;9;2;B01
201800038702;2;7;0;0;2;1;1;C01
201800038703;1;7;0;0;1;2;1;A01
201800038704;1;7;0;0;2;1;2;A01
201800038704;1;7;0;0;2;4;23;B01
201800038705;1;7;0;0;2;4;1;B01
201800038705;1;10;0;0;2;1;1;A01
201800038705;1;33;0;0;2;4;1;C01
201800038706;;32;0;0;1;5;1;A01
201800038707;1;32;0;0;2;1;21;A01
201800038707;1;10;0;0;9;7;10;B01
201800038708;2;10;0;0;2;5;23;B01
201800038708;2;32;0;1;2;1;11;A01
201800038709;2;33;0;0;2;1;18;A01
201800038709;2;7;0;0;2;4;1;B01
201800038710;1;30;0;0;2;2;1;A01
201800038710;1;7;0;0;2;3;20;B01
201800038711;1;7;0;0;6;7;16;A01
201800038711;1;1;0;0;2;8;1;B01
201800038712;1;34;0;0;6;1;2;A01
201800038712;1;99;0;0;2;4;2;B01
201800038713;0;7;0;0;2;1;2;A01
201800038713;0;7;0;0;2;4;2;B01
201800038713;0;7;0;0;2;4;2;C01
201800038714;;3;0;;1;;;A01
201800038715;1;10;0;0;1;1;15;A01
201800038716;1;7;0;0;2;8;22;A01
201800038716;1;34;0;1;0;2;3;B01
201800038717;0;34;0;0;2;1;1;B01
201800038717;0;7;0;0;2;1;15;A01
201800038718;1;31;0;0;2;1;3;A01
201800038718;1;34;0;0;2;4;23;B01
201800038718;1;34;0;0;0;4;23;C01
201800038719;2;33;0;0;2;3;19;A01
201800038719;2;10;0;14;0;1;19;B01
201800038720;0;7;0;0;2;3;15;A01
201800038720;0;2;0;0;2;1;1;B01
201800038721;1;1;0;1;0;2;18;A01
201800038721;0;7;0;0;2;7;24;B01
201800038722;2;10;0;0;2;5;2;B01
201800038722;2;31;0;0;2;1;11;A01
201800038723;1;33;0;0;2;1;3;A01
201800038723;1;34;0;0;2;4;3;B01
201800038724;1;7;0;0;1;6;24;B01
201800038724;1;7;0;1;0;2;14;A01
201800038725;2;7;0;0;2;1;17;A01
201800038725;2;2;0;0;2;1;17;B01
201800038726;1;1;0;0;2;8;0;A01
201800038726;2;37;1;0;0;0;0;B01
201800038727;1;34;0;0;2;3;9;A01
201800038727;1;10;0;0;2;2;16;B01
201800038728;1;7;0;0;2;6;13;A01
201800038728;1;31;0;0;2;2;1;B01
201800038729;2;30;0;0;2;1;1;B01
201800038729;1;7;0;0;2;5;15;A01
201800038730;1;7;0;0;1;6;4;A01
201800038731;1;10;0;0;2;6;20;A01
201800038731;1;2;0;0;2;2;2;B01
201800038732;2;7;0;0;2;1;1;A01
201800038732;2;7;0;0;2;8;1;B01
201800038733;1;7;0;0;2;3;0;A01