num_acc;senc;catv;occutc;obs;obsm;choc;manv;num_veh
201800038733;1;33;0;0;2;3;0;B01
201800038733;1;17;0;0;2;2;0;C01
201800038734;1;7;0;1;0;2;14;A01
201800038735;1;7;0;0;1;1;1;A01
201800038736;1;7;0;0;2;1;21;A01
201800038736;1;7;0;0;2;4;21;B01
201800038736;1;7;0;0;9;0;9;C01
201800038737;1;33;0;0;9;1;19;A01
201800038737;1;99;0;0;2;4;19;B01
201800038738;2;7;0;0;1;3;16;A01
201800038739;2;7;0;0;2;4;4;A01
201800038739;1;31;0;0;2;1;1;B01
201800038740;2;1;0;0;1;1;1;A01
201800038741;2;99;0;0;2;0;0;R01
201800038741;2;7;0;0;2;2;13;A01
201800038742;2;10;0;0;2;1;2;A01
201800038742;2;7;0;0;2;4;2;B01
201800038743;1;31;0;0;1;1;1;A01
201800038744;1;7;0;0;1;3;15;A01
201800038745;2;7;0;0;2;5;0;A01
201800038745;1;7;0;0;2;1;0;B01
201800038746;1;34;0;0;1;1;17;A01
201800038747;1;7;0;0;2;0;1;A01
201800038747;1;33;0;0;2;6;2;B01
201800038748;2;7;0;0;2;1;1;B01
201800038748;2;7;0;0;2;7;1;A01
201800038749;1;31;0;0;1;1;17;A01
201800038750;2;7;0;0;1;3;0;A01
201800038751;1;7;0;0;2;1;7;A01
201800038751;1;7;0;0;2;7;16;B01
201800038752;1;7;0;0;2;1;13;A01
201800038752;0;1;0;0;0;0;0;B01
201800038753;1;34;0;0;2;1;23;A01
201800038753;1;7;0;0;2;4;23;B01
201800038754;0;99;0;0;2;0;0;R01
201800038754;1;7;0;0;2;2;9;A01
201800038755;1;32;0;0;2;1;21;A01
201800038755;1;7;0;0;2;5;2;B01
201800038756;1;7;0;0;1;1;1;A01
201800038757;1;7;0;0;1;1;15;A01
201800038758;2;7;0;0;1;3;2;A01
201800038759;2;1;0;0;2;1;2;A01
201800038759;2;34;0;0;2;5;21;B01
201800038760;1;7;0;0;2;4;21;A01
201800038760;2;33;0;0;2;3;10;B01
201800038761;2;33;0;0;2;8;11;A01
201800038761;1;7;0;0;2;7;1;B01
201800038762;2;7;0;0;2;7;15;A01
201800038762;2;1;0;0;2;8;2;B01
201800038763;1;7;0;0;2;1;15;A01
201800038763;1;33;0;0;2;4;1;B01
201800038764;2;7;0;0;2;7;12;A01
201800038764;2;31;0;0;2;8;2;B01
201800038765;1;34;0;0;2;1;2;A01
201800038765;1;34;0;0;2;6;2;B01
201800038766;1;7;0;0;1;2;1;A01
201800038767;1;7;0;0;2;5;9;A01
201800038767;2;33;0;0;2;1;2;B01
201800038768;2;7;0;0;2;6;1;A01
201800038768;0;32;0;0;2;1;1;B01
201800038769;0;10;0;0;2;1;1;A01
201800038769;2;7;0;0;2;4;1;B01
201800038770;2;10;0;0;2;2;0;A01
201800038770;2;7;0;0;2;4;0;B01
201800038770;2;7;0;0;2;4;23;C01
201800038771;2;7;0;0;1;3;2;A01
201800038772;0;33;0;0;2;1;1;A01
201800038772;0;7;0;0;2;7;15;B01
201800038773;2;10;0;0;2;4;20;A01
201800038773;2;7;0;0;2;1;23;B01
201800038774;0;7;0;0;2;1;0;A01
201800038774;0;32;0;0;0;4;1;B01
201800038775;2;7;0;0;2;1;1;A01
201800038775;0;1;0;0;2;7;15;B01
201800038776;1;7;0;0;2;7;16;A01
201800038776;1;2;0;0;2;8;18;B01
201800038777;0;10;0;0;2;1;2;A01
201800038777;0;7;0;0;2;4;0;B01
201800038778;0;34;0;0;2;7;1;B01
201800038778;1;7;0;0;2;3;14;A01
201800038779;0;7;0;0;2;2;1;A01
201800038779;0;33;0;0;2;3;15;B01
201800038780;0;7;0;0;2;1;0;A01
201800038780;0;7;0;0;0;4;1;B01
201800038781;1;33;0;0;2;1;1;A01
201800038781;2;7;0;0;2;5;1;B01
201800038782;2;30;0;0;1;1;0;A01
201800038783;2;7;0;0;1;1;16;A01
201800038784;0;30;0;0;2;1;2;A01
201800038784;0;7;0;0;2;4;2;B01
201800038785;2;7;0;0;2;3;10;A01
201800038785;2;31;0;0;2;1;17;B01
201800038786;0;33;0;0;0;7;16;A01
201800038787;2;20;0;0;2;3;15;A01
201800038787;0;99;0;0;2;8;19;B01
201800038788;1;2;0;0;2;1;0;A01
201800038788;1;7;0;0;2;6;0;B01
201800038789;1;7;0;0;2;8;13;A01
201800038789;1;34;0;0;2;1;0;B01
201800038790;1;33;0;0;1;1;0;A01
201800038791;1;7;0;11;0;2;0;A01
201800038792;1;7;0;0;1;3;1;A01
201800038793;1;30;0;0;2;5;1;A01
201800038793;2;7;0;0;2;1;9;B01
201800038794;1;33;0;0;2;6;15;A01
201800038794;1;7;0;0;2;1;1;B01
201800038795;1;7;0;0;1;2;1;A01
201800038796;2;7;0;0;2;6;15;A01
201800038796;2;30;0;0;2;1;17;B01
201800038797;2;7;0;0;2;1;2;A01
201800038797;2;7;0;0;2;4;23;B01
201800038798;2;32;0;0;2;1;1;A01
201800038798;2;7;0;0;2;2;9;B01
201800038799;1;30;0;0;2;7;1;A01
201800038799;1;7;0;0;2;3;9;B01
201800038800;1;7;0;0;1;1;17;A01
201800038801;1;32;0;0;2;4;23;A01
201800038801;1;7;0;0;2;1;2;B01
201800038802;1;7;0;0;2;3;19;B01
201800038802;2;7;0;0;2;2;19;A01
201800038803;1;30;0;0;2;1;1;A01
201800038803;2;7;0;0;2;6;15;B01
201800038804;2;10;0;0;2;1;1;A01
201800038804;2;10;0;0;2;8;15;B01
201800038805;2;7;0;1;0;1;16;A01
201800038806;2;7;0;0;2;4;2;A01
201800038806;2;33;0;0;2;1;2;B01
201800038807;2;33;0;0;2;1;1;A01
201800038807;2;7;0;0;2;3;1;B01
201800038808;1;32;0;0;2;7;1;B01
201800038808;2;7;0;0;2;1;15;A01
201800038809;2;37;0;0;1;7;1;A01
201800038810;2;30;0;1;0;1;1;A01
201800038811;2;10;0;1;0;1;1;A01
201800038812;1;7;0;16;2;3;1;A01
201800038812;2;7;0;0;2;3;13;B01
201800038813;1;7;0;2;0;1;1;A01
201800038814;2;30;0;0;2;3;17;A01
201800038814;2;37;0;0;2;8;23;B01
201800038814;1;7;0;0;2;3;1;C01
201800038815;1;7;0;6;2;1;16;A01
201800038815;1;7;0;0;2;3;1;B01
201800038816;2;1;0;0;2;8;1;B01
201800038816;2;38;0;0;2;5;1;A01
201800038817;1;30;0;0;1;2;1;A01
201800038818;1;7;0;0;2;2;15;A01
201800038818;2;31;0;0;2;1;1;B01
201800038819;2;7;0;0;1;2;1;A01
201800038820;1;7;0;0;2;8;10;A01
201800038820;1;31;0;0;2;1;1;B01
201800038821;1;32;0;0;2;1;2;A01
201800038821;1;7;0;0;2;4;2;B01
201800038822;1;7;0;0;2;1;2;A01
201800038822;1;7;0;0;2;4;23;B01
201800038823;1;10;0;0;2;1;2;A01
201800038823;1;7;0;0;2;4;2;B01
201800038823;1;7;0;0;2;4;2;C01
201800038824;2;1;0;0;2;3;15;B01
201800038824;2;7;0;0;2;1;17;A01
201800038825;1;30;0;0;1;2;1;A01
201800038826;2;1;0;0;2;1;19;A01
201800038826;2;7;0;0;2;2;1;B01
201800038827;1;30;0;0;1;1;1;A01
201800038828;2;10;0;0;2;1;2;A01
201800038828;2;7;0;0;2;4;2;B01
201800038829;1;7;0;6;0;1;1;A01
201800038830;2;7;0;0;2;1;9;A01
201800038830;2;7;0;0;2;2;1;B01
201800038831;2;7;0;0;1;1;1;A01
201800038832;1;32;0;0;2;1;1;A01
201800038832;2;10;0;0;2;6;10;B01
201800038833;1;7;0;0;2;8;17;A01
201800038833;1;7;0;9;2;3;1;B01
201800038833;2;7;0;0;2;3;5;C01
201800038834;2;7;0;0;1;1;1;A01
201800038835;1;32;0;0;2;8;15;B01
201800038835;2;16;0;0;2;1;16;A01
201800038836;2;16;0;0;2;1;17;B01
201800038836;2;32;0;0;2;3;1;A01
201800038837;1;33;0;0;2;8;19;A01
201800038837;1;33;0;0;2;1;1;B01
201800038838;0;1;0;0;2;1;1;B01
201800038838;2;7;0;0;2;5;16;A01
201800038839;1;7;0;1;0;6;20;A01
201800038840;2;33;0;12;0;0;1;A01
201800038841;1;7;0;0;2;3;9;A01
201800038841;1;33;0;0;2;1;1;B01
201800038842;2;2;0;0;2;8;1;A01
201800038842;2;7;0;0;2;7;17;Z01
201800038843;1;7;0;9;2;1;1;A01
201800038843;2;7;0;0;2;7;15;B01
201800038844;2;7;0;0;1;1;15;A01
201800038845;1;7;0;0;2;7;15;A01
201800038845;2;1;0;0;2;1;1;B01
201800038846;1;7;0;0;2;7;10;A01
201800038846;1;33;0;0;2;1;1;B01
201800038847;2;7;0;0;1;1;1;A01
201800038848;2;7;0;0;2;8;15;A01
201800038848;2;33;0;0;2;2;17;B01
201800038849;1;7;0;0;1;1;1;A01
201800038850;2;33;0;0;2;1;2;A01
201800038850;2;7;0;0;2;4;2;B01
201800038851;1;32;0;0;2;1;1;A01
201800038851;2;7;0;0;2;3;15;B01
201800038852;2;30;0;0;2;1;2;A01
201800038852;2;7;0;0;2;4;2;B01
201800038853;1;7;0;0;2;7;22;A01
201800038853;1;1;0;0;2;1;18;B01
201800038854;1;7;0;0;2;1;1;B01
201800038854;1;33;0;0;2;8;1;A01
201800038855;1;30;0;0;2;7;1;A01
201800038855;1;30;0;0;2;1;15;Z01
201800038856;1;30;0;0;1;3;1;A01
201800038857;2;7;0;0;2;3;1;B01
201800038857;0;7;0;0;2;2;1;A01
201800038858;1;10;0;0;1;8;1;A01
201800038859;1;7;0;0;2;3;15;A01
201800038859;1;33;0;0;2;7;17;B01
201800038860;1;7;0;0;2;8;1;A01
201800038860;1;33;0;0;2;8;17;B01
201800038861;0;10;0;0;2;7;24;A01
201800038861;2;7;0;1;2;4;16;B01
201800038861;2;10;0;0;2;1;2;C01
201800038862;2;33;0;0;2;7;1;A01
201800038862;1;7;0;0;2;1;9;B01
201800038863;2;34;0;0;2;4;1;A01
201800038863;2;7;0;0;2;0;2;Z01
201800038864;2;31;0;0;2;7;1;A01
201800038864;2;7;0;0;2;8;9;B01
201800038865;2;14;0;1;0;2;9;A01
201800038865;2;10;0;0;2;6;24;B01
201800038866;1;30;0;0;2;1;1;A01
201800038866;1;7;0;0;2;3;1;B01
201800038867;2;3;0;2;0;1;1;A01
201800038868;2;7;0;0;2;1;2;A01
201800038868;2;7;0;0;2;4;2;B01
201800038869;1;7;0;0;1;7;1;A01
201800038870;2;7;0;6;0;9;15;A01
201800038871;2;7;0;0;1;1;1;A01
201800038872;1;10;0;0;2;4;20;A01
201800038872;1;2;0;0;2;1;1;B01
201800038873;2;37;1;0;2;1;1;A01
201800038873;2;30;0;0;2;7;16;B01
201800038874;1;33;0;0;2;7;1;A01
201800038874;1;7;0;0;2;0;0;Z01
201800038875;1;7;0;1;0;2;1;A01
201800038876;2;7;0;0;0;0;13;A01
201800038876;2;33;0;0;0;0;17;B01
201800038877;1;31;0;0;0;7;16;A01
201800038878;1;31;0;0;2;1;17;A01
201800038878;2;7;0;0;2;6;15;B01
201800038879;1;7;0;0;2;2;9;A01
201800038879;1;33;0;0;2;3;1;B01
201800038880;2;33;0;0;0;0;17;A01
201800038881;1;7;0;0;1;7;13;A01
201800038882;2;33;0;0;2;1;2;A01
201800038882;2;7;0;0;2;4;1;B01
201800038883;1;7;0;0;2;3;11;A01
201800038883;1;7;0;0;2;5;1;B01
201800038883;1;7;0;0;2;4;1;C01
201800038884;2;2;0;0;1;1;1;A01
201800038885;1;7;0;0;1;2;1;A01
201800038886;1;7;0;0;2;8;1;B01
201800038886;1;34;0;0;2;7;2;A01
201800038887;1;33;0;5;2;3;21;A01
201800038887;1;7;0;0;0;6;1;B01
201800038888;1;31;0;0;0;0;0;A01
201800038889;2;31;0;0;2;1;21;B01
201800038889;1;31;0;0;9;7;13;A01
201800038890;1;7;0;0;2;3;2;A01
201800038890;1;7;0;0;2;3;15;B01
201800038891;1;7;0;0;2;3;15;A01
201800038891;1;33;0;0;2;1;17;B01
201800038892;1;7;0;7;0;1;19;A01
201800038893;2;7;0;0;1;2;17;A01
201800038894;1;7;0;0;2;2;15;A01
201800038894;2;33;0;0;1;1;19;B01
201800038895;1;7;0;0;1;1;1;A01
201800038896;1;34;0;0;2;1;1;B01
201800038896;1;33;0;0;2;1;1;A01
201800038897;1;33;0;12;0;0;21;A01
201800038898;1;7;0;0;1;2;1;A01
201800038899;2;7;0;0;2;1;2;A01
201800038899;2;7;0;0;2;4;23;B01
201800038899;2;37;0;0;2;4;23;C01
201800038900;1;7;0;0;2;1;1;B01
201800038900;2;30;0;0;2;1;5;A01
201800038901;1;7;0;0;1;4;1;A01
201800038902;2;7;0;0;2;8;10;A01
201800038902;2;33;0;0;2;1;17;B01
201800038903;2;7;0;0;1;0;15;A01
201800038904;2;34;0;12;0;2;2;A01
201800038905;0;7;0;0;1;1;2;A01
201800038906;1;31;0;0;2;1;13;A01
201800038906;2;7;0;0;2;3;23;B01
201800038907;1;7;0;4;0;1;1;A01
201800038908;1;31;0;0;0;7;1;A01
201800038909;1;31;0;0;2;1;17;A01
201800038909;1;7;0;0;2;1;9;B01
201800038910;1;7;0;0;1;1;15;A01
201800038911;2;33;0;0;0;0;9;A01
201800038912;1;7;0;15;0;1;14;A01
201800038913;1;7;0;0;9;1;15;A01
201800038913;2;1;0;0;2;1;19;B01
201800038914;1;7;0;0;2;3;2;A01
201800038914;1;7;0;0;2;5;2;B01
201800038914;1;7;0;0;2;4;1;C01
201800038915;1;7;0;0;1;3;15;A01
201800038916;1;7;0;0;1;3;1;A01
201800038917;1;7;0;0;2;7;15;B01
201800038917;2;32;0;0;2;1;19;A01
201800038918;2;7;0;0;2;1;13;A01
201800038918;1;33;0;0;2;1;2;B01
201800038918;1;7;0;0;2;1;2;C01
201800038918;1;34;0;0;2;1;1;D01
201800038918;2;37;0;0;2;3;1;E01
201800038919;1;7;0;8;2;3;1;A01
201800038919;2;7;0;0;2;1;1;B01
201800038920;1;31;0;0;2;4;1;A01
201800038920;1;7;0;0;2;1;1;B01
201800038921;1;33;0;0;0;7;12;A01
201800038922;2;7;0;1;0;5;15;A01
201800038923;2;7;0;0;2;3;13;A01
201800038923;1;7;0;0;2;3;1;B01
201800038924;1;31;0;3;0;1;1;A01
201800038925;1;33;0;0;2;2;17;A01
201800038925;1;7;0;0;2;3;10;B01
201800038926;1;34;0;0;2;3;2;A01
201800038926;1;7;0;0;2;8;17;B01
201800038927;1;1;0;0;2;1;1;B01
201800038927;2;7;0;0;9;3;15;A01
201800038928;2;7;0;0;2;2;15;A01
201800038928;1;33;0;0;2;1;1;B01
201800038929;2;31;0;7;0;1;13;A01
201800038930;2;7;0;1;0;2;14;A01
201800038931;1;33;0;0;2;1;2;A01
201800038931;1;13;0;0;9;6;10;B01
201800038932;1;34;0;1;0;1;1;A01
201800038933;1;32;0;0;1;0;15;A01
201800038934;1;10;0;0;2;3;19;A01
201800038934;1;10;0;0;2;3;24;C01
201800038934;1;7;0;1;2;8;15;B01
201800038935;0;1;0;0;1;1;21;A01
201800038936;0;7;0;0;2;3;1;A01
201800038936;1;33;0;0;2;2;12;B01
201800038937;2;7;0;8;0;1;19;A01
201800038938;2;7;0;0;2;8;20;A01
201800038938;2;34;0;0;2;1;2;B01
201800038939;2;37;0;9;1;4;20;B01
201800038940;1;34;0;0;2;2;17;A01
201800038940;1;7;0;0;2;6;15;B01
201800038941;0;32;0;0;0;3;2;A01
201800038942;0;32;0;14;0;7;1;A01
201800038942;0;7;0;0;6;8;23;B01
201800038943;1;7;0;1;0;4;1;A01
201800038943;1;7;0;1;0;1;16;B01
201800038944;1;32;0;0;0;0;21;A01
201800038945;0;32;0;0;2;1;0;A01
201800038945;0;7;0;0;0;0;0;B01
201800038946;0;32;0;0;2;8;17;A01
201800038946;0;10;0;0;2;8;15;B01
201800038947;2;32;0;0;1;1;17;A01
201800038948;2;30;0;0;2;1;2;A01
201800038948;2;7;0;0;2;6;23;B01
201800038949;0;33;0;0;2;1;3;A01
201800038949;0;7;0;0;2;5;1;B01
201800038950;1;33;0;1;0;1;17;A01
201800038950;1;3;0;0;2;1;13;B01
201800038951;1;30;0;0;2;1;17;A01
201800038951;1;10;0;0;2;8;15;B01
201800038952;0;7;0;0;1;7;16;A01
201800038953;1;99;0;0;1;0;0;A01
201800038954;1;31;0;0;2;1;1;A01
201800038954;1;7;0;0;2;5;1;B01
201800038955;1;1;0;0;2;1;9;A01
201800038955;0;7;0;0;2;6;9;B01
201800038956;0;7;0;0;0;0;10;A01
201800038956;0;30;0;4;0;7;18;B01
201800038957;0;30;0;0;2;2;1;A01
201800038957;0;7;0;0;2;2;15;B01
201800038958;0;33;0;0;2;1;3;A01
201800038958;0;7;0;0;2;4;23;C01
201800038958;0;7;0;0;2;2;9;B01
201800038959;1;2;0;0;2;1;1;A01
201800038959;1;7;0;14;0;4;1;B01
201800038960;1;33;0;0;2;5;18;A01
201800038960;1;7;0;0;2;7;2;B01
201800038960;1;7;0;0;2;7;2;C01
201800038961;0;7;0;0;1;3;15;A01
201800038962;2;30;0;0;0;8;2;A01
201800038963;1;7;0;0;2;1;2;A01
201800038963;1;7;0;0;2;4;2;B01
201800038963;1;7;0;0;2;4;2;C01
201800038964;1;33;0;0;2;4;23;A01
201800038964;1;10;0;0;2;1;1;B01
201800038965;2;32;0;0;2;1;1;A01
201800038965;1;7;0;0;2;7;0;B01
201800038966;2;7;0;0;2;6;1;A01
201800038966;1;2;0;0;2;1;1;B01
201800038967;0;1;0;0;1;8;0;A01
201800038968;0;30;0;0;2;7;17;A01
201800038968;0;13;0;0;2;8;13;B01
201800038969;1;33;0;0;1;0;17;A01
201800038970;1;31;0;0;1;1;2;A01
201800038971;2;2;0;0;2;1;17;A01
201800038971;1;10;0;0;2;3;15;B01
201800038972;0;30;0;0;0;0;1;A01
201800038973;1;7;0;0;1;7;1;A01
201800038974;0;7;0;12;0;1;6;A01
201800038975;0;33;0;15;0;7;0;A01
201800038976;0;10;0;0;1;1;15;A01
201800038977;1;10;0;0;2;1;2;A01
201800038977;1;7;0;0;2;4;2;B01
201800038978;1;7;0;0;2;1;11;A01
201800038978;0;37;35;0;2;2;1;B01
201800038979;1;7;0;0;2;1;1;A01
201800038979;0;1;0;0;2;7;19;B01
201800038980;1;7;0;0;1;2;16;A01
201800038981;2;7;0;6;0;1;20;A01
201800038982;1;7;0;2;0;1;13;A01
201800038983;1;33;0;0;2;1;2;A01
201800038983;1;7;0;0;2;5;2;B01
201800038984;1;31;0;0;0;0;1;A01
201800038985;1;7;0;0;2;7;9;A01
201800038985;1;1;0;0;2;8;9;B01
201800038986;1;10;0;0;2;3;10;A01
201800038986;1;33;0;0;2;1;1;B01
201800038987;2;34;0;0;2;1;17;A01
201800038987;2;32;0;0;2;8;15;B01
201800038988;1;7;0;0;2;1;1;A01
201800038988;1;7;0;0;2;4;1;B01
201800038989;1;7;0;0;2;7;23;A01
201800038989;1;30;0;0;2;1;18;B01
201800038990;2;7;0;1;0;2;14;A01
201800038990;2;7;0;1;2;6;0;B01
201800038990;2;7;0;1;2;4;0;C01
201800038991;1;10;0;0;1;1;15;A01
201800038992;1;7;0;1;0;1;1;A01
201800038993;2;7;0;0;2;1;15;A01
201800038993;1;30;0;0;2;8;1;B01
201800038994;1;7;0;0;2;8;10;A01
201800038994;1;33;0;0;2;1;2;B01
201800038995;1;34;0;0;2;8;13;A01
201800038995;1;1;0;0;9;8;13;B01
201800038996;1;2;0;0;2;2;1;A01
201800038996;1;7;0;0;2;3;15;B01
201800038997;1;7;0;0;2;8;15;A01
201800038997;1;33;0;0;2;1;1;B01
201800038998;2;7;0;0;1;3;1;A01
201800038999;1;31;0;0;2;1;18;A01
201800038999;1;7;0;0;2;2;16;B01
201800039000;1;31;0;8;0;1;14;A01
201800039001;1;7;0;0;2;1;2;A01
201800039001;1;7;0;0;2;4;2;B01
201800039002;2;31;0;0;2;1;1;A01
201800039002;2;99;0;0;2;8;11;B01
201800039003;2;7;0;7;0;3;13;A01
201800039004;1;7;0;0;2;5;12;A01
201800039004;1;33;0;0;2;3;1;B01
201800039005;1;2;0;0;2;8;10;A01
201800039005;1;33;0;0;2;1;1;B01
201800039006;2;1;0;0;1;1;1;A01
201800039007;1;34;0;0;2;1;2;A01
201800039007;1;7;0;0;2;5;2;B01
201800039008;2;1;0;0;1;1;1;A01
201800039009;1;7;0;0;2;4;4;A01
201800039009;2;1;0;0;2;1;19;B01
201800039010;2;10;0;0;1;3;1;A01
201800039011;1;7;0;0;2;1;1;A01
201800039011;1;7;0;0;2;4;23;B01
201800039012;2;7;0;0;2;1;1;A01
201800039012;2;7;0;0;2;4;23;B01
201800039013;1;2;0;8;0;1;14;A01
201800039014;2;7;0;0;2;1;1;A01
201800039014;2;7;0;0;2;4;23;B01
201800039015;1;7;0;0;1;2;1;A01
201800039016;1;34;0;14;0;1;2;A01
201800039016;1;7;0;0;9;4;2;B01
201800039017;1;33;0;0;0;8;2;A01
201800039017;1;7;0;0;0;0;2;B01
201800039018;2;33;0;0;2;1;1;A01
201800039018;2;7;0;0;2;4;23;B01
201800039019;2;30;0;0;2;1;1;A01
201800039019;1;7;0;0;2;2;1;B01
201800039020;1;7;0;0;2;1;9;A01
201800039020;2;7;0;0;2;1;17;B01
201800039021;1;7;0;0;2;1;9;A01
201800039021;2;30;0;0;2;7;1;B01
201800039022;;30;0;14;0;2;14;A01
201800039023;1;7;0;0;1;7;1;A01
201800039024;1;1;0;0;0;0;16;A01
201800039025;1;7;0;0;2;8;10;A01
201800039025;1;34;0;0;2;7;17;B01
201800039026;2;1;0;0;2;7;13;A01
201800039026;1;7;0;0;6;0;0;B01
201800039027;0;7;0;0;2;1;1;A01
201800039027;0;7;0;0;2;4;23;B01
201800039028;2;7;0;0;2;3;9;A01
201800039028;1;1;0;0;2;1;1;B01
201800039029;1;10;0;0;2;1;1;A01
201800039029;2;7;0;0;2;7;1;B01
201800039030;1;7;0;0;2;8;9;A01
201800039030;1;1;0;0;2;1;1;B01
201800039031;1;10;0;1;6;8;22;A01
201800039031;1;99;0;1;6;1;1;B01
201800039032;0;10;0;0;2;2;15;A01
201800039032;0;7;0;0;2;1;1;B01
201800039033;2;10;0;2;0;1;1;A01
201800039034;1;37;50;0;0;0;1;A01
201800039035;0;7;0;0;2;8;15;A01
201800039035;0;30;0;0;2;1;17;B01
201800039036;0;30;0;0;0;0;1;A01
201800039037;0;7;0;8;0;1;0;A01
201800039038;0;1;0;0;2;1;0;A01
201800039038;0;99;0;0;2;1;0;B01
201800039039;1;1;0;0;2;1;1;B01
201800039039;1;7;0;0;2;8;9;A01
201800039040;2;30;0;0;0;7;0;A01
201800039041;1;1;0;0;0;0;0;A01
201800039042;0;7;0;0;2;1;1;A01
201800039042;0;1;0;0;2;4;1;B01
201800039043;1;7;0;0;2;5;16;A01
201800039043;1;34;0;0;2;8;16;B01
201800039044;0;7;0;0;2;6;15;A01
201800039044;0;33;0;0;2;1;1;B01
201800039045;2;7;0;1;0;2;14;A01
201800039046;2;7;0;0;2;3;15;A01
201800039046;2;33;0;0;2;1;17;B01
201800039047;2;7;0;0;1;2;16;A01
201800039048;0;7;0;15;0;3;1;A01
201800039049;1;7;0;0;1;5;1;A01
201800039050;0;33;0;0;0;0;1;A01
201800039051;0;7;0;0;1;3;1;A01
201800039052;2;2;0;0;0;0;1;A01
201800039053;2;7;0;0;2;1;2;A01
201800039053;2;7;0;0;2;4;2;B01
201800039054;1;7;0;9;1;1;1;A01
201800039055;1;13;0;0;1;3;1;A01
201800039056;1;7;0;0;1;4;20;A01
201800039057;1;7;0;0;9;3;11;A01
201800039057;1;1;0;0;2;7;1;B01
201800039058;0;99;0;0;2;0;0;R01
201800039058;2;7;0;0;2;2;19;A01
201800039059;1;33;0;8;0;1;13;A01
201800039060;1;30;0;12;0;7;19;A01
201800039061;1;7;0;12;0;1;21;A01
201800039062;1;10;0;0;2;1;11;A01
201800039062;1;10;0;0;2;4;15;B01
201800039062;2;10;0;0;2;1;1;C01
201800039063;2;7;0;0;1;1;1;A01
201800039063;2;7;0;0;2;4;2;B01
201800039064;1;33;0;12;0;0;2;A01
201800039065;1;10;0;0;2;1;2;A01
201800039065;1;10;0;0;2;4;2;B01
201800039066;1;34;0;0;2;8;10;A01
201800039066;1;7;0;0;2;1;1;B01
201800039067;1;7;0;0;2;1;13;A01
201800039067;1;7;0;0;2;9;2;B01
201800039067;1;7;0;0;0;4;23;C01
201800039068;1;10;0;0;2;7;12;A01
201800039068;1;37;0;0;2;3;7;B01
201800039069;2;7;0;0;2;8;11;A01
201800039069;2;33;0;0;2;7;1;B01
201800039070;1;7;0;0;2;4;13;A01
201800039070;1;2;0;0;2;1;13;B01
201800039071;1;7;0;0;2;2;16;A01
201800039071;1;2;0;0;2;1;18;B01
201800039072;2;7;0;0;2;5;9;A01
201800039072;2;2;0;0;2;1;9;B01
201800039073;1;7;0;1;9;3;15;A01
201800039073;1;99;0;0;2;1;18;B01
201800039074;1;7;0;0;1;2;2;A01
201800039075;1;31;0;0;2;8;1;B01
201800039075;1;7;0;0;2;2;9;A01
201800039076;1;10;0;0;2;3;15;A01
201800039076;1;10;0;0;2;3;15;B01
201800039077;1;13;0;0;2;7;17;A01
201800039077;1;99;0;15;0;8;9;B01
201800039078;1;7;0;0;2;4;2;A01
201800039078;1;30;0;0;2;1;2;B01
201800039079;1;33;0;0;2;1;2;A01
201800039079;1;31;0;0;2;4;2;B01
201800039080;1;7;0;0;2;3;19;A01
201800039080;1;7;0;0;2;2;19;B01
201800039081;2;31;0;0;2;2;13;A01
201800039081;1;7;0;0;2;3;15;B01
201800039082;1;7;0;0;2;1;1;A01
201800039082;2;7;0;0;2;7;1;B01
201800039083;0;10;0;0;2;1;1;A01
201800039083;0;7;0;0;0;4;1;B01
201800039084;1;7;0;0;2;8;15;A01
201800039084;1;34;0;0;2;7;15;B01
201800039085;2;34;0;0;0;7;17;A01
201800039086;1;99;0;0;1;1;19;A01
201800039087;1;30;0;0;2;1;2;A01
201800039087;1;7;0;0;0;4;2;B01
201800039088;2;7;0;5;0;2;14;A01
201800039089;1;7;0;0;2;2;15;A01
201800039089;0;30;0;0;2;8;1;B01
201800039090;1;33;0;11;0;1;0;A01
201800039091;0;7;0;0;2;0;0;B01
201800039091;0;7;0;0;2;3;0;A01
201800039092;0;10;0;6;0;7;1;A01
201800039093;0;34;0;0;2;1;0;A01
201800039093;0;7;0;0;2;4;1;B01
201800039094;2;7;0;0;2;1;1;A01
201800039094;0;7;0;0;2;3;15;B01
201800039095;1;34;0;0;2;2;17;A01
201800039095;1;7;0;0;2;3;15;B01
201800039096;1;7;0;0;2;1;11;A01
201800039096;1;31;0;0;0;4;23;B01
201800039097;0;7;0;0;2;8;15;A01
201800039097;0;1;0;0;2;7;16;B01
201800039098;1;37;5;0;2;0;0;A01
201800039099;2;7;0;7;0;7;13;A01
201800039100;0;31;0;0;1;1;1;A01
201800039101;0;7;0;0;2;3;0;A01
201800039101;0;33;0;0;0;4;1;B01
201800039102;1;7;0;8;0;1;1;A01
201800039103;0;2;0;0;2;8;17;A01
201800039103;0;10;0;0;2;5;1;B01
201800039103;0;99;0;0;2;0;0;C01
201800039104;1;10;0;6;0;1;9;A01
201800039105;2;7;0;0;2;7;15;A01
201800039105;1;31;0;0;2;1;2;B01
201800039106;1;34;0;0;2;3;19;B01
201800039106;1;7;0;0;2;3;15;A01
201800039107;0;7;0;0;2;1;2;A01
201800039107;0;7;0;0;2;4;1;B01
201800039108;1;33;0;0;0;8;1;A01