num_acc;senc;catv;occutc;obs;obsm;choc;manv;num_veh
201800039109;2;7;0;0;1;3;1;A01
201800039110;1;7;0;0;1;1;1;A01
201800039111;1;7;0;0;1;1;15;A01
201800039112;1;33;0;0;2;1;17;A01
201800039112;1;7;0;0;2;3;15;B01
201800039113;2;33;0;0;2;1;1;A01
201800039113;1;7;0;0;2;2;15;B01
201800039114;1;7;0;0;2;3;2;A01
201800039114;1;1;0;0;2;1;19;Y01
201800039115;2;7;0;0;1;1;1;A01
201800039116;1;1;0;0;2;1;1;B01
201800039116;1;7;0;0;2;4;4;A01
201800039117;1;7;0;0;1;1;1;A01
201800039118;2;37;0;0;2;3;1;A01
201800039118;2;7;0;0;2;5;12;Z01
201800039119;1;7;0;0;2;1;1;A01
201800039119;1;33;0;0;2;1;1;B01
201800039120;1;7;0;0;2;2;15;A01
201800039120;1;7;0;0;2;3;1;B01
201800039121;1;34;0;0;0;9;2;A01
201800039122;2;14;0;0;2;1;2;A01
201800039122;2;7;0;0;2;4;23;B01
201800039122;2;7;0;0;2;4;2;C01
201800039122;2;7;0;0;2;4;2;D01
201800039123;1;1;0;0;1;1;1;A01
201800039124;1;7;0;0;2;2;9;A01
201800039124;1;31;0;0;2;1;1;B01
201800039125;1;7;0;0;2;3;15;A01
201800039125;1;30;0;0;2;2;17;B01
201800039126;2;1;0;0;0;0;1;A01
201800039127;1;7;0;0;2;3;15;A01
201800039127;1;31;0;0;2;1;17;B01
201800039128;2;14;0;0;2;2;16;A01
201800039128;1;1;0;0;2;3;19;B01
201800039129;1;30;0;0;0;8;1;A01
201800039130;1;7;0;0;1;1;16;A01
201800039131;1;31;0;0;2;3;19;A01
201800039131;2;7;0;0;2;1;1;B01
201800039132;2;33;0;0;2;3;1;A01
201800039132;1;7;0;0;2;2;15;B01
201800039133;1;33;0;0;2;1;17;B01
201800039133;2;7;0;0;2;3;15;A01
201800039134;1;7;0;0;1;1;16;A01
201800039135;1;34;0;0;2;1;1;A01
201800039135;0;7;0;0;2;8;15;B01
201800039136;1;7;0;0;2;3;15;A01
201800039136;1;33;0;0;2;5;17;B01
201800039137;1;30;0;12;0;3;21;A01
201800039138;1;1;0;0;1;1;1;A01
201800039139;1;7;0;0;2;2;15;A01
201800039139;1;33;0;0;2;1;1;B01
201800039140;1;34;0;0;0;0;21;A01
201800039140;1;1;0;0;0;0;9;B01
201800039141;1;7;0;0;2;1;2;A01
201800039141;2;7;0;0;2;4;23;B01
201800039141;1;7;0;0;2;4;23;C01
201800039142;1;7;0;0;2;3;1;B01
201800039142;1;1;0;0;2;7;1;A01
201800039143;1;7;0;0;2;5;4;A01
201800039143;1;1;0;0;2;1;1;B01
201800039144;1;7;0;0;2;1;1;A01
201800039145;1;1;0;1;0;1;1;A01
201800039146;2;30;0;0;2;1;1;A01
201800039146;0;7;0;0;2;4;1;B01
201800039147;1;7;0;8;0;1;1;A01
201800039148;1;7;0;0;2;7;1;A01
201800039148;1;7;0;0;2;1;1;B01
201800039149;1;7;0;0;2;3;15;A01
201800039149;1;33;0;0;2;2;1;B01
201800039150;2;1;0;0;2;1;1;B01
201800039150;1;7;0;0;2;3;1;A01
201800039151;1;1;0;0;2;1;1;B01
201800039151;1;7;0;0;2;3;1;A01
201800039152;1;10;0;0;2;2;16;B01
201800039152;1;30;0;0;2;1;8;A01
201800039153;1;7;0;0;2;8;9;A01
201800039153;1;7;0;0;2;2;1;B01
201800039154;1;7;0;0;1;3;1;A01
201800039155;1;7;0;0;2;5;1;A01
201800039155;1;34;0;0;2;1;1;B01
201800039156;1;1;0;0;0;0;1;A01
201800039157;1;32;0;0;1;1;1;B01
201800039158;2;7;0;0;2;1;15;A01
201800039158;1;33;0;0;2;1;1;B01
201800039158;0;7;0;0;6;3;23;C01
201800039159;0;1;0;0;2;8;19;A01
201800039159;1;34;0;0;2;1;1;B01
201800039160;1;7;0;0;2;3;15;A01
201800039160;1;1;0;0;2;1;1;B01
201800039161;1;7;0;0;6;1;15;A01
201800039161;0;1;0;0;2;8;0;B01
201800039162;2;7;0;0;2;1;1;A01
201800039162;0;37;1;0;2;4;23;B01
201800039163;1;99;0;0;0;1;1;A01
201800039164;1;31;0;8;2;3;7;A01
201800039164;1;7;0;0;2;1;16;B01
201800039165;0;7;0;0;2;2;15;B01
201800039165;0;33;0;0;2;1;1;A01
201800039166;1;7;0;0;2;8;20;A01
201800039166;2;32;0;0;2;1;1;B01
201800039167;2;7;0;0;1;2;1;A01
201800039168;0;7;0;0;1;1;1;A01
201800039169;0;1;0;0;2;1;1;B01
201800039169;1;7;0;0;2;2;15;A01
201800039170;1;7;0;0;1;1;1;A01
201800039171;1;7;0;0;1;7;1;A01
201800039172;2;7;0;0;1;1;1;A01
201800039173;;7;0;;;;;A01
201800039173;;1;0;;;;;B01
201800039174;0;1;0;0;2;1;1;B01
201800039174;0;7;0;0;2;7;1;A01
201800039175;1;7;0;0;2;6;16;A01
201800039175;1;33;0;0;2;1;1;B01
201800039176;0;7;0;0;2;7;23;A01
201800039176;0;31;0;1;0;8;18;B01
201800039177;1;7;0;0;2;2;1;A01
201800039177;1;7;0;0;2;1;1;B01
201800039178;2;7;0;0;1;3;15;A01
201800039179;2;10;0;0;2;3;2;A01
201800039179;2;10;0;0;2;5;0;B01
201800039180;1;7;0;0;2;1;9;B01
201800039180;2;7;0;0;2;8;9;A01
201800039181;1;7;0;0;2;7;9;A01
201800039181;1;7;0;0;2;1;1;B01
201800039181;1;7;0;0;2;4;1;C01
201800039182;2;7;0;0;2;3;9;A01
201800039182;2;31;0;0;2;1;19;B01
201800039183;1;7;0;0;1;1;1;A01
201800039184;1;7;0;0;2;1;21;A01
201800039184;1;7;0;0;2;4;23;B01
201800039184;1;7;0;0;2;4;23;C01
201800039185;1;34;0;0;2;0;0;A01
201800039185;1;7;0;0;2;0;0;B01
201800039185;1;7;0;0;2;8;0;C01
201800039186;0;7;0;0;2;5;15;A01
201800039186;0;33;0;0;2;1;1;B01
201800039187;1;7;0;0;1;1;0;A01
201800039188;1;34;0;0;2;7;1;A01
201800039188;1;7;0;0;2;1;1;B01
201800039188;1;7;0;0;2;3;1;C01
201800039189;1;3;0;0;0;9;15;A01
201800039190;1;10;0;0;2;3;1;A01
201800039190;1;32;0;0;2;1;3;B01
201800039191;1;7;0;0;1;1;1;A01
201800039192;1;30;0;0;2;2;21;A01
201800039192;1;7;0;0;2;6;23;B01
201800039192;1;7;0;0;2;6;23;C01
201800039193;1;7;0;0;9;1;0;A01
201800039193;1;1;0;0;9;7;19;B01
201800039194;1;31;0;0;2;1;1;A01
201800039194;1;7;0;0;2;5;16;B01
201800039195;1;7;0;0;2;7;15;A01
201800039195;2;7;0;0;2;1;9;B01
201800039196;2;7;0;0;2;2;15;A01
201800039196;2;31;0;0;2;1;21;B01
201800039197;0;31;0;0;0;7;16;A01
201800039198;1;32;0;15;0;2;18;A01
201800039199;1;7;0;0;2;3;1;B01
201800039199;1;34;0;0;2;7;0;A01
201800039200;1;33;0;0;2;1;1;B01
201800039200;1;7;0;0;2;2;16;A01
201800039201;1;10;0;0;2;1;0;A01
201800039201;1;30;0;0;2;7;2;B01
201800039202;1;7;0;0;2;5;23;A01
201800039202;1;7;0;1;2;3;9;B01
201800039203;1;7;0;0;1;1;1;A01
201800039204;1;7;0;0;2;2;16;A01
201800039204;1;33;0;0;2;2;0;B01
201800039205;0;7;0;0;2;1;9;A01
201800039205;1;7;0;0;2;2;1;B01
201800039206;0;7;0;0;1;1;1;A01
201800039207;1;7;0;0;1;2;1;A01
201800039208;1;7;0;0;2;3;1;A01
201800039208;1;7;0;0;2;0;0;B01
201800039209;2;10;0;0;1;6;4;A01
201800039210;1;7;0;0;1;1;0;A01
201800039211;2;7;0;0;1;3;1;A01
201800039212;2;7;0;0;2;3;20;A01
201800039212;2;34;0;0;2;2;1;B01
201800039213;1;7;0;0;1;3;1;A01
201800039214;1;7;0;0;2;1;1;A01
201800039214;1;7;0;16;2;4;9;B01
201800039214;1;7;0;0;2;1;1;C01
201800039215;1;7;0;0;1;2;1;A01
201800039216;2;34;0;0;2;2;17;A01
201800039216;2;10;0;0;2;3;11;B01
201800039217;1;7;0;0;1;2;1;A01
201800039218;2;7;0;0;1;3;2;A01
201800039219;1;7;0;0;1;2;19;Z01
201800039220;1;7;0;0;2;0;9;Z01
201800039220;2;7;0;0;2;3;21;A01
201800039221;2;7;0;0;1;1;1;A01
201800039222;1;7;0;0;2;1;16;A01
201800039222;1;1;0;0;2;7;15;B01
201800039223;1;7;0;0;1;0;0;A01
201800039224;2;7;0;0;1;6;15;Z01
201800039225;1;7;0;0;2;3;15;A01
201800039225;2;31;0;0;2;3;2;B01
201800039226;1;7;0;0;1;3;7;A01
201800039227;1;7;0;0;1;2;1;A01
201800039228;1;10;0;0;2;1;15;B01
201800039228;2;7;0;0;2;5;15;A01
201800039229;2;1;0;0;2;1;1;B01
201800039229;1;7;0;0;2;2;16;A01
201800039230;1;37;0;0;2;8;13;A01
201800039230;1;37;0;0;2;7;17;B01
201800039231;1;7;0;0;2;8;10;A01
201800039231;1;10;0;0;2;2;19;B01
201800039232;1;33;0;0;2;3;1;B01
201800039232;2;7;0;0;2;3;10;A01
201800039233;0;99;0;0;2;0;0;R01
201800039233;1;7;0;0;2;1;9;A01
201800039234;2;7;0;0;1;1;21;A01
201800039235;1;31;0;0;2;2;19;B01
201800039235;1;7;0;0;2;1;15;Z01
201800039236;1;7;0;0;1;1;2;A01
201800039237;1;10;0;0;2;2;15;A01
201800039237;2;33;0;0;2;2;1;B01
201800039238;1;7;0;0;1;4;24;A01
201800039239;2;10;0;0;2;1;1;A01
201800039239;2;7;0;0;2;4;1;B01
201800039239;2;7;0;0;2;4;1;C01
201800039239;2;7;0;0;2;4;1;D01
201800039240;2;34;0;0;2;1;2;B01
201800039240;2;7;0;0;2;5;23;A01
201800039241;1;7;0;0;1;1;1;A01
201800039242;2;7;0;0;2;3;2;B01
201800039242;1;7;0;0;2;3;15;A01
201800039243;2;7;0;0;1;2;1;A01
201800039244;1;1;0;0;2;7;1;A01
201800039244;1;7;0;0;2;1;1;B01
201800039245;1;7;0;0;1;2;1;A01
201800039246;2;7;0;0;1;3;9;A01
201800039247;2;37;1;0;1;3;1;A01
201800039248;2;34;0;0;1;1;1;A01
201800039249;1;7;0;0;2;3;9;B01
201800039249;2;7;0;0;2;2;19;A01
201800039250;1;33;0;15;2;3;18;A01
201800039250;2;7;0;0;2;2;16;B01
201800039251;2;7;0;0;2;6;1;A01
201800039251;2;31;0;0;2;2;17;B01
201800039252;2;7;0;0;1;4;9;A01
201800039253;1;7;0;1;0;8;22;A01
201800039253;2;7;0;1;0;2;1;B01
201800039253;0;7;0;0;2;4;24;C01
201800039254;2;7;0;1;0;2;14;A01
201800039255;1;7;0;0;1;1;0;A01
201800039256;1;10;0;0;1;6;4;A01
201800039257;1;7;0;0;2;4;1;C01
201800039257;1;33;0;0;2;1;13;A01
201800039257;1;33;0;0;2;4;1;B01
201800039258;2;7;0;0;2;5;15;A01
201800039258;2;31;0;0;2;1;21;B01
201800039259;2;7;0;0;2;3;1;A01
201800039259;2;7;0;0;2;7;20;B01
201800039260;1;7;0;1;0;1;22;A01
201800039261;2;7;0;0;2;2;17;A01
201800039261;2;2;0;0;2;1;15;B01
201800039262;2;31;0;0;2;3;13;B01
201800039262;1;7;0;0;2;5;9;A01
201800039263;2;7;0;0;1;3;2;A01
201800039264;2;7;0;0;1;1;0;A01
201800039265;1;7;0;0;2;0;0;Z01
201800039265;2;1;0;0;2;7;0;A01
201800039266;2;7;0;0;1;2;16;A01
201800039267;2;1;0;0;2;8;1;B01
201800039267;1;10;0;0;2;7;15;A01
201800039268;1;34;0;0;2;1;1;B01
201800039268;1;7;0;0;2;5;1;A01
201800039269;2;31;0;0;1;1;21;A01
201800039270;1;14;0;0;2;7;9;A01
201800039270;1;99;0;0;2;0;18;B01
201800039271;1;7;0;0;2;3;11;A01
201800039271;1;34;0;0;2;2;1;B01
201800039272;1;7;0;0;1;1;1;A01
201800039273;2;7;0;0;1;7;16;A01
201800039274;1;37;0;0;2;2;2;A01
201800039274;1;7;0;0;2;5;2;B01
201800039275;2;7;0;0;2;5;23;A01
201800039275;1;7;0;0;2;0;10;Z01
201800039276;1;7;0;0;2;3;1;B01
201800039276;2;7;0;0;2;2;15;A01
201800039277;1;7;0;0;2;3;9;A01
201800039277;2;31;0;0;2;1;17;B01
201800039278;2;13;0;0;2;4;2;B01
201800039278;2;20;0;0;2;1;2;A01
201800039279;1;20;0;0;1;1;1;A01
201800039280;1;7;0;0;1;6;20;A01
201800039281;2;7;0;0;2;3;8;A01
201800039281;1;33;0;0;2;5;0;B01
201800039281;1;31;0;0;2;0;0;C01
201800039282;2;33;0;0;1;1;1;A01
201800039283;1;99;0;0;0;0;0;B01
201800039283;1;1;0;0;2;1;1;A01
201800039284;2;30;0;0;2;6;1;B01
201800039284;1;7;0;0;2;1;15;A01
201800039285;;34;0;;;;;B01
201800039285;2;7;0;0;2;1;0;A01
201800039286;2;38;1;0;0;0;10;A01
201800039287;0;7;0;0;2;1;0;C01
201800039287;0;7;0;0;2;1;0;A01
201800039287;0;34;0;0;2;7;0;B01
201800039288;1;33;0;0;2;1;1;A01
201800039288;2;1;0;0;2;3;9;B01
201800039289;1;32;0;0;2;6;0;A01
201800039289;1;2;0;0;2;0;0;Z01
201800039290;1;7;0;0;1;2;1;A01
201800039291;2;13;0;0;1;2;16;A01
201800039292;2;33;0;0;2;1;18;B01
201800039292;2;7;0;0;2;2;16;A01
201800039293;1;31;0;0;1;7;2;A01
201800039294;1;31;0;0;2;3;0;A01
201800039294;2;7;0;0;2;5;15;B01
201800039295;2;2;0;0;2;3;3;B01
201800039295;2;10;0;0;2;2;12;A01
201800039296;0;33;0;0;2;1;0;B01
201800039296;0;7;0;0;2;7;15;A01
201800039297;1;7;0;0;1;1;2;A01
201800039298;2;7;0;0;2;1;0;Z01
201800039298;2;7;0;0;2;4;0;A01
201800039299;2;7;0;0;2;6;13;A01
201800039299;2;33;0;8;2;1;1;B01
201800039300;1;7;0;0;1;1;1;A01
201800039301;1;10;0;0;1;3;1;A01
201800039302;1;34;0;0;1;8;1;A01
201800039303;2;7;0;0;2;3;0;A01
201800039303;2;33;0;0;2;1;1;B01
201800039304;0;7;0;15;1;5;0;A01
201800039305;0;15;0;0;1;1;9;A01
201800039306;1;33;0;1;0;7;2;B01
201800039306;1;7;0;0;2;6;22;A01
201800039307;1;10;0;0;1;3;1;A01
201800039308;1;7;0;0;2;8;1;C01
201800039308;2;33;0;0;2;3;3;A01
201800039308;2;10;0;0;2;3;1;B01
201800039309;2;34;0;0;2;3;1;B01
201800039309;1;10;0;0;2;3;15;A01
201800039310;1;7;0;0;1;5;14;A01
201800039311;1;7;0;0;2;1;15;A01
201800039311;2;31;0;0;2;1;9;C01
201800039311;;33;0;;;;;B01
201800039312;1;7;0;1;0;5;22;A01
201800039312;1;31;0;1;0;1;21;B01
201800039313;1;10;0;1;6;5;22;A01
201800039313;1;99;0;1;6;2;3;B01
201800039314;2;7;0;0;1;1;1;A01
201800039315;2;30;0;0;1;1;0;A01
201800039316;2;30;0;0;2;7;3;A01
201800039316;1;10;0;0;2;1;0;B01
201800039317;2;32;0;0;2;7;17;A01
201800039317;1;10;0;0;2;2;15;B01
201800039318;1;10;0;0;2;1;2;A01
201800039318;1;32;0;0;2;7;17;B01
201800039319;1;7;0;0;2;2;19;A01
201800039319;1;2;0;0;2;6;18;B01
201800039320;1;2;0;0;2;7;1;B01
201800039320;1;7;0;0;2;3;9;A01
201800039321;1;7;0;0;1;2;17;A01
201800039322;2;7;0;0;1;1;0;A01
201800039323;2;32;0;0;0;8;0;A01
201800039324;2;10;0;0;1;1;15;A01
201800039325;2;31;0;0;1;1;1;A01
201800039326;2;34;0;1;1;1;1;A01
201800039327;2;7;0;0;2;6;2;B01
201800039327;2;7;0;0;2;1;9;A01
201800039328;1;3;0;0;2;1;0;B01
201800039328;1;3;0;0;2;4;23;A01
201800039329;1;10;0;0;2;1;2;A01
201800039329;1;10;0;0;2;4;2;B01
201800039330;1;7;0;0;2;4;23;C01
201800039330;1;7;0;0;2;1;0;A01
201800039330;1;7;0;0;2;4;23;B01
201800039331;2;7;0;0;2;1;1;C01
201800039331;1;7;0;;;;;B01
201800039331;2;7;0;0;2;0;1;A01
201800039332;2;10;0;0;1;1;0;A01
201800039333;1;1;0;0;0;7;13;B01
201800039333;1;31;0;0;0;8;18;A01
201800039334;1;7;0;0;1;1;1;A01
201800039335;1;31;0;0;2;0;13;A01
201800039335;2;7;0;0;2;2;1;B01
201800039336;2;33;0;0;2;1;9;B01
201800039336;1;7;0;0;2;5;9;A01
201800039337;1;7;0;0;2;4;23;A01
201800039337;1;7;0;0;2;1;2;B01
201800039338;2;10;0;0;2;3;13;A01
201800039338;2;7;0;0;2;2;21;B01
201800039339;1;7;0;0;2;1;1;A01
201800039339;2;7;0;0;2;1;0;B01
201800039340;1;7;0;0;2;6;23;A01
201800039340;1;7;0;0;2;0;23;Z01
201800039341;1;7;0;0;9;3;14;B01
201800039341;1;1;0;0;2;3;1;A01
201800039342;1;7;0;0;2;1;21;B01
201800039342;1;7;0;14;2;1;0;A01
201800039342;1;7;0;0;2;4;9;C01
201800039343;2;7;0;0;2;3;23;C01
201800039343;2;7;0;0;2;1;1;B01
201800039343;1;10;0;0;2;1;13;A01
201800039344;1;7;0;0;2;4;23;A01
201800039344;1;7;0;0;2;1;1;B01
201800039345;1;7;0;0;2;1;2;A01
201800039345;1;7;0;0;2;4;2;E01
201800039345;1;7;0;0;2;9;2;C01
201800039345;1;7;0;0;2;9;2;B01
201800039345;1;7;0;0;2;9;2;D01
201800039346;1;7;0;0;2;1;21;A01
201800039346;1;7;0;0;2;1;21;B01
201800039347;1;10;0;0;2;1;1;A01
201800039347;1;1;0;0;2;7;19;B01
201800039348;1;7;0;0;1;1;13;A01
201800039349;2;7;0;0;2;2;1;B01
201800039349;1;7;0;0;2;3;9;A01
201800039350;1;7;0;0;2;3;21;B01
201800039350;2;7;0;0;2;6;9;A01
201800039351;1;33;0;1;0;5;14;A01
201800039352;1;10;0;0;2;2;10;A01
201800039352;1;7;0;0;2;1;1;B01
201800039353;2;7;0;0;2;3;13;B01
201800039353;2;33;0;0;2;8;17;A01
201800039354;2;31;0;0;2;1;17;B01
201800039354;2;7;0;0;2;6;11;A01
201800039355;1;7;0;0;2;1;1;A01
201800039355;1;7;0;0;2;7;1;B01
201800039356;1;7;0;0;2;1;9;A01
201800039356;1;7;0;14;0;4;9;B01
201800039357;1;7;0;0;1;1;9;A01
201800039358;2;99;0;0;2;1;19;B01
201800039358;1;7;0;0;2;8;19;A01
201800039359;1;7;0;0;2;6;16;A01
201800039359;1;16;0;0;2;2;12;B01
201800039360;0;99;0;0;2;0;0;R01
201800039360;1;7;0;0;2;1;2;A01
201800039361;1;10;0;1;2;2;1;A01
201800039362;1;7;0;0;2;2;21;B01
201800039362;1;7;0;0;2;1;21;A01
201800039363;1;1;0;0;2;0;21;A01
201800039363;1;7;0;0;2;0;21;Z01
201800039364;1;7;0;0;2;0;0;Z01
201800039364;1;3;0;0;2;2;21;A01
201800039365;1;7;0;0;1;2;9;A01
201800039366;1;7;0;0;1;1;19;A01
201800039367;1;7;0;0;1;2;13;A01
201800039368;1;13;0;0;2;1;15;B01
201800039368;1;7;0;0;2;1;15;A01
201800039369;2;7;0;0;1;0;19;A01
201800039370;1;7;0;0;1;1;19;A01
201800039371;1;7;0;15;0;1;2;A01
201800039372;2;7;0;2;0;1;1;Z01
201800039373;1;7;0;0;2;8;9;A01
201800039373;1;7;0;0;2;2;9;B01
201800039374;1;7;0;1;2;2;9;A01
201800039375;1;31;0;0;1;1;19;Z01
201800039376;1;7;0;0;1;1;9;A01
201800039377;1;1;0;0;2;0;9;B01
201800039377;1;7;0;0;9;2;2;A01
201800039378;1;7;0;0;2;5;21;B01
201800039378;1;7;0;0;2;1;9;A01
201800039379;1;7;0;0;2;1;1;A01
201800039379;1;7;0;0;1;5;1;B01
201800039380;1;7;0;0;2;4;0;A01
201800039380;1;7;0;0;2;4;0;B01
201800039380;1;7;0;0;2;1;0;C01
201800039381;2;7;0;0;1;2;1;A01
201800039382;1;7;0;0;1;1;0;A01
201800039383;1;33;0;0;2;4;2;B01
201800039383;1;7;0;0;2;1;2;A01
201800039384;1;7;0;1;0;2;21;A01
201800039385;0;99;0;0;2;0;0;R01
201800039385;1;7;0;0;2;2;21;A01
201800039386;1;2;0;0;1;1;19;A01
201800039387;2;7;0;1;2;3;21;B01
201800039387;1;33;0;1;2;9;13;A01
201800039387;1;7;0;1;2;8;1;C01
201800039388;2;7;0;0;2;1;1;A01
201800039388;2;7;0;0;2;1;1;B01
201800039389;1;7;0;0;2;1;9;A01
201800039389;1;33;0;0;2;4;2;B01
201800039389;1;7;0;0;2;4;1;C01
201800039390;1;7;0;0;2;4;2;A01
201800039390;1;7;0;0;2;1;2;B01
201800039391;2;99;0;15;0;1;13;A01
201800039392;2;2;0;0;0;0;2;A01
201800039393;1;7;0;0;2;4;2;A01
201800039393;1;7;0;0;2;1;2;B01
201800039394;1;37;0;0;2;3;2;A01
201800039394;1;7;0;0;2;7;18;B01
201800039395;2;33;0;0;0;2;17;A01
201800039396;1;34;0;0;0;0;0;A01
201800039397;2;7;0;0;2;3;11;B01
201800039397;2;34;0;0;2;2;1;A01
201800039398;1;7;0;1;0;3;16;A01
201800039399;1;7;0;0;2;2;1;A01
201800039399;1;7;0;1;2;3;20;B01
201800039400;0;7;0;0;2;2;1;A01
201800039400;0;7;0;0;2;3;1;B01
201800039401;1;7;0;0;2;1;15;A01
201800039401;2;1;0;0;2;1;1;B01
201800039402;0;7;0;0;2;8;1;A01
201800039402;0;7;0;0;2;1;1;B01
201800039403;1;7;0;0;2;2;2;A01
201800039403;0;7;0;0;2;1;2;B01
201800039404;1;7;0;15;0;2;2;A01
201800039405;0;7;0;12;0;7;1;A01
201800039405;1;7;0;12;0;1;1;B01
201800039406;1;7;0;0;2;8;1;B01
201800039406;1;7;0;0;2;1;1;A01
201800039407;0;1;0;0;2;7;19;B01
201800039407;1;7;0;0;6;2;1;A01
201800039408;1;7;0;0;2;5;21;B01
201800039408;0;7;0;0;2;0;21;A01
201800039409;1;7;0;8;0;2;2;A01
201800039410;0;7;0;0;2;2;19;B01
201800039410;1;10;0;8;2;1;1;A01
201800039411;2;7;0;8;2;6;15;B01
201800039411;2;33;0;0;2;1;1;A01
201800039412;1;7;0;1;0;2;16;A01
201800039413;1;10;0;0;2;2;1;A01
201800039413;0;7;0;0;2;3;16;B01
201800039414;0;7;0;8;0;3;1;A01
201800039415;0;7;0;0;2;4;23;B01
201800039415;0;7;0;0;2;1;2;A01
201800039416;2;10;0;0;2;1;2;A01
201800039416;2;7;0;0;2;4;2;B01
201800039416;2;10;0;0;2;4;2;C01
201800039417;1;7;0;0;2;3;1;A01
201800039417;1;7;0;0;2;8;15;B01
201800039418;1;7;0;0;2;1;9;B01
201800039418;1;7;0;0;2;3;1;A01
201800039419;1;7;0;0;2;4;23;A01
201800039419;1;7;0;0;2;1;2;C01
201800039419;1;7;0;0;2;4;2;B01
201800039420;0;32;0;0;2;1;0;A01
201800039420;0;7;0;0;2;0;0;B01
201800039421;0;7;0;1;0;3;13;A01
201800039422;0;7;0;2;0;5;2;B01
201800039422;1;1;0;2;2;5;1;A01
201800039423;0;7;0;0;2;4;0;A01
201800039423;0;7;0;0;2;1;2;B01
201800039424;1;7;0;12;1;2;9;A01
201800039425;0;7;0;0;2;8;0;B01
201800039425;0;7;0;12;0;1;13;A01
201800039426;1;7;0;0;2;1;2;A01
201800039426;1;1;0;0;2;0;19;B01
201800039427;0;10;0;0;1;2;1;A01
201800039428;1;7;0;0;0;6;1;B01
201800039428;1;7;0;4;0;1;1;A01
201800039429;0;7;0;0;1;3;15;A01
201800039430;0;33;0;0;2;1;2;A01
201800039430;0;7;0;0;2;4;2;B01
201800039431;0;33;0;0;0;0;0;A01
201800039432;2;7;0;15;1;1;15;A01
201800039433;0;1;0;0;2;4;2;B01
201800039433;0;10;0;0;2;1;9;A01
201800039434;0;7;0;0;2;8;1;B01
201800039434;0;7;0;0;2;1;1;A01
201800039435;0;7;0;11;0;1;16;A01
201800039436;0;34;0;0;1;1;1;A01
201800039437;0;7;0;0;1;1;15;A01
201800039438;0;30;0;0;2;7;1;A01
201800039438;0;7;0;0;2;3;15;B01
201800039439;1;99;0;0;1;1;1;A01
201800039440;0;10;0;0;2;2;1;A01
201800039440;0;2;0;0;2;1;1;B01
201800039441;2;7;0;0;1;2;1;A01
201800039442;1;7;0;0;0;5;23;B01
201800039442;1;7;0;0;2;1;3;A01
201800039442;1;7;0;0;0;6;12;C01
201800039443;1;7;0;0;2;1;19;B01
201800039443;0;7;0;0;2;8;0;A01
201800039444;2;7;0;0;2;7;1;B01
201800039444;1;10;0;0;2;1;1;A01
201800039445;0;10;0;0;2;4;0;B01
201800039445;0;10;0;0;2;1;0;A01
201800039446;1;7;0;0;2;1;1;A01
201800039446;2;7;0;0;2;0;0;B01
201800039447;2;1;0;0;2;2;12;A01
201800039447;2;33;0;0;2;1;2;B01
201800039448;0;10;0;0;2;1;2;B01
201800039448;0;7;0;0;2;4;23;A01
201800039449;0;10;0;0;0;7;1;B01
201800039449;0;10;0;0;0;3;13;A01
201800039450;0;34;0;0;2;1;1;A01
201800039450;2;10;0;0;2;0;0;B01
201800039451;2;10;0;0;1;1;0;A01
201800039452;2;7;0;0;2;4;2;A01
201800039452;2;14;0;0;2;1;1;B01
201800039453;2;7;0;0;1;3;19;A01
201800039454;1;7;0;0;1;1;1;A01
201800039455;2;31;0;0;2;8;19;A01
201800039455;1;7;0;0;2;8;19;B01
201800039456;2;7;0;0;1;1;15;A01
201800039457;2;7;0;0;2;1;9;A01
201800039457;1;7;0;0;2;8;9;B01
201800039458;1;13;0;0;2;1;21;A01
201800039458;1;7;0;0;2;4;20;B01
201800039458;0;7;0;0;9;3;9;C01
201800039459;2;10;0;0;2;1;2;A01
201800039459;2;7;0;0;2;4;2;B01
201800039459;2;7;0;0;2;4;2;C01
201800039460;1;7;0;0;2;7;10;A01
201800039460;2;7;0;0;2;3;1;B01
201800039461;1;31;0;0;2;7;1;B01
201800039461;1;7;0;0;2;8;11;A01
201800039462;1;7;0;0;1;1;16;A01
201800039463;1;31;0;0;2;8;9;A01
201800039463;1;7;0;0;2;2;15;B01
201800039464;1;7;0;0;1;3;1;A01
201800039465;1;33;0;0;2;7;1;A01
201800039465;1;7;0;0;2;0;10;Z01
201800039466;1;7;0;0;2;4;2;A01
201800039466;1;7;0;0;2;0;2;B01
201800039467;2;7;0;0;2;3;17;B01
201800039467;2;7;0;0;2;3;2;C01
201800039467;1;7;0;0;2;1;16;A01
201800039468;1;7;0;0;1;2;1;A01
201800039469;1;7;0;0;2;6;1;A01
201800039469;1;7;0;0;2;5;2;B01
201800039469;1;7;0;0;2;3;2;C01
201800039470;1;7;0;0;2;8;1;A01
201800039470;2;7;0;0;2;1;9;B01
201800039471;1;7;0;0;2;1;1;B01
201800039471;1;99;0;0;2;8;19;A01
201800039472;2;33;0;0;2;1;21;B01
201800039472;2;7;0;0;2;3;10;A01
201800039473;1;7;0;0;1;1;2;A01
201800039474;2;31;0;0;0;0;2;A01
201800039475;1;7;0;0;2;8;1;B01
201800039475;1;10;0;0;2;2;9;A01
201800039476;1;7;0;0;1;2;2;A01
201800039477;2;7;0;0;2;8;15;A01
201800039477;2;33;0;0;2;1;17;B01
201800039478;1;31;0;0;2;1;21;A01
201800039478;1;7;0;0;2;4;23;B01