num_acc;senc;catv;occutc;obs;obsm;choc;manv;num_veh
201800039479;1;7;0;0;2;3;1;B01
201800039479;2;7;0;0;2;2;15;A01
201800039480;1;7;0;0;1;3;15;A01
201800039481;1;7;0;0;2;2;19;B01
201800039481;1;7;0;0;2;3;19;A01
201800039482;1;7;0;1;2;8;2;A01
201800039482;1;7;0;0;2;3;19;B01
201800039483;1;34;0;1;0;1;19;A01
201800039483;1;7;0;0;2;6;24;B01
201800039484;2;7;0;0;1;2;19;A01
201800039485;1;7;0;0;2;6;1;B01
201800039485;1;34;0;0;2;1;17;A01
201800039486;2;37;1;0;2;1;19;B01
201800039486;1;7;0;0;2;7;19;A01
201800039487;1;10;0;0;1;3;1;A01
201800039488;1;7;0;0;2;4;23;A01
201800039488;1;7;0;0;2;1;2;C01
201800039488;1;7;0;0;2;4;23;B01
201800039489;1;7;0;0;2;3;15;A01
201800039489;1;31;0;0;2;2;3;B01
201800039490;2;33;0;0;2;7;2;B01
201800039490;2;7;0;0;2;3;11;A01
201800039491;1;7;0;0;2;1;7;A01
201800039491;1;7;0;0;2;4;23;B01
201800039491;1;7;0;0;2;4;23;D01
201800039491;2;10;0;0;2;2;21;E01
201800039491;2;7;0;0;2;1;21;G01
201800039491;1;7;0;0;2;4;23;C02
201800039492;2;7;0;0;1;1;1;A01
201800039493;1;7;0;0;2;3;11;B01
201800039493;1;7;0;8;0;1;2;A01
201800039494;1;33;0;0;2;0;21;A01
201800039495;1;33;0;0;0;8;1;A01
201800039496;2;10;0;0;2;4;1;A01
201800039496;2;7;0;0;2;2;2;B01
201800039497;0;7;0;0;2;1;19;A01
201800039497;0;7;0;0;2;7;19;B01
201800039498;2;7;0;0;2;3;2;A01
201800039498;2;7;0;0;2;5;1;B01
201800039499;1;30;0;0;2;2;17;B01
201800039499;1;7;0;0;2;6;15;A01
201800039500;2;7;0;0;2;1;2;B01
201800039500;2;7;0;0;2;4;1;A01
201800039501;0;37;12;0;2;3;1;A01
201800039501;0;7;0;0;2;2;1;B01
201800039502;0;34;0;0;1;1;19;A01
201800039503;2;7;0;0;2;3;1;A01
201800039503;2;7;0;0;2;2;13;B01
201800039504;2;7;0;0;2;3;17;A01
201800039504;1;7;0;0;2;3;13;B01
201800039505;0;7;0;0;1;3;1;A01
201800039506;0;7;0;0;1;8;23;B01
201800039506;0;37;30;1;1;5;1;A01
201800039507;2;7;0;0;1;1;0;A01
201800039508;0;7;0;0;2;3;1;A01
201800039508;1;2;0;0;2;1;0;B01
201800039509;0;10;0;0;1;1;0;A01
201800039510;0;7;0;0;2;8;15;A01
201800039510;0;7;0;0;2;1;17;B01
201800039511;1;10;0;0;1;5;1;A01
201800039512;1;10;0;0;1;0;1;A01
201800039513;1;7;0;1;0;1;0;A01
201800039514;1;33;0;0;2;1;1;A01
201800039515;1;7;0;0;1;1;1;A01
201800039516;1;33;0;11;0;6;2;B01
201800039516;1;7;0;11;2;2;2;A01
201800039517;2;7;0;4;0;3;13;A01
201800039518;1;20;0;0;1;5;0;C01
201800039518;1;7;0;0;1;3;0;B01
201800039519;0;32;0;0;2;3;0;B01
201800039519;0;7;0;0;2;3;15;A01
201800039520;0;99;0;12;2;1;0;A01
201800039520;0;99;0;9;2;3;0;B01
201800039521;1;7;0;0;2;1;0;B01
201800039521;1;7;0;0;2;4;23;A01
201800039522;0;7;0;0;1;3;1;A01
201800039523;0;7;0;0;1;2;1;A01
201800039524;2;10;0;0;2;4;0;C01
201800039524;2;10;0;0;2;1;1;A01
201800039524;2;10;0;0;2;9;1;B01
201800039525;1;10;0;0;1;5;16;A01
201800039526;0;7;0;1;0;3;13;A01
201800039527;2;7;0;0;2;4;23;A01
201800039527;2;99;0;0;2;1;2;B01
201800039528;0;7;0;0;2;1;2;B01
201800039528;1;10;0;0;2;7;2;A01
201800039529;1;33;0;0;2;1;13;A01
201800039529;1;7;0;0;2;6;15;B01
201800039530;1;7;0;8;0;5;2;A01
201800039530;1;7;0;0;2;1;2;B01
201800039531;1;7;0;0;0;0;23;B01
201800039531;1;31;0;0;2;2;13;A01
201800039532;1;7;0;0;2;1;15;A01
201800039532;2;32;0;0;2;1;1;B01
201800039533;0;34;0;9;0;1;0;A01
201800039534;0;7;0;0;2;1;0;B01
201800039534;0;7;0;0;2;1;0;A01
201800039535;1;37;20;6;0;2;21;A01
201800039536;1;7;0;0;2;1;0;B01
201800039536;0;7;0;1;2;7;10;A01
201800039537;1;15;0;0;1;2;0;A01
201800039538;1;7;0;0;2;4;0;B01
201800039538;1;7;0;1;0;1;2;A01
201800039539;1;7;0;0;1;3;1;A01
201800039540;1;10;0;0;2;3;1;A01
201800039540;1;10;0;0;2;2;1;B01
201800039541;2;10;0;0;1;2;1;A01
201800039542;1;7;0;0;1;3;1;A01
201800039543;2;7;0;0;2;6;16;A01
201800039543;2;13;0;0;2;2;12;B01
201800039544;2;7;0;0;1;1;15;A01
201800039545;1;7;0;0;2;1;2;A01
201800039545;1;7;0;0;2;4;2;B01
201800039546;1;7;0;0;1;2;21;A01
201800039547;2;3;0;0;2;3;10;B01
201800039547;2;3;0;0;2;9;17;A01
201800039548;1;7;0;0;1;1;1;A01
201800039549;2;7;0;0;2;3;1;B01
201800039549;1;7;0;0;2;2;15;A01
201800039550;1;7;0;14;1;3;15;A01
201800039551;1;7;0;0;9;3;21;A01
201800039551;1;31;0;0;2;2;14;B01
201800039552;1;7;0;0;1;3;1;A01
201800039553;2;7;0;0;1;7;22;A01
201800039554;1;31;0;0;2;8;1;A01
201800039554;1;7;0;0;2;2;12;B01
201800039555;2;37;1;0;1;2;1;A01
201800039556;1;7;0;0;2;3;1;A01
201800039556;1;15;0;0;2;2;12;B01
201800039557;2;7;0;0;1;4;4;A01
201800039558;2;7;0;0;1;2;2;A01
201800039559;1;34;0;0;0;9;0;A01
201800039560;1;7;0;0;1;1;16;A01
201800039561;1;31;0;0;2;1;17;A01
201800039561;1;7;0;0;2;3;15;B01
201800039562;1;7;0;0;1;2;16;A01
201800039563;1;37;0;0;0;3;1;B01
201800039563;1;7;0;0;2;6;1;C01
201800039563;1;7;0;0;0;2;12;A01
201800039564;0;30;0;0;2;1;1;B01
201800039564;0;7;0;0;2;1;0;A01
201800039565;2;31;0;0;1;0;2;A01
201800039566;1;7;0;1;1;3;21;A01
201800039567;2;1;0;0;2;1;1;B01
201800039567;1;31;0;0;2;1;21;Z01
201800039568;2;7;0;0;2;3;2;A01
201800039568;1;7;0;0;2;1;15;B01
201800039569;2;7;0;0;0;0;23;B01
201800039569;2;33;0;1;0;7;1;A01
201800039570;0;3;0;0;1;1;1;Z01
201800039571;1;10;0;0;0;0;21;A01
201800039572;1;10;0;0;2;1;1;A01
201800039572;1;10;0;0;2;3;15;B01
201800039573;0;7;0;0;2;9;0;B01
201800039573;0;7;0;0;2;1;0;A01
201800039573;0;7;0;0;2;1;0;C01
201800039574;;7;0;;;;;A01
201800039574;;7;0;;;;;B01
201800039575;2;7;0;0;2;2;24;A01
201800039575;2;7;0;0;2;8;0;B01
201800039576;1;33;0;0;2;7;0;A01
201800039576;1;7;0;0;0;4;23;B01
201800039577;0;3;0;13;0;2;1;A01
201800039578;0;7;0;0;0;0;17;A01
201800039578;;1;0;;;;;B01
201800039579;2;30;0;0;0;0;0;A01
201800039579;2;99;0;0;0;0;0;B01
201800039580;1;20;0;0;2;2;16;A01
201800039580;1;20;0;0;2;3;15;B01
201800039581;1;20;0;12;2;1;17;A01
201800039581;1;20;0;9;0;6;1;B01
201800039582;0;7;0;0;1;2;0;A01
201800039583;2;32;0;0;0;8;1;B01
201800039583;2;7;0;0;0;7;12;A01
201800039584;1;32;0;0;2;5;17;B01
201800039584;1;7;0;0;6;3;15;A01
201800039585;2;7;0;0;2;3;0;A01
201800039585;1;7;0;0;2;2;0;B01
201800039586;;7;0;;;;;A01
201800039586;1;7;0;0;2;1;1;B01
201800039587;0;32;0;0;2;3;18;B01
201800039587;0;10;0;0;2;2;15;A01
201800039588;1;7;0;1;2;1;5;Z01
201800039588;1;30;0;0;2;1;2;B01
201800039588;1;7;0;0;2;2;0;C01
201800039589;1;7;0;0;2;4;23;A01
201800039589;1;7;0;14;0;1;2;B01
201800039590;2;7;0;0;2;4;23;B01
201800039590;2;7;0;0;2;1;2;A01
201800039591;0;30;0;0;2;4;12;A01
201800039592;1;7;0;0;1;2;0;B01
201800039593;2;34;0;0;2;2;13;B01
201800039593;2;7;0;0;2;8;15;A01
201800039594;0;7;0;0;2;7;0;A01
201800039594;0;30;0;0;2;7;1;B01
201800039595;1;7;0;0;1;1;1;A01
201800039596;0;7;0;0;1;1;2;A01
201800039597;1;7;0;4;0;1;9;A01
201800039598;0;20;0;0;1;3;1;A01
201800039599;1;10;0;0;1;1;19;A01
201800039600;1;10;0;0;1;1;16;A01
201800039601;1;7;0;0;2;2;15;B01
201800039601;2;7;0;0;0;1;1;A01
201800039602;1;99;0;0;2;1;15;A01
201800039602;1;99;0;0;2;1;1;B01
201800039603;2;7;0;0;1;1;1;A01
201800039604;1;7;0;0;1;1;1;A01
201800039605;1;7;0;0;1;3;16;A01
201800039606;1;7;0;0;2;8;15;A01
201800039606;2;7;0;11;2;7;17;B01
201800039607;2;7;0;0;2;8;1;A01
201800039607;2;7;0;0;2;5;14;B01
201800039608;1;7;0;0;2;7;15;A01
201800039608;2;2;0;0;2;1;1;B01
201800039609;1;7;0;0;2;3;20;A01
201800039609;1;31;0;0;2;0;18;B01
201800039610;1;7;0;0;1;1;15;A01
201800039611;1;7;0;0;1;3;2;A01
201800039612;1;37;1;5;0;3;21;B01
201800039612;1;7;0;8;0;9;16;A01
201800039613;2;7;0;6;0;1;21;A01
201800039613;2;7;0;0;2;3;1;B01
201800039614;1;2;0;1;0;7;3;B01
201800039614;1;7;0;0;2;3;23;A01
201800039615;2;7;0;0;1;1;15;A01
201800039616;2;7;0;1;0;2;16;B01
201800039616;1;7;0;0;2;3;19;A01
201800039617;1;7;0;0;1;2;16;A01
201800039618;1;7;0;0;1;8;1;A01
201800039619;1;99;0;1;0;3;22;A01
201800039620;2;33;0;0;2;8;3;A01
201800039621;1;7;0;0;2;4;2;B01
201800039621;1;33;0;0;2;4;2;A01
201800039622;0;7;0;0;0;2;16;B01
201800039622;0;31;0;0;0;0;14;A01
201800039623;1;37;1;0;1;2;7;A01
201800039624;1;7;0;0;1;1;2;A01
201800039625;2;33;0;0;2;8;1;A01
201800039625;1;7;0;0;2;2;10;B01
201800039626;0;7;0;0;0;5;9;A01
201800039626;0;7;0;0;0;0;0;B01
201800039627;1;7;0;0;2;2;15;A01
201800039627;1;7;0;0;2;6;1;B01
201800039628;1;7;0;12;0;4;21;A01
201800039628;1;7;0;0;2;3;23;B01
201800039629;1;7;0;0;2;7;10;A01
201800039629;1;34;0;0;2;1;2;B01
201800039630;2;7;0;0;9;4;2;A01
201800039630;2;1;0;0;2;1;2;B01
201800039631;1;34;0;0;2;1;1;A01
201800039631;1;7;0;0;2;5;15;B01
201800039632;1;7;0;0;1;1;16;A01
201800039633;1;7;0;0;2;1;1;A01
201800039633;1;33;0;0;2;7;1;B01
201800039634;2;7;0;0;2;0;11;A01
201800039634;0;34;0;0;2;0;9;K01
201800039635;2;31;0;0;1;0;0;A01
201800039636;1;7;0;0;2;3;15;A01
201800039636;2;7;0;8;2;3;21;B01
201800039637;1;10;0;0;1;0;4;A01
201800039638;1;2;0;0;1;1;19;A01
201800039639;1;1;0;0;2;1;21;B01
201800039639;1;7;0;0;2;1;9;A01
201800039640;1;7;0;1;0;0;0;A01
201800039640;1;7;0;0;2;4;0;B01
201800039641;1;7;0;0;9;3;2;A01
201800039641;1;30;0;0;9;1;2;B01
201800039642;1;7;0;0;1;1;0;A01
201800039643;1;31;0;0;2;1;18;A01
201800039643;0;7;0;0;0;1;15;B01
201800039644;1;10;0;0;1;2;9;A01
201800039645;2;7;0;0;2;4;23;A01
201800039645;1;7;0;0;2;3;13;C01
201800039645;1;33;0;0;2;1;21;B01
201800039646;0;7;0;0;1;1;0;A01
201800039647;1;33;0;0;2;1;18;B01
201800039647;1;7;0;0;2;2;16;A01
201800039648;0;30;0;0;2;8;19;B01
201800039648;0;10;0;0;2;2;19;A01
201800039649;1;33;0;0;0;1;0;A01
201800039650;1;7;0;0;1;1;1;A01
201800039651;1;7;0;0;2;1;19;A01
201800039651;1;7;0;0;2;7;19;B01
201800039652;2;33;0;0;2;8;1;A01
201800039652;1;7;0;0;2;0;15;B01
201800039653;;99;0;0;0;0;0;A01
201800039654;0;7;0;0;2;4;2;B01
201800039654;0;7;0;0;2;1;2;A01
201800039655;0;7;0;1;0;3;0;A01
201800039656;1;7;0;0;1;1;1;A01
201800039657;1;10;0;10;0;1;13;A01
201800039658;0;7;0;0;2;1;1;A01
201800039658;0;7;0;9;0;2;1;B01
201800039659;1;30;0;1;2;1;21;A01
201800039659;1;10;0;0;2;5;9;B01
201800039660;0;7;0;0;2;8;1;A01
201800039660;0;10;0;0;2;1;23;B01
201800039661;0;7;0;0;2;1;1;A01
201800039661;0;7;0;0;2;4;23;B01
201800039662;0;7;0;0;1;3;0;A01
201800039663;0;33;0;0;2;1;1;B01
201800039663;0;7;0;0;2;3;15;A01
201800039664;1;10;0;0;1;1;1;A01
201800039665;0;7;0;0;1;2;9;A01
201800039666;1;7;0;0;1;3;7;A01
201800039667;0;10;0;0;1;0;0;A01
201800039668;1;7;0;1;0;8;17;A01
201800039668;1;13;0;1;0;8;23;B01
201800039669;0;7;0;0;1;2;2;A01
201800039670;0;34;0;0;2;1;1;B01
201800039670;0;7;0;0;0;5;16;A01
201800039671;2;10;0;0;2;3;10;A01
201800039671;2;10;0;10;2;2;2;B01
201800039672;1;99;0;0;2;0;0;A01
201800039672;1;10;0;0;2;0;0;B01
201800039673;0;7;0;0;2;1;1;B01
201800039673;0;7;0;0;0;7;9;A01
201800039674;2;10;0;0;2;3;1;A01
201800039674;2;10;0;3;0;3;13;B01
201800039675;1;7;0;0;1;1;15;A01
201800039676;2;7;0;0;1;1;16;A01
201800039677;0;10;0;0;1;2;1;A01
201800039678;2;10;0;0;1;1;15;A01
201800039679;1;30;0;0;2;1;1;B01
201800039679;2;7;0;0;2;7;15;A01
201800039680;1;7;0;12;0;1;9;A01
201800039681;1;7;0;13;0;3;1;A01
201800039682;0;7;0;0;1;1;9;A01
201800039683;1;7;0;0;2;3;16;A01
201800039683;2;2;0;0;2;0;0;B01
201800039684;1;7;0;8;0;1;14;A01
201800039685;2;7;0;0;2;1;1;A01
201800039685;1;7;0;0;2;7;19;B01
201800039686;2;7;0;0;2;3;1;A01
201800039686;1;7;0;0;2;1;0;B01
201800039687;;99;0;;;;;A01
201800039687;0;32;0;0;2;3;17;B01
201800039688;1;32;0;4;2;1;1;B01
201800039688;1;7;0;4;2;2;15;A01
201800039689;2;7;0;0;1;2;1;A01
201800039690;1;7;0;0;2;1;19;A01
201800039690;2;7;0;0;2;3;15;B01
201800039691;1;7;0;0;1;2;19;A01
201800039692;1;7;0;9;0;2;21;A01
201800039693;1;7;0;0;1;3;15;A01
201800039694;1;7;0;0;1;3;9;A01
201800039695;1;31;0;0;2;7;17;A01
201800039695;1;7;0;0;2;1;9;B01
201800039696;1;7;0;1;0;1;24;B01
201800039696;1;7;0;1;0;1;1;A01
201800039697;1;7;0;0;1;8;1;A01
201800039698;1;7;0;0;1;0;1;A01
201800039699;2;34;0;0;2;4;23;A01
201800039699;2;7;0;0;2;2;16;B01
201800039700;1;31;0;0;2;1;17;A01
201800039700;1;7;0;0;2;8;17;B01
201800039701;1;7;0;0;2;2;1;A01
201800039701;1;7;0;0;2;1;2;B01
201800039702;1;7;0;0;2;3;17;A01
201800039702;2;7;0;0;2;3;16;B01
201800039703;1;7;0;0;2;6;19;B01
201800039703;1;7;0;0;2;1;19;A01
201800039704;1;7;0;4;2;1;1;A01
201800039704;2;7;0;1;2;3;1;B01
201800039705;1;7;0;0;1;1;1;A01
201800039706;1;7;0;0;1;3;1;A01
201800039707;2;7;0;0;2;3;1;A01
201800039707;1;7;0;0;2;1;1;B01
201800039708;1;7;0;0;9;4;19;B01
201800039708;1;7;0;0;2;1;19;A01
201800039709;1;7;0;0;2;8;9;A01
201800039709;2;7;0;1;2;1;13;B01
201800039710;1;7;0;0;1;1;1;A01
201800039711;1;7;0;0;2;3;16;B01
201800039711;1;37;1;0;2;3;7;A01
201800039712;1;33;0;0;2;8;18;B01
201800039712;1;10;0;0;2;7;20;A01
201800039713;1;37;1;0;1;1;7;A01
201800039714;1;7;0;0;1;1;19;A01
201800039715;1;7;0;0;2;1;19;A01
201800039715;1;7;0;0;2;8;15;B01
201800039716;1;7;0;0;1;7;19;A01
201800039717;1;7;0;1;0;2;21;A01
201800039718;2;7;0;0;2;5;4;B01
201800039718;1;7;0;0;2;5;1;A01
201800039719;1;7;0;0;1;8;1;B01
201800039720;1;7;0;0;1;1;19;A01
201800039721;2;7;0;1;0;2;2;A01
201800039721;2;7;0;0;2;5;2;B01
201800039722;1;7;0;0;2;4;20;B01
201800039722;1;33;0;0;2;2;9;A01
201800039723;0;7;0;0;0;1;2;A01
201800039723;0;7;0;0;2;1;2;B01
201800039724;1;1;0;0;1;1;15;A01
201800039725;1;7;0;0;2;1;9;A01
201800039725;1;7;0;0;2;7;1;B01
201800039726;1;7;0;0;2;4;2;C01
201800039726;1;31;0;0;2;4;2;B01
201800039726;1;7;0;14;0;1;2;A01
201800039727;1;10;0;0;2;0;9;A01
201800039727;1;34;0;0;2;8;9;B01
201800039728;1;7;0;1;0;3;20;A01
201800039728;1;31;0;1;2;2;1;B01
201800039729;1;7;0;0;2;1;1;A01
201800039729;1;7;0;0;2;8;9;B01
201800039730;1;7;0;0;2;1;8;B01
201800039730;2;7;0;0;2;7;15;A01
201800039731;0;7;0;0;1;3;19;A01
201800039732;1;7;0;0;1;2;9;A01
201800039733;2;7;0;0;1;2;7;A01
201800039734;0;1;0;0;2;1;19;B01
201800039734;1;99;0;0;2;1;0;Z01
201800039735;1;7;0;0;2;3;17;A01
201800039735;2;7;0;0;2;3;16;B01
201800039736;2;7;0;0;2;1;16;B01
201800039736;1;7;0;0;2;8;15;A01
201800039737;0;7;0;0;2;3;12;A01
201800039737;0;33;0;0;2;5;1;B01
201800039738;0;7;0;15;0;1;1;A01
201800039739;1;7;0;1;0;8;16;B01
201800039739;1;7;0;0;2;1;1;A01
201800039740;1;7;0;0;1;2;0;A01
201800039741;0;20;0;0;1;3;0;A01
201800039742;0;7;0;0;1;1;16;A01
201800039743;0;7;0;0;2;4;2;A01
201800039743;0;7;0;0;2;1;2;B01
201800039743;0;7;0;0;2;1;1;C01
201800039744;1;7;0;0;2;4;23;A01
201800039744;1;7;0;0;2;1;2;B01
201800039745;0;7;0;4;0;2;15;B01
201800039745;0;7;0;4;2;2;2;A01
201800039746;0;2;0;0;2;7;1;A01
201800039746;0;7;0;0;2;3;1;B01
201800039747;0;7;0;13;0;1;13;A01
201800039748;1;7;0;0;1;2;0;A01
201800039749;0;32;0;0;2;1;1;A01
201800039749;0;1;0;0;2;2;1;B01
201800039750;0;7;0;0;2;2;1;A01
201800039750;0;1;0;0;0;2;1;B01
201800039751;0;10;0;4;0;1;14;A01
201800039752;1;7;0;0;2;8;15;B01
201800039752;1;34;0;0;2;1;17;A01
201800039753;0;7;0;0;1;3;1;A01
201800039754;1;3;0;0;2;0;0;B01
201800039754;1;30;0;0;2;1;19;A01
201800039755;0;7;0;0;2;4;1;A01
201800039755;0;7;0;0;2;1;1;B01
201800039756;1;7;0;0;2;4;2;B01
201800039756;1;10;0;0;2;1;2;A01
201800039756;1;7;0;0;2;4;2;C01
201800039757;1;10;0;0;2;1;5;B01
201800039757;2;10;0;0;2;1;1;A01
201800039758;2;7;0;0;1;4;4;A01
201800039759;1;7;0;0;1;8;19;A01
201800039760;1;7;0;0;2;1;2;B01
201800039760;1;7;0;0;2;1;9;A01
201800039761;1;10;0;1;0;2;14;A01
201800039762;2;33;0;0;2;7;2;B01
201800039762;2;7;0;0;2;0;13;A01
201800039763;0;7;0;0;2;5;19;A01
201800039763;0;37;30;0;2;3;19;B01
201800039764;1;7;0;12;0;2;0;A01
201800039765;0;99;0;0;0;0;0;A01
201800039766;0;7;0;0;2;6;1;A01
201800039766;0;7;0;0;2;1;0;B01
201800039767;1;10;0;0;2;2;17;A01
201800039767;2;7;0;0;2;8;15;B01
201800039768;0;7;0;0;1;3;0;A01
201800039769;0;10;0;0;2;2;9;A01
201800039769;1;33;0;0;2;7;1;B01
201800039770;0;20;0;0;2;1;0;B01
201800039770;0;20;0;0;2;2;13;A01
201800039771;1;7;0;1;2;7;0;A01
201800039771;1;10;0;0;2;1;9;B01
201800039772;2;7;0;1;0;2;0;A01
201800039773;1;7;0;0;2;2;15;A01
201800039773;1;31;0;0;2;1;2;B01
201800039774;1;7;0;0;1;3;19;A01
201800039775;2;7;0;0;2;1;2;B01
201800039775;2;7;0;0;2;4;2;A01
201800039776;1;7;0;0;2;7;10;A01
201800039776;1;7;0;0;2;2;2;B01
201800039777;1;7;0;0;2;6;23;A01
201800039777;1;7;0;0;2;2;2;B01
201800039778;1;33;0;0;1;5;13;A01
201800039779;2;31;0;0;2;2;2;B01
201800039779;2;14;0;1;2;3;11;A01
201800039780;2;36;0;15;1;3;7;A01
201800039781;1;31;0;0;2;0;2;A01
201800039782;2;7;0;0;2;1;19;B01
201800039782;2;7;0;0;2;4;23;A01
201800039783;1;7;0;14;0;1;2;A01
201800039783;1;7;0;14;0;4;23;B01
201800039783;1;7;0;14;0;4;23;C01
201800039783;1;7;0;14;0;4;23;D01
201800039784;2;7;0;8;2;9;1;A01
201800039784;2;7;0;0;2;2;16;B01
201800039785;2;7;0;0;1;2;15;A01
201800039786;1;7;0;0;1;1;2;A01
201800039787;1;7;0;12;0;1;9;A01
201800039788;1;7;0;0;1;2;2;A01
201800039789;2;7;0;0;1;3;2;A01
201800039790;1;7;0;0;2;3;2;Z01
201800039790;1;7;0;0;2;2;15;A01
201800039791;1;13;0;0;1;3;1;Z01
201800039791;1;10;0;0;2;2;9;A01
201800039792;1;7;0;0;2;5;10;A01
201800039792;2;33;0;0;2;3;2;B01
201800039793;2;7;0;0;2;5;2;A01
201800039793;1;7;0;0;2;1;2;B01
201800039794;2;7;0;0;2;3;2;A01
201800039794;1;7;0;0;2;2;2;B01
201800039795;1;7;0;0;2;1;9;A01
201800039795;1;10;0;0;2;4;16;B01
201800039796;1;7;0;0;2;8;15;B01
201800039796;1;33;0;0;2;1;17;A01
201800039797;1;7;0;0;1;7;1;A01
201800039798;1;14;0;0;2;3;18;B01
201800039798;1;15;0;0;9;5;15;A01
201800039799;1;7;0;0;1;3;15;A01
201800039800;1;7;0;0;1;4;7;A01
201800039801;1;7;0;1;0;6;24;A01
201800039801;1;13;0;1;0;2;21;B01
201800039802;2;7;0;0;2;5;2;A01
201800039802;1;7;0;0;2;1;2;B01
201800039803;1;31;0;0;2;2;17;B01
201800039803;1;7;0;0;2;3;15;A01
201800039804;2;7;0;0;2;5;12;A01
201800039804;2;33;0;0;2;8;18;B01
201800039805;2;7;0;0;1;1;9;A01
201800039806;1;7;0;0;1;7;11;A01
201800039807;1;7;0;0;1;2;18;Z01
201800039808;1;1;0;0;2;3;19;B01
201800039808;2;7;0;0;2;5;21;A01
201800039809;2;7;0;0;1;3;15;A01
201800039810;1;31;0;0;2;3;13;B01
201800039810;1;7;0;0;2;2;9;A01
201800039811;2;7;0;0;0;1;2;A01
201800039811;2;7;0;0;0;5;1;B01
201800039812;1;34;0;0;1;0;7;A01
201800039813;1;7;0;0;1;1;15;A01
201800039814;2;7;0;0;2;3;2;A01
201800039814;2;13;0;0;2;5;16;B01
201800039815;1;7;0;0;1;4;4;A01
201800039816;1;7;0;0;2;2;1;A01
201800039816;1;33;0;0;2;2;10;B01
201800039817;1;7;0;0;2;7;14;A01
201800039817;1;2;0;0;2;3;15;B01
201800039818;2;7;0;0;2;5;23;A01
201800039818;2;2;0;0;2;1;2;B01
201800039819;1;33;0;0;2;0;1;B01
201800039819;1;7;0;0;2;3;15;A01
201800039820;2;33;0;8;0;1;0;A01
201800039821;1;13;0;0;2;1;9;B01
201800039821;2;30;0;0;2;1;0;A01
201800039822;2;32;0;3;0;1;0;A01
201800039823;1;7;0;0;2;0;1;C01
201800039823;2;31;0;0;2;0;0;B01
201800039823;1;7;0;0;2;6;15;A01
201800039824;0;7;0;0;2;1;2;B01
201800039824;1;33;0;0;2;4;23;A01
201800039825;1;10;0;0;1;0;0;A01
201800039826;1;2;0;0;2;1;2;A01
201800039826;0;7;0;0;2;2;15;B01
201800039827;0;7;0;0;0;7;19;A01
201800039827;0;7;0;0;0;1;1;B01
201800039828;1;7;0;0;2;1;1;A01
201800039828;2;10;0;0;2;1;5;B01
201800039829;2;7;0;0;1;1;1;A01
201800039830;1;7;0;0;2;3;1;A01
201800039830;1;7;0;0;2;5;1;B01
201800039831;0;7;0;0;2;1;2;C01
201800039831;0;7;0;0;2;4;23;B01
201800039831;0;7;0;0;2;4;23;A01
201800039832;1;10;0;0;1;2;1;A01
201800039833;0;7;0;9;0;2;1;A01
201800039833;1;7;0;0;2;1;1;B01
201800039834;2;7;0;0;1;3;15;A01
201800039835;1;33;0;0;2;1;1;B01
201800039835;2;7;0;0;2;2;15;A01
201800039836;1;7;0;0;2;2;1;B01
201800039836;2;34;0;0;2;3;1;A01
201800039837;1;20;0;0;1;2;19;A01
201800039838;1;7;0;0;1;0;2;A01
201800039839;0;33;0;0;2;1;2;B01
201800039839;0;7;0;0;2;6;1;A01
201800039840;1;10;0;0;1;2;15;A01
201800039841;1;7;0;0;2;1;2;B01
201800039841;1;7;0;0;2;2;2;A01
201800039842;1;3;0;0;1;2;2;A01
201800039843;1;32;0;0;2;8;2;A01
201800039843;1;7;0;0;2;2;2;B01
201800039844;2;34;0;0;2;2;1;B01
201800039844;2;10;0;0;2;3;11;A01
201800039845;1;10;0;0;0;0;0;B01
201800039845;2;10;0;0;0;0;0;A01
201800039846;1;34;0;0;2;1;14;A01
201800039846;1;7;0;0;2;2;12;B01
201800039847;0;33;0;0;2;1;1;A01
201800039847;0;7;0;0;2;3;10;B01
201800039848;1;7;0;0;1;2;0;A01
201800039849;0;10;0;0;2;3;1;A01
201800039849;0;31;0;0;0;0;0;B01
201800039850;2;13;0;0;2;2;15;A01
201800039850;1;31;0;0;2;1;2;B01
201800039851;1;7;0;15;0;1;21;A01
201800039852;1;37;75;0;1;2;7;A01
201800039853;1;7;0;0;2;2;1;A01
201800039853;1;7;0;0;2;3;16;B01
201800039854;1;7;0;0;2;2;2;B01
201800039854;1;10;0;0;2;8;9;A01
201800039855;1;10;0;14;0;1;0;A01
201800039855;0;10;0;14;0;2;0;C01
201800039855;1;10;0;14;0;4;0;B01
201800039856;2;7;0;0;2;3;2;B01
201800039856;2;7;0;0;2;4;2;A01
201800039857;1;7;0;0;2;4;0;A01
201800039857;1;7;0;0;2;4;0;B01
201800039857;1;7;0;0;2;1;0;C01
201800039858;1;7;0;0;1;2;1;A01
201800039859;0;7;0;0;0;8;0;A01
201800039859;0;15;0;0;0;0;0;B01
201800039860;1;7;0;0;1;1;1;A01
201800039861;1;3;0;9;2;1;13;A01
201800039862;2;7;0;0;2;1;23;C01
201800039862;1;7;0;0;2;7;21;A01
201800039862;2;7;0;0;2;1;2;B01
201800039863;1;7;0;0;2;1;1;A01
201800039863;1;10;0;0;2;5;1;B01
201800039864;1;7;0;0;1;2;1;A01
201800039865;1;7;0;0;2;5;9;A01
201800039865;1;37;1;0;2;1;7;B01