num_acc;senc;catv;occutc;obs;obsm;choc;manv;num_veh
201800039866;2;7;0;0;2;8;10;A01
201800039866;2;31;0;0;2;1;1;B01
201800039867;2;7;0;0;0;3;2;A01
201800039868;2;7;0;0;2;1;15;B01
201800039868;2;7;0;0;2;2;5;A01
201800039869;1;10;0;0;1;5;16;A01
201800039870;2;33;0;0;1;1;16;A01
201800039871;1;7;0;0;1;0;0;B01
201800039871;1;10;0;0;2;1;23;C01
201800039871;1;33;0;0;1;1;21;A01
201800039872;2;7;0;15;0;1;2;A01
201800039873;2;99;0;0;2;1;0;B01
201800039873;1;7;0;0;2;5;1;A01
201800039874;1;7;0;0;2;2;17;A01
201800039874;1;7;0;0;2;3;15;B01
201800039875;1;7;0;0;1;1;1;A01
201800039876;1;10;0;0;1;2;1;A01
201800039877;2;7;0;0;2;2;9;B01
201800039877;2;7;0;0;2;8;2;A01
201800039878;1;7;0;8;2;1;1;B01
201800039878;1;7;0;1;2;1;1;A01
201800039879;2;7;0;1;0;1;14;A01
201800039880;1;7;0;0;2;8;13;A01
201800039880;1;34;0;0;2;2;17;B01
201800039881;1;31;0;0;9;2;2;B01
201800039881;1;7;0;0;2;3;11;A01
201800039882;1;31;0;0;2;8;15;B01
201800039882;1;7;0;0;2;5;17;A01
201800039883;1;7;0;0;2;2;1;B01
201800039883;1;10;0;0;2;3;9;A01
201800039884;1;7;0;6;0;1;9;A01
201800039885;1;7;0;0;1;1;19;A01
201800039886;1;34;0;0;2;1;2;B01
201800039886;1;7;0;0;2;2;24;A01
201800039887;1;34;0;0;1;0;0;A01
201800039888;2;7;0;0;1;2;19;A01
201800039889;2;7;0;0;1;3;0;A01
201800039890;0;99;0;0;2;0;0;R01
201800039890;1;7;0;0;2;2;16;A01
201800039891;1;33;0;0;1;1;11;A01
201800039891;1;7;0;0;2;3;2;B01
201800039892;1;7;0;0;2;6;4;B01
201800039892;1;7;0;0;2;3;10;A01
201800039893;1;7;0;0;1;3;1;A01
201800039894;1;7;0;0;1;1;1;A01
201800039895;1;7;0;0;1;2;0;A01
201800039896;1;7;0;0;2;1;2;A01
201800039896;1;7;0;0;2;8;1;B01
201800039897;1;99;0;0;2;0;0;R01
201800039897;1;37;0;0;2;3;1;A01
201800039898;2;10;0;1;1;2;14;Z01
201800039899;2;30;0;0;2;1;21;B01
201800039899;2;7;0;0;2;2;15;A01
201800039900;2;1;0;0;2;1;5;Y01
201800039900;1;7;0;0;2;1;14;A01
201800039901;0;99;0;0;2;0;0;R01
201800039901;1;7;0;0;2;1;16;A01
201800039902;1;7;0;0;1;2;1;A01
201800039903;1;31;0;0;2;8;0;A01
201800039903;1;7;0;0;2;5;16;B01
201800039904;1;32;0;0;2;1;2;B01
201800039904;1;7;0;0;2;3;11;A01
201800039905;2;10;0;0;1;1;0;A01
201800039906;1;7;0;0;2;1;1;B01
201800039906;1;7;0;0;1;3;0;A01
201800039907;0;7;0;0;2;1;1;Z01
201800039907;0;33;0;0;2;7;1;B01
201800039908;1;10;0;0;2;1;2;B01
201800039908;1;10;0;0;2;4;2;A01
201800039909;1;10;0;0;1;1;15;A01
201800039910;1;7;0;0;1;2;1;A01
201800039911;1;7;0;0;2;3;15;A01
201800039911;1;34;0;1;2;2;17;B01
201800039911;2;7;0;1;2;2;24;C01
201800039912;2;7;0;0;1;3;2;A01
201800039913;;99;0;0;1;0;0;A01
201800039914;2;7;0;1;0;2;1;A01
201800039915;2;10;0;0;6;3;9;B01
201800039915;1;33;0;0;2;1;17;A01
201800039916;2;7;0;0;2;2;15;A01
201800039916;1;7;0;0;2;2;1;B01
201800039917;1;99;0;0;1;1;0;A01
201800039918;1;7;0;0;2;2;17;A01
201800039918;1;7;0;9;0;3;15;B01
201800039919;1;7;0;0;2;7;16;A01
201800039919;1;33;0;0;2;8;18;B01
201800039920;1;7;0;0;2;3;1;A01
201800039920;2;31;0;0;2;1;0;B01
201800039921;2;7;0;0;2;8;2;B01
201800039921;1;34;0;0;2;1;2;A01
201800039922;2;10;0;0;1;2;1;A01
201800039923;2;7;0;0;1;8;13;A01
201800039924;1;20;0;0;2;3;11;A01
201800039924;1;31;0;0;2;1;1;B01
201800039925;0;13;0;0;0;4;0;B01
201800039925;0;10;0;0;2;1;0;A01
201800039926;1;7;0;0;1;1;15;A01
201800039927;0;7;0;0;6;2;2;A01
201800039927;;1;0;;;;;B01
201800039928;2;7;0;0;1;0;1;A01
201800039929;2;33;0;1;1;1;1;A01
201800039930;2;7;0;0;2;2;15;A01
201800039930;1;7;0;0;2;3;1;B01
201800039931;1;7;0;0;2;6;15;C01
201800039931;2;7;0;0;2;1;5;A01
201800039931;1;7;0;0;2;6;15;B01
201800039932;2;10;0;0;1;4;0;A01
201800039933;2;7;0;0;1;1;15;A01
201800039934;1;7;0;0;2;1;1;A01
201800039934;2;99;0;0;2;1;5;B01
201800039935;1;10;0;0;1;2;1;A01
201800039936;1;7;0;0;2;1;2;A01
201800039936;1;7;0;0;2;4;2;B01
201800039937;2;1;0;0;2;1;1;B01
201800039937;1;37;70;0;2;7;19;A01
201800039938;2;7;0;0;2;5;15;A01
201800039938;1;33;0;0;2;3;18;B01
201800039939;1;7;0;0;1;1;2;A01
201800039940;1;31;0;0;1;1;1;A01
201800039941;1;10;0;0;2;8;17;A01
201800039941;1;33;0;0;2;7;17;B01
201800039942;1;7;0;0;1;2;1;A01
201800039943;1;7;0;0;9;8;24;B01
201800039943;1;34;0;0;2;6;21;A01
201800039944;1;7;0;0;2;1;1;B01
201800039944;2;7;0;0;2;1;9;A01
201800039945;2;7;0;0;1;3;15;A01
201800039946;1;7;0;14;0;1;2;Z01
201800039946;1;1;0;0;2;4;2;A01
201800039947;1;7;0;0;2;5;12;A01
201800039947;1;7;0;0;2;3;2;B01
201800039948;1;7;0;0;2;3;15;B01
201800039948;1;31;0;0;2;1;1;A01
201800039949;2;7;0;0;2;2;15;A01
201800039949;1;7;0;0;2;3;1;B01
201800039950;1;7;0;0;2;0;0;Z01
201800039950;2;7;0;0;2;0;0;A01
201800039951;1;7;0;0;1;2;2;A01
201800039952;2;7;0;0;2;5;15;A01
201800039952;1;33;0;0;2;1;18;B01
201800039953;1;7;0;0;2;8;9;A01
201800039953;1;7;0;0;2;1;15;B01
201800039954;1;7;0;0;2;1;19;A01
201800039954;1;7;0;0;2;7;19;B01
201800039955;2;31;0;0;2;1;1;A01
201800039956;1;7;0;0;2;7;15;B01
201800039956;1;31;0;0;2;1;19;A01
201800039957;1;31;0;0;2;1;23;B01
201800039957;1;7;0;0;2;4;23;A01
201800039958;2;31;0;0;2;8;1;A01
201800039958;2;10;0;0;2;2;15;B01
201800039959;0;99;0;0;2;0;0;R01
201800039959;1;7;0;0;1;0;2;T01
201800039959;1;34;0;0;2;3;17;A01
201800039960;1;7;0;1;0;3;13;A01
201800039961;1;33;0;0;1;1;9;A01
201800039962;1;1;0;0;2;1;3;A01
201800039962;1;7;0;0;2;8;13;B01
201800039963;1;7;0;0;9;3;19;B01
201800039963;2;99;0;0;2;2;14;A01
201800039964;1;33;0;0;2;1;1;B01
201800039964;1;7;0;0;2;3;9;A01
201800039965;2;33;0;0;2;1;2;A01
201800039965;1;7;0;0;2;1;15;B01
201800039966;1;33;0;0;0;1;21;A01
201800039967;1;7;0;0;1;3;19;A01
201800039968;1;7;0;0;1;1;1;A01
201800039969;1;33;0;0;2;1;1;A01
201800039969;2;7;0;0;2;2;15;B01
201800039970;2;7;0;0;1;2;19;A01
201800039971;1;7;0;0;1;1;0;A01
201800039972;2;7;0;0;2;1;19;A01
201800039972;2;7;0;0;2;7;9;B01
201800039973;1;7;0;0;1;1;19;A01
201800039974;2;32;0;0;2;7;17;B01
201800039974;2;7;0;0;2;8;17;A01
201800039975;1;37;0;0;1;3;1;A01
201800039976;2;7;0;0;2;3;1;B01
201800039976;2;7;0;0;2;3;9;A01
201800039977;2;20;0;0;1;5;1;A01
201800039978;1;33;0;0;2;1;21;B01
201800039978;1;7;0;0;2;6;19;A01
201800039979;1;33;0;0;2;8;0;A01
201800039979;1;7;0;0;2;2;0;B01
201800039980;1;7;0;0;2;7;15;F01
201800039980;2;37;0;0;2;1;1;B01
201800039981;1;31;0;0;2;1;1;A01
201800039981;0;99;0;0;2;0;0;R01
201800039982;1;7;0;2;0;2;15;A01
201800039983;1;10;0;0;2;1;9;A01
201800039983;1;31;0;0;2;7;1;B01
201800039984;2;7;0;0;1;3;1;A01
201800039985;1;10;0;0;2;4;24;A01
201800039985;1;32;0;1;0;1;0;B01
201800039986;0;33;0;0;2;3;2;A01
201800039986;2;7;0;0;2;5;15;B01
201800039987;1;7;0;0;2;2;1;B01
201800039987;1;7;0;0;2;5;14;A01
201800039988;1;7;0;0;2;4;1;B01
201800039988;1;7;0;0;2;1;1;Z01
201800039989;0;30;0;2;0;2;19;A01
201800039990;1;7;0;0;1;1;20;A01
201800039991;2;32;0;0;2;1;0;B01
201800039991;1;7;0;0;2;2;19;A01
201800039992;0;33;0;0;0;1;11;B01
201800039992;0;7;0;0;2;4;11;A01
201800039993;1;7;0;0;1;2;2;A01
201800039994;1;7;0;0;2;2;0;B01
201800039994;1;99;0;0;0;0;0;A01
201800039995;0;7;0;0;1;0;0;Z01
201800039996;2;30;0;0;1;1;1;A01
201800039997;2;33;0;4;2;1;13;B01
201800039997;1;7;0;0;2;2;21;A01
201800039998;0;7;0;0;1;1;1;A01
201800039999;0;7;0;0;2;5;0;B01
201800039999;1;7;0;1;2;1;21;A01
201800040000;0;10;0;0;2;9;9;A01
201800040000;1;10;0;0;2;3;2;B01
201800040000;2;10;0;0;2;7;2;D01
201800040001;1;7;0;0;1;1;16;A01
201800040002;2;32;0;0;2;1;1;B01
201800040002;1;7;0;0;2;2;10;A01
201800040003;1;7;0;9;2;3;1;A01
201800040003;1;7;0;9;2;2;9;B01
201800040004;2;2;0;14;2;2;6;A01
201800040004;0;7;0;0;2;3;15;B01
201800040005;1;7;0;0;2;1;2;B01
201800040005;1;33;0;0;2;4;23;A01
201800040006;0;7;0;0;2;7;15;A01
201800040006;0;1;0;0;2;1;1;B01
201800040007;0;7;0;0;2;1;0;Z01
201800040007;0;31;0;0;2;4;1;B01
201800040008;2;7;0;0;1;2;16;A01
201800040009;1;7;0;0;2;1;15;A01
201800040009;2;33;0;0;2;8;1;B01
201800040010;2;2;0;0;2;3;1;B01
201800040010;1;37;10;0;2;3;13;A01
201800040011;2;7;0;0;1;2;0;A01
201800040012;1;7;0;0;0;0;0;B01
201800040012;1;7;0;0;0;1;0;A01
201800040013;1;7;0;0;1;8;2;A01
201800040014;;7;0;;1;;;A01
201800040015;0;10;0;0;2;3;15;A01
201800040015;1;33;0;0;2;1;1;B01
201800040016;2;7;0;0;2;1;2;A01
201800040016;2;7;0;0;2;4;23;B01
201800040017;2;33;0;0;2;1;2;B01
201800040017;2;7;0;0;2;3;15;A01
201800040018;2;7;0;0;2;1;1;A01
201800040018;1;37;11;0;2;5;15;B01
201800040019;1;2;0;0;2;4;1;B01
201800040019;1;7;0;0;2;1;16;A01
201800040020;0;7;0;0;2;8;1;C01
201800040020;0;7;0;0;2;3;1;B01
201800040020;0;33;0;0;2;1;13;A01
201800040021;0;99;0;0;1;4;0;A01
201800040022;2;7;0;0;2;5;2;B01
201800040022;2;7;0;0;2;1;1;A01
201800040023;0;3;0;0;1;1;0;A01
201800040024;2;32;0;0;2;1;16;B01
201800040024;2;7;0;0;2;2;16;A01
201800040025;2;7;0;0;2;4;1;D01
201800040025;2;7;0;0;2;4;1;C01
201800040025;2;7;0;0;2;1;11;A01
201800040025;2;7;0;0;2;2;1;B01
201800040026;2;2;0;0;2;1;0;B01
201800040026;2;7;0;0;2;3;15;A01
201800040027;2;7;0;0;1;3;1;A01
201800040028;0;7;0;6;0;8;20;A01
201800040029;2;7;0;0;1;1;16;A01
201800040030;0;7;0;12;2;1;15;A01
201800040030;2;7;0;12;2;3;1;B01
201800040031;1;7;0;3;0;9;14;A01
201800040032;2;7;0;0;2;3;1;A01
201800040032;2;7;0;0;2;3;16;B01
201800040033;1;7;0;0;1;3;1;A01
201800040034;1;33;0;0;2;1;1;A01
201800040034;2;10;0;0;2;2;15;B01
201800040035;1;13;0;0;1;2;19;A01
201800040036;1;33;0;14;0;1;1;A01
201800040037;1;10;0;0;1;3;0;A01
201800040038;1;7;0;6;0;1;1;A01
201800040039;1;7;0;0;1;1;1;A01
201800040040;1;31;0;0;2;1;2;B01
201800040040;1;7;0;0;2;8;15;A01
201800040041;2;7;0;0;2;3;10;A01
201800040041;2;34;0;0;2;2;1;B01
201800040042;1;7;0;0;1;1;0;A01
201800040043;1;7;0;0;2;7;1;A01
201800040043;1;10;0;0;2;2;15;B01
201800040044;1;7;0;0;1;2;21;A01
201800040045;1;31;0;0;1;1;1;A01
201800040046;1;7;0;0;2;3;1;B01
201800040046;1;31;0;0;2;1;1;A01
201800040047;1;31;0;0;2;1;1;A01
201800040047;1;7;0;0;2;2;1;B01
201800040048;1;7;0;9;2;2;1;A01
201800040048;1;7;0;9;2;3;1;B01
201800040049;2;7;0;1;0;2;14;A01
201800040050;2;7;0;0;2;3;5;A01
201800040050;1;7;0;0;2;6;1;B01
201800040051;1;30;0;0;2;1;0;A01
201800040051;1;7;0;0;2;3;15;B01
201800040052;1;99;0;0;1;0;5;A01
201800040053;0;7;0;0;2;3;15;B01
201800040053;0;33;0;0;2;2;2;A01
201800040054;1;10;0;0;2;1;0;A01
201800040054;1;33;0;0;2;8;0;B01
201800040055;1;33;0;0;2;1;5;B01
201800040055;1;7;0;0;2;7;15;A01
201800040056;2;7;0;0;2;3;17;A01
201800040056;1;7;0;0;2;2;1;B01
201800040057;1;7;0;0;2;4;1;B01
201800040057;1;7;0;0;2;1;1;A01
201800040058;1;7;0;0;2;3;15;B01
201800040058;1;7;0;0;2;1;1;A01
201800040059;1;7;0;0;1;5;15;A01
201800040060;2;33;0;0;2;4;1;B01
201800040060;2;7;0;0;2;0;1;A01
201800040061;1;99;0;0;1;0;18;A01
201800040062;1;10;0;0;2;3;1;B01
201800040062;2;7;0;0;2;0;0;A01
201800040063;0;7;0;0;2;0;0;A01
201800040063;2;7;0;0;2;0;0;B01
201800040064;0;7;0;0;1;0;1;A01
201800040065;1;7;0;0;1;1;1;A01
201800040066;1;10;0;0;1;3;1;A01
201800040067;1;32;0;0;2;1;9;B01
201800040067;0;7;0;0;2;4;23;A01
201800040068;1;7;0;15;0;2;1;A01
201800040069;0;2;0;0;2;1;17;A01
201800040069;0;10;0;1;0;3;15;B01
201800040070;1;7;0;0;2;4;2;B01
201800040070;1;7;0;0;2;1;1;A01
201800040071;1;7;0;0;1;1;1;A01
201800040072;1;7;0;0;2;2;20;A01
201800040072;1;34;0;0;2;1;2;B01
201800040073;2;7;0;0;1;1;2;A01
201800040074;2;7;0;0;2;6;15;B01
201800040074;2;31;0;0;2;6;11;A01
201800040075;1;34;0;0;9;4;2;B01
201800040075;1;34;0;0;2;1;2;A01
201800040076;1;7;0;1;0;9;20;A01
201800040077;1;7;0;14;0;1;14;A01
201800040078;1;37;0;0;1;3;1;A01
201800040079;1;7;0;0;1;1;2;A01
201800040080;1;7;0;0;2;3;15;B01
201800040080;1;33;0;0;2;4;23;A01
201800040081;1;7;0;0;1;2;19;A01
201800040082;1;13;0;0;2;6;2;B01
201800040082;1;1;0;0;2;1;2;A01
201800040083;1;7;0;4;0;1;14;A01
201800040084;1;7;0;0;2;2;19;B01
201800040084;1;7;0;0;2;1;10;A01
201800040085;2;7;0;1;0;8;24;A01
201800040085;2;1;0;1;0;8;0;B01
201800040086;1;7;0;9;0;1;19;A01
201800040087;1;7;0;0;1;7;1;A01
201800040088;2;31;0;0;1;1;2;A01
201800040089;1;7;0;0;0;6;22;B01
201800040089;1;7;0;0;0;2;2;A01
201800040090;2;7;0;0;1;4;4;A01
201800040091;1;7;0;0;1;1;0;Z01
201800040092;1;33;0;0;1;2;19;A01
201800040093;1;7;0;0;1;2;1;A01
201800040094;1;7;0;0;2;3;0;A01
201800040094;1;31;0;0;2;3;9;B01
201800040095;1;7;0;16;1;2;19;A01
201800040096;1;7;0;0;2;6;9;B01
201800040096;2;7;0;0;2;1;19;A01
201800040097;1;34;0;0;1;2;19;A01
201800040098;1;7;0;0;2;3;15;A01
201800040098;2;31;0;0;2;3;1;B01
201800040099;1;37;1;0;9;8;1;B01
201800040099;1;7;0;0;2;1;9;A01
201800040100;1;32;0;0;2;8;2;A01
201800040100;1;33;0;0;2;7;2;B01
201800040101;2;34;0;0;2;8;1;B01
201800040101;2;7;0;0;2;3;15;A01
201800040102;1;2;0;12;1;1;17;A01
201800040103;1;3;0;0;1;7;1;A01
201800040104;1;31;0;0;2;2;1;B01
201800040104;2;7;0;0;2;6;4;A01
201800040105;1;10;0;0;2;1;1;B01
201800040105;1;7;0;0;2;5;2;A01
201800040106;2;13;0;0;2;3;15;A01
201800040106;2;34;0;0;2;1;1;B01
201800040107;1;7;0;0;1;4;4;A01
201800040108;1;33;0;0;1;2;21;A01
201800040109;1;7;0;0;2;1;1;A01
201800040109;2;33;0;0;2;7;1;B01
201800040110;1;7;0;0;2;3;1;B01
201800040110;2;31;0;0;2;1;5;A01
201800040111;1;7;0;0;2;1;17;A01
201800040111;1;33;0;0;2;6;15;B01
201800040112;1;7;0;0;0;0;15;A01
201800040112;1;31;0;0;2;0;15;B01
201800040113;1;7;0;0;1;1;1;A01
201800040114;1;7;0;0;1;1;16;A01
201800040115;2;34;0;0;2;3;1;B01
201800040115;2;7;0;0;2;1;20;A01
201800040116;1;15;0;4;0;1;19;A01
201800040117;1;33;0;0;2;1;13;A01
201800040117;2;7;0;0;2;3;15;B01
201800040118;1;7;0;0;2;3;15;A01
201800040118;1;7;0;0;2;3;15;B01
201800040119;1;37;30;0;1;2;1;A01
201800040120;1;31;0;0;2;8;1;B01
201800040120;1;15;0;0;2;1;9;A01
201800040121;1;7;0;1;0;8;0;B01
201800040121;0;7;0;1;0;7;24;C01
201800040121;1;32;0;1;0;1;17;A01
201800040122;0;7;0;9;0;1;16;A01
201800040122;0;37;10;9;0;4;16;B01
201800040123;1;2;0;0;2;2;17;B01
201800040123;1;7;0;0;2;8;15;A01
201800040124;1;99;0;0;6;1;0;A01
201800040124;1;99;0;0;2;1;0;B01
201800040125;0;7;0;0;2;7;15;A01
201800040125;0;33;0;0;2;1;21;B01
201800040126;1;7;0;9;1;1;1;A01
201800040127;2;7;0;0;1;2;2;A01
201800040128;1;7;0;0;1;2;1;A01
201800040129;1;7;0;0;1;2;1;A01
201800040130;1;7;0;1;1;1;17;A01
201800040131;0;2;0;0;2;4;0;A01
201800040131;1;7;0;0;2;3;15;B01
201800040132;0;7;0;8;2;1;16;A01
201800040132;0;2;0;9;2;8;13;B01
201800040133;1;7;0;0;2;2;15;A01
201800040133;2;2;0;0;2;1;1;B01
201800040134;1;7;0;0;1;2;17;A01
201800040135;2;7;0;0;1;0;2;A01
201800040136;1;20;0;0;1;1;0;A01
201800040137;1;10;0;0;2;8;15;A01
201800040137;1;32;0;0;2;1;1;B01
201800040138;1;30;0;0;2;2;1;B01
201800040138;1;7;0;0;6;3;19;A01
201800040139;1;7;0;0;1;7;1;A01
201800040140;1;10;0;6;1;1;16;A01
201800040141;1;33;0;0;2;3;21;A01
201800040141;1;7;0;0;2;3;15;B01
201800040142;1;31;0;0;2;8;0;A01
201800040142;2;7;0;0;2;3;15;B01
201800040143;1;7;0;0;2;4;0;A01
201800040143;1;33;0;0;2;4;23;B01
201800040144;1;7;0;0;1;2;1;A01
201800040145;1;1;0;0;2;1;11;B01
201800040145;1;10;0;0;6;1;1;A01
201800040146;1;7;0;0;2;8;15;B01
201800040146;1;33;0;0;2;2;17;A01
201800040147;1;7;0;0;1;1;17;A01
201800040148;1;7;0;6;0;1;19;A01
201800040149;0;99;0;0;1;0;15;Z01
201800040150;2;7;0;1;0;1;14;A01
201800040151;1;2;0;0;2;1;8;B01
201800040151;2;10;0;0;2;4;20;A01
201800040152;1;7;0;0;1;3;15;A01
201800040153;2;7;0;0;9;4;23;C01
201800040153;2;10;0;0;2;1;2;A01
201800040153;2;7;0;0;2;4;23;B01
201800040154;2;10;0;0;2;1;1;A01
201800040154;1;7;0;0;2;8;1;B01
201800040155;1;7;0;0;2;1;2;A01
201800040155;1;7;0;0;2;1;2;B01
201800040155;1;7;0;0;2;4;1;C01
201800040156;0;7;0;13;0;1;14;A01
201800040157;2;7;0;0;2;3;19;A01
201800040157;1;7;0;0;2;2;15;B01
201800040158;1;7;0;0;2;3;19;A01
201800040158;2;7;0;0;2;8;15;B01
201800040159;2;7;0;0;9;4;23;C01
201800040159;2;7;0;0;2;1;19;A01
201800040159;2;7;0;0;2;4;23;B01
201800040160;1;7;0;0;2;2;2;A01
201800040160;2;1;0;0;2;8;1;B01
201800040161;2;7;0;0;2;1;2;A01
201800040161;2;37;1;0;2;4;2;B01
201800040162;1;31;0;0;2;1;17;B01
201800040162;1;7;0;0;2;1;15;A01
201800040163;1;7;0;0;1;1;15;A01
201800040164;1;7;0;0;1;0;4;A01
201800040165;1;33;0;0;2;8;1;A01
201800040165;1;7;0;0;2;0;19;B01
201800040166;1;7;0;1;0;2;11;B01
201800040166;1;7;0;0;9;6;20;A01
201800040167;1;7;0;0;2;6;23;B01
201800040167;1;7;0;16;0;1;17;A01
201800040168;2;31;0;15;2;2;15;B01
201800040168;1;7;0;6;2;1;1;A01
201800040169;1;3;0;0;6;0;21;A01
201800040170;0;31;0;0;2;1;1;A01
201800040170;1;7;0;0;2;6;15;B01
201800040171;1;7;0;0;2;4;1;B01
201800040171;1;10;0;0;2;1;1;A01
201800040172;1;7;0;0;2;1;15;A01
201800040172;1;7;0;0;2;7;9;B01
201800040173;1;7;0;0;9;8;0;B01
201800040173;2;33;0;0;2;1;0;A01
201800040174;1;7;0;0;1;1;17;A01
201800040175;2;7;0;0;2;3;2;B01
201800040175;2;7;0;0;2;1;2;A01
201800040176;1;7;0;0;2;3;9;A01
201800040176;1;7;0;0;2;0;1;B01
201800040177;1;7;0;0;1;3;2;A01
201800040178;1;7;0;3;0;2;14;A01
201800040179;1;31;0;0;2;1;2;B01
201800040179;1;10;0;0;2;4;1;A01
201800040180;2;7;0;0;2;4;23;B01
201800040180;2;7;0;14;0;1;19;A01
201800040181;2;7;0;0;2;3;13;A01
201800040181;1;7;0;0;2;3;1;B01
201800040182;1;7;0;0;9;3;24;A01
201800040182;1;1;0;1;0;2;1;B01
201800040183;2;7;0;0;2;1;1;C01
201800040183;1;7;0;0;2;1;1;B01
201800040183;2;7;0;0;2;8;1;A01
201800040184;1;33;0;0;2;8;18;B01
201800040184;1;7;0;0;0;5;18;A01
201800040185;1;34;0;0;2;1;1;B01
201800040185;2;7;0;0;2;7;15;A01
201800040186;1;7;0;0;2;2;1;A01
201800040186;2;7;0;0;2;3;19;B01
201800040187;2;7;0;0;2;1;1;A01
201800040187;1;33;0;1;2;8;1;B01
201800040188;1;36;0;1;0;1;14;A01
201800040189;1;7;0;0;1;2;1;A01
201800040190;1;7;0;0;2;6;15;B01
201800040190;1;33;0;8;2;2;17;A01
201800040191;1;10;0;0;0;1;14;A01
201800040192;1;7;0;0;2;1;19;B01
201800040192;2;7;0;0;2;2;15;A01
201800040193;1;7;0;0;1;3;0;A01
201800040194;2;10;0;0;2;0;0;A01
201800040194;2;7;0;0;2;9;2;C01
201800040194;2;7;0;0;2;9;2;B01
201800040194;2;7;0;0;2;4;2;D01
201800040195;1;7;0;0;2;1;15;A01
201800040195;2;7;0;0;2;6;8;C01
201800040195;2;7;0;0;2;1;7;B01
201800040196;1;7;0;0;0;4;1;C01
201800040196;1;37;1;0;0;4;1;B01
201800040196;1;37;1;0;0;1;1;A01
201800040197;1;7;0;0;9;1;19;B01
201800040197;2;31;0;0;2;7;19;A01
201800040198;1;7;0;0;1;1;2;A01
201800040199;2;7;0;6;0;1;1;A01
201800040200;1;7;0;0;2;4;1;B01
201800040200;1;15;0;0;2;4;1;C01
201800040200;1;15;0;0;2;1;1;A01
201800040201;1;7;0;0;1;2;1;A01
201800040202;1;1;0;0;2;7;1;F01
201800040202;1;7;0;0;2;1;1;A01
201800040203;1;7;0;0;1;1;19;A01
201800040204;0;7;0;0;2;2;1;A01
201800040204;0;7;0;0;2;1;15;B01
201800040205;1;37;0;0;2;2;1;A01
201800040205;2;10;0;0;2;3;15;B01
201800040206;2;10;0;0;1;1;1;A01
201800040207;1;7;0;0;1;0;15;A01
201800040208;1;7;0;0;2;4;2;C01
201800040208;1;10;0;0;2;1;2;A01
201800040208;1;7;0;0;2;4;2;B01
201800040209;1;7;0;0;2;3;24;B01
201800040209;1;7;0;1;0;2;2;A01
201800040210;2;7;0;0;2;4;23;B01
201800040210;2;7;0;0;2;1;2;A01
201800040211;1;7;0;0;2;4;23;B01
201800040211;1;7;0;0;2;1;19;A01
201800040211;1;7;0;0;2;4;23;C01
201800040211;1;7;0;0;2;4;23;D01
201800040212;2;7;0;0;2;3;1;A01
201800040212;1;7;0;0;2;1;15;B01
201800040213;0;7;0;0;2;2;16;A01
201800040213;0;1;0;0;0;6;1;B01
201800040214;2;7;0;0;2;1;1;B01
201800040214;2;7;0;0;2;6;1;A01
201800040215;2;7;0;0;2;1;2;A01
201800040215;2;7;0;0;2;4;2;B01
201800040216;1;33;0;0;2;1;3;B01
201800040216;1;7;0;1;0;7;16;A01
201800040217;1;7;0;0;2;1;1;A01
201800040217;1;7;0;0;2;8;1;B01
201800040218;1;33;0;0;2;1;1;A01
201800040218;1;37;14;0;2;5;15;B01
201800040219;1;7;0;3;0;7;0;A01
201800040220;0;10;0;0;2;1;1;B01
201800040220;0;7;0;0;2;6;1;A01
201800040221;0;7;0;0;2;1;19;B01
201800040221;2;7;0;0;2;3;19;A01
201800040222;1;7;0;0;2;7;12;A01
201800040222;1;34;0;0;2;8;1;B01
201800040223;2;7;0;0;2;6;15;A01
201800040223;1;34;0;0;2;1;1;B01
201800040224;1;7;0;0;2;2;1;A01
201800040224;1;7;0;0;2;8;2;B01
201800040225;0;7;0;9;0;1;1;A01
201800040226;0;7;0;0;2;1;11;A01
201800040226;0;7;0;0;2;3;0;B01
201800040227;0;7;0;0;1;1;19;A01
201800040228;0;7;0;10;0;1;0;A01
201800040229;0;10;0;0;1;2;1;A01
201800040230;0;10;0;0;2;4;23;A01
201800040230;0;10;0;0;2;1;1;B01
201800040231;0;7;0;0;2;3;19;A01
201800040231;1;30;0;0;2;7;1;B01
201800040232;1;33;0;1;0;3;1;A01
201800040232;1;10;0;0;0;2;23;B01
201800040233;0;7;0;0;6;2;17;A01
201800040233;0;1;0;0;2;4;15;B01
201800040234;2;7;0;0;1;1;19;A01
201800040235;2;7;0;12;0;1;16;A01
201800040236;1;7;0;0;2;1;0;A01
201800040236;1;7;0;0;2;3;9;B01
201800040237;0;7;0;0;2;1;0;A01
201800040237;0;7;0;0;2;8;1;B01
201800040238;1;7;0;0;2;7;15;A01
201800040238;2;2;0;0;2;1;5;B01
201800040239;1;33;0;0;2;7;1;B01
201800040239;1;7;0;0;2;3;13;A01
201800040240;2;7;0;0;1;3;15;A01
201800040241;0;7;0;0;2;1;0;B01
201800040241;0;7;0;0;2;4;1;A01
201800040242;1;33;0;0;0;0;21;B01
201800040242;1;7;0;0;0;0;19;A01
201800040243;0;33;0;0;2;2;1;B01
201800040243;0;7;0;0;2;3;23;A01
201800040244;2;7;0;0;1;2;1;A01
201800040245;1;7;0;0;2;4;1;B01
201800040245;1;7;0;0;2;1;1;A01
201800040246;0;7;0;0;6;4;23;A01
201800040246;0;34;0;0;2;1;21;B01