num_acc;senc;catv;occutc;obs;obsm;choc;manv;num_veh
201800040247;2;7;0;0;2;4;1;C01
201800040247;2;7;0;0;2;1;1;A01
201800040247;2;7;0;0;2;4;1;B01
201800040248;1;10;0;0;2;1;0;A01
201800040248;1;10;0;0;2;4;0;B01
201800040249;1;37;3;0;2;4;0;B01
201800040249;1;7;0;0;2;1;0;A01
201800040250;1;7;0;0;2;1;0;A01
201800040250;1;7;0;1;0;4;23;B01
201800040251;1;7;0;0;1;2;2;A01
201800040252;1;7;0;0;2;4;2;B01
201800040252;1;7;0;0;2;1;2;A01
201800040253;2;32;0;0;2;1;1;B01
201800040253;1;7;0;0;2;1;15;A01
201800040254;2;10;0;14;0;3;1;A01
201800040255;1;7;0;0;2;4;1;C01
201800040255;1;7;0;0;2;4;1;B01
201800040255;1;7;0;0;2;1;11;A01
201800040256;1;2;0;0;2;1;1;B01
201800040256;1;7;0;0;2;2;15;A01
201800040257;1;7;0;1;0;1;0;A01
201800040258;0;7;0;1;0;2;1;A01
201800040259;1;7;0;;;;;A01
201800040260;1;7;0;1;2;1;23;D01
201800040260;1;7;0;1;2;1;23;E01
201800040260;1;7;0;1;2;1;1;A01
201800040260;1;7;0;1;2;1;23;F01
201800040260;1;7;0;1;2;8;23;C01
201800040260;1;7;0;1;2;3;23;B01
201800040261;0;7;0;0;2;8;15;A01
201800040261;0;7;0;0;0;0;0;B01
201800040262;2;10;0;0;2;4;1;B01
201800040262;2;10;0;0;2;1;21;A01
201800040263;2;37;10;0;2;2;1;B01
201800040263;0;10;0;0;2;3;16;A01
201800040264;2;7;0;0;2;4;2;B01
201800040264;2;7;0;0;2;1;2;A01
201800040265;1;7;0;0;2;3;15;B01
201800040265;2;7;0;0;2;3;1;A01
201800040266;1;10;0;0;1;1;1;A01
201800040267;2;7;0;0;2;1;2;A01
201800040267;1;7;0;0;2;3;2;B01
201800040268;1;7;0;0;2;2;1;B01
201800040268;1;7;0;0;2;3;9;A01
201800040269;1;33;0;0;9;8;9;A01
201800040269;1;7;0;0;2;1;9;B01
201800040270;2;33;0;0;0;0;0;B01
201800040270;1;7;0;0;0;0;0;A01
201800040271;1;15;0;0;2;3;15;A01
201800040271;0;34;0;0;2;1;0;B01
201800040272;2;7;0;0;2;3;19;A01
201800040272;2;33;0;0;2;1;21;B01
201800040273;2;7;0;0;1;1;2;A01
201800040274;2;7;0;0;2;4;1;A01
201800040274;2;7;0;0;2;1;1;B01
201800040275;1;7;0;0;1;2;15;A01
201800040276;2;7;0;1;0;7;13;A01
201800040277;1;7;0;0;2;1;19;A01
201800040277;1;7;0;0;2;8;19;B01
201800040278;1;31;0;0;2;1;2;A01
201800040278;1;7;0;0;2;4;1;B01
201800040279;1;7;0;0;1;7;1;A01
201800040280;2;7;0;0;1;3;21;A01
201800040281;2;7;0;0;1;1;16;A01
201800040282;1;99;0;1;2;1;21;A01
201800040282;1;7;0;1;2;3;9;B01
201800040283;2;7;0;0;2;2;17;B01
201800040283;2;7;0;0;2;3;15;A01
201800040284;2;7;0;0;1;2;1;A01
201800040285;1;7;0;0;1;1;1;A01
201800040286;1;10;0;0;1;2;14;A01
201800040287;2;31;0;0;2;2;17;A01
201800040287;2;7;0;0;2;8;15;B01
201800040288;1;33;0;0;2;1;2;B01
201800040288;1;7;0;0;2;2;2;A01
201800040289;1;31;0;0;2;2;15;A01
201800040290;1;7;0;0;1;7;1;A01
201800040291;2;7;0;0;1;2;11;A01
201800040292;1;33;0;0;2;1;17;A01
201800040292;1;7;0;0;2;6;15;B01
201800040293;0;7;0;0;1;1;5;A01
201800040294;1;7;0;0;2;1;16;B01
201800040294;1;7;0;0;2;3;17;A01
201800040295;1;7;0;0;2;3;19;A01
201800040295;1;33;0;0;2;2;13;B01
201800040296;1;7;0;0;2;1;1;A01
201800040296;1;34;0;0;2;1;1;B01
201800040297;2;7;0;0;2;3;15;A01
201800040297;1;31;0;0;2;1;17;B01
201800040298;2;31;0;0;1;1;1;A01
201800040299;2;99;0;0;2;0;0;R01
201800040299;1;7;0;0;2;1;15;A01
201800040300;2;30;0;0;2;1;21;A01
201800040300;2;7;0;0;2;6;15;B01
201800040301;2;34;0;0;2;7;2;B01
201800040301;1;7;0;0;2;1;16;A01
201800040302;2;7;0;0;2;7;5;A01
201800040302;;7;0;;;;;B01
201800040303;1;7;0;4;0;2;1;A01
201800040304;1;31;0;0;2;8;16;A01
201800040304;1;17;0;0;2;7;16;B01
201800040305;1;99;0;0;2;0;0;R01
201800040305;1;7;0;0;2;3;24;A01
201800040306;1;10;0;0;2;2;9;A01
201800040306;1;2;0;1;0;3;1;B01
201800040307;2;34;0;0;2;1;17;B01
201800040307;2;7;0;0;2;3;15;A01
201800040308;2;1;0;0;2;1;15;B01
201800040308;1;7;0;0;2;3;16;A01
201800040309;1;7;0;0;2;3;23;A01
201800040309;2;7;0;0;2;3;1;B01
201800040310;2;7;0;0;1;8;1;A01
201800040311;0;7;0;0;2;8;19;B01
201800040311;2;7;0;0;2;1;19;A01
201800040312;1;7;0;0;2;3;23;A01
201800040312;2;31;0;0;2;3;17;B01
201800040313;1;7;0;0;2;3;15;A01
201800040313;1;33;0;0;2;3;17;B01
201800040314;2;7;0;0;2;4;23;A01
201800040314;2;7;0;0;2;1;2;B01
201800040315;1;7;0;0;2;3;15;A01
201800040315;1;31;0;0;2;1;17;B01
201800040316;1;31;0;0;2;8;2;B01
201800040316;1;7;0;0;2;2;15;A01
201800040317;1;7;0;0;1;5;24;A01
201800040318;2;7;0;0;2;8;2;B01
201800040318;2;7;0;0;2;7;2;C01
201800040318;2;34;0;0;2;9;2;A01
201800040319;1;33;0;0;2;0;23;B01
201800040319;1;33;0;0;1;0;21;A01
201800040320;1;10;0;0;2;1;9;A01
201800040320;0;99;0;0;2;0;0;R01
201800040321;1;7;0;0;2;3;1;A01
201800040321;1;7;0;0;2;2;1;B01
201800040322;2;10;0;0;2;4;2;A01
201800040323;2;7;0;0;2;8;2;C01
201800040323;1;31;0;0;2;3;1;B01
201800040323;2;7;0;0;2;3;13;A01
201800040324;2;10;0;0;2;1;2;A01
201800040324;2;34;0;0;2;1;2;B01
201800040325;1;7;0;0;1;1;15;A01
201800040326;1;33;0;8;0;1;19;A01
201800040327;1;34;0;0;2;7;17;B01
201800040327;1;7;0;0;2;3;17;A01
201800040328;1;7;0;0;2;7;19;A01
201800040328;1;7;0;0;2;1;19;B01
201800040329;1;7;0;16;1;2;0;A01
201800040330;1;31;0;0;2;1;5;A01
201800040330;1;7;0;0;2;3;1;B01
201800040331;1;13;0;15;1;1;0;A01
201800040332;1;7;0;0;1;1;1;A01
201800040333;0;99;0;0;0;0;0;B01
201800040333;1;7;0;0;2;3;9;A01
201800040334;1;3;0;3;0;2;9;A01
201800040335;2;2;0;0;6;1;0;A01
201800040335;2;1;0;0;2;8;15;B01
201800040336;1;20;0;0;2;4;0;A01
201800040336;1;20;0;0;2;4;2;B01
201800040336;1;20;0;0;2;1;2;C01
201800040337;2;1;0;0;2;1;15;B01
201800040337;1;7;0;0;2;1;19;A01
201800040338;2;1;0;0;1;7;1;A01
201800040339;2;7;0;1;0;1;1;A01
201800040340;2;7;0;0;0;1;0;C01
201800040340;1;7;0;0;0;8;13;B01
201800040340;1;31;0;0;2;7;17;A01
201800040341;2;7;0;0;1;5;0;A01
201800040342;2;33;0;0;1;2;1;A01
201800040343;1;33;0;5;0;8;19;A01
201800040343;1;7;0;5;0;1;0;B01
201800040344;2;7;0;0;0;8;20;B01
201800040344;2;32;0;0;2;8;17;A01
201800040345;1;2;0;1;0;1;1;A01
201800040346;2;32;0;0;1;1;1;A01
201800040347;2;7;0;0;2;2;9;B01
201800040347;1;32;0;0;2;3;17;A01
201800040348;0;2;0;1;0;0;0;B01
201800040348;0;7;0;1;0;3;0;A01
201800040349;2;7;0;0;1;2;15;A01
201800040350;2;32;0;0;2;7;1;C01
201800040350;1;7;0;0;2;3;23;A01
201800040350;1;7;0;0;2;1;19;B01
201800040351;1;7;0;0;2;2;19;A01
201800040351;1;32;0;0;2;1;1;B01
201800040352;1;7;0;0;2;2;9;A01
201800040352;0;33;0;0;0;0;0;B01
201800040353;2;34;0;0;1;1;17;A01
201800040354;1;7;0;0;2;1;0;A01
201800040354;1;7;0;0;0;4;23;B01
201800040355;2;3;0;0;1;2;17;A01
201800040356;1;30;0;0;2;3;17;A01
201800040356;1;7;0;0;2;3;2;B01
201800040357;1;7;0;0;1;3;1;A01
201800040358;1;31;0;0;2;1;1;A01
201800040358;1;7;0;0;2;5;20;B01
201800040359;2;7;0;0;1;2;15;A01
201800040360;2;2;0;1;1;1;1;A01
201800040360;1;7;0;0;2;6;24;B01
201800040361;1;7;0;0;1;2;19;A01
201800040362;1;2;0;0;2;1;19;B01
201800040362;1;10;0;0;2;2;1;A01
201800040363;1;33;0;0;2;2;13;A01
201800040363;1;7;0;0;2;3;9;B01
201800040364;0;10;0;4;0;1;1;A01
201800040365;1;3;0;0;1;1;15;A01
201800040366;1;3;0;0;1;1;9;A01
201800040367;0;7;0;0;1;1;0;A01
201800040368;1;30;0;0;2;8;0;A01
201800040368;0;7;0;0;2;2;0;B01
201800040369;1;7;0;0;2;4;0;A01
201800040369;1;7;0;0;2;1;1;B01
201800040370;2;3;0;0;1;1;16;A01
201800040371;1;3;0;0;1;1;1;A01
201800040372;1;7;0;14;1;2;17;A01
201800040373;0;7;0;0;1;1;1;A01
201800040374;1;7;0;1;0;2;1;A01
201800040375;1;10;0;0;1;3;1;A01
201800040376;1;7;0;0;1;6;20;A01
201800040377;1;30;0;0;2;7;15;A01
201800040377;1;7;0;0;2;1;1;B01
201800040378;2;7;0;0;2;6;15;A01
201800040378;2;30;0;0;2;2;17;B01
201800040379;2;33;0;0;2;8;1;B01
201800040379;0;10;0;0;2;3;19;A01
201800040380;2;10;0;0;1;1;1;A01
201800040381;2;37;30;0;1;2;8;A01
201800040382;1;30;0;0;1;1;0;A01
201800040383;0;31;0;8;0;1;0;A01
201800040384;1;7;0;0;0;3;24;B01
201800040384;1;7;0;1;2;2;0;A01
201800040385;2;31;0;0;2;1;1;B01
201800040385;1;7;0;0;2;3;0;A01
201800040386;0;20;0;0;2;1;19;A01
201800040386;0;20;0;0;2;6;0;B01
201800040387;1;7;0;0;2;1;15;Z01
201800040387;2;7;0;0;2;1;1;B01
201800040388;1;7;0;0;1;1;1;A01
201800040389;1;7;0;0;2;6;1;B01
201800040389;1;7;0;0;2;3;15;A01
201800040390;1;7;0;0;1;6;4;A01
201800040391;1;7;0;0;2;4;23;B01
201800040391;1;10;0;0;2;1;9;A01
201800040392;1;7;0;14;0;1;1;A01
201800040393;1;7;0;0;2;1;1;A01
201800040393;1;10;0;0;2;4;1;B01
201800040394;1;34;0;0;1;8;1;A01
201800040395;1;7;0;0;2;6;0;B01
201800040395;1;7;0;0;2;2;11;A01
201800040396;1;7;0;0;2;7;0;A01
201800040396;1;7;0;0;2;1;16;B01
201800040397;1;7;0;8;0;0;2;B01
201800040398;2;7;0;1;0;2;1;A01
201800040399;1;7;0;0;2;4;2;B01
201800040399;1;37;1;0;2;1;2;A01
201800040399;1;7;0;0;9;0;2;C01
201800040400;1;7;0;0;1;2;0;A01
201800040401;1;7;0;0;1;1;2;A01
201800040402;1;7;0;4;0;1;1;A01
201800040403;1;7;0;0;0;6;11;A01
201800040403;1;31;0;0;9;7;1;B01
201800040404;1;7;0;0;2;6;10;A01
201800040404;1;31;0;0;2;2;21;B01
201800040405;1;34;0;0;1;1;1;A01
201800040406;1;33;0;8;0;1;2;A01
201800040407;1;7;0;0;9;5;16;Z01
201800040407;1;33;0;0;2;1;19;B01
201800040408;2;31;0;0;0;2;1;B01
201800040408;2;7;0;0;0;1;0;A01
201800040409;1;7;0;0;1;1;0;Z01
201800040410;1;33;0;0;2;3;17;A01
201800040410;1;7;0;0;2;8;15;B01
201800040411;1;7;0;0;2;1;17;A01
201800040411;2;7;0;0;2;1;0;B01
201800040412;0;31;0;0;0;8;1;B01
201800040412;0;7;0;0;0;2;16;A01
201800040413;1;7;0;0;2;1;1;A01
201800040413;1;7;0;0;2;6;9;B01
201800040414;1;99;0;0;2;7;15;A01
201800040414;2;7;0;0;2;1;1;B01
201800040415;1;7;0;0;2;1;23;A01
201800040415;2;99;0;0;2;0;0;B01
201800040416;1;7;0;0;1;1;2;A01
201800040417;2;7;0;0;1;2;15;A01
201800040418;1;7;0;9;2;1;14;A01
201800040418;2;7;0;0;2;3;21;B01
201800040419;2;7;0;0;1;2;21;A01
201800040420;1;7;0;0;2;1;1;B01
201800040420;1;7;0;0;2;8;9;A01
201800040421;1;7;0;0;1;1;15;A01
201800040422;2;7;0;0;2;4;23;C01
201800040422;2;7;0;0;2;4;23;B01
201800040422;2;7;0;0;2;4;23;D01
201800040422;2;7;0;0;2;1;2;A01
201800040423;1;7;0;0;1;1;2;A01
201800040424;1;7;0;1;1;1;1;A01
201800040425;1;7;0;1;0;3;24;A01
201800040425;1;1;0;1;2;1;1;B01
201800040426;2;7;0;0;1;1;2;A01
201800040427;1;33;0;0;2;1;1;A01
201800040427;1;7;0;0;2;2;9;B01
201800040428;1;7;0;0;1;0;0;A01
201800040429;1;7;0;0;2;2;1;A01
201800040429;1;2;0;0;2;2;9;B01
201800040430;2;10;0;0;0;0;19;A01
201800040430;0;10;0;0;2;6;0;C01
201800040430;0;34;0;0;2;2;21;B01
201800040431;0;30;0;0;2;0;0;A01
201800040431;1;31;0;0;0;0;0;B01
201800040432;1;7;0;0;1;2;1;A01
201800040433;2;7;0;0;2;5;16;A01
201800040433;1;37;30;0;2;3;7;B01
201800040434;1;7;0;1;0;3;1;A01
201800040435;0;7;0;0;1;2;16;A01
201800040436;0;7;0;1;0;1;16;A01
201800040437;0;1;0;1;0;1;1;B01
201800040437;0;7;0;9;0;1;16;A01
201800040438;0;7;0;0;2;8;15;B01
201800040438;1;33;0;0;2;1;17;A01
201800040439;0;1;0;0;2;8;19;B01
201800040439;1;7;0;0;2;1;1;A01
201800040440;0;10;0;0;1;8;1;A01
201800040441;0;7;0;0;1;4;0;A01
201800040442;0;7;0;0;2;7;1;A01
201800040442;0;7;0;0;2;1;1;B01
201800040443;0;7;0;0;1;1;0;A01
201800040444;0;7;0;0;1;3;13;A01
201800040445;1;7;0;0;2;5;15;B01
201800040445;1;33;0;0;2;1;0;A01
201800040446;1;7;0;0;2;7;1;B01
201800040446;1;7;0;0;2;1;1;A01
201800040447;2;33;0;0;2;8;1;B01
201800040447;1;33;0;0;2;1;15;A01
201800040448;0;7;0;0;1;2;21;A01
201800040449;1;32;0;0;2;3;1;B01
201800040449;2;10;0;0;2;6;0;A01
201800040450;1;7;0;0;1;2;16;A01
201800040451;2;3;0;0;2;1;2;A01
201800040451;2;3;0;9;0;4;23;B01
201800040452;1;7;0;0;1;2;20;A01
201800040453;0;7;0;0;1;1;16;A01
201800040454;0;7;0;0;2;3;1;B01
201800040454;0;7;0;0;2;1;2;C01
201800040454;0;99;0;0;2;3;1;A01
201800040455;0;7;0;0;1;5;20;A01
201800040456;0;7;0;0;2;2;1;A01
201800040456;0;7;0;0;2;1;1;B01
201800040457;2;7;0;0;1;2;1;A01
201800040458;1;34;0;0;2;1;17;B01
201800040458;1;10;0;0;2;3;10;A01
201800040459;0;1;0;0;2;7;0;B01
201800040459;2;7;0;0;0;0;0;A01
201800040460;1;7;0;0;1;4;4;A01
201800040461;1;7;0;4;0;3;1;A01
201800040462;2;7;0;0;1;7;1;A01
201800040463;2;7;0;0;2;1;19;B01
201800040463;1;7;0;0;2;2;1;A01
201800040464;1;7;0;0;1;4;20;A01
201800040465;1;7;0;0;2;2;1;A01
201800040465;1;7;0;0;2;6;1;B01
201800040466;1;7;0;0;2;7;15;A01
201800040466;1;33;0;0;2;1;1;B01
201800040467;1;7;0;8;0;1;16;A01
201800040468;1;7;0;0;1;3;1;A01
201800040469;1;7;0;0;1;3;16;A01
201800040470;1;7;0;0;2;3;1;B01
201800040470;1;7;0;0;2;2;15;A01
201800040471;1;7;0;0;2;2;12;A01
201800040471;1;7;0;0;2;6;1;B01
201800040472;2;7;0;0;2;3;20;A01
201800040472;2;99;0;0;2;2;17;B01
201800040473;2;3;0;1;0;1;2;A01
201800040474;1;7;0;0;2;6;16;B01
201800040474;1;7;0;0;2;0;17;A01
201800040475;1;7;0;0;2;1;1;B01
201800040475;1;7;0;0;2;1;1;A01
201800040476;1;7;0;0;2;1;1;A01
201800040476;1;7;0;0;2;4;1;B01
201800040476;1;7;0;0;2;4;1;C01
201800040476;1;7;0;0;2;4;1;D01
201800040477;1;7;0;0;2;4;1;C01
201800040477;1;7;0;0;2;1;1;A01
201800040477;1;7;0;0;2;1;1;B01
201800040478;1;10;0;0;2;3;1;B01
201800040478;1;7;0;0;2;1;15;A01
201800040479;0;7;0;0;2;1;2;A01
201800040479;0;7;0;0;2;4;0;B01
201800040480;1;34;0;0;2;1;15;A01
201800040480;1;7;0;0;2;6;15;B01
201800040481;2;33;0;0;0;1;1;B01
201800040481;1;7;0;0;2;2;15;A01
201800040482;1;7;0;9;1;1;20;A01
201800040483;1;7;0;0;2;4;23;B01
201800040483;1;7;0;0;2;1;1;A01
201800040483;1;7;0;0;2;4;23;C01
201800040484;0;33;0;0;2;0;0;A01
201800040484;0;7;0;0;2;3;15;B01
201800040485;1;7;0;0;1;3;15;A01
201800040486;2;7;0;0;2;3;0;C01
201800040486;2;7;0;0;2;1;19;A01
201800040486;2;33;0;0;2;8;1;B01
201800040487;1;1;0;0;2;3;1;B01
201800040487;0;10;0;0;6;1;0;A01
201800040488;0;30;0;0;2;1;0;A01
201800040488;0;10;0;0;2;6;0;B01
201800040489;0;10;0;0;0;8;1;A01
201800040489;;1;0;;;;;B01
201800040490;0;1;0;0;2;1;1;B01
201800040490;2;10;0;0;2;2;9;A01
201800040491;1;7;0;16;0;2;1;A01
201800040491;2;7;0;16;0;0;0;C01
201800040491;2;7;0;16;0;0;0;D01
201800040491;1;7;0;16;0;0;0;B01
201800040492;1;7;0;1;2;1;2;A01
201800040492;1;7;0;0;2;4;23;B01
201800040493;1;10;0;0;2;1;1;A01
201800040493;0;1;0;0;2;5;1;B01
201800040494;1;7;0;0;2;1;2;A01
201800040494;2;32;0;0;2;3;1;C01
201800040494;1;7;0;0;6;4;19;B01
201800040495;1;7;0;0;1;3;17;A01
201800040496;1;7;0;0;1;2;1;A01
201800040497;0;7;0;0;1;2;0;A01
201800040498;0;7;0;0;2;2;2;A01
201800040498;0;7;0;0;2;4;2;B01
201800040499;2;7;0;1;1;5;17;A01
201800040500;0;33;0;0;2;1;0;B01
201800040500;1;7;0;0;2;2;0;A01
201800040501;0;7;0;15;0;1;16;A01
201800040502;1;7;0;0;1;7;1;A01
201800040503;0;7;0;0;2;1;2;B01
201800040503;0;7;0;12;0;2;2;A01
201800040504;0;7;0;0;2;7;1;B01
201800040504;0;7;0;0;2;3;2;A01
201800040505;0;7;0;0;2;7;15;A01
201800040505;2;7;0;0;2;2;1;B01
201800040506;0;7;0;0;2;1;0;A01
201800040506;0;31;0;0;2;1;0;B01
201800040507;1;7;0;1;0;3;21;A01
201800040508;1;7;0;0;2;6;1;B01
201800040508;1;7;0;0;2;3;19;A01
201800040509;1;7;0;0;2;3;1;B01
201800040509;1;10;0;0;2;2;14;A01
201800040510;1;7;0;8;0;2;1;A01
201800040511;1;7;0;0;0;7;23;A01
201800040511;1;37;1;0;0;8;1;B01
201800040512;0;7;0;0;2;4;2;B01
201800040512;0;7;0;0;2;1;2;A01
201800040513;0;10;0;0;2;4;2;C01
201800040513;1;10;0;0;2;1;23;B01
201800040513;0;10;0;0;2;1;2;A01
201800040514;0;10;0;0;2;1;13;A01
201800040514;1;37;5;0;2;3;1;B01
201800040515;0;10;0;0;1;6;0;A01
201800040516;1;31;0;0;2;7;1;B01
201800040516;1;10;0;0;2;1;0;A01
201800040517;0;32;0;0;2;3;2;B01
201800040517;0;7;0;1;0;2;0;A01
201800040518;2;7;0;0;2;1;0;A01
201800040518;2;32;0;0;2;7;16;B01
201800040519;0;32;0;0;2;4;1;B01
201800040519;0;7;0;0;2;1;1;A01
201800040520;1;7;0;0;1;1;16;A01
201800040521;0;1;0;0;2;2;19;A01
201800040521;0;7;0;0;2;3;1;B01
201800040522;1;7;0;0;2;6;0;B01
201800040522;1;7;0;0;2;6;0;C01
201800040522;1;7;0;0;2;0;0;A01
201800040523;1;7;0;0;2;1;15;A01
201800040523;2;37;1;0;2;3;1;B01
201800040524;1;7;0;0;2;1;2;A01
201800040524;1;7;0;0;2;4;2;B01
201800040525;0;7;0;0;2;1;0;A01
201800040525;2;34;0;0;2;5;1;B01
201800040526;0;10;0;0;2;3;0;A01
201800040526;1;10;0;0;2;3;0;B01
201800040527;1;7;0;16;2;2;19;B01
201800040527;1;30;0;14;2;3;9;A01
201800040528;1;7;0;0;1;1;7;Z01
201800040529;1;7;0;0;1;7;19;A01
201800040530;1;7;0;0;2;1;2;A01
201800040530;1;7;0;0;9;4;2;C01
201800040530;1;7;0;0;2;4;2;B01
201800040531;1;7;0;0;2;8;21;A01
201800040531;1;7;0;0;2;8;13;B01
201800040532;1;10;0;0;2;3;9;A01
201800040532;1;2;0;0;2;1;1;B01
201800040533;1;7;0;0;2;5;15;A01
201800040533;2;30;0;0;2;1;1;B01
201800040534;1;10;0;1;0;3;0;B01
201800040534;2;1;0;1;2;2;2;A01
201800040535;0;7;0;0;2;3;1;B01
201800040535;0;30;0;0;2;1;5;A01
201800040536;1;7;0;0;1;2;1;A01
201800040537;0;31;0;0;1;0;0;A01
201800040538;0;10;0;0;6;1;1;A01
201800040538;0;7;0;0;0;8;1;B01
201800040539;2;10;0;0;1;1;2;A01
201800040540;1;10;0;0;2;4;23;A01
201800040540;1;10;0;0;2;1;15;B01
201800040541;2;14;0;6;1;1;14;A01
201800040541;2;10;0;1;0;1;0;C01
201800040542;0;10;0;15;2;3;1;B01
201800040542;2;10;0;0;2;2;1;A01
201800040543;1;7;0;0;2;1;2;A01
201800040543;0;7;0;0;2;4;23;B01
201800040544;2;1;0;0;1;1;16;A01
201800040545;1;7;0;0;2;1;9;A01
201800040545;2;7;0;0;2;3;5;B01
201800040546;2;7;0;0;2;3;9;B01
201800040546;2;7;0;15;2;1;9;A01
201800040547;2;7;0;1;2;0;0;A01
201800040547;2;34;0;0;2;1;1;B01
201800040548;2;34;0;0;1;1;1;A01
201800040549;2;30;0;0;2;7;19;A01
201800040549;2;7;0;0;2;1;1;B01
201800040550;1;10;0;0;1;4;20;A01
201800040551;2;2;0;0;2;1;1;B01
201800040551;1;10;0;0;6;1;15;A01
201800040552;1;7;0;0;1;1;0;A01
201800040553;1;7;0;0;2;3;2;A01
201800040553;1;10;0;0;6;5;23;B01
201800040554;1;10;0;0;2;1;1;A01
201800040554;1;7;0;0;2;3;1;B01
201800040555;1;10;0;0;1;2;16;A01
201800040556;1;7;0;9;2;4;2;B01
201800040556;1;7;0;0;2;1;13;A01
201800040557;1;37;30;0;0;3;0;B01
201800040557;1;7;0;12;0;2;17;A01
201800040558;0;10;0;1;0;0;0;B01
201800040558;0;10;0;0;2;1;21;A01
201800040559;1;7;0;0;2;1;2;B01
201800040559;0;7;0;0;2;2;5;A01
201800040560;2;99;0;0;2;1;0;A01
201800040560;0;7;0;0;0;4;0;B01
201800040561;1;7;0;0;2;4;2;B01
201800040561;1;7;0;0;2;1;2;A01
201800040562;0;7;0;1;1;1;1;A01
201800040563;2;7;0;2;2;1;2;B01
201800040563;2;10;0;0;2;6;23;A01
201800040564;1;2;0;0;2;2;21;B01
201800040564;1;7;0;0;2;6;9;A01
201800040565;0;10;0;0;1;2;15;A01
201800040566;1;7;0;0;2;1;0;A01
201800040566;1;7;0;0;2;4;1;B01
201800040567;1;31;0;0;2;1;1;B01
201800040567;1;7;0;0;2;2;15;A01
201800040568;1;34;0;0;2;1;2;A01
201800040568;2;10;0;0;2;8;9;B01
201800040569;1;7;0;0;1;3;1;A01
201800040569;2;7;0;0;2;1;11;B01
201800040570;1;34;0;0;2;8;0;A01
201800040570;2;7;0;0;2;8;0;B01
201800040571;2;37;1;1;1;5;17;A01
201800040572;1;7;0;0;2;6;18;A01
201800040572;1;13;0;0;2;2;0;B01
201800040573;1;7;0;0;2;7;19;B01
201800040573;2;7;0;0;2;1;1;A01
201800040574;1;7;0;0;1;3;19;A01
201800040575;1;33;0;0;2;1;1;A01
201800040575;1;15;0;0;2;2;23;B01
201800040576;1;7;0;0;2;4;2;A01
201800040576;1;7;0;0;2;4;2;B01
201800040577;1;7;0;0;1;3;2;A01
201800040578;1;7;0;0;1;7;16;A01
201800040579;0;99;0;0;2;0;0;R01
201800040579;1;7;0;0;2;3;1;A01
201800040580;2;7;0;0;2;5;15;B01
201800040580;2;7;0;0;2;2;0;Z01
201800040581;1;7;0;0;2;1;23;A01
201800040581;1;34;0;1;0;0;23;B01
201800040582;2;7;0;14;0;1;16;A01
201800040583;1;7;0;8;0;2;15;A01
201800040584;1;7;0;0;2;0;9;A01
201800040584;1;32;0;0;2;8;21;B01
201800040585;2;31;0;0;2;1;9;A01
201800040585;1;7;0;0;2;3;9;Z01
201800040586;1;2;0;0;2;3;13;A01
201800040586;1;7;0;0;2;0;23;C01
201800040586;1;7;0;0;2;5;1;B01
201800040587;1;33;0;0;2;1;1;B01
201800040587;1;7;0;0;2;3;9;A01
201800040588;1;31;0;0;2;6;1;B01
201800040588;2;7;0;0;2;6;15;A01
201800040589;1;7;0;0;2;1;1;B01
201800040589;1;34;0;0;2;8;1;A01
201800040590;1;1;0;0;0;1;1;A01
201800040591;2;13;0;0;2;3;21;B01
201800040591;2;34;0;0;2;7;17;A01
201800040592;2;7;0;0;2;2;15;A01
201800040592;1;33;0;0;2;1;1;B01
201800040593;2;33;0;0;2;3;18;A01
201800040593;2;13;0;0;2;5;1;B01
201800040594;1;34;0;0;2;7;0;B01
201800040594;1;7;0;0;2;8;10;A01
201800040595;1;1;0;0;2;1;17;B01
201800040595;1;7;0;0;9;3;15;A01
201800040596;1;7;0;0;2;4;23;B01
201800040596;1;31;0;0;2;1;21;A01
201800040597;1;7;0;12;0;9;14;A01
201800040598;1;7;0;0;1;1;0;A01
201800040599;2;99;0;0;2;0;0;R01
201800040599;2;7;0;0;2;8;20;A01
201800040600;1;7;0;0;2;5;23;A01
201800040600;1;2;0;0;2;2;11;B01
201800040601;1;3;0;1;0;2;13;A01
201800040601;1;34;0;1;0;1;12;B01
201800040602;1;33;0;0;2;1;2;B01
201800040602;1;7;0;0;2;2;9;A01
201800040603;1;1;0;0;2;8;1;A01
201800040603;2;15;0;0;9;5;1;B01
201800040604;2;31;0;0;2;1;13;B01
201800040604;1;7;0;0;2;3;1;A01
201800040605;1;99;0;0;9;3;19;B01
201800040605;2;34;0;0;9;3;15;A01
201800040606;1;1;0;0;2;1;1;A01
201800040606;1;99;0;0;9;1;9;B01
201800040607;1;33;0;0;2;8;9;A01
201800040607;1;15;0;0;2;1;2;B01
201800040608;2;7;0;0;2;3;11;A01
201800040608;2;34;0;0;2;5;1;B01
201800040609;2;34;0;0;0;3;23;A01
201800040610;1;7;0;0;2;4;23;B01
201800040610;1;32;0;0;2;1;1;A01
201800040611;1;34;0;0;2;1;1;A01
201800040611;2;13;0;0;2;4;10;B01
201800040612;2;30;0;0;1;4;8;A01
201800040613;1;7;0;0;2;6;10;A01
201800040613;1;33;0;0;2;0;0;B01
201800040614;1;7;0;0;1;1;1;A01
201800040615;1;32;0;0;0;0;0;A01
201800040616;2;7;0;0;2;2;0;B01
201800040616;2;7;0;0;2;4;16;A01