num_acc;senc;catv;occutc;obs;obsm;choc;manv;num_veh
201800041000;2;7;0;0;1;1;2;A01
201800041001;1;7;0;0;2;3;15;B01
201800041001;1;2;0;0;2;0;0;A01
201800041002;1;7;0;0;2;5;1;A01
201800041002;1;7;0;0;2;3;1;B01
201800041003;2;33;0;0;1;1;2;A01
201800041004;2;7;0;0;2;8;2;A01
201800041004;1;7;0;0;2;0;3;B01
201800041005;2;7;0;0;2;1;2;A01
201800041005;1;7;0;0;2;8;9;B01
201800041006;1;34;0;0;1;1;21;A01
201800041007;1;7;0;0;2;3;19;A01
201800041007;2;33;0;0;2;1;17;B01
201800041007;1;7;0;0;2;6;24;C01
201800041008;2;31;0;0;2;1;2;A01
201800041008;2;7;0;0;2;8;10;B01
201800041009;0;7;0;0;2;4;23;A01
201800041009;2;7;0;1;0;4;23;C01
201800041009;2;7;0;1;2;4;23;B01
201800041010;1;7;0;0;0;1;1;A01
201800041010;2;31;0;0;2;1;13;B01
201800041011;1;7;0;1;0;8;22;A01
201800041011;1;34;0;1;0;2;13;B01
201800041012;2;33;0;0;1;1;1;A01
201800041013;1;7;0;0;2;2;12;A01
201800041013;1;7;0;0;2;3;7;B01
201800041014;2;10;0;0;1;1;0;A01
201800041015;1;7;0;0;2;8;15;A01
201800041015;1;34;0;0;2;7;1;B01
201800041016;2;33;0;0;2;1;15;A01
201800041016;1;7;0;0;2;5;15;B01
201800041017;1;7;0;0;2;1;7;A01
201800041017;1;7;0;0;2;9;7;B01
201800041017;1;7;0;0;2;4;7;C01
201800041018;1;7;0;0;2;3;15;A01
201800041018;1;32;0;0;2;1;21;B01
201800041019;2;7;0;0;2;1;10;A01
201800041019;1;34;0;0;2;2;17;B01
201800041020;1;7;0;0;2;3;15;B01
201800041020;1;7;0;0;2;1;19;A01
201800041021;1;99;0;0;2;8;9;A01
201800041021;2;7;0;0;9;3;9;B01
201800041022;2;10;0;0;2;1;19;C01
201800041022;1;33;0;0;2;1;17;A01
201800041022;1;14;0;0;2;3;9;B01
201800041023;1;7;0;0;9;1;11;B01
201800041023;2;1;0;0;2;1;13;A01
201800041024;1;7;0;0;0;2;1;A01
201800041024;2;31;0;0;2;1;1;B01
201800041025;1;99;0;0;2;8;14;A01
201800041026;1;7;0;1;1;2;14;A01
201800041027;1;30;0;0;0;6;7;A01
201800041027;1;7;0;0;2;6;24;B01
201800041028;2;7;0;0;1;2;1;A01
201800041029;1;7;0;0;2;3;10;A01
201800041029;1;33;0;0;2;1;1;B01
201800041030;1;1;0;0;2;1;9;B01
201800041030;1;7;0;0;9;1;9;A01
201800041031;1;7;0;0;2;5;16;A01
201800041031;1;31;0;0;2;3;18;B01
201800041032;1;30;0;0;2;1;1;B01
201800041032;1;7;0;0;2;3;10;A01
201800041033;1;34;0;0;2;8;19;B01
201800041033;1;7;0;0;2;1;9;A01
201800041034;2;34;0;0;1;3;1;A01
201800041035;2;33;0;0;1;1;3;A01
201800041036;2;31;0;0;2;4;17;A01
201800041036;2;7;0;0;2;4;15;B01
201800041037;1;10;0;0;9;4;2;B01
201800041037;1;7;0;0;2;1;2;A01
201800041038;2;7;0;0;2;3;16;B01
201800041038;2;30;0;0;2;3;17;A01
201800041039;2;31;0;0;1;2;21;A01
201800041040;2;7;0;0;1;3;9;A01
201800041041;1;31;0;0;2;1;17;A01
201800041041;1;7;0;0;2;3;15;B01
201800041042;2;7;0;0;1;1;21;A01
201800041043;2;7;0;1;2;8;9;A01
201800041043;2;10;0;0;2;2;1;B01
201800041044;1;31;0;0;2;3;18;B01
201800041044;1;7;0;0;2;2;16;A01
201800041045;1;10;0;0;2;3;15;A01
201800041045;1;31;0;0;2;1;3;B01
201800041046;1;30;0;0;2;1;3;B01
201800041046;1;7;0;0;2;3;15;A01
201800041047;2;7;0;0;2;3;15;B01
201800041047;2;32;0;0;2;2;13;A01
201800041048;2;7;0;0;1;3;0;A01
201800041049;1;32;0;0;1;6;17;A01
201800041050;2;20;0;9;0;2;13;A01
201800041051;2;99;0;15;1;2;0;A01
201800041052;1;7;0;0;2;3;15;A01
201800041052;1;2;0;0;2;1;1;B01
201800041053;0;99;0;0;2;1;17;A01
201800041053;0;31;0;0;2;1;1;B01
201800041054;2;7;0;0;2;2;10;B01
201800041054;1;33;0;0;2;3;0;A01
201800041055;1;7;0;0;2;8;15;A01
201800041055;1;30;0;0;2;7;13;B01
201800041056;1;99;0;;;;;B01
201800041056;0;34;0;0;2;7;19;A01
201800041057;1;99;0;0;6;1;1;B01
201800041057;2;7;0;0;6;2;15;A01
201800041058;2;7;0;0;1;3;10;A01
201800041059;1;1;0;0;2;1;0;B01
201800041059;0;7;0;0;2;3;1;A01
201800041060;2;32;0;0;2;1;17;B01
201800041060;2;7;0;0;2;3;13;A01
201800041061;0;7;0;1;2;7;0;A01
201800041061;0;7;0;0;2;3;12;C01
201800041061;1;33;0;14;2;8;17;B01
201800041062;2;7;0;0;2;5;10;A01
201800041062;1;34;0;1;2;1;1;B01
201800041062;0;7;0;0;2;3;0;C01
201800041063;0;34;0;0;2;7;0;B01
201800041063;0;3;0;0;2;1;15;A01
201800041064;1;20;0;0;1;0;19;A01
201800041065;2;34;0;0;2;1;0;B01
201800041065;1;7;0;0;2;2;10;A01
201800041066;0;33;0;0;1;1;1;A01
201800041067;0;7;0;0;2;3;15;B01
201800041067;0;30;0;0;2;1;17;A01
201800041068;2;7;0;0;2;0;2;A01
201800041068;2;99;0;0;2;4;0;B01
201800041069;1;7;0;0;2;1;15;A01
201800041069;2;34;0;0;2;1;1;B01
201800041070;0;7;0;0;0;3;15;A01
201800041070;0;33;0;0;0;3;21;B01
201800041071;0;7;0;0;2;4;0;A01
201800041071;0;30;0;0;2;1;0;B01
201800041072;0;33;0;0;0;0;0;B01
201800041072;0;7;0;0;2;8;15;A01
201800041073;0;3;0;8;0;1;1;B01
201800041073;0;3;0;8;0;8;1;A01
201800041074;2;30;0;0;1;1;1;A01
201800041075;0;7;0;0;2;0;0;B01
201800041075;0;7;0;0;2;3;1;A01
201800041076;1;7;0;0;2;3;15;A01
201800041076;2;32;0;0;2;1;1;B01
201800041077;1;1;0;0;0;8;2;B01
201800041077;1;17;0;0;0;0;1;A01
201800041078;2;10;0;0;2;2;9;A01
201800041078;1;34;0;0;2;1;1;B01
201800041079;1;7;0;0;2;2;6;B01
201800041079;2;7;0;0;2;1;1;A01
201800041080;0;33;0;0;2;1;1;B01
201800041080;0;7;0;0;2;6;0;A01
201800041081;1;7;0;0;1;7;1;A01
201800041082;0;7;0;0;1;0;0;Z01
201800041083;1;7;0;0;1;1;1;A01
201800041084;1;7;0;1;0;5;15;A01
201800041084;2;33;0;1;0;1;2;B01
201800041085;2;7;0;0;9;7;10;B01
201800041085;1;37;1;0;2;3;1;A01
201800041086;1;7;0;0;1;0;16;A01
201800041087;1;33;0;0;2;1;2;B01
201800041087;1;7;0;0;2;8;10;A01
201800041088;1;34;0;1;0;0;21;B01
201800041088;1;7;0;1;0;0;0;A01
201800041089;1;7;0;0;1;4;20;A01
201800041090;2;7;0;1;2;1;13;A01
201800041090;1;37;1;0;2;1;1;B01
201800041091;1;7;0;0;0;3;1;B01
201800041091;1;7;0;0;0;1;1;A01
201800041092;1;7;0;0;2;2;15;A01
201800041092;1;7;0;0;2;3;1;B01
201800041093;0;7;0;0;2;6;1;B01
201800041093;0;37;1;0;2;2;1;A01
201800041094;1;7;0;0;2;3;0;A01
201800041094;2;31;0;0;2;1;0;B01
201800041095;1;31;0;0;2;4;1;A01
201800041095;1;1;0;0;2;4;14;B01
201800041096;2;7;0;0;2;8;16;A01
201800041096;1;32;0;0;2;3;17;B01
201800041097;1;34;0;15;2;4;15;A01
201800041097;1;34;0;0;2;1;7;B01
201800041097;2;7;0;0;2;1;23;C01
201800041098;1;7;0;0;1;2;2;A01
201800041099;2;33;0;0;2;2;1;B01
201800041099;1;7;0;0;2;3;19;A01
201800041100;0;7;0;0;1;2;1;A01
201800041101;1;7;0;0;1;1;2;A01
201800041102;0;10;0;0;1;6;20;A01
201800041103;0;7;0;0;0;3;2;B01
201800041103;0;33;0;0;0;2;17;A01
201800041104;1;99;0;0;2;0;0;Z01
201800041104;0;99;0;0;2;2;1;A01
201800041105;1;7;0;0;1;3;2;A01
201800041106;0;7;0;0;1;3;0;A01
201800041107;1;7;0;0;2;3;0;A01
201800041107;2;7;0;0;2;1;0;B01
201800041108;1;7;0;0;2;1;15;B01
201800041108;0;34;0;0;2;3;18;A01
201800041109;1;7;0;0;0;2;15;A01
201800041109;2;7;0;0;0;3;0;B01
201800041110;0;7;0;0;2;5;0;B01
201800041110;1;7;0;0;2;2;16;A01
201800041111;0;7;0;0;2;5;19;A01
201800041111;0;7;0;0;2;1;19;B01
201800041112;1;33;0;0;2;1;17;A01
201800041112;2;7;0;0;2;8;20;B01
201800041113;0;7;0;0;1;3;2;A01
201800041114;0;7;0;0;1;1;19;A01
201800041115;1;33;0;0;1;7;3;A01
201800041115;1;7;0;0;2;3;1;B01
201800041116;1;15;0;0;2;6;0;Z01
201800041116;1;33;0;0;2;7;17;A01
201800041117;0;7;0;0;2;3;14;A01
201800041117;0;7;0;0;2;4;1;B01
201800041118;2;7;0;0;1;3;15;A01
201800041119;0;99;0;0;2;0;0;R01
201800041119;1;7;0;0;2;2;15;A01
201800041120;0;15;0;0;2;2;21;A01
201800041120;0;7;0;0;2;3;7;B01
201800041121;1;10;0;0;1;1;1;A01
201800041122;2;7;0;0;1;1;15;A01
201800041123;1;33;0;0;2;7;17;A01
201800041123;1;7;0;0;2;1;9;B01
201800041124;1;7;0;0;2;8;10;A01
201800041124;1;33;0;0;2;1;1;B01
201800041125;1;7;0;0;2;4;15;A01
201800041125;1;31;0;0;2;1;2;B01
201800041126;2;7;0;0;2;1;7;A01
201800041126;2;7;0;0;2;4;23;B01
201800041127;1;7;0;0;1;3;16;A01
201800041128;2;33;0;0;2;1;1;B01
201800041128;2;7;0;0;2;5;1;A01
201800041129;1;7;0;0;1;2;1;A01
201800041130;1;7;0;8;0;1;17;A01
201800041130;1;7;0;0;2;3;15;B01
201800041131;1;7;0;0;2;6;15;B01
201800041131;1;33;0;0;2;1;2;A01
201800041132;1;37;1;0;1;1;7;A01
201800041133;1;34;0;0;2;1;16;B01
201800041133;0;7;0;0;2;3;15;A01
201800041134;2;7;0;0;2;8;5;B01
201800041134;2;7;0;0;2;8;1;C01
201800041134;2;7;0;0;2;1;1;D01
201800041134;1;7;0;0;2;3;13;A01
201800041135;1;7;0;2;2;1;2;A01
201800041135;1;7;0;0;2;4;2;D01
201800041135;1;7;0;0;2;4;2;C01
201800041135;1;7;0;0;2;4;2;B01
201800041136;1;14;0;0;1;2;21;A01
201800041137;1;7;0;0;1;1;9;A01
201800041138;1;7;0;16;2;1;9;A01
201800041138;1;7;0;0;2;2;1;B01
201800041139;1;7;0;0;2;8;15;A01
201800041139;1;2;0;0;2;1;16;B01
201800041140;2;31;0;0;4;8;9;A01
201800041140;2;40;0;0;2;3;1;B01
201800041141;1;7;0;0;2;1;13;A01
201800041141;2;7;0;0;2;1;9;B01
201800041142;2;34;0;0;2;1;1;B01
201800041142;1;7;0;0;2;3;15;A01
201800041143;1;31;0;0;1;1;21;Z01
201800041144;2;7;0;0;2;6;15;A01
201800041144;2;99;0;0;2;0;0;R01
201800041145;2;7;0;0;2;2;9;A01
201800041145;2;33;0;0;2;3;21;B01
201800041146;0;7;0;1;2;1;1;A01
201800041146;0;7;0;0;2;4;24;B01
201800041147;1;33;0;0;2;1;17;B01
201800041147;1;7;0;0;2;3;10;A01
201800041148;1;7;0;0;1;2;9;A01
201800041149;1;7;0;0;2;3;13;A01
201800041149;1;7;0;0;2;3;1;B01
201800041150;1;99;0;0;2;0;0;R01
201800041150;1;7;0;0;2;8;22;A01
201800041151;2;7;0;1;0;3;13;A01
201800041152;1;7;0;0;2;1;15;A01
201800041152;2;7;0;0;2;8;1;B01
201800041153;1;7;0;0;2;8;15;B01
201800041153;1;33;0;0;2;1;1;A01
201800041154;1;7;0;0;2;3;1;A01
201800041154;2;3;0;0;2;2;1;B01
201800041155;2;3;0;0;2;1;2;B01
201800041155;2;7;0;0;2;8;1;A01
201800041156;1;3;0;0;1;0;19;A01
201800041157;0;7;0;0;2;0;4;A01
201800041157;0;30;0;0;2;0;0;B01
201800041158;0;7;0;0;2;3;15;A01
201800041158;0;1;0;0;2;2;1;B01
201800041159;1;7;0;0;2;4;1;B01
201800041159;1;30;0;0;2;7;11;A01
201800041160;0;7;0;0;2;7;14;A01
201800041160;0;34;0;0;2;8;2;B01
201800041161;1;7;0;16;6;8;8;B01
201800041162;2;32;0;0;1;1;0;A01
201800041162;2;7;0;0;2;2;1;B01
201800041163;1;7;0;0;1;1;16;A01
201800041164;1;7;0;12;0;4;7;C01
201800041164;1;7;0;12;0;5;7;B01
201800041164;1;7;0;0;2;1;7;A01
201800041165;1;7;0;0;1;2;1;A01
201800041166;0;40;10;0;1;4;23;A01
201800041167;0;13;0;0;1;1;0;A01
201800041168;2;32;0;0;2;1;0;B01
201800041168;2;10;0;0;2;2;15;A01
201800041169;0;7;0;0;2;2;2;A01
201800041169;2;31;0;0;0;4;2;B01
201800041170;0;32;0;0;2;1;1;B01
201800041170;0;7;0;0;2;5;1;A01
201800041171;0;33;0;0;2;0;0;B01
201800041171;0;7;0;0;2;6;15;A01
201800041172;1;7;0;11;0;1;14;A01
201800041173;1;7;0;0;2;6;1;A01
201800041173;1;7;0;0;2;1;15;C01
201800041173;1;7;0;16;;2;15;B01
201800041174;1;13;0;0;2;1;2;A01
201800041174;1;3;0;0;2;4;2;B01
201800041175;0;7;0;0;1;1;15;A01
201800041176;0;10;0;0;2;0;0;Z01
201800041176;0;10;0;0;2;6;15;A01
201800041177;0;7;0;0;2;1;10;A01
201800041177;0;7;0;0;2;5;21;B01
201800041178;0;33;0;0;2;1;0;A01
201800041178;0;7;0;0;2;4;0;B01
201800041179;2;3;0;0;1;2;1;A01
201800041180;0;7;0;0;2;4;2;B01
201800041180;0;7;0;0;2;1;21;A01
201800041181;0;7;0;0;1;4;0;A01
201800041182;1;7;0;0;0;9;1;A01
201800041183;1;1;0;0;2;1;9;B01
201800041183;1;7;0;0;2;4;9;A01
201800041184;1;10;0;2;9;3;2;A01
201800041185;2;7;0;0;2;1;2;B01
201800041185;2;7;0;0;2;4;23;A01
201800041186;1;7;0;0;0;7;9;A01
201800041187;1;7;0;0;2;1;2;A01
201800041187;1;7;0;0;2;4;23;B01
201800041188;2;7;0;0;2;1;1;B01
201800041188;2;7;0;0;2;3;1;A01
201800041189;1;7;0;0;1;2;1;A01
201800041190;2;7;0;0;9;1;19;A01
201800041190;2;7;0;0;2;4;19;B01
201800041191;1;7;0;9;2;8;1;A01
201800041191;2;7;0;0;2;1;15;B01
201800041192;1;31;0;0;2;7;1;A01
201800041192;0;7;0;0;2;3;9;B01
201800041193;1;7;0;0;2;4;23;A01
201800041193;1;10;0;0;2;1;2;B01
201800041194;1;7;0;0;2;4;1;A01
201800041194;1;7;0;0;2;1;1;B01
201800041195;2;7;0;6;0;1;16;A01
201800041196;1;7;0;0;1;1;21;A01
201800041197;1;7;0;0;2;1;19;B01
201800041197;1;7;0;16;2;3;19;A01
201800041198;2;7;0;0;2;1;16;B01
201800041198;1;7;0;0;2;3;15;A01
201800041199;1;7;0;0;2;3;1;A01
201800041199;1;7;0;0;2;1;15;B01
201800041200;2;7;0;0;2;2;9;B01
201800041200;1;7;0;0;2;5;0;A01
201800041201;1;99;0;0;2;0;17;A01
201800041201;1;7;0;0;2;8;21;B01
201800041201;2;7;0;0;2;1;2;C01
201800041202;2;7;0;0;2;4;23;A01
201800041202;2;7;0;0;2;1;1;C01
201800041202;2;7;0;0;2;4;23;B01
201800041203;1;7;0;0;2;4;2;A01
201800041203;1;7;0;0;2;4;2;B01
201800041203;1;7;0;0;2;1;2;C01
201800041204;0;7;0;0;1;2;1;A01
201800041205;1;10;0;0;2;3;19;A01
201800041205;1;7;0;0;2;2;19;B01
201800041206;1;7;0;0;2;3;15;A01
201800041206;1;37;1;0;2;1;2;B01
201800041207;1;99;0;2;0;3;9;A01
201800041208;1;7;0;0;1;1;15;A01
201800041209;2;7;0;0;1;1;1;A01
201800041210;1;7;0;0;2;8;1;A01
201800041210;1;7;0;0;2;2;19;B01
201800041211;1;33;0;0;2;8;21;T01
201800041211;1;10;0;0;2;3;9;A01
201800041212;1;7;0;0;2;4;23;C01
201800041212;1;7;0;0;2;1;9;A01
201800041212;1;7;0;0;2;4;23;B01
201800041213;2;7;0;8;2;3;2;A01
201800041213;2;7;0;8;2;3;2;B01
201800041214;2;3;0;0;2;3;15;A01
201800041214;1;3;0;0;2;1;1;B01
201800041215;1;7;0;1;2;3;19;B01
201800041215;1;7;0;0;2;3;1;A01
201800041216;1;7;0;0;2;4;2;C01
201800041216;1;7;0;0;2;4;2;B01
201800041216;1;7;0;0;2;1;2;A01
201800041217;1;13;0;0;2;2;14;A01
201800041217;1;7;0;0;2;8;1;B01
201800041218;1;7;0;0;2;5;0;A01
201800041218;1;7;0;0;2;0;0;B01
201800041218;1;7;0;0;2;8;2;C01
201800041219;1;7;0;4;2;1;21;A01
201800041220;1;7;0;0;1;1;1;A01
201800041221;1;10;0;0;2;2;2;A01
201800041221;1;7;0;0;2;1;2;B01
201800041222;1;7;0;0;2;5;2;B01
201800041222;1;33;0;0;2;1;21;A01
201800041223;1;7;0;15;0;4;2;A01
201800041223;1;10;0;15;0;1;11;B01
201800041224;1;7;0;0;1;0;20;A01
201800041225;2;37;1;0;2;1;2;A01
201800041225;2;7;0;0;2;4;2;B01
201800041225;2;7;0;0;2;4;2;C01
201800041226;1;7;0;0;1;0;0;A01
201800041227;1;10;0;0;2;1;9;A01
201800041227;1;37;0;0;2;7;9;B01
201800041228;1;7;0;0;1;3;1;A01
201800041229;1;7;0;0;1;1;1;A01
201800041230;1;37;1;2;0;1;13;A01
201800041231;1;1;0;0;2;8;19;B01
201800041231;1;7;0;0;2;2;1;A01
201800041232;2;7;0;0;2;1;21;B01
201800041232;2;7;0;0;2;1;13;A01
201800041233;1;7;0;9;1;1;16;A01
201800041234;1;7;0;4;2;2;2;A01
201800041234;1;7;0;4;0;6;2;B01
201800041235;1;7;0;0;2;2;9;B01
201800041235;1;33;0;0;2;1;1;A01
201800041236;1;7;0;0;2;1;0;A01
201800041237;2;7;0;0;2;5;1;A01
201800041237;2;7;0;0;2;2;1;B01
201800041238;0;7;0;0;2;8;15;A01
201800041238;0;7;0;0;2;1;1;B01
201800041239;1;7;0;0;2;4;0;A01
201800041239;1;7;0;0;2;1;0;C01
201800041239;1;7;0;0;2;4;2;B01
201800041240;1;1;0;0;2;7;1;B01
201800041240;1;7;0;0;2;1;9;A01
201800041241;1;7;0;0;2;1;0;B01
201800041241;1;13;0;0;2;4;23;A01
201800041242;1;7;0;0;2;2;15;A01
201800041242;2;7;0;0;2;3;2;B01
201800041243;1;7;0;0;2;1;1;A01
201800041243;1;7;0;0;9;4;2;B01
201800041244;1;7;0;0;2;6;2;B01
201800041244;1;7;0;0;2;1;2;A01
201800041245;1;10;0;4;1;5;9;A01
201800041245;1;37;0;0;2;1;1;B01
201800041246;1;33;0;0;2;6;21;B01
201800041246;1;7;0;0;2;1;10;A01
201800041247;1;10;0;0;2;3;22;A01
201800041247;1;33;0;1;0;7;0;B01
201800041248;2;7;0;0;2;4;23;B01
201800041248;2;7;0;0;2;1;2;A01
201800041249;1;7;0;0;1;1;16;A01
201800041250;2;37;0;0;2;1;2;A01
201800041250;2;7;0;0;2;4;2;B01
201800041251;1;7;0;0;2;7;1;A01
201800041251;1;7;0;0;2;3;16;B01
201800041252;2;7;0;5;0;3;16;A01
201800041253;2;7;0;0;2;1;23;A01
201800041253;2;7;0;0;2;4;4;B01
201800041254;1;7;0;0;2;1;19;B01
201800041254;1;2;0;0;2;8;19;A01
201800041255;2;37;1;0;2;3;1;B01
201800041255;1;31;0;0;2;1;11;A01
201800041256;1;7;0;0;2;1;1;A01
201800041256;2;7;0;0;2;1;15;B01
201800041257;1;7;0;0;2;4;2;A01
201800041257;1;7;0;0;2;1;2;B01
201800041258;0;7;0;0;2;1;1;A01
201800041258;0;10;0;0;2;8;1;B01
201800041259;0;7;0;0;2;1;1;A01
201800041259;0;10;0;0;2;8;1;B01
201800041260;0;7;0;0;0;2;21;A01
201800041261;1;7;0;0;2;1;0;A01
201800041261;1;7;0;0;2;4;23;B01
201800041262;0;7;0;0;1;2;11;A01
201800041263;1;7;0;13;0;2;1;A01
201800041264;0;7;0;0;2;1;0;B01
201800041264;0;7;0;0;2;1;21;A01
201800041264;0;7;0;1;0;4;0;C01
201800041265;0;99;0;0;2;4;0;A01
201800041265;0;13;0;0;2;1;2;B01
201800041266;0;7;0;1;2;0;0;B01
201800041266;0;7;0;0;2;4;0;A01
201800041267;0;7;0;0;1;1;1;A01
201800041268;0;10;0;0;0;4;1;B01
201800041268;0;37;1;0;2;2;1;A01
201800041269;0;15;0;0;2;5;21;B01
201800041269;0;37;6;3;2;7;14;A01
201800041270;0;7;0;0;1;1;1;A01
201800041271;0;7;0;0;2;4;23;A01
201800041271;0;7;0;0;2;1;1;B01
201800041272;0;7;0;0;2;1;15;B01
201800041272;0;7;0;0;2;3;1;A01
201800041273;0;1;0;0;2;1;1;B01
201800041273;0;7;0;0;2;2;0;A01
201800041274;1;7;0;0;2;4;0;C01
201800041274;1;7;0;0;2;1;0;A01
201800041274;1;7;0;0;2;9;0;B01
201800041275;0;7;0;0;1;2;19;A01
201800041276;1;10;0;0;2;3;2;A01
201800041276;1;7;0;0;2;4;2;B01
201800041277;0;7;0;1;2;1;2;B01
201800041277;0;7;0;0;2;4;23;A01
201800041278;0;7;0;0;2;1;5;A01
201800041278;0;7;0;0;2;8;1;B01
201800041279;0;7;0;0;2;0;0;A01
201800041279;0;7;0;0;2;7;0;B01
201800041280;0;7;0;0;0;3;0;C01
201800041280;0;7;0;0;0;2;1;B01
201800041280;0;7;0;0;2;1;1;A01
201800041281;1;7;0;0;2;2;15;A01
201800041281;2;33;0;0;2;7;1;B01
201800041282;0;7;0;0;2;1;0;B01
201800041282;0;7;0;0;2;1;0;C01
201800041282;0;7;0;1;0;1;0;D01
201800041283;1;7;0;0;1;3;1;A01
201800041284;1;7;0;0;1;4;4;A01
201800041285;0;7;0;0;2;4;9;A01
201800041285;0;10;0;0;2;1;2;C01
201800041285;0;7;0;0;2;4;2;B01
201800041286;0;10;0;4;0;3;13;A01
201800041287;0;7;0;0;1;3;9;A01
201800041288;2;10;0;0;1;2;1;A01
201800041289;1;1;0;0;2;4;0;A01
201800041289;1;7;0;0;6;1;0;B01
201800041290;1;7;0;6;0;1;15;A01
201800041291;0;7;0;0;2;6;1;A01
201800041291;0;7;0;0;2;6;1;B01
201800041292;0;7;0;0;2;1;9;B01
201800041292;0;7;0;0;2;7;1;A01
201800041293;0;7;0;0;2;4;2;B01
201800041293;0;7;0;0;2;4;2;D01
201800041293;0;7;0;0;2;1;2;A01
201800041293;0;7;0;0;2;4;2;C01
201800041294;0;10;0;3;0;9;13;A01
201800041295;2;37;1;0;2;3;1;B01
201800041295;1;7;0;0;2;3;13;A01
201800041296;0;7;0;0;2;6;1;A01
201800041296;0;10;0;1;0;2;21;C01
201800041296;0;15;0;0;2;2;1;B01
201800041297;1;7;0;0;2;4;23;A01
201800041297;1;10;0;0;2;1;1;B01
201800041298;1;7;0;0;2;6;2;B01
201800041298;1;7;0;0;2;2;2;A01
201800041299;0;7;0;0;2;0;23;B01
201800041299;0;7;0;0;2;2;1;A01
201800041300;0;37;1;0;2;2;13;A01
201800041300;0;7;0;0;2;6;12;B01
201800041301;2;7;0;6;2;4;1;A01
201800041302;2;7;0;0;2;1;2;A01
201800041302;2;7;0;0;0;4;2;B01
201800041303;1;34;0;0;2;1;13;B01
201800041303;0;7;0;0;2;3;13;A01
201800041304;2;33;0;0;2;5;16;B01
201800041304;2;7;0;0;2;3;15;A01
201800041305;2;1;0;0;2;8;1;B01
201800041305;1;10;0;0;2;3;15;A01
201800041306;0;7;0;0;2;1;0;A01
201800041306;0;7;0;0;2;7;1;B01
201800041307;0;7;0;9;2;7;1;A01
201800041307;0;37;1;0;2;1;1;B01
201800041308;0;37;1;0;2;4;2;B01
201800041308;0;37;1;0;2;1;2;A01
201800041309;0;7;0;15;0;3;2;A01
201800041309;0;20;0;14;0;4;4;B01
201800041310;0;20;0;0;2;3;9;A01
201800041310;1;99;0;0;2;1;14;Y01
201800041311;0;7;0;6;0;4;23;A01
201800041311;0;7;0;1;2;1;2;B01
201800041312;1;7;0;0;1;2;0;A01
201800041313;0;7;0;0;2;4;23;C01
201800041313;0;7;0;0;2;4;23;B01
201800041313;0;7;0;0;2;1;2;A01
201800041314;1;7;0;0;2;6;2;A01
201800041315;0;7;0;0;2;3;1;B01
201800041315;0;7;0;0;2;1;11;A01
201800041316;0;30;0;0;1;1;21;B01
201800041317;1;7;0;0;2;8;9;A01
201800041317;1;14;0;0;2;3;1;B01
201800041318;0;37;3;0;2;3;15;A01
201800041318;0;37;1;0;2;2;9;B01
201800041319;1;7;0;0;2;1;0;B01
201800041319;1;7;0;4;0;4;0;A01
201800041320;0;7;0;0;1;3;1;A01
201800041321;0;37;1;0;2;2;1;B01
201800041321;0;7;0;0;2;3;11;A01
201800041322;0;7;0;0;2;3;2;A01
201800041322;0;10;0;0;2;1;15;B01
201800041323;1;99;0;0;2;4;23;A01
201800041323;0;7;0;0;2;1;0;B01
201800041324;1;1;0;0;2;8;1;A01
201800041324;1;7;0;0;6;2;9;B01
201800041325;1;7;0;0;2;5;1;A01
201800041325;1;7;0;0;2;3;9;B01
201800041326;0;7;0;0;2;1;17;A01
201800041326;0;7;0;0;2;3;1;B01
201800041327;0;7;0;0;0;9;14;A01
201800041328;0;7;0;13;2;1;21;A01
201800041328;0;10;0;0;0;0;13;B01
201800041329;0;37;60;0;1;2;20;A01
201800041330;1;7;0;0;2;1;1;B01
201800041330;0;7;0;0;2;1;5;A01
201800041331;1;37;1;0;1;3;2;A01
201800041332;1;7;0;0;2;1;1;A01
201800041332;1;7;0;0;2;7;1;B01
201800041333;2;7;0;0;2;8;11;A01
201800041333;2;33;0;0;2;2;13;B01
201800041334;2;10;0;0;2;3;21;B01
201800041334;2;7;0;0;2;8;19;A01
201800041335;1;7;0;0;2;1;19;A01
201800041335;1;7;0;0;2;1;9;B01
201800041336;1;34;0;0;1;1;1;A01
201800041337;1;7;0;0;2;4;20;A01
201800041337;2;1;0;0;2;8;1;B01
201800041338;1;32;0;0;0;0;0;A01
201800041339;1;33;0;0;1;3;17;A01
201800041340;1;7;0;0;1;1;1;A01
201800041341;1;7;0;0;1;0;14;A01
201800041342;2;7;0;0;1;2;15;A01
201800041343;1;31;0;0;1;1;1;A01
201800041344;2;7;0;0;1;1;1;A01
201800041345;1;30;0;0;1;0;0;A01
201800041346;2;7;0;0;2;1;2;A01
201800041346;2;34;0;0;2;4;2;B01
201800041347;1;7;0;0;1;1;1;A01
201800041348;1;7;0;0;2;1;1;A01
201800041348;1;34;0;0;2;4;2;B01
201800041349;1;32;0;0;2;1;19;B01
201800041349;1;7;0;0;2;3;19;A01
201800041350;1;7;0;9;0;4;0;A01
201800041350;1;1;0;9;0;4;0;B01
201800041351;2;30;0;14;0;1;2;A01
201800041351;2;7;0;0;2;4;23;B01
201800041352;1;1;0;0;2;7;19;B01
201800041352;1;7;0;0;2;3;19;A01
201800041353;1;10;0;0;0;8;22;A01
201800041353;1;33;0;1;0;1;1;B01
201800041354;2;30;0;0;2;1;1;B01