num_acc;senc;catv;occutc;obs;obsm;choc;manv;num_veh
201800041738;1;7;0;0;2;0;0;B01
201800041738;1;30;0;0;2;7;0;A01
201800041739;2;7;0;0;1;3;1;A01
201800041740;2;7;0;1;2;3;0;A01
201800041740;2;7;0;1;2;2;2;B01
201800041741;2;7;0;0;2;2;19;A01
201800041741;2;10;0;0;2;3;19;B02
201800041742;1;7;0;0;1;2;1;A01
201800041743;1;7;0;0;2;7;1;B01
201800041743;1;10;0;0;2;1;19;A01
201800041744;2;33;0;0;2;8;2;A01
201800041744;2;37;10;0;2;6;23;B01
201800041745;2;7;0;0;2;3;22;A01
201800041745;2;1;0;1;0;1;1;B01
201800041746;2;31;0;14;0;0;1;A01
201800041747;1;7;0;0;2;2;14;A01
201800041748;1;7;0;0;2;4;23;A01
201800041748;1;7;0;0;2;1;21;B01
201800041749;0;7;0;0;1;2;15;A01
201800041750;2;7;0;0;2;6;9;B01
201800041750;2;31;0;0;2;1;17;A01
201800041751;1;7;0;0;2;1;19;A01
201800041751;1;7;0;0;2;4;23;B01
201800041752;1;33;0;0;2;2;1;A01
201800041752;1;7;0;0;2;3;15;B01
201800041753;2;10;0;0;2;6;23;B01
201800041753;2;2;0;0;2;1;2;A01
201800041754;1;7;0;0;2;3;15;A01
201800041754;2;2;0;0;2;1;19;B01
201800041755;2;7;0;0;2;1;9;A01
201800041755;2;7;0;0;2;2;21;B01
201800041756;1;7;0;0;2;4;2;B01
201800041756;1;7;0;0;2;1;2;A01
201800041757;1;7;0;0;1;5;20;A01
201800041758;1;7;0;0;2;7;1;B01
201800041758;1;7;0;0;2;1;9;A01
201800041759;1;7;0;1;0;2;1;A01
201800041760;1;7;0;0;2;8;10;B01
201800041760;1;33;0;0;2;1;17;A01
201800041761;1;33;0;0;2;8;1;B01
201800041761;2;7;0;0;2;3;10;A01
201800041762;1;7;0;0;1;1;2;A01
201800041763;1;7;0;0;1;7;2;A01
201800041764;1;7;0;0;2;1;2;A01
201800041764;1;7;0;0;2;4;2;B01
201800041764;1;7;0;0;2;4;2;C01
201800041765;1;7;0;0;2;2;9;B01
201800041765;1;31;0;0;2;8;17;A01
201800041766;1;7;0;4;0;2;12;A01
201800041766;1;7;0;0;2;8;1;B01
201800041767;1;31;0;0;2;1;17;A01
201800041767;1;7;0;0;2;3;15;B01
201800041768;1;7;0;0;2;3;9;A01
201800041768;1;33;0;0;2;1;21;B01
201800041769;1;10;0;0;2;5;23;C01
201800041769;1;7;0;0;2;1;2;A01
201800041769;1;7;0;0;2;4;23;B01
201800041770;2;33;0;0;2;1;16;B01
201800041770;1;7;0;0;2;1;15;A01
201800041771;2;33;0;0;0;7;1;A01
201800041772;1;7;0;0;1;5;20;A01
201800041773;2;7;0;0;2;6;1;A01
201800041773;1;7;0;0;2;1;1;B01
201800041774;1;7;0;0;2;1;2;A01
201800041774;1;7;0;0;1;4;23;B01
201800041775;2;31;0;0;2;1;1;B01
201800041775;1;7;0;0;2;5;15;A01
201800041776;2;7;0;0;2;4;23;B01
201800041776;2;7;0;0;2;1;21;A01
201800041777;1;31;0;0;2;4;1;B01
201800041777;2;7;0;0;2;2;15;A01
201800041778;1;37;900;10;0;2;10;A01
201800041778;1;32;0;0;2;2;19;B01
201800041779;2;14;0;0;1;4;0;A01
201800041780;0;7;0;0;2;2;1;B01
201800041780;0;33;0;0;2;3;16;A01
201800041781;0;7;0;0;2;7;19;A01
201800041781;0;37;44;0;0;0;0;B01
201800041782;0;32;0;0;2;7;0;B01
201800041782;0;7;0;0;2;3;0;A01
201800041783;0;7;0;0;1;1;0;A01
201800041784;0;7;0;0;2;3;15;A01
201800041784;0;7;0;0;2;3;23;B01
201800041785;2;7;0;0;2;2;15;A01
201800041785;1;7;0;0;2;3;1;B01
201800041786;1;37;0;0;2;2;1;B01
201800041786;1;7;0;0;2;0;0;Z01
201800041787;1;7;0;0;2;2;15;A01
201800041787;2;34;0;0;2;1;3;B01
201800041788;0;7;0;0;2;3;15;B01
201800041788;0;33;0;0;2;7;17;A01
201800041789;1;10;0;0;1;1;15;A01
201800041790;1;30;0;0;1;1;17;A01
201800041791;0;7;0;0;1;1;1;A01
201800041792;0;32;0;0;0;1;1;A01
201800041793;0;7;0;0;2;4;23;B01
201800041793;0;7;0;0;2;1;2;A01
201800041794;1;34;0;0;2;1;0;A01
201800041794;0;7;0;0;2;1;0;B01
201800041795;0;7;0;0;2;1;1;A01
201800041795;0;7;0;0;2;4;1;B01
201800041795;0;7;0;0;2;4;1;C01
201800041796;1;10;0;0;1;3;2;A01
201800041797;1;7;0;0;2;1;9;A01
201800041797;2;30;0;0;2;1;1;B01
201800041798;2;7;0;0;2;4;23;C01
201800041798;2;7;0;0;2;4;23;B01
201800041798;2;7;0;0;2;1;0;A01
201800041799;2;7;0;0;2;3;15;A01
201800041799;1;37;10;6;2;1;1;B01
201800041800;1;33;0;0;2;1;3;A01
201800041800;1;7;0;0;2;3;15;B01
201800041801;2;7;0;0;2;1;1;B01
201800041801;1;7;0;0;2;8;19;A01
201800041802;1;7;0;0;2;4;23;C01
201800041802;1;7;0;0;2;4;2;B01
201800041802;1;7;0;0;2;1;2;A01
201800041803;1;7;0;0;1;1;15;A01
201800041804;2;32;0;0;0;0;0;A01
201800041805;1;7;0;0;1;1;0;Z01
201800041806;1;7;0;0;0;4;23;C01
201800041806;1;99;0;0;2;1;2;A01
201800041806;1;7;0;0;2;4;23;B01
201800041807;0;7;0;0;1;4;4;A01
201800041808;2;7;0;0;6;3;1;B01
201800041808;2;1;0;0;2;1;15;A01
201800041809;1;37;10;0;2;4;23;B01
201800041809;1;15;0;1;0;1;2;A01
201800041810;0;7;0;0;1;1;16;A01
201800041811;1;7;0;0;2;9;11;A01
201800041811;1;7;0;0;2;2;1;B01
201800041812;1;7;0;0;2;7;10;A01
201800041812;2;33;0;0;2;1;2;B01
201800041813;0;1;0;0;0;0;0;A01
201800041814;1;33;0;0;2;1;1;B01
201800041814;2;10;0;0;2;1;15;A01
201800041815;1;7;0;0;2;8;1;B01
201800041815;2;7;0;0;2;8;13;A01
201800041816;0;10;0;0;1;1;1;A01
201800041817;0;33;0;0;0;7;0;A01
201800041818;0;7;0;0;1;1;0;Z01
201800041819;1;7;0;0;1;1;16;A01
201800041820;1;7;0;0;2;1;23;B01
201800041820;1;7;0;1;2;7;9;A01
201800041821;1;30;0;0;0;7;16;A01
201800041822;1;7;0;0;2;1;1;A01
201800041822;1;7;0;0;6;4;23;B01
201800041823;1;34;0;0;2;4;2;B01
201800041823;1;7;0;0;2;1;1;A01
201800041824;2;7;0;1;0;1;13;A01
201800041825;2;7;0;0;2;1;9;A01
201800041825;2;7;0;0;2;4;9;B01
201800041826;0;7;0;0;1;1;21;A01
201800041827;1;10;0;1;0;3;5;A01
201800041828;1;7;0;0;2;3;1;B01
201800041828;0;7;0;0;2;3;16;A01
201800041829;1;7;0;11;0;1;0;A01
201800041830;0;7;0;0;2;6;15;A01
201800041830;1;7;0;0;2;2;17;Z01
201800041831;1;37;10;0;1;8;7;A01
201800041832;1;7;0;0;2;9;5;A01
201800041832;2;7;0;0;2;8;23;B01
201800041833;1;7;0;1;0;2;14;A01
201800041834;1;31;0;0;2;6;9;A01
201800041834;1;7;0;0;2;3;1;B01
201800041835;2;7;0;0;2;2;15;A01
201800041835;1;33;0;0;2;2;19;B01
201800041836;1;7;0;0;1;1;16;A01
201800041837;2;13;0;0;1;3;21;A01
201800041838;2;7;0;0;2;3;19;A01
201800041838;1;33;0;0;2;2;19;B01
201800041839;2;7;0;0;2;2;1;A01
201800041839;2;1;0;0;2;8;1;B01
201800041840;1;31;0;0;2;5;17;A01
201800041840;1;37;10;0;2;3;15;B01
201800041841;1;7;0;0;2;3;1;A01
201800041841;;1;0;0;2;1;1;B02
201800041842;1;31;0;0;2;1;17;A01
201800041842;1;7;0;0;2;3;1;B01
201800041843;1;7;0;0;2;3;1;A01
201800041843;1;7;0;0;2;8;0;B01
201800041844;1;7;0;0;2;2;1;A01
201800041844;2;7;0;0;2;3;15;B01
201800041845;1;7;0;0;2;5;23;B01
201800041845;1;37;10;0;2;2;9;A01
201800041846;1;34;0;0;2;1;1;B01
201800041846;1;7;0;0;2;7;15;A01
201800041847;2;34;0;14;2;1;15;C01
201800041847;1;7;0;14;2;8;15;D01
201800041847;2;7;0;14;2;1;15;A01
201800041847;2;7;0;14;2;3;15;B01
201800041848;1;7;0;1;0;2;14;A01
201800041849;1;7;0;0;1;2;1;A01
201800041850;1;7;0;0;1;1;0;A01
201800041851;1;7;0;0;2;4;23;B01
201800041851;1;10;0;0;2;1;2;A01
201800041852;1;7;0;0;1;2;1;A01
201800041853;1;7;0;12;1;1;19;A01
201800041854;2;7;0;0;2;2;1;A01
201800041854;1;7;0;0;2;3;20;B01
201800041855;1;7;0;0;2;1;2;A01
201800041855;1;7;0;0;2;4;23;B01
201800041856;1;7;0;0;1;2;1;A01
201800041857;1;34;0;1;0;7;1;A01
201800041858;1;33;0;0;0;0;1;A01
201800041858;2;7;0;0;0;0;13;B01
201800041859;1;7;0;0;2;3;13;A01
201800041859;1;33;0;0;2;1;17;B01
201800041860;0;7;0;0;2;1;17;A01
201800041860;0;2;0;0;2;1;1;B01
201800041861;1;7;0;0;2;1;9;A01
201800041861;1;7;0;0;2;1;1;B01
201800041861;1;7;0;0;2;4;1;C01
201800041861;1;7;0;0;2;5;1;D01
201800041862;1;7;0;8;0;1;14;A01
201800041863;2;7;0;0;1;2;1;A01
201800041864;1;15;0;0;1;1;1;A01
201800041865;1;33;0;0;2;2;1;B01
201800041865;1;7;0;0;2;3;15;A01
201800041866;1;37;0;0;2;1;17;A01
201800041866;1;10;0;0;2;8;10;B01
201800041867;2;7;0;0;2;1;1;A01
201800041867;1;7;0;0;2;8;1;B01
201800041868;1;10;0;0;2;1;2;A01
201800041868;1;7;0;0;2;4;23;B01
201800041869;2;31;0;0;2;1;1;A01
201800041869;1;7;0;0;2;2;15;B01
201800041870;2;31;0;0;2;0;2;A01
201800041871;1;7;0;0;2;6;15;B01
201800041871;1;7;0;0;2;2;15;A01
201800041872;2;1;0;0;2;2;19;B01
201800041872;2;7;0;0;2;2;1;A01
201800041873;2;7;0;1;2;4;24;B01
201800041873;2;10;0;1;2;1;1;A01
201800041873;2;7;0;1;2;6;2;C01
201800041873;2;7;0;1;2;2;2;D01
201800041874;1;7;0;0;1;1;15;A01
201800041875;2;7;0;0;1;1;7;A01
201800041876;1;7;0;0;2;5;16;A01
201800041876;0;99;0;0;2;0;0;R01
201800041877;2;33;0;0;2;1;1;B01
201800041877;2;7;0;0;2;1;0;A01
201800041878;1;7;0;14;0;3;19;A01
201800041878;1;33;0;14;0;3;15;B01
201800041879;1;10;0;0;1;2;1;A01
201800041880;1;1;0;0;2;1;1;A01
201800041880;1;10;0;0;2;2;16;Z01
201800041881;1;7;0;14;2;2;1;B01
201800041881;1;30;0;14;2;8;19;A01
201800041882;2;7;0;0;0;0;1;A01
201800041883;2;7;0;0;2;2;1;B01
201800041883;1;34;0;0;2;8;19;A01
201800041884;2;7;0;0;2;7;1;B01
201800041884;2;7;0;0;2;1;0;A01
201800041885;1;7;0;0;2;1;19;A01
201800041885;2;7;0;0;2;8;19;B01
201800041886;1;37;105;0;1;2;0;A01
201800041887;1;32;0;15;0;2;0;A01
201800041888;2;7;0;0;2;1;0;B01
201800041888;2;10;0;0;2;6;23;A01
201800041889;1;7;0;0;2;4;0;A01
201800041889;1;30;0;0;2;1;1;B01
201800041890;2;7;0;0;2;7;15;A01
201800041890;1;10;0;0;2;1;1;B01
201800041891;0;31;0;0;1;1;0;A01
201800041892;2;7;0;0;2;3;1;Z01
201800041892;1;7;0;0;2;6;1;C01
201800041892;0;7;0;0;2;2;15;B01
201800041893;1;7;0;0;2;1;13;B01
201800041893;2;7;0;0;2;1;1;A01
201800041894;1;7;0;0;2;7;1;A01
201800041894;1;7;0;0;2;1;1;B01
201800041895;2;7;0;0;1;2;1;A01
201800041896;0;30;0;0;2;1;1;A01
201800041896;0;10;0;0;2;7;15;B01
201800041897;2;7;0;0;2;1;2;A01
201800041897;2;3;0;0;2;1;2;B01
201800041897;2;37;8;0;2;4;0;C01
201800041898;1;7;0;0;2;1;1;B01
201800041898;1;7;0;0;2;1;1;A01
201800041899;1;33;0;0;2;8;15;B01
201800041899;2;10;0;0;2;3;2;A01
201800041900;1;7;0;0;1;1;1;A01
201800041901;2;2;0;0;2;1;2;A01
201800041901;2;10;0;0;2;4;2;B01
201800041902;1;10;0;0;1;2;2;A01
201800041903;0;7;0;0;2;1;15;A01
201800041903;0;2;0;0;2;2;1;B01
201800041904;1;33;0;0;1;2;0;A01
201800041905;1;7;0;12;2;6;15;A01
201800041905;1;7;0;12;2;1;15;B01
201800041906;2;7;0;0;2;6;15;A01
201800041906;2;33;0;0;2;0;17;B01
201800041907;1;7;0;1;0;2;1;A01
201800041908;2;7;0;0;2;7;1;A01
201800041908;2;31;0;0;2;1;1;B01
201800041909;1;7;0;0;1;2;16;A01
201800041910;1;7;0;0;1;3;1;A01
201800041911;1;7;0;9;1;5;24;A01
201800041912;1;7;0;0;2;2;2;Z01
201800041912;1;33;0;0;2;7;2;B01
201800041913;1;7;0;0;2;1;2;A01
201800041913;1;7;0;0;2;4;1;B01
201800041914;2;7;0;0;2;8;1;B01
201800041914;1;1;0;0;2;1;6;A01
201800041915;1;7;0;0;2;4;2;B01
201800041915;1;7;0;0;2;4;2;Z01
201800041915;1;7;0;0;2;0;1;C01
201800041916;1;7;0;0;2;1;2;C01
201800041916;1;10;0;0;2;1;2;B01
201800041916;1;7;0;0;2;4;2;A01
201800041917;1;34;0;0;2;1;1;A01
201800041917;2;10;0;0;2;8;4;B01
201800041918;1;15;0;0;2;5;16;B01
201800041918;1;10;0;0;2;1;1;A01
201800041919;1;7;0;0;2;2;19;A01
201800041919;1;31;0;0;2;8;1;B01
201800041920;1;37;1;0;1;7;21;A01
201800041921;2;7;0;0;2;1;1;A01
201800041921;2;7;0;0;2;4;1;C01
201800041921;2;7;0;0;2;4;1;B01
201800041922;1;15;0;0;1;2;16;A01
201800041923;2;1;0;0;2;1;1;A01
201800041923;2;7;0;0;2;5;15;B01
201800041924;1;34;0;0;2;1;1;B01
201800041924;2;7;0;0;2;8;15;A01
201800041925;2;7;0;0;1;1;1;A01
201800041926;2;7;0;0;1;3;15;A01
201800041927;2;7;0;0;2;1;0;A01
201800041927;1;7;0;0;2;8;0;B01
201800041928;2;7;0;0;2;1;2;A01
201800041928;2;7;0;0;0;8;1;B01
201800041929;1;13;0;0;1;4;4;A01
201800041930;1;34;0;0;2;3;19;B01
201800041930;2;7;0;0;2;3;15;A01
201800041931;1;7;0;0;1;1;1;A01
201800041932;1;7;0;0;2;3;1;B01
201800041932;1;7;0;0;2;2;19;A01
201800041933;2;7;0;0;2;2;7;A01
201800041933;2;37;10;0;2;8;7;B01
201800041934;1;1;0;0;2;1;15;B01
201800041934;1;7;0;0;2;8;9;A01
201800041935;2;7;0;0;1;1;0;A01
201800041936;2;7;0;0;2;1;15;A01
201800041936;1;7;0;8;2;8;19;B01
201800041937;1;7;0;0;1;1;15;A01
201800041938;1;7;0;0;0;1;0;A01
201800041939;1;7;0;0;1;1;1;A01
201800041940;1;7;0;4;0;1;1;A01
201800041941;2;7;0;0;2;7;1;B01
201800041941;1;7;0;0;2;1;9;A01
201800041942;1;7;0;0;2;1;19;A01
201800041942;1;7;0;0;2;8;2;B01
201800041943;1;7;0;0;1;3;1;A01
201800041944;1;7;0;0;2;7;1;A01
201800041944;1;7;0;0;2;1;1;B01
201800041945;2;7;0;0;1;3;1;A01
201800041946;1;10;0;0;2;4;2;A01
201800041946;1;10;0;0;2;4;2;B01
201800041946;1;13;0;0;2;1;2;C01
201800041947;1;2;0;0;2;1;21;A01
201800041947;1;7;0;0;2;1;19;B01
201800041948;1;7;0;0;1;1;1;A01
201800041949;2;37;1;0;1;2;7;A01
201800041950;2;7;0;0;1;1;9;A01
201800041951;1;7;0;9;0;4;4;A01
201800041952;1;7;0;4;0;1;16;A01
201800041953;2;7;0;0;1;3;16;A01
201800041954;1;7;0;14;2;1;13;A01
201800041955;1;7;0;0;2;1;2;A01
201800041955;1;7;0;0;2;4;23;B01
201800041955;1;7;0;0;2;4;23;C01
201800041956;1;7;0;0;1;4;2;A01
201800041957;1;10;0;0;2;8;15;A01
201800041957;1;7;0;0;2;7;1;B01
201800041958;1;7;0;0;2;8;15;A01
201800041958;1;33;0;0;2;1;17;B01
201800041959;1;37;5;0;2;1;2;A01
201800041959;1;7;0;0;2;4;1;Z01
201800041960;1;7;0;0;2;1;9;A01
201800041960;1;31;0;0;2;7;16;B01
201800041961;1;7;0;0;2;0;20;A01
201800041961;1;33;0;0;2;4;21;B01
201800041961;1;33;0;0;2;1;21;C01
201800041962;1;33;0;0;2;1;13;A01
201800041962;1;7;0;0;2;3;12;B01
201800041963;1;33;0;0;2;1;1;A01
201800041963;1;7;0;0;2;6;16;B01
201800041964;1;7;0;0;2;7;16;A01
201800041964;1;33;0;0;2;8;2;B01
201800041965;1;7;0;0;2;2;9;A01
201800041965;1;7;0;0;2;1;1;B01
201800041966;2;7;0;0;1;7;17;A01
201800041967;1;7;0;0;1;1;17;A01
201800041968;1;37;10;0;1;1;19;A01
201800041969;1;7;0;0;2;4;4;A01
201800041969;1;7;0;0;2;1;23;B01
201800041970;2;7;0;0;1;4;4;A01
201800041971;1;7;0;0;1;1;2;A01
201800041972;1;7;0;0;1;2;1;A01
201800041973;1;7;0;0;2;2;21;A01
201800041973;1;7;0;0;2;6;2;B01
201800041974;1;2;0;0;2;6;2;A01
201800041974;1;7;0;0;2;1;2;B01
201800041975;1;7;0;0;0;9;0;A01
201800041976;1;7;0;0;1;2;19;A01
201800041977;1;7;0;0;2;3;11;A01
201800041977;1;34;0;0;2;2;17;B01
201800041978;1;7;0;0;1;1;9;A01
201800041979;0;7;0;0;2;3;15;A01
201800041979;0;1;0;0;2;1;15;B01
201800041980;1;37;10;0;0;0;21;B01
201800041981;1;7;0;0;2;1;2;A01
201800041981;1;7;0;0;2;7;16;B01
201800041982;2;7;0;0;2;7;1;A01
201800041982;1;7;0;0;2;1;15;B01
201800041983;1;7;0;0;2;1;23;A01
201800041983;1;2;0;0;2;3;2;B01
201800041984;2;7;0;4;0;7;1;A01
201800041985;1;7;0;0;1;1;1;A01
201800041986;1;7;0;0;1;1;1;A01
201800041987;2;7;0;0;2;1;1;B01
201800041987;1;7;0;0;2;1;15;A01
201800041988;1;10;0;0;1;4;20;A01
201800041989;1;7;0;6;0;1;16;A01
201800041990;1;7;0;0;1;1;1;A01
201800041991;1;7;0;0;2;2;1;B01
201800041991;1;7;0;0;2;3;13;A01
201800041992;1;7;0;0;2;3;1;B01
201800041992;1;7;0;0;2;1;15;A01
201800041993;1;10;0;0;2;1;2;A01
201800041993;1;7;0;0;2;4;23;B01
201800041994;1;7;0;0;1;6;4;A01
201800041995;1;7;0;12;0;1;1;A01
201800041996;1;7;0;0;9;3;10;A01
201800041996;1;1;0;0;2;1;0;B01
201800041997;1;10;0;0;2;8;15;B01
201800041997;1;33;0;0;2;1;17;A01
201800041998;1;10;0;0;2;2;19;A01
201800041998;2;7;0;0;2;2;19;B01
201800041999;1;7;0;0;2;1;9;A01
201800041999;1;7;0;0;2;4;1;B01
201800042000;1;7;0;0;1;1;9;A01
201800042001;1;10;0;0;2;3;1;A01
201800042001;1;34;0;0;2;1;2;B01
201800042002;1;10;0;0;1;1;2;A01
201800042003;0;7;0;0;2;2;1;A01
201800042003;1;7;0;0;2;8;1;B01
201800042004;2;31;0;1;0;1;2;A01
201800042004;2;7;0;0;2;4;2;B01
201800042005;1;7;0;0;2;1;16;B01
201800042005;1;7;0;0;2;2;2;A01
201800042006;1;7;0;1;0;2;20;A01
201800042006;1;7;0;0;1;1;20;B01
201800042007;2;33;0;4;0;1;15;A01
201800042008;2;33;0;0;2;1;1;B01
201800042008;2;30;0;0;2;8;1;A01
201800042009;1;37;0;0;1;2;13;A01
201800042010;1;1;0;0;0;1;2;B01
201800042010;1;7;0;0;9;3;1;A01
201800042011;1;15;0;0;2;4;1;C01
201800042011;1;7;0;0;2;1;1;A01
201800042011;1;10;0;0;2;4;1;B01
201800042012;2;7;0;0;2;0;1;Z01
201800042012;1;7;0;0;2;8;1;A01
201800042013;2;7;0;0;2;1;2;A01
201800042013;2;32;0;0;2;4;23;B01
201800042014;1;7;0;0;2;5;23;B01
201800042014;1;7;0;9;2;1;1;A01
201800042015;1;7;0;0;2;6;9;B01
201800042015;1;7;0;0;2;3;17;A01
201800042016;1;7;0;0;2;1;2;A01
201800042016;1;7;0;0;2;4;0;B01
201800042017;1;33;0;16;0;2;0;A01
201800042018;1;30;0;0;0;7;0;A01
201800042019;1;10;0;0;2;4;0;B01
201800042019;1;7;0;0;2;1;2;A01
201800042020;2;15;0;0;1;1;0;Z01
201800042021;1;99;0;0;2;1;1;B01
201800042022;0;7;0;0;2;3;0;B01
201800042022;0;7;0;0;2;1;0;A01
201800042023;2;7;0;0;2;1;16;A01
201800042023;1;1;0;0;2;7;1;B01
201800042024;1;7;0;0;2;3;9;A01
201800042024;1;7;0;0;2;2;1;B01
201800042025;1;34;0;0;2;8;15;B01
201800042025;1;7;0;0;2;1;1;A01
201800042026;1;7;0;0;1;2;1;A01
201800042027;1;7;0;0;2;1;2;A01
201800042027;1;7;0;0;2;4;2;B01
201800042028;1;31;0;0;2;8;2;A01
201800042028;1;34;0;0;2;7;9;B01
201800042029;0;7;0;0;2;1;19;A01
201800042029;1;7;0;2;2;6;2;B01
201800042030;;99;0;0;1;1;1;A01
201800042031;2;7;0;0;0;2;0;B01
201800042031;0;31;0;0;2;1;0;A01
201800042032;1;10;0;0;2;3;1;B01
201800042032;0;7;0;0;2;2;15;A01
201800042033;2;7;0;0;1;1;2;A01
201800042034;1;1;0;0;2;7;16;Y01
201800042034;1;7;0;0;2;8;9;A01
201800042035;1;1;0;0;2;7;19;A01
201800042035;1;7;0;0;2;1;1;B01
201800042036;1;99;0;0;2;1;19;B01
201800042036;0;7;0;0;2;5;2;A01
201800042037;1;7;0;0;2;3;15;B01
201800042037;1;33;0;0;2;2;0;A01
201800042038;1;7;0;0;2;3;1;A01
201800042038;1;31;0;0;0;0;0;B01
201800042039;1;7;0;0;2;8;2;A01
201800042039;1;7;0;0;2;4;2;C01
201800042039;1;2;0;0;2;2;1;B01
201800042040;1;7;0;0;1;6;0;A01
201800042041;1;7;0;0;2;8;2;A01
201800042041;1;14;0;0;0;0;0;Z01
201800042042;1;7;0;0;1;2;0;Z01
201800042043;0;32;0;0;2;1;1;B01
201800042043;0;7;0;0;2;2;11;A01
201800042044;1;1;0;0;0;4;2;B01
201800042044;1;7;0;0;2;2;2;A01
201800042044;1;1;0;0;0;4;2;C01
201800042045;1;7;0;0;2;4;23;A01
201800042045;1;10;0;0;2;1;2;B01
201800042046;1;7;0;0;6;6;23;B01
201800042046;1;7;0;0;2;2;1;A01
201800042047;1;7;0;8;0;1;1;A01
201800042048;1;7;0;0;2;1;2;B01
201800042048;1;7;0;1;0;2;2;A01
201800042049;1;10;0;0;2;1;2;A01
201800042049;1;14;0;0;2;4;23;B01
201800042050;1;7;0;0;1;2;1;A01
201800042051;2;7;0;0;1;1;1;A01
201800042052;1;7;0;0;1;1;1;A01
201800042053;1;7;0;0;1;2;1;A01
201800042054;1;33;0;0;2;7;2;B01
201800042054;1;10;0;0;2;3;9;A01
201800042055;2;10;0;14;1;3;13;A01
201800042056;1;32;0;0;2;1;1;B01
201800042056;0;10;0;0;2;3;0;A01
201800042057;2;7;0;0;2;1;2;Z01
201800042057;2;1;0;0;2;4;2;A01
201800042058;2;32;0;0;2;8;0;B01
201800042058;0;37;1;0;2;2;0;A01
201800042059;2;7;0;0;2;5;10;A01
201800042059;1;7;0;0;2;3;0;C01
201800042060;1;30;0;0;0;8;0;A01
201800042061;2;7;0;0;2;1;0;A01
201800042061;1;7;0;0;2;0;0;B01
201800042062;2;7;0;0;0;9;14;A01
201800042063;0;7;0;0;2;6;16;B01
201800042063;0;7;0;0;2;1;1;A01
201800042064;1;7;0;1;0;2;14;A01
201800042065;1;7;0;0;1;2;19;A01
201800042066;1;7;0;0;1;2;0;A01
201800042067;2;30;0;0;2;1;1;A01
201800042067;2;10;0;0;2;3;16;B01
201800042068;0;7;0;0;1;3;13;A01
201800042069;1;30;0;0;1;1;16;A01
201800042070;1;30;0;0;2;1;0;B01
201800042070;2;10;0;0;2;2;15;A01
201800042071;2;7;0;1;0;1;5;A01
201800042072;1;7;0;8;0;1;0;A01
201800042073;2;14;0;0;1;4;4;A01
201800042074;1;7;0;0;2;3;1;A01
201800042074;2;1;0;0;2;1;1;B01
201800042075;2;7;0;6;2;3;1;A01
201800042075;1;14;0;1;2;1;1;B01
201800042076;1;7;0;0;2;4;2;A01
201800042076;1;7;0;0;2;4;2;B01
201800042076;1;7;0;0;2;1;2;C01
201800042077;1;7;0;14;1;3;15;A01
201800042078;2;7;0;0;1;1;19;A01
201800042079;1;10;0;0;2;1;2;A01
201800042079;1;7;0;0;2;4;2;B01
201800042079;1;7;0;0;2;4;2;C01
201800042080;1;31;0;0;2;1;13;A01
201800042080;1;10;0;0;9;8;15;B01
201800042081;1;7;0;14;0;1;2;A01
201800042081;1;37;2;0;2;4;23;B01
201800042082;0;7;0;0;2;5;2;A01
201800042082;0;1;0;0;2;1;2;B01
201800042083;1;31;0;9;2;1;21;A01
201800042083;1;20;0;0;2;2;13;B01
201800042084;1;7;0;0;2;2;19;A01
201800042084;1;7;0;0;2;5;12;B01
201800042085;1;13;0;0;2;2;17;A01
201800042085;1;7;0;0;0;6;2;B01
201800042086;1;33;0;0;1;1;3;A01
201800042087;2;10;0;0;1;3;1;A01
201800042088;1;31;0;0;1;1;1;A01
201800042089;0;7;0;0;2;1;1;A01
201800042089;0;7;0;0;2;8;1;B01
201800042090;1;31;0;0;2;0;0;A01
201800042090;1;99;0;0;2;0;0;R01
201800042091;1;31;0;0;2;7;17;A01
201800042091;1;7;0;0;2;1;11;B01
201800042092;0;1;0;0;2;1;1;A01
201800042092;0;7;0;0;9;3;1;B01
201800042093;1;34;0;0;9;2;2;B01
201800042093;1;34;0;0;2;6;15;A01
201800042094;1;7;0;0;1;7;2;A01
201800042095;1;7;0;0;1;2;1;Z01
201800042096;1;1;0;0;2;3;11;A01
201800042096;1;2;0;0;2;2;2;B01
201800042097;1;7;0;0;1;1;2;A01
201800042098;1;10;0;0;1;1;1;A01
201800042099;1;7;0;0;2;1;19;B01
201800042099;2;7;0;0;2;2;1;A01
201800042100;2;7;0;0;1;1;1;A01
201800042101;2;7;0;0;0;4;23;B01
201800042101;2;7;0;0;2;1;2;A01
201800042102;0;7;0;1;0;1;1;A01
201800042102;0;7;0;1;0;3;1;B01
201800042103;1;2;0;0;2;1;21;A01
201800042103;1;7;0;0;2;2;19;B01
201800042104;1;33;0;0;2;1;1;A01
201800042104;2;7;0;0;2;3;16;B01
201800042105;2;7;0;0;1;2;1;A01
201800042106;1;7;0;1;0;1;2;A01
201800042107;2;7;0;0;2;3;1;B01
201800042107;0;7;0;0;2;2;1;A01
201800042108;2;14;0;0;2;1;1;A01
201800042108;2;7;0;0;2;4;2;B01
201800042109;1;7;0;0;1;3;1;A01
201800042110;1;34;0;0;2;2;1;B01
201800042110;1;7;0;15;0;1;19;A01
201800042111;2;7;0;0;2;1;1;A01
201800042111;2;7;0;0;0;4;1;B01
201800042112;2;7;0;0;2;4;17;Z01
201800042112;2;1;0;0;2;1;1;A01
201800042113;0;7;0;0;0;1;0;A01