num_acc;senc;catv;occutc;obs;obsm;choc;manv;num_veh
201800042113;2;7;0;0;0;0;0;B01
201800042114;2;7;0;0;2;1;1;A01
201800042114;1;7;0;0;2;8;15;B01
201800042115;2;7;0;0;2;3;13;A01
201800042115;2;33;0;0;2;5;2;B01
201800042116;2;7;0;0;2;1;1;A01
201800042116;2;7;0;0;2;1;1;B01
201800042116;2;7;0;0;2;4;1;C01
201800042117;2;33;0;0;2;8;12;B01
201800042117;2;7;0;0;2;8;12;Z01
201800042118;1;7;0;0;2;6;13;A01
201800042118;1;31;0;0;2;2;0;B01
201800042119;2;7;0;0;1;1;16;A01
201800042120;2;7;0;0;1;2;1;A01
201800042121;2;7;0;1;0;2;14;A01
201800042122;1;7;0;0;1;3;1;A01
201800042123;2;7;0;0;1;2;16;A01
201800042124;1;33;0;8;0;1;16;A01
201800042125;1;7;0;4;0;1;1;A01
201800042126;2;7;0;0;2;2;1;A01
201800042126;2;7;0;0;2;8;1;B01
201800042127;1;7;0;0;1;1;16;A01
201800042128;1;7;0;0;1;1;16;A01
201800042129;2;1;0;1;2;6;15;B01
201800042129;2;7;0;0;2;2;1;A01
201800042130;2;7;0;0;2;6;10;A01
201800042130;1;7;0;0;2;1;1;B01
201800042131;2;7;0;0;1;1;1;A01
201800042132;2;7;0;0;2;8;11;A01
201800042132;2;31;0;0;2;1;17;B01
201800042133;1;7;0;0;1;1;15;A01
201800042134;2;7;0;0;2;1;9;A01
201800042134;1;7;0;0;2;7;1;B01
201800042135;2;34;0;0;2;1;21;A01
201800042135;2;10;0;0;2;6;13;B01
201800042136;1;15;0;0;2;1;0;A01
201800042136;1;1;0;0;2;8;0;B01
201800042137;1;7;0;0;2;3;11;A01
201800042137;1;7;0;0;2;1;2;B01
201800042137;1;7;0;0;2;4;2;C01
201800042138;1;7;0;0;2;3;23;A01
201800042138;1;2;0;0;2;2;21;B01
201800042139;1;10;0;0;2;1;1;A01
201800042139;1;33;0;0;9;4;23;B01
201800042140;1;3;0;1;0;2;14;A01
201800042141;1;37;10;0;1;0;23;A01
201800042142;1;31;0;0;2;1;1;B01
201800042142;2;7;0;0;2;1;15;A01
201800042143;1;30;0;14;0;2;0;A01
201800042144;1;7;0;0;1;2;2;A01
201800042145;1;7;0;0;1;1;1;A01
201800042146;1;7;0;0;2;1;15;A01
201800042146;2;2;0;0;2;1;1;B01
201800042147;1;31;0;0;2;1;1;B01
201800042147;1;7;0;0;2;2;1;A01
201800042148;1;31;0;0;2;3;9;B01
201800042148;2;7;0;0;2;3;9;Z01
201800042149;1;7;0;0;1;3;1;A01
201800042150;1;7;0;0;2;2;19;A01
201800042150;2;34;0;0;2;5;1;B01
201800042151;2;7;0;0;2;1;9;A01
201800042151;2;7;0;0;2;5;1;B01
201800042152;1;31;0;0;2;1;1;A01
201800042152;2;7;0;1;0;3;17;B01
201800042153;2;7;0;0;1;1;1;A01
201800042154;1;7;0;0;2;8;10;A01
201800042154;1;31;0;0;2;1;17;B01
201800042155;1;7;0;0;1;1;1;A01
201800042156;1;7;0;0;1;7;1;A01
201800042157;1;31;0;0;0;0;15;A01
201800042158;1;7;0;8;0;1;16;A01
201800042159;1;7;0;0;1;1;1;A01
201800042160;1;37;1;0;1;6;16;A01
201800042161;1;7;0;0;1;2;21;A01
201800042162;1;7;0;0;2;3;11;A01
201800042162;1;7;0;0;0;2;1;B01
201800042162;1;7;0;0;2;4;1;C01
201800042163;1;7;0;0;2;3;1;A01
201800042163;2;7;0;0;2;8;9;B01
201800042164;1;7;0;0;2;5;19;A01
201800042164;2;33;0;0;2;1;1;B01
201800042165;2;37;2;0;2;1;21;A01
201800042165;1;10;0;1;9;3;24;B01
201800042166;1;7;0;0;1;1;2;A01
201800042167;2;7;0;0;1;8;14;Z01
201800042168;2;7;0;0;2;1;15;A01
201800042168;1;33;0;0;2;1;1;B01
201800042169;1;7;0;0;2;1;16;A01
201800042169;1;33;0;0;2;1;21;B01
201800042170;1;33;0;1;2;8;18;B01
201800042170;1;7;0;0;2;2;14;A01
201800042170;1;7;0;0;2;8;24;C01
201800042171;1;7;0;0;2;3;1;A01
201800042171;1;7;0;0;2;2;1;B01
201800042172;1;34;0;0;1;1;0;A01
201800042173;1;7;0;4;0;1;1;A01
201800042174;1;10;0;0;1;6;4;A01
201800042175;1;7;0;0;1;0;1;A01
201800042176;1;1;0;0;2;4;1;B01
201800042176;2;7;0;0;9;3;1;A01
201800042177;2;7;0;0;2;4;4;A01
201800042177;1;34;0;0;2;1;23;B01
201800042178;2;10;0;0;1;3;19;A01
201800042179;2;37;0;0;1;2;1;A01
201800042180;2;33;0;0;2;8;1;B01
201800042180;1;7;0;0;2;2;9;A01
201800042181;1;7;0;0;1;1;1;A01
201800042182;1;7;0;0;1;2;1;A01
201800042183;2;7;0;0;2;1;1;B01
201800042183;1;7;0;15;2;3;1;A01
201800042184;1;7;0;1;0;8;2;A01
201800042185;1;10;0;0;2;3;15;B01
201800042185;1;2;0;0;2;2;15;A01
201800042186;2;31;0;0;1;1;17;A01
201800042187;2;7;0;0;1;0;1;A01
201800042188;1;1;0;0;2;8;19;B01
201800042188;1;13;0;0;2;1;2;A01
201800042189;1;33;0;0;2;8;1;B01
201800042189;2;14;0;0;2;3;13;A01
201800042190;1;7;0;0;2;5;15;A01
201800042190;2;34;0;0;2;9;17;B01
201800042191;2;7;0;0;1;0;1;Z01
201800042192;1;33;0;0;2;1;2;A01
201800042192;1;7;0;0;2;4;2;B01
201800042193;2;37;4;0;1;2;1;A01
201800042194;1;2;0;1;0;1;2;A01
201800042195;2;7;0;0;1;3;15;A01
201800042196;2;7;0;0;1;7;1;A01
201800042197;2;31;0;0;2;8;3;B01
201800042197;2;10;0;0;2;5;1;Z01
201800042198;2;34;0;0;0;0;2;A01
201800042199;2;31;0;0;9;2;1;B01
201800042199;1;14;0;0;9;5;15;A01
201800042200;2;2;0;0;2;2;19;A01
201800042200;1;7;0;0;2;8;16;B01
201800042201;1;7;0;0;2;3;11;A01
201800042201;1;7;0;0;2;5;1;B01
201800042202;2;30;0;0;0;8;1;A01
201800042203;2;7;0;0;1;2;1;A01
201800042204;1;7;0;0;2;5;15;B01
201800042204;1;33;0;0;2;1;14;A01
201800042205;1;7;0;0;1;0;0;Z01
201800042206;2;2;0;0;0;0;1;A01
201800042207;2;33;0;0;2;7;1;B01
201800042207;1;31;0;0;2;6;1;A01
201800042208;1;33;0;12;0;7;17;A01
201800042209;1;7;0;0;1;2;16;A01
201800042210;1;2;0;0;1;6;0;A01
201800042211;1;2;0;0;0;0;1;A01
201800042212;2;7;0;0;2;3;1;B01
201800042212;2;7;0;0;2;2;1;A01
201800042213;1;32;0;0;2;6;1;A01
201800042213;1;15;0;0;2;2;12;B01
201800042214;1;32;0;0;2;1;1;B01
201800042214;1;7;0;0;2;3;1;A01
201800042215;1;7;0;0;1;1;15;A01
201800042216;2;13;0;0;0;3;1;B01
201800042216;2;13;0;0;2;2;9;A01
201800042217;1;7;0;8;0;1;13;A01
201800042218;2;7;0;0;2;2;1;B01
201800042218;2;7;0;0;2;1;9;A01
201800042219;1;33;0;0;2;4;23;B02
201800042219;1;7;0;0;2;1;9;Z02
201800042220;2;7;0;0;2;8;11;A01
201800042220;2;33;0;0;2;7;1;B01
201800042221;1;7;0;0;2;1;2;A01
201800042221;1;31;0;0;2;4;23;B01
201800042221;1;7;0;0;2;4;23;C01
201800042222;1;7;0;0;2;7;1;B01
201800042222;1;7;0;0;2;2;1;A01
201800042223;2;7;0;0;1;2;9;A01
201800042224;1;7;0;0;1;2;1;A01
201800042225;1;7;0;1;1;1;1;A01
201800042226;1;7;0;0;2;6;11;A01
201800042226;1;7;0;0;2;2;17;B01
201800042227;1;10;0;0;1;3;15;A01
201800042228;1;33;0;0;2;1;17;A01
201800042228;1;7;0;0;0;8;15;B01
201800042229;1;7;0;1;0;1;17;A01
201800042230;2;7;0;0;1;1;1;Z01
201800042231;1;7;0;12;1;1;1;A01
201800042232;2;7;0;0;2;3;15;A01
201800042232;1;34;0;0;2;3;1;B01
201800042233;2;7;0;10;0;1;1;A01
201800042234;1;7;0;0;2;1;21;A01
201800042234;1;7;0;0;2;6;2;B01
201800042235;1;7;0;0;1;2;21;Z01
201800042236;2;7;0;0;2;8;10;B01
201800042236;2;33;0;0;2;1;1;A01
201800042237;1;7;0;0;2;7;17;A01
201800042237;1;1;0;0;2;8;1;B01
201800042238;1;7;0;4;0;1;16;A01
201800042239;1;7;0;0;1;1;2;Z01
201800042240;2;7;0;8;0;1;17;A01
201800042241;1;7;0;9;0;3;20;A01
201800042242;1;10;0;0;2;3;16;A01
201800042242;1;7;0;6;2;2;1;B01
201800042243;1;7;0;0;2;2;9;A01
201800042243;1;33;0;0;2;8;19;B01
201800042244;1;7;0;0;2;6;18;A01
201800042244;1;7;0;0;2;2;2;B01
201800042245;1;34;0;0;0;0;16;A01
201800042246;1;7;0;0;2;1;1;A01
201800042246;1;7;0;0;2;6;11;B01
201800042247;1;37;1;0;1;2;16;A01
201800042248;1;34;0;0;2;3;13;A01
201800042248;2;7;0;0;2;8;1;B01
201800042249;1;7;0;0;1;1;15;A01
201800042250;1;7;0;0;2;1;2;A01
201800042250;1;31;0;0;2;4;23;B01
201800042251;1;7;0;0;2;3;1;B01
201800042251;1;31;0;0;2;7;1;A01
201800042252;1;7;0;8;4;8;19;B01
201800042252;1;40;1;0;2;1;19;A01
201800042253;2;7;0;0;2;2;9;A01
201800042253;2;7;0;0;2;3;2;B01
201800042254;1;10;0;14;0;7;13;A01
201800042254;1;10;0;0;2;1;21;B01
201800042255;1;2;0;0;2;1;1;A01
201800042255;2;7;0;0;2;8;1;B01
201800042256;2;7;0;4;2;3;1;B01
201800042256;1;10;0;0;2;1;15;Z01
201800042257;1;33;0;1;0;2;21;A01
201800042257;1;10;0;0;2;6;23;B01
201800042258;1;33;0;0;2;3;3;A01
201800042258;1;7;0;0;2;2;1;B01
201800042259;1;30;0;0;2;1;1;B01
201800042259;1;7;0;0;2;2;16;A01
201800042260;2;13;0;0;2;8;17;A01
201800042260;1;7;0;8;2;3;2;B01
201800042261;2;7;0;9;0;7;19;A01
201800042262;1;7;0;0;2;1;2;A01
201800042262;1;7;0;0;2;4;2;B01
201800042262;1;7;0;0;2;0;12;C01
201800042263;2;7;0;0;2;1;9;A01
201800042263;1;7;0;0;2;8;2;B01
201800042264;1;10;0;0;2;2;10;A01
201800042264;1;1;0;0;2;2;1;B01
201800042265;1;7;0;0;2;8;15;A01
201800042265;1;33;0;0;2;7;17;B01
201800042266;1;31;0;0;2;1;15;A01
201800042266;1;7;0;0;2;3;1;B01
201800042267;1;1;0;0;2;2;1;B01
201800042267;1;7;0;0;2;3;15;A01
201800042268;1;7;0;1;0;6;11;A01
201800042268;1;34;0;0;2;7;21;B01
201800042269;2;10;0;9;0;2;21;A01
201800042269;1;7;0;0;2;0;2;B01
201800042270;1;7;0;0;1;2;1;A01
201800042271;1;31;0;0;2;7;21;B01
201800042271;1;7;0;0;2;8;13;A01
201800042272;2;33;0;0;2;1;21;A01
201800042272;2;33;0;0;2;4;2;B01
201800042273;1;7;0;0;2;2;1;A01
201800042273;1;31;0;0;2;1;1;B01
201800042274;1;7;0;0;1;1;1;A01
201800042275;1;7;0;1;0;1;0;A01
201800042276;2;7;0;0;2;4;23;B01
201800042276;1;7;0;0;2;1;2;A01
201800042277;1;7;0;0;2;1;2;A01
201800042277;1;33;0;0;2;7;15;B01
201800042278;1;7;0;0;1;0;1;A01
201800042279;1;1;0;0;1;1;1;A01
201800042280;1;7;0;0;2;1;2;A01
201800042280;1;7;0;0;0;4;2;B01
201800042280;1;7;0;0;2;1;2;C01
201800042281;1;31;0;0;2;1;13;A01
201800042281;2;37;0;0;2;1;1;B01
201800042282;1;7;0;4;0;7;0;A01
201800042283;1;7;0;0;2;3;1;B01
201800042283;1;7;0;0;2;1;15;A01
201800042284;1;1;0;0;0;0;19;A01
201800042285;2;7;0;0;2;3;1;A01
201800042285;1;33;0;0;2;7;15;B01
201800042286;1;37;0;0;2;1;2;A01
201800042286;2;7;0;0;2;4;2;B01
201800042287;1;7;0;0;1;1;9;A01
201800042288;1;7;0;0;1;3;1;A01
201800042289;1;30;0;0;2;1;17;A01
201800042289;1;7;0;0;2;3;9;B01
201800042290;1;1;0;0;2;7;1;B01
201800042290;1;7;0;0;9;8;11;A01
201800042291;1;7;0;0;2;2;15;A01
201800042291;1;7;0;0;2;3;19;B01
201800042292;1;7;0;0;1;1;1;A01
201800042293;1;7;0;0;2;1;1;B01
201800042293;2;7;0;0;2;3;10;A01
201800042294;1;7;0;0;2;3;18;B01
201800042294;1;13;0;0;2;2;16;A01
201800042295;1;32;0;0;2;2;1;A01
201800042295;1;7;0;0;2;3;1;B01
201800042296;1;7;0;0;1;7;19;A01
201800042297;1;7;0;2;0;3;13;A01
201800042298;1;33;0;0;2;5;19;B01
201800042298;1;7;0;0;2;5;9;A01
201800042299;0;99;0;0;2;0;0;R01
201800042299;2;7;0;0;2;3;19;A01
201800042300;1;7;0;0;2;3;9;A01
201800042300;1;7;0;0;2;2;15;B01
201800042301;1;2;0;0;2;7;0;A01
201800042301;1;37;3;0;2;3;0;B01
201800042302;1;7;0;0;2;4;1;A01
201800042302;1;7;0;0;2;4;1;B01
201800042303;1;7;0;6;2;7;1;A01
201800042303;1;7;0;0;2;1;1;B01
201800042304;2;31;0;0;2;1;0;B01
201800042304;1;7;0;0;2;5;0;A01
201800042305;2;7;0;0;1;1;1;A01
201800042306;1;7;0;0;2;1;1;A01
201800042306;1;7;0;0;2;5;10;B01
201800042307;1;10;0;0;2;2;1;A01
201800042307;1;20;0;0;2;3;1;B01
201800042308;1;15;0;0;1;8;19;A01
201800042309;1;7;0;0;2;1;1;A01
201800042309;1;7;0;0;2;8;1;B01
201800042310;1;7;0;0;1;1;2;A01
201800042311;1;7;0;0;1;2;16;A01
201800042312;1;7;0;0;1;1;1;A01
201800042313;1;7;0;0;2;3;15;B01
201800042313;1;31;0;0;2;1;1;A01
201800042314;1;7;0;0;2;0;15;A01
201800042314;1;30;0;0;2;8;16;B01
201800042315;1;37;4;0;1;2;8;A01
201800042316;1;7;0;0;0;2;21;A01
201800042316;1;31;0;0;2;3;18;B01
201800042317;2;15;0;15;0;4;23;B01
201800042317;2;7;0;0;2;1;2;A01
201800042318;1;7;0;0;2;1;2;A01
201800042318;1;7;0;0;2;4;2;B01
201800042318;1;7;0;0;9;4;2;C01
201800042319;1;34;0;0;2;2;17;B01
201800042319;2;7;0;0;2;8;23;C01
201800042319;1;7;0;0;2;6;13;A01
201800042320;1;38;0;0;2;4;9;D01
201800042320;1;7;0;0;2;4;9;B01
201800042320;1;7;0;0;2;4;9;C01
201800042320;1;15;0;0;2;1;9;A01
201800042321;1;2;0;0;2;8;18;B01
201800042321;1;7;0;0;2;2;16;A01
201800042322;2;7;0;0;2;4;2;B01
201800042322;2;7;0;0;2;1;2;A01
201800042323;1;7;0;0;2;1;0;B01
201800042323;2;7;0;14;0;5;15;A01
201800042324;1;7;0;0;1;3;1;A01
201800042325;1;33;0;0;2;1;21;B01
201800042325;1;7;0;0;2;1;9;A01
201800042326;1;7;0;0;2;3;1;B01
201800042326;2;7;0;0;2;1;15;A01
201800042327;1;33;0;0;2;6;1;B01
201800042327;1;7;0;0;2;3;9;A01
201800042328;2;7;0;0;2;1;1;A01
201800042328;1;7;0;0;2;1;5;B01
201800042329;1;7;0;0;2;5;17;B01
201800042329;1;7;0;0;2;2;9;A01
201800042330;1;32;0;0;2;3;2;B01
201800042330;1;10;0;0;2;2;19;A01
201800042331;2;34;0;0;1;1;21;A01
201800042332;1;7;0;0;0;4;2;B01
201800042332;1;7;0;0;0;1;2;A01
201800042332;1;7;0;0;0;0;0;C01
201800042333;1;7;0;0;1;3;1;A01
201800042334;1;7;0;0;9;1;15;A01
201800042334;1;1;0;0;0;1;19;B01
201800042335;0;7;0;0;2;1;9;A01
201800042335;0;7;0;0;2;2;1;B01
201800042336;2;7;0;0;2;4;23;B01
201800042336;2;7;0;0;2;1;2;A01
201800042336;2;7;0;0;0;4;23;C01
201800042337;1;7;0;0;2;1;1;A01
201800042337;1;7;0;0;2;4;1;B01
201800042338;1;33;0;0;2;1;9;A01
201800042338;1;17;0;0;2;4;9;B01
201800042339;1;7;0;3;0;0;21;A01
201800042340;1;7;0;8;0;1;9;A01
201800042341;0;30;0;0;2;7;2;A01
201800042341;0;37;1;0;2;1;2;B01
201800042342;0;7;0;0;2;3;1;A01
201800042343;2;10;0;0;2;8;15;B01
201800042343;2;32;0;8;2;7;0;A01
201800042344;2;34;0;0;2;1;2;A01
201800042344;2;7;0;0;6;4;0;B01
201800042345;0;30;0;15;0;1;2;A01
201800042346;1;33;0;0;2;8;15;B01
201800042346;1;7;0;0;2;7;15;A01
201800042347;1;10;0;0;2;7;15;B01
201800042347;1;7;0;14;2;3;1;A01
201800042348;1;13;0;0;2;3;16;B01
201800042348;1;13;0;0;2;0;16;A01
201800042349;0;7;0;0;1;2;1;A01
201800042350;2;10;0;0;1;3;1;A01
201800042351;2;10;0;0;2;2;19;A01
201800042351;2;99;0;0;2;1;2;B01
201800042352;1;2;0;0;2;1;2;B01
201800042352;2;10;0;0;2;2;15;A01
201800042353;2;10;0;0;2;2;2;A01
201800042353;2;10;0;0;2;4;23;B01
201800042354;0;7;0;1;0;2;1;A01
201800042355;1;7;0;0;1;2;1;A01
201800042356;2;7;0;0;2;4;2;B01
201800042356;2;30;0;0;2;1;2;A01
201800042357;1;33;0;0;2;2;1;B01
201800042357;1;7;0;0;2;3;11;A01
201800042358;1;7;0;0;1;8;1;A01
201800042359;2;1;0;0;2;2;19;B01
201800042359;0;7;0;0;2;3;21;A01
201800042360;1;33;0;14;0;0;13;A01
201800042360;1;7;0;14;0;1;0;B01
201800042361;1;7;0;0;2;3;1;B01
201800042361;1;33;0;0;2;2;16;A01
201800042362;1;7;0;0;2;1;2;A01
201800042362;1;7;0;0;2;4;23;B01
201800042363;0;7;0;0;1;2;15;A01
201800042364;1;37;10;0;1;0;8;A01
201800042365;2;10;0;0;2;1;15;A01
201800042365;1;2;0;0;2;1;1;B01
201800042366;2;7;0;0;2;2;1;A01
201800042366;0;7;0;0;2;2;15;B01
201800042367;1;7;0;0;0;1;2;B01
201800042367;1;7;0;0;2;1;9;A01
201800042368;1;10;0;0;1;1;15;A01
201800042369;1;7;0;1;0;1;2;A01
201800042369;1;7;0;1;0;4;23;B01
201800042370;1;31;0;12;0;3;0;A01
201800042371;0;17;0;0;2;1;19;A01
201800042371;0;2;0;0;2;8;21;B01
201800042372;2;33;0;0;2;1;1;B01
201800042372;2;7;0;0;2;3;15;A01
201800042373;2;7;0;0;2;3;9;A01
201800042373;2;37;30;0;2;7;1;B01
201800042374;1;1;0;0;2;4;1;B01
201800042374;1;7;0;0;2;0;0;A01
201800042375;2;7;0;0;1;1;1;A01
201800042376;1;7;0;14;1;3;0;Z01
201800042377;1;10;0;0;1;2;1;A01
201800042378;1;10;0;0;2;2;2;A01
201800042378;2;30;0;0;2;3;15;B01
201800042379;1;10;0;0;2;3;1;B01
201800042379;0;1;0;0;2;1;0;A01
201800042380;1;7;0;0;2;9;11;B01
201800042380;1;17;0;0;2;2;2;A01
201800042380;1;7;0;0;2;6;2;C01
201800042381;2;7;0;2;0;7;1;A01
201800042382;1;34;0;11;0;1;0;A01
201800042383;0;7;0;0;2;3;16;A01
201800042383;0;15;0;0;2;2;2;B01
201800042384;1;31;0;0;0;0;21;A01
201800042385;0;10;0;0;2;2;2;B01
201800042385;0;10;0;0;2;3;16;A01
201800042386;1;10;0;0;1;2;2;A01
201800042387;2;7;0;0;2;2;16;B01
201800042387;1;30;0;0;2;2;14;A01
201800042388;0;7;0;0;1;8;0;A01
201800042389;2;33;0;0;2;5;1;A01
201800042389;2;7;0;0;2;8;9;Z01
201800042390;0;7;0;1;0;2;1;A01
201800042391;0;34;0;14;2;2;0;A01
201800042391;0;7;0;0;0;0;0;B01
201800042392;2;7;0;4;0;1;1;A01
201800042393;1;7;0;8;0;1;1;A01
201800042394;1;7;0;0;2;1;1;A01
201800042394;1;7;0;0;2;4;1;B01
201800042395;2;34;0;0;0;7;1;A01
201800042396;0;7;0;8;0;2;14;A01
201800042397;1;13;0;0;1;4;4;A01
201800042398;0;7;0;0;1;2;1;A01
201800042399;1;7;0;0;0;3;15;A01
201800042399;1;1;0;0;2;6;2;B01
201800042400;1;7;0;0;2;2;1;A01
201800042400;1;7;0;0;2;3;9;B01
201800042401;1;10;0;0;2;2;1;A01
201800042401;1;10;0;0;2;1;1;B01
201800042402;1;7;0;1;1;2;17;A01
201800042403;1;7;0;0;1;3;1;A01
201800042404;1;33;0;0;2;1;12;A01
201800042404;1;37;1;0;2;6;2;B01
201800042405;1;14;0;0;1;1;1;A01
201800042406;0;7;0;0;1;1;9;A01
201800042407;2;7;0;0;1;1;1;A01
201800042408;1;7;0;0;1;1;15;A01
201800042409;0;7;0;0;2;0;16;A01
201800042409;0;34;0;0;2;1;1;B01
201800042410;1;7;0;0;2;3;2;Z01
201800042410;1;33;0;0;2;4;23;B01
201800042411;1;10;0;0;1;3;2;A01
201800042412;1;30;0;0;1;1;1;A01
201800042413;1;7;0;0;1;3;1;A01
201800042414;2;7;0;0;1;2;2;A01
201800042415;1;7;0;0;2;4;0;A01
201800042415;1;32;0;0;2;1;2;B01
201800042416;1;7;0;0;1;3;15;A01
201800042417;1;7;0;0;1;2;21;A01
201800042418;0;7;0;0;2;8;1;B01
201800042418;0;10;0;0;0;1;0;Z01
201800042419;1;7;0;0;0;9;21;A01
201800042420;0;33;0;0;0;0;21;A01
201800042421;2;10;0;0;2;1;2;B01
201800042421;2;10;0;0;2;4;2;D01
201800042421;2;10;0;0;2;1;2;A01
201800042421;2;10;0;0;2;4;2;C01
201800042422;2;34;0;8;0;1;2;A01
201800042423;1;7;0;0;2;8;1;B01
201800042423;1;7;0;0;2;2;1;A01
201800042424;1;7;0;4;0;3;1;A01
201800042425;0;20;0;0;1;2;16;A01
201800042426;1;7;0;0;2;1;1;B01
201800042426;2;7;0;1;2;2;1;A01
201800042427;0;34;0;1;0;1;1;A01
201800042427;0;37;3;0;2;5;1;B01
201800042428;1;7;0;0;1;1;0;Z01
201800042429;2;31;0;0;2;8;18;A01
201800042429;2;14;0;0;2;7;1;B01
201800042430;1;7;0;0;2;3;15;A01
201800042430;2;31;0;0;2;3;1;B01
201800042431;1;7;0;0;1;3;13;A01
201800042432;1;7;0;0;1;7;1;A01
201800042433;1;7;0;0;1;6;1;A01
201800042434;1;7;0;0;2;5;15;A01
201800042434;2;31;0;0;2;1;1;B01
201800042435;1;7;0;0;1;1;16;A01
201800042436;1;7;0;0;1;2;1;A01
201800042437;1;7;0;0;1;1;23;A01
201800042438;0;99;0;0;2;0;0;R01
201800042438;1;37;10;0;2;5;16;A01
201800042439;1;7;0;0;1;2;16;A01
201800042440;1;14;0;0;2;7;15;A01
201800042440;2;33;0;0;2;1;1;B01
201800042441;2;34;0;0;1;1;1;Z01
201800042442;1;7;0;0;1;2;9;A01
201800042443;2;34;0;0;2;1;13;A01
201800042443;1;7;0;0;2;1;15;B01
201800042444;2;7;0;0;1;7;1;A01
201800042445;2;31;0;0;1;1;7;A01
201800042446;1;7;0;0;1;3;16;A01
201800042447;2;7;0;0;2;3;16;A01
201800042447;1;33;0;0;2;1;1;B01
201800042448;1;7;0;0;1;3;9;A01
201800042448;1;7;0;0;2;6;2;B01
201800042449;2;7;0;0;1;1;1;A01
201800042450;1;7;0;0;2;7;1;B01
201800042450;2;7;0;0;2;1;1;A01
201800042451;1;31;0;0;1;1;21;Z01
201800042452;2;7;0;0;2;1;1;A01
201800042452;1;10;0;0;2;1;5;Z01
201800042453;1;34;0;0;1;2;0;Z01
201800042454;1;31;0;16;0;7;1;A01
201800042455;1;7;0;0;2;1;15;A01
201800042455;2;33;0;0;2;1;1;B01
201800042456;2;7;0;0;2;3;19;B01
201800042456;2;7;0;0;2;2;19;A01
201800042457;2;31;0;8;0;2;1;A01
201800042458;1;2;0;0;2;1;18;A01
201800042458;1;1;0;4;2;8;15;B01
201800042459;2;7;0;0;2;5;16;A01
201800042459;2;7;0;0;2;3;1;B01
201800042460;1;10;0;0;2;2;7;A01
201800042460;1;7;0;0;2;8;15;B01
201800042461;2;31;0;0;2;2;21;A01
201800042461;2;7;0;0;2;6;2;B01
201800042462;1;10;0;0;1;1;15;A01
201800042463;1;7;0;0;1;2;1;A01
201800042464;1;31;0;8;0;7;2;A01
201800042465;1;7;0;0;1;2;19;A01
201800042466;2;7;0;0;1;5;0;A01
201800042467;0;30;0;0;2;8;15;A01
201800042467;0;33;0;0;2;2;1;B01
201800042468;1;7;0;0;1;1;2;A01
201800042469;1;33;0;0;1;1;1;A01
201800042470;2;7;0;0;2;4;4;B01
201800042470;2;7;0;0;2;1;23;A01
201800042471;1;7;0;0;2;1;1;A01
201800042471;1;31;0;0;2;4;1;B01
201800042472;2;7;0;14;9;1;9;A01
201800042472;2;7;0;14;9;4;23;B01
201800042473;1;7;0;0;2;2;1;B01
201800042473;1;33;0;0;0;2;1;A01
201800042474;2;31;0;0;2;1;1;B01
201800042474;2;7;0;0;2;2;15;A01
201800042475;1;7;0;0;1;3;1;A01
201800042476;1;7;0;8;2;1;0;A01
201800042476;1;7;0;0;2;7;23;C01
201800042476;1;14;0;0;2;2;24;B01
201800042477;1;7;0;0;2;4;15;B01
201800042477;1;33;0;0;2;8;1;A01
201800042478;1;34;0;0;2;2;17;B01
201800042478;1;7;0;0;2;8;13;A01
201800042479;1;1;0;0;2;1;19;A01
201800042479;1;32;0;0;9;2;1;B01
201800042480;2;2;0;0;9;2;9;A01
201800042480;1;1;0;0;2;3;1;B01
201800042481;2;2;0;0;2;6;9;A01
201800042481;2;7;0;0;2;2;21;B01
201800042482;2;7;0;0;2;7;2;B01
201800042482;1;34;0;0;2;1;1;A01
201800042483;1;30;0;0;2;2;1;B01
201800042483;1;32;0;0;2;1;10;A01
201800042484;1;32;0;0;1;8;1;A01
201800042485;1;7;0;1;0;2;0;A01
201800042486;0;7;0;1;0;2;20;A01
201800042486;0;1;0;0;2;2;5;B01
201800042487;2;10;0;0;2;4;1;B01
201800042487;2;30;0;0;2;1;1;A01
201800042488;1;33;0;0;1;2;0;A01
201800042489;1;7;0;0;2;7;15;A01
201800042489;1;31;0;0;2;1;1;B01
201800042490;2;7;0;0;2;7;1;B01
201800042490;2;7;0;0;2;4;20;A01
201800042491;2;7;0;0;1;2;17;A01
201800042492;2;7;0;0;1;2;1;A01
201800042493;2;1;0;0;2;1;15;A01
201800042493;1;7;0;0;6;1;1;B01
201800042494;1;7;0;0;2;3;16;A01
201800042494;2;7;0;0;2;3;1;B01
201800042495;1;7;0;0;2;8;15;B01
201800042495;1;2;0;0;2;7;1;A01
201800042496;2;7;0;9;2;8;15;B01
201800042496;2;7;0;0;2;1;11;A01
201800042497;2;7;0;0;1;2;1;A01
201800042498;1;7;0;0;2;3;1;B01
201800042498;2;32;0;0;1;1;21;A01
201800042499;2;7;0;0;2;8;1;A01
201800042499;2;7;0;0;2;1;1;B01
201800042500;1;2;0;0;2;4;23;B01
201800042500;1;7;0;0;2;1;2;A01
201800042501;2;34;0;8;0;1;0;A01
201800042502;1;7;0;0;1;3;1;A01
201800042503;1;7;0;0;2;4;1;B01
201800042503;2;10;0;0;2;1;1;A01
201800042504;0;7;0;0;1;4;4;A01
201800042505;1;10;0;0;1;2;0;A01
201800042506;0;1;0;1;0;1;1;B01
201800042506;0;7;0;0;2;8;23;A01
201800042507;1;7;0;0;1;7;1;A01