num_acc;senc;catv;occutc;obs;obsm;choc;manv;num_veh
201800043673;2;7;0;0;2;1;0;A01
201800043674;1;7;0;12;0;0;14;A01
201800043675;2;7;0;0;2;3;15;A01
201800043675;2;33;0;7;2;2;1;B01
201800043676;2;7;0;0;2;1;1;A01
201800043676;2;7;0;0;2;4;1;B01
201800043677;1;30;0;0;1;2;3;A01
201800043677;1;7;0;0;2;6;0;B01
201800043678;2;7;0;0;1;1;1;A01
201800043679;1;7;0;0;2;7;12;A01
201800043679;1;7;0;8;2;8;1;B01
201800043680;1;10;0;0;2;7;10;A01
201800043680;1;33;0;0;2;2;1;B01
201800043681;2;7;0;0;2;3;19;A01
201800043681;2;30;0;0;2;5;3;B01
201800043682;1;10;0;0;2;6;1;B01
201800043682;2;15;0;0;2;6;15;A01
201800043683;1;34;0;0;2;1;1;A01
201800043683;2;7;0;0;2;1;0;B01
201800043684;1;1;0;1;0;1;1;A01
201800043684;1;10;0;0;2;6;0;B01
201800043685;1;7;0;0;2;1;2;A01
201800043685;1;7;0;0;2;5;2;B01
201800043685;1;10;0;0;2;4;2;C01
201800043686;1;7;0;0;2;3;13;A01
201800043686;1;33;0;0;2;7;1;B01
201800043687;2;33;0;1;0;1;14;A01
201800043688;1;7;0;8;0;1;13;A01
201800043689;2;32;0;0;2;2;17;A01
201800043689;2;33;0;0;2;8;15;B01
201800043690;2;3;0;0;2;2;1;A01
201800043690;2;7;0;0;2;6;1;B01
201800043691;1;7;0;0;1;3;15;A01
201800043692;2;7;0;0;1;7;1;A01
201800043693;2;33;0;0;2;1;1;A01
201800043693;2;7;0;0;2;6;1;B01
201800043694;1;34;0;0;1;1;2;A01
201800043695;2;7;0;0;1;1;1;A01
201800043696;1;33;0;0;0;0;0;A01
201800043697;1;1;0;0;2;1;0;A01
201800043697;0;7;0;0;2;3;15;B01
201800043698;1;7;0;0;6;5;14;A01
201800043698;1;14;0;0;2;3;0;B01
201800043699;1;30;0;0;1;0;21;A01
201800043700;2;32;0;6;0;3;1;B01
201800043700;1;7;0;0;0;0;0;Z01
201800043701;2;7;0;0;2;1;0;A01
201800043701;2;7;0;0;2;4;0;B01
201800043702;1;32;0;0;6;9;0;A01
201800043703;2;7;0;0;2;1;9;A01
201800043703;2;32;0;0;2;7;3;B01
201800043704;0;7;0;0;2;1;17;A01
201800043704;0;7;0;0;2;3;15;B01
201800043705;1;31;0;0;2;1;0;A01
201800043705;1;7;0;0;2;4;0;B01
201800043706;2;7;0;0;2;3;15;A01
201800043706;1;33;0;0;2;8;1;B01
201800043707;2;30;0;0;2;2;17;A01
201800043707;2;7;0;0;2;3;15;B01
201800043708;2;7;0;6;0;1;1;A01
201800043709;2;7;0;3;2;1;5;A01
201800043709;2;14;0;13;2;1;1;B01
201800043709;2;7;0;0;2;4;1;C01
201800043709;2;7;0;0;2;2;1;D01
201800043710;0;33;0;0;2;2;3;A01
201800043710;0;7;0;0;2;3;15;B01
201800043711;2;7;0;0;1;1;15;A01
201800043712;1;30;0;16;0;8;0;A01
201800043713;2;7;0;0;2;3;15;A01
201800043713;2;31;0;0;2;7;17;B01
201800043714;2;7;0;0;2;7;15;A01
201800043714;1;7;0;0;2;2;9;B01
201800043715;0;7;0;0;1;2;15;A01
201800043716;2;30;0;0;2;1;3;A01
201800043716;2;7;0;0;2;3;9;B01
201800043717;2;7;0;0;1;3;19;A01
201800043718;1;7;0;0;1;2;1;A01
201800043719;1;7;0;10;2;8;15;A01
201800043719;1;33;0;0;2;0;3;B01
201800043720;2;32;0;0;2;2;1;B01
201800043720;2;7;0;0;2;3;9;A01
201800043721;1;7;0;0;2;1;2;A01
201800043721;1;7;0;0;2;4;23;B01
201800043722;1;7;0;0;2;2;0;B01
201800043722;1;7;0;0;2;1;0;A01
201800043723;1;33;0;0;5;9;0;A01
201800043724;1;7;0;0;2;6;11;A01
201800043724;1;33;0;0;2;1;15;B01
201800043725;0;2;0;0;2;7;0;A01
201800043725;0;7;0;0;2;8;0;B01
201800043726;2;7;0;8;2;1;1;A01
201800043726;2;7;0;0;2;4;1;B01
201800043726;2;30;0;0;2;1;0;C01
201800043727;1;7;0;0;2;1;1;A01
201800043727;2;7;0;0;2;1;1;B01
201800043728;1;30;0;0;2;1;1;A01
201800043728;2;7;0;0;2;3;15;B01
201800043729;2;10;0;0;2;1;0;A01
201800043729;2;7;0;0;2;7;21;B01
201800043730;2;7;0;0;2;2;11;A01
201800043730;2;7;0;0;2;6;0;B01
201800043731;1;10;0;0;2;2;16;A01
201800043731;1;30;0;0;2;8;1;B01
201800043732;1;7;0;0;2;3;13;A01
201800043732;2;7;0;0;2;3;1;B01
201800043733;2;7;0;0;2;1;13;A01
201800043733;1;31;0;0;2;1;21;B01
201800043734;2;7;0;0;2;3;15;A01
201800043734;2;2;0;0;2;2;17;B01
201800043735;1;7;0;0;2;2;15;A01
201800043735;1;33;0;0;2;0;11;B01
201800043736;0;7;0;0;2;8;15;A01
201800043736;0;32;0;0;2;2;17;B01
201800043737;2;7;0;0;2;3;9;A01
201800043737;0;34;0;0;2;0;0;B01
201800043738;2;33;0;0;2;1;1;B01
201800043738;1;7;0;0;2;3;19;A01
201800043739;1;34;0;0;2;3;17;A01
201800043739;1;7;0;6;2;3;1;B01
201800043740;2;30;0;0;2;1;21;A01
201800043740;1;7;0;0;2;1;0;B01
201800043741;1;7;0;0;1;1;1;A01
201800043742;1;32;0;0;2;1;15;B01
201800043742;2;7;0;0;2;1;1;A01
201800043743;2;7;0;1;0;5;4;A01
201800043743;2;7;0;0;2;8;24;B01
201800043744;1;32;0;0;2;1;15;A01
201800043744;2;2;0;0;2;1;1;B01
201800043745;2;30;0;0;1;0;1;Z01
201800043746;2;7;0;0;2;0;0;B01
201800043746;2;30;0;0;2;7;17;A01
201800043747;2;7;0;0;2;0;0;B01
201800043747;2;7;0;0;2;3;19;A01
201800043748;1;7;0;0;1;2;0;A01
201800043749;0;7;0;0;2;4;20;A01
201800043749;0;2;0;0;2;1;1;B01
201800043750;2;7;0;0;2;5;14;A01
201800043750;2;32;0;0;2;8;0;B01
201800043751;1;30;0;0;1;8;19;A01
201800043752;2;32;0;0;2;1;1;A01
201800043752;2;7;0;0;2;4;1;B01
201800043753;1;32;0;0;0;7;0;A01
201800043754;1;31;0;12;0;8;9;A01
201800043755;2;7;0;0;2;1;0;A01
201800043755;2;7;0;0;2;5;15;B01
201800043756;2;7;0;8;0;2;14;A01
201800043757;2;7;0;0;2;5;19;A01
201800043757;1;33;0;0;2;1;1;B01
201800043758;2;33;0;0;0;0;0;A01
201800043759;1;30;0;0;2;2;15;A01
201800043759;1;7;0;0;2;3;1;B01
201800043760;1;30;0;0;2;7;15;A01
201800043760;1;7;0;0;2;1;1;B01
201800043761;2;7;0;0;1;3;1;A01
201800043762;1;30;0;0;1;2;13;A01
201800043763;0;7;0;0;2;3;9;A01
201800043763;0;2;0;0;2;3;1;B01
201800043764;0;32;0;0;2;1;1;A01
201800043764;0;7;0;0;2;8;15;B01
201800043765;1;7;0;0;2;1;2;A01
201800043765;1;10;0;0;2;4;23;B01
201800043766;1;7;0;0;1;3;0;A01
201800043767;0;7;0;0;2;3;1;A01
201800043767;0;7;0;0;2;3;1;B01
201800043768;2;7;0;0;2;8;17;A01
201800043768;1;34;0;0;2;2;17;B01
201800043769;1;7;0;0;2;3;19;A01
201800043769;1;7;0;0;2;1;1;B01
201800043770;0;7;0;0;2;1;0;A01
201800043770;2;7;0;0;2;2;2;B01
201800043770;1;32;0;0;2;1;1;C01
201800043771;2;7;0;4;2;2;13;A01
201800043771;2;7;0;4;2;6;2;B01
201800043772;2;10;0;6;0;8;1;A01
201800043773;2;7;0;4;0;8;0;A01
201800043774;2;7;0;6;0;8;1;A01
201800043775;1;7;0;0;2;1;0;A01
201800043775;1;10;0;0;2;2;1;B01
201800043776;2;32;0;0;2;1;3;A01
201800043776;2;7;0;0;2;4;1;B01
201800043777;2;10;0;4;2;4;1;A01
201800043777;2;7;0;0;2;3;18;B01
201800043778;2;10;0;0;2;1;2;A01
201800043778;2;7;0;0;2;4;1;B01
201800043779;2;7;0;0;2;9;0;A01
201800043779;1;7;0;0;2;7;0;B01
201800043779;1;14;0;0;0;3;0;C01
201800043780;1;33;0;0;2;7;21;A01
201800043780;1;7;0;0;2;6;11;B01
201800043781;2;7;0;0;2;6;11;B01
201800043781;2;33;0;0;2;1;3;A01
201800043782;1;31;0;0;2;1;3;A01
201800043782;1;7;0;0;2;6;1;B01
201800043783;2;33;0;0;2;8;3;B01
201800043783;2;7;0;0;2;7;14;A01
201800043784;1;7;0;0;2;4;0;A01
201800043784;1;7;0;0;2;1;0;B01
201800043785;2;7;0;0;2;1;2;D01
201800043785;2;7;0;0;2;2;2;C01
201800043785;2;7;0;0;2;2;0;A01
201800043785;2;7;0;0;2;6;0;B01
201800043786;1;7;0;3;0;9;14;A01
201800043787;2;10;0;0;2;5;17;A01
201800043787;2;7;0;0;2;1;1;B01
201800043788;2;7;0;0;2;3;12;A01
201800043788;1;7;0;0;2;5;1;B01
201800043789;2;7;0;0;2;1;2;A01
201800043789;2;7;0;0;2;4;2;B01
201800043790;2;7;0;0;2;8;11;B01
201800043790;2;33;0;0;2;2;3;A01
201800043791;2;7;0;0;2;1;2;A01
201800043791;2;7;0;0;2;4;2;B01
201800043791;2;10;0;0;2;1;2;C01
201800043792;1;7;0;0;0;4;1;A01
201800043792;1;10;0;0;2;1;2;B01
201800043793;2;33;0;0;2;1;3;B01
201800043793;2;7;0;0;0;5;14;A01
201800043794;2;14;0;0;0;4;23;A01
201800043794;2;10;0;0;0;4;23;B01
201800043794;2;10;0;0;2;1;2;C01
201800043795;1;7;0;0;2;2;2;B01
201800043795;1;15;0;0;2;6;9;A01
201800043796;2;7;0;0;2;6;1;B01
201800043796;2;7;0;0;2;1;17;A01
201800043797;2;7;0;4;0;1;0;B01
201800043797;2;7;0;4;0;7;21;A01
201800043798;1;7;0;0;2;8;11;A01
201800043798;1;7;0;4;2;1;2;B01
201800043799;1;33;0;0;6;1;1;A01
201800043800;1;7;0;0;2;7;11;B01
201800043800;1;32;0;0;2;8;3;A01
201800043801;2;7;0;0;2;3;2;B01
201800043801;2;33;0;0;2;2;2;A01
201800043802;1;33;0;4;0;7;1;A01
201800043803;1;7;0;0;2;6;1;A01
201800043803;1;7;0;0;2;2;1;B01
201800043804;1;7;0;0;2;2;0;A01
201800043804;1;7;0;0;2;6;0;B01
201800043805;2;7;0;0;2;4;2;C01
201800043805;2;7;0;0;2;1;2;A01
201800043805;2;7;0;0;2;4;2;D01
201800043805;2;7;0;0;2;4;2;B01
201800043806;2;7;0;0;2;1;2;B01
201800043806;2;7;0;0;2;4;2;A01
201800043807;1;7;0;0;0;1;9;A01
201800043808;2;10;0;0;2;1;2;B01
201800043808;2;10;0;0;2;4;2;A01
201800043809;2;7;0;0;2;6;11;A01
201800043809;2;33;0;0;2;1;3;B01
201800043810;2;7;0;0;2;4;1;A01
201800043810;2;7;0;0;2;1;2;C01
201800043810;2;7;0;0;2;1;2;B01
201800043811;2;7;0;0;2;8;11;B01
201800043811;2;31;0;0;2;1;3;A01
201800043812;1;7;0;0;2;1;0;A01
201800043812;1;7;0;0;0;4;0;B01
201800043812;1;7;0;0;0;0;0;C01
201800043813;2;7;0;3;2;3;13;A01
201800043813;2;7;0;0;2;6;1;B01
201800043814;2;7;0;3;2;4;0;A01
201800043814;2;7;0;0;2;4;1;B01
201800043814;2;7;0;3;2;1;1;C01
201800043815;1;33;0;0;2;2;3;A01
201800043815;1;7;0;0;2;3;11;B01
201800043816;1;7;0;0;2;8;1;C01
201800043816;1;17;0;0;2;3;2;A01
201800043816;1;37;51;0;2;5;23;B01
201800043817;1;7;0;0;2;6;23;A01
201800043817;1;7;0;0;2;2;9;B01
201800043818;1;10;0;0;2;7;0;A01
201800043818;1;10;0;0;2;8;1;B01
201800043819;1;33;0;0;2;8;13;A01
201800043819;1;7;0;0;2;1;2;C01
201800043819;1;7;0;0;2;1;21;B01
201800043819;1;99;0;0;2;7;0;Z01
201800043820;2;7;0;1;1;1;2;A01
201800043820;2;7;0;4;0;1;19;B01
201800043821;2;7;0;0;6;3;11;A01
201800043821;2;33;0;0;2;2;1;B01
201800043822;2;7;0;0;2;1;2;B01
201800043822;2;7;0;0;2;4;21;A01
201800043822;2;7;0;0;2;2;2;C01
201800043822;2;7;0;0;2;6;13;D01
201800043823;2;7;0;0;2;4;23;B01
201800043823;2;7;0;0;2;1;2;D01
201800043823;2;10;0;0;2;4;23;A01
201800043823;2;7;0;0;2;4;23;C01
201800043824;1;7;0;13;0;1;17;A01
201800043825;2;7;0;0;2;4;2;A01
201800043825;2;7;0;0;2;1;2;B01
201800043826;2;10;0;0;2;1;1;A01
201800043826;2;7;0;0;2;4;23;B01
201800043827;2;32;0;0;2;8;21;A01
201800043828;2;33;0;0;2;1;2;C01
201800043828;2;7;0;0;2;5;23;B01
201800043828;2;7;0;4;0;8;1;A01
201800043828;2;7;0;0;2;2;21;E01
201800043828;2;7;0;0;2;3;1;D01
201800043829;1;7;0;0;2;5;2;B01
201800043829;1;7;0;0;2;9;21;A01
201800043830;2;7;0;0;2;1;21;A01
201800043830;2;7;0;0;2;5;1;B01
201800043831;1;7;0;0;2;3;2;A01
201800043831;1;14;0;0;2;2;1;B01
201800043832;1;7;0;0;2;5;21;A01
201800043832;1;38;1;4;2;3;2;B01
201800043833;2;33;0;0;2;4;12;A01
201800043833;2;7;0;0;2;3;2;B01
201800043834;1;10;0;0;2;1;2;B01
201800043834;1;7;0;0;2;1;2;C01
201800043834;1;7;0;0;0;4;1;A01
201800043835;2;7;0;0;2;7;14;A01
201800043835;2;33;0;0;2;8;2;B01
201800043836;2;7;0;0;2;4;2;A01
201800043836;2;7;0;0;2;4;2;B01
201800043836;2;7;0;0;2;4;2;C01
201800043836;2;10;0;0;2;1;2;D01
201800043837;1;7;0;0;2;2;1;A01
201800043837;1;7;0;0;2;3;1;B01
201800043838;1;10;0;4;0;9;0;A01
201800043839;1;7;0;0;2;4;23;A01
201800043839;1;7;0;1;0;1;0;B01
201800043839;1;7;0;1;0;3;21;C01
201800043839;1;7;0;1;0;1;21;D01
201800043840;1;33;0;0;0;7;14;A01
201800043841;1;7;0;6;0;1;19;A01
201800043842;2;7;0;0;2;1;2;B01
201800043842;2;7;0;0;0;4;23;A01
201800043843;2;34;0;0;0;7;0;A01
201800043844;1;7;0;0;2;1;1;C01
201800043844;1;7;0;0;2;6;1;B01
201800043844;1;15;0;0;2;2;1;A01
201800043845;2;10;0;0;2;5;12;A01
201800043845;2;32;0;0;2;1;2;B01
201800043846;1;33;0;4;0;9;16;A01
201800043847;1;7;0;3;0;0;1;A01
201800043848;2;7;0;3;0;1;2;A01
201800043849;1;7;0;0;2;1;2;A01
201800043849;2;7;0;0;2;4;1;B01
201800043850;1;7;0;0;2;0;1;A01
201800043850;1;7;0;0;2;1;1;B01
201800043851;1;7;0;0;2;7;1;B01
201800043851;1;17;0;0;2;8;1;C01
201800043851;1;33;0;0;2;8;3;A01
201800043852;2;17;0;0;2;1;2;B01
201800043852;2;7;0;0;2;6;2;A01
201800043852;2;7;0;0;2;1;2;C01
201800043853;2;15;0;3;;2;2;A01
201800043854;2;7;0;0;2;7;12;A01
201800043854;2;34;0;0;2;3;3;B01
201800043855;1;10;0;14;0;1;2;A01
201800043855;1;7;0;0;0;4;23;C01
201800043855;1;7;0;14;0;4;23;B01
201800043856;2;31;0;0;2;7;0;B01
201800043856;2;7;0;0;2;3;12;A01
201800043857;1;7;0;3;2;2;1;C01
201800043857;1;7;0;0;2;2;0;A01
201800043857;1;7;0;4;2;3;1;D01
201800043857;1;7;0;0;2;8;1;B01
201800043858;1;7;0;0;1;2;1;A01
201800043859;1;7;0;4;0;1;12;A01
201800043860;2;7;0;0;2;2;14;A01
201800043860;2;7;0;3;2;8;1;B01
201800043861;2;33;0;0;2;7;3;B01
201800043861;2;7;0;0;2;3;11;A01
201800043862;2;33;0;0;2;9;3;B01
201800043862;2;7;0;0;2;8;11;A01
201800043863;1;7;0;0;2;5;1;A01
201800043863;1;31;0;0;2;1;1;B01
201800043863;1;7;0;0;2;8;12;C01
201800043864;1;7;0;0;2;1;2;C01
201800043864;1;7;0;0;2;4;2;A01
201800043864;1;7;0;0;2;4;2;B01
201800043865;2;34;0;0;2;2;17;A01
201800043865;2;7;0;0;2;6;13;B01
201800043866;2;15;0;0;2;1;0;B01
201800043866;2;7;0;0;2;1;2;C01
201800043866;2;7;0;0;2;4;2;A01
201800043867;1;7;0;0;2;1;2;A01
201800043867;1;10;0;0;2;4;2;B01
201800043868;2;33;0;0;2;3;3;B01
201800043868;2;7;0;0;2;5;11;A01
201800043869;2;7;0;0;2;4;2;C01
201800043869;2;7;0;0;2;1;2;D01
201800043869;2;10;0;0;2;4;2;A01
201800043869;2;7;0;0;2;4;2;B01
201800043870;2;10;0;0;2;1;0;C01
201800043870;2;7;0;0;2;4;0;B01
201800043870;2;7;0;0;2;6;0;A01
201800043871;1;7;0;4;0;1;21;A01
201800043872;1;7;0;0;2;4;23;B01
201800043872;1;33;0;0;2;1;2;A01
201800043873;2;33;0;0;2;1;3;B01
201800043873;2;7;0;0;2;4;1;C01
201800043873;2;10;0;0;2;2;14;A01
201800043874;2;33;0;4;0;7;3;A01
201800043875;2;10;0;0;2;7;1;D01
201800043875;2;17;0;0;2;2;2;A01
201800043875;2;7;0;0;2;6;1;B01
201800043875;2;33;0;0;2;1;1;C01
201800043876;2;7;0;0;2;4;2;A01
201800043876;2;7;0;0;2;1;2;B01
201800043877;2;33;0;0;2;1;2;B01
201800043877;2;7;0;0;2;4;2;A01
201800043878;1;7;0;1;0;1;1;A01
201800043878;1;7;0;0;2;6;24;B01
201800043879;2;7;0;0;2;1;1;C01
201800043879;2;10;0;0;0;4;1;B01
201800043879;2;7;0;0;2;1;2;A01
201800043880;1;31;0;0;0;7;1;A01
201800043881;2;33;0;0;2;1;2;B01
201800043881;2;7;0;0;2;7;12;A01
201800043882;1;17;0;0;2;3;1;A01
201800043882;1;7;0;0;2;1;1;B01
201800043882;1;7;0;0;2;4;0;C01
201800043882;1;7;0;0;2;4;1;D01
201800043883;1;7;0;0;2;1;1;E01
201800043883;1;7;0;0;2;4;1;D01
201800043883;1;7;0;0;2;4;1;C01
201800043883;1;7;0;0;2;5;1;B01
201800043883;1;7;0;0;2;5;12;A01
201800043884;2;7;0;0;2;2;12;A01
201800043884;2;33;0;0;2;8;1;B01
201800043885;2;33;0;0;2;1;3;A01
201800043885;2;7;0;0;2;4;14;B01
201800043886;1;7;0;0;2;4;1;B01
201800043886;1;33;0;0;2;1;2;A01
201800043887;1;7;0;0;2;8;11;A01
201800043887;2;17;0;0;2;7;1;B01
201800043888;2;7;0;0;2;1;2;C01
201800043888;2;15;0;0;0;0;2;A01
201800043888;2;7;0;0;2;4;2;B01
201800043889;2;17;0;0;2;4;1;A01
201800043889;2;7;0;0;2;1;2;B01
201800043890;1;31;0;0;2;9;3;A01
201800043890;1;7;0;0;2;6;1;B01
201800043891;2;7;0;0;0;3;13;A01
201800043892;2;7;0;0;2;4;1;B01
201800043892;2;7;0;3;2;1;1;A01
201800043893;2;15;0;3;6;9;1;A01
201800043894;1;7;0;0;2;6;11;A01
201800043894;1;34;0;0;2;1;3;B01
201800043895;2;7;0;0;2;1;11;A01
201800043895;2;7;0;0;2;4;1;B01
201800043896;1;7;0;0;2;3;9;A01
201800043896;1;34;0;0;2;2;3;B01
201800043897;2;7;0;0;2;1;2;C01
201800043897;2;7;0;0;0;4;23;A01
201800043897;2;7;0;0;2;4;23;B01
201800043898;2;7;0;0;2;1;2;B01
201800043898;2;7;0;0;2;4;1;A01
201800043899;1;14;0;0;2;6;1;C01
201800043899;1;31;0;0;2;2;17;A01
201800043899;1;7;0;0;2;5;1;B01
201800043900;1;10;0;0;2;8;13;A01
201800043900;1;31;0;0;2;1;14;B01
201800043901;2;7;0;1;2;0;24;A01
201800043901;2;7;0;1;2;1;21;B01
201800043902;2;7;0;0;2;1;0;A01
201800043902;2;7;0;0;2;4;0;B01
201800043902;2;7;0;0;2;4;0;C01
201800043903;1;33;0;3;0;0;0;A01
201800043904;2;7;0;0;2;8;1;A01
201800043905;2;7;0;0;2;1;2;C01
201800043905;2;7;0;0;2;4;1;A01
201800043905;2;7;0;0;2;1;2;B01
201800043906;2;33;0;0;2;0;0;A01
201800043907;1;10;0;0;2;1;2;A01
201800043907;1;7;0;0;2;4;2;C01
201800043907;1;7;0;0;2;4;2;B01
201800043908;1;7;0;0;2;6;12;A01
201800043908;1;34;0;0;2;2;3;B01
201800043909;2;33;0;0;2;3;2;A01
201800043909;2;7;0;0;2;2;2;B01
201800043910;2;33;0;0;2;1;3;A01
201800043910;2;7;0;0;2;5;14;B01
201800043911;2;10;0;0;2;4;1;A01
201800043911;2;7;0;0;2;1;2;B01
201800043912;2;7;0;0;2;8;1;B01
201800043912;2;7;0;0;2;6;1;C01
201800043912;2;33;0;0;2;1;2;A01
201800043913;2;7;0;0;2;6;23;B01
201800043913;2;14;0;0;2;4;23;D01
201800043913;2;10;0;0;2;4;23;C01
201800043913;2;7;0;0;2;1;0;A01
201800043914;1;7;0;0;0;4;1;A01
201800043914;1;7;0;0;2;1;2;B01
201800043915;2;7;0;0;2;4;1;A01
201800043915;2;33;0;0;2;1;11;B01
201800043916;1;34;0;0;2;1;3;A01
201800043916;1;7;0;0;2;3;11;B01
201800043917;2;7;0;0;2;4;2;B01
201800043917;2;7;0;0;2;4;2;C01
201800043917;2;7;0;0;2;1;2;A01
201800043918;2;14;0;0;2;1;1;A01
201800043918;2;7;0;0;2;4;1;B01
201800043918;2;15;0;0;2;4;2;C01
201800043919;2;31;0;0;2;2;1;A01
201800043920;2;7;0;0;0;1;17;A01
201800043921;1;7;0;0;2;2;12;A01
201800043921;1;7;0;0;2;6;1;B01
201800043922;2;33;0;0;2;9;3;A01
201800043922;2;33;0;0;2;4;3;C01
201800043922;2;33;0;0;2;4;3;B01
201800043923;2;33;0;0;2;2;0;A01
201800043923;2;10;0;0;2;4;1;B01
201800043924;2;7;0;0;2;4;1;A01
201800043924;2;10;0;0;2;4;1;B01
201800043924;2;7;0;0;2;1;1;C01
201800043925;2;33;0;0;2;7;1;B01
201800043925;2;7;0;0;2;8;11;A01
201800043926;1;33;0;0;2;3;2;B01
201800043926;2;7;0;0;2;5;2;A01
201800043927;2;33;0;0;2;1;1;B01
201800043927;2;7;0;0;0;3;11;A01
201800043928;1;7;0;0;2;4;2;C01
201800043928;1;10;0;0;2;1;2;A01
201800043928;1;7;0;0;2;0;1;D01
201800043928;1;10;0;0;2;6;2;B01
201800043929;1;7;0;0;2;4;2;B01
201800043929;1;31;0;0;2;2;2;A01
201800043930;1;10;0;0;2;6;1;A01
201800043930;1;17;0;0;2;2;12;B01
201800043931;2;7;0;0;2;4;0;B01
201800043931;2;7;0;0;2;1;12;A01
201800043932;2;31;0;0;0;0;0;B01
201800043932;2;7;0;0;2;1;0;A01
201800043933;2;7;0;0;2;5;11;B01
201800043933;2;33;0;0;2;1;3;A01
201800043934;1;7;0;0;2;2;1;B01
201800043934;1;15;0;0;2;3;11;A01
201800043935;2;7;0;0;2;2;0;A01
201800043935;2;15;0;0;2;6;0;B01
201800043935;1;7;0;0;2;1;1;C01
201800043936;1;7;0;0;2;1;2;A01
201800043936;1;7;0;0;2;4;23;C01
201800043936;1;10;0;0;2;4;2;B01
201800043937;2;7;0;0;2;1;2;A01
201800043937;2;7;0;0;2;4;1;B01
201800043938;1;7;0;0;2;6;1;A01
201800043938;1;32;0;0;2;1;3;B01
201800043939;1;14;0;0;2;2;12;A01
201800043939;1;7;0;0;2;8;1;B01
201800043940;2;7;0;0;2;1;2;A01
201800043940;2;7;0;0;2;4;2;B01
201800043940;2;7;0;0;2;4;2;D01
201800043940;2;7;0;0;2;4;2;C01
201800043941;2;7;0;3;0;1;13;A01
201800043942;1;15;0;0;2;0;1;A01
201800043942;1;14;0;0;2;0;0;B01
201800043943;1;33;0;3;2;3;2;A01
201800043944;1;33;0;0;0;1;1;A01
201800043945;1;7;0;4;0;1;12;A01
201800043946;1;7;0;3;2;8;1;A01
201800043946;1;10;0;0;2;7;12;B01
201800043947;2;33;0;0;2;1;3;B01
201800043947;2;33;0;0;2;4;11;A01
201800043948;1;10;0;0;2;2;6;A01
201800043948;1;33;0;4;2;1;1;B01
201800043949;1;33;0;0;0;0;0;A01
201800043950;2;7;0;0;2;8;1;B01
201800043950;2;15;0;0;2;7;12;A01
201800043951;2;7;0;0;2;1;2;B01
201800043951;2;7;0;0;2;4;2;A01
201800043952;2;7;0;13;0;9;0;A01
201800043953;2;10;0;3;0;1;12;A01
201800043954;2;33;0;0;2;0;0;B01
201800043954;2;7;0;0;2;0;1;A01
201800043954;2;7;0;0;2;0;0;C01
201800043955;1;7;0;0;2;4;2;C01
201800043955;1;7;0;0;2;1;2;A01
201800043955;1;7;0;0;2;4;2;B01
201800043955;1;7;0;0;2;5;1;D01
201800043956;2;33;0;0;2;3;3;A01
201800043956;2;7;0;0;2;5;14;B01
201800043956;2;17;0;0;2;8;1;C01
201800043957;2;33;0;0;2;1;3;A01
201800043957;2;10;0;0;2;5;12;B01
201800043958;2;10;0;0;2;1;0;A01
201800043958;2;10;0;0;2;4;0;B01
201800043959;1;10;0;4;0;9;9;A01
201800043960;2;7;0;0;2;4;2;B01
201800043960;2;7;0;0;2;1;2;A01
201800043961;1;7;0;0;2;6;14;A01
201800043961;1;7;0;0;2;2;14;B01
201800043962;2;33;0;0;0;8;1;A01
201800043963;1;7;0;0;2;1;1;A01
201800043963;1;7;0;0;2;4;1;B01
201800043963;1;7;0;0;2;4;1;C01
201800043964;2;7;0;0;2;5;12;A01
201800043964;2;33;0;0;2;1;1;B01
201800043965;1;7;0;0;2;1;1;B01
201800043965;1;7;0;0;2;4;1;A01
201800043966;1;10;0;0;2;7;2;B01
201800043966;1;14;0;0;2;6;13;A01
201800043966;1;33;0;0;2;2;3;C01
201800043967;2;7;0;0;2;7;12;A01
201800043967;2;33;0;0;2;8;1;B01
201800043968;2;31;0;0;2;1;3;A01
201800043968;2;7;0;0;2;6;11;B01
201800043969;1;13;0;0;2;1;1;A01
201800043969;1;7;0;0;2;4;1;B01
201800043970;1;33;0;0;2;0;2;A01
201800043970;1;7;0;0;2;4;2;B01
201800043970;1;7;0;0;2;8;1;C01
201800043971;2;17;0;3;0;3;6;A01
201800043972;1;7;0;0;2;6;1;A01
201800043973;2;7;0;0;2;4;23;D01
201800043973;2;7;0;0;2;4;23;C01
201800043973;2;10;0;0;2;4;23;B01
201800043973;2;7;0;0;2;1;1;A01
201800043974;2;7;0;3;0;6;0;A01
201800043975;1;7;0;0;2;8;0;A01
201800043975;1;7;0;0;2;7;1;B01
201800043976;2;7;0;3;2;6;1;A01
201800043976;2;7;0;13;2;2;2;B01
201800043977;1;10;0;0;2;3;2;B01
201800043977;1;10;0;0;2;4;2;C01
201800043977;1;10;0;0;2;1;2;E01
201800043977;1;10;0;0;2;4;2;D01
201800043977;2;10;0;0;2;2;12;A01
201800043978;1;33;0;0;0;7;21;A01
201800043979;1;7;0;4;0;1;0;A01
201800043980;1;7;0;0;2;4;1;A01
201800043980;1;7;0;0;2;1;1;B01
201800043981;1;7;0;0;2;1;2;A01
201800043982;2;7;0;0;2;4;1;A01
201800043982;2;33;0;0;2;1;3;B01
201800043983;1;7;0;4;0;2;1;A01
201800043984;2;7;0;0;2;3;0;B01
201800043984;2;15;0;0;2;3;0;A01
201800043985;2;7;0;0;2;5;12;A01
201800043985;2;34;0;0;2;8;1;B01
201800043986;2;7;0;0;2;8;18;A01