num_acc;senc;catv;occutc;obs;obsm;choc;manv;num_veh
201800043986;2;7;0;0;2;7;1;B01
201800043987;2;7;0;0;2;8;12;B01
201800043987;2;33;0;0;2;7;3;A01
201800043988;1;33;0;0;2;1;1;B01
201800043988;1;7;0;0;2;4;1;A01
201800043989;2;33;0;0;2;1;3;B01
201800043989;2;7;0;0;2;2;12;A01
201800043990;2;34;0;0;2;1;3;B01
201800043990;2;33;0;0;2;4;3;A01
201800043991;1;17;0;0;2;6;23;A01
201800043991;1;7;0;0;2;6;21;B01
201800043991;1;17;0;0;2;2;0;C01
201800043992;2;7;0;0;2;4;0;C01
201800043992;2;7;0;0;2;4;0;B01
201800043992;2;14;0;0;2;1;0;A01
201800043993;1;7;0;0;2;5;0;C01
201800043993;1;34;0;0;2;3;0;B01
201800043993;1;10;0;0;2;7;14;A01
201800043994;1;7;0;0;2;3;1;A01
201800043994;1;33;0;0;2;3;1;C01
201800043994;1;14;0;0;2;2;12;B01
201800043995;1;33;0;0;2;1;0;A01
201800043995;1;7;0;0;2;4;23;B01
201800043996;2;7;0;0;2;4;1;C01
201800043996;2;7;0;0;2;4;1;B01
201800043996;2;7;0;0;2;1;1;A01
201800043997;1;33;0;0;2;3;2;B01
201800043997;1;10;0;0;2;7;12;A01
201800043998;1;7;0;0;2;7;23;A01
201800043998;1;7;0;1;0;3;0;B01
201800043999;1;7;0;0;2;1;2;A01
201800043999;1;7;0;0;2;1;2;B01
201800043999;1;7;0;0;2;4;2;C01
201800044000;2;34;0;0;2;7;1;A01
201800044000;2;7;0;0;2;6;11;B01
201800044001;2;7;0;0;2;4;1;A01
201800044001;2;33;0;0;2;1;3;B01
201800044002;1;10;0;4;0;6;1;A01
201800044003;2;7;0;0;2;4;1;D01
201800044003;2;7;0;0;2;4;1;B01
201800044003;2;15;0;0;2;1;1;A01
201800044003;2;7;0;0;2;4;1;C01
201800044004;1;7;0;0;2;4;1;A01
201800044004;1;7;0;0;2;1;2;B01
201800044005;1;33;0;0;2;0;21;A01
201800044006;2;10;0;0;2;1;2;A01
201800044006;2;7;0;0;2;4;2;B01
201800044007;2;33;0;0;2;1;3;B01
201800044007;2;33;0;0;2;4;3;A01
201800044008;2;7;0;0;2;4;23;A01
201800044008;2;7;0;0;2;1;2;B01
201800044008;2;7;0;0;2;6;23;C01
201800044009;2;7;0;0;2;7;1;C01
201800044009;2;17;0;0;2;1;1;B01
201800044009;2;7;0;0;2;4;1;A01
201800044010;2;10;0;0;2;8;9;A01
201800044010;2;7;0;0;2;1;1;B01
201800044011;1;7;0;0;2;1;1;A01
201800044011;1;10;0;0;2;4;1;B01
201800044011;1;7;0;0;2;4;1;C01
201800044012;1;17;0;3;0;2;14;A01
201800044013;2;7;0;0;2;4;1;A01
201800044013;2;7;0;0;2;4;1;B01
201800044013;2;7;0;0;2;4;1;C01
201800044013;2;7;0;0;2;1;1;D01
201800044014;2;7;0;0;2;3;11;A01
201800044014;2;33;0;0;2;7;3;B01
201800044015;2;7;0;0;2;1;2;A01
201800044015;2;7;0;0;2;4;2;B01
201800044016;1;33;0;14;0;1;1;A01
201800044017;2;7;0;3;2;3;13;A01
201800044018;2;10;0;4;0;3;0;A01
201800044019;2;15;0;0;2;4;2;A01
201800044019;2;15;0;0;2;4;2;B01
201800044019;2;15;0;0;2;1;2;C01
201800044020;2;7;0;0;2;8;11;A01
201800044020;2;31;0;0;2;1;3;B01
201800044021;2;34;0;0;2;8;1;B01
201800044021;2;7;0;0;2;7;12;A01
201800044022;1;10;0;0;2;4;2;A01
201800044022;1;33;0;0;2;1;2;B01
201800044023;2;7;0;0;2;1;1;A01
201800044023;2;7;0;0;2;4;13;B01
201800044024;2;7;0;0;2;4;0;A01
201800044024;2;7;0;0;2;1;0;C01
201800044024;2;7;0;0;2;1;0;B01
201800044025;1;15;0;0;2;2;12;B01
201800044025;1;7;0;0;2;6;1;A01
201800044026;2;10;0;4;2;1;2;A01
201800044026;2;10;0;4;2;0;13;Z01
201800044027;2;17;0;0;2;4;1;A01
201800044027;2;7;0;0;2;4;2;B01
201800044027;2;17;0;0;2;1;2;C01
201800044028;2;7;0;13;0;0;1;A01
201800044029;1;31;0;0;2;4;14;B01
201800044029;1;31;0;0;2;1;1;A01
201800044029;1;7;0;0;2;5;23;C01
201800044030;1;33;0;0;0;8;21;A01
201800044031;1;31;0;0;0;8;0;A01
201800044032;2;7;0;0;2;4;1;A01
201800044032;2;7;0;0;2;1;1;B01
201800044033;2;33;0;0;2;7;2;B01
201800044033;2;7;0;0;2;8;13;A01
201800044034;2;7;0;4;0;1;1;A01
201800044035;2;7;0;3;2;1;13;A01
201800044036;2;10;0;0;2;4;1;B01
201800044036;2;7;0;0;2;1;1;A01
201800044037;2;7;0;0;2;4;1;E01
201800044037;2;7;0;0;2;4;1;B01
201800044037;2;7;0;0;2;4;1;D01
201800044037;2;7;0;0;2;1;1;A01
201800044037;2;7;0;0;2;4;1;C01
201800044038;1;33;0;0;2;0;0;B01
201800044038;1;7;0;0;2;7;12;A01
201800044039;2;31;0;0;6;1;2;A01
201800044039;2;7;0;0;6;8;14;B01
201800044039;2;7;0;0;6;2;2;C01
201800044040;2;7;0;0;2;9;1;A01
201800044040;2;15;0;0;2;7;12;B01
201800044041;2;7;0;0;6;0;1;T01
201800044041;2;33;0;0;2;1;1;B01
201800044041;2;7;0;0;2;7;12;A01
201800044042;2;7;0;0;2;3;11;B01
201800044042;2;36;0;0;2;2;1;A01
201800044043;2;33;0;0;2;4;1;B01
201800044043;2;10;0;0;2;1;12;A01
201800044044;1;33;0;0;2;8;2;A01
201800044044;1;7;0;0;2;7;12;B01
201800044045;2;7;0;0;2;8;0;A01
201800044045;2;7;0;0;2;1;0;B01
201800044046;2;33;0;0;2;5;3;B01
201800044046;2;7;0;0;2;8;11;A01
201800044047;1;7;0;0;2;2;0;B01
201800044047;1;7;0;0;2;4;0;A01
201800044048;1;7;0;0;0;9;16;A01
201800044049;2;7;0;4;0;1;1;A01
201800044049;2;7;0;3;0;2;21;B01
201800044050;1;15;0;0;2;2;11;A01
201800044050;1;7;0;0;2;4;23;B01
201800044050;1;7;0;0;2;4;23;C01
201800044050;1;7;0;0;2;4;23;D01
201800044051;1;17;0;0;2;1;1;A01
201800044051;1;10;0;0;2;4;1;B01
201800044051;1;17;0;0;2;4;1;C01
201800044052;1;7;0;0;2;6;2;B01
201800044052;1;14;0;0;2;1;0;A01
201800044053;1;15;0;0;2;8;11;A01
201800044053;1;7;0;4;2;3;21;B01
201800044053;1;7;0;4;2;1;21;C01
201800044054;1;7;0;0;2;5;1;B01
201800044054;1;7;0;0;2;1;1;A01
201800044055;1;7;0;0;2;1;2;A01
201800044055;1;7;0;0;2;4;2;C01
201800044055;1;7;0;0;2;4;2;B01
201800044056;2;34;0;0;2;1;3;E01
201800044056;2;7;0;0;2;2;1;D01
201800044056;2;7;0;0;2;4;1;A01
201800044056;2;7;0;0;2;8;21;B01
201800044056;2;33;0;0;2;1;3;F01
201800044056;2;14;0;0;2;1;1;C01
201800044057;2;33;0;0;2;7;0;B01
201800044057;2;7;0;0;2;7;17;A01
201800044058;2;33;0;0;2;1;3;A01
201800044058;2;7;0;0;2;7;12;B01
201800044058;2;7;0;0;2;6;1;C01
201800044059;1;7;0;0;2;2;12;A01
201800044059;1;34;0;0;2;8;3;B01
201800044059;1;10;0;0;2;6;1;C01
201800044060;1;7;0;0;2;4;2;D01
201800044060;1;7;0;0;2;1;2;A01
201800044060;1;7;0;0;2;4;2;C01
201800044060;1;7;0;0;2;4;2;B01
201800044061;1;7;0;2;0;1;0;A01
201800044062;1;7;0;0;2;2;1;B01
201800044062;1;31;0;0;2;8;3;A01
201800044063;2;33;0;0;2;1;3;B01
201800044063;2;10;0;0;2;0;2;A01
201800044064;1;10;0;0;2;1;2;A01
201800044064;1;14;0;0;2;4;2;B01
201800044065;2;33;0;0;0;9;1;A01
201800044066;1;7;0;0;2;6;11;B01
201800044066;1;31;0;0;2;0;3;A01
201800044067;1;7;0;0;2;4;2;A01
201800044067;1;7;0;0;2;1;2;B01
201800044068;1;7;0;0;2;1;2;B01
201800044068;1;7;0;0;2;4;2;A01
201800044069;2;10;0;0;2;2;2;A01
201800044069;2;7;0;0;2;4;2;B01
201800044070;1;17;0;0;2;3;1;A01
201800044070;1;7;0;0;2;5;12;B01
201800044071;1;33;0;0;2;2;1;A01
201800044072;2;7;0;0;2;0;3;A01
201800044072;2;7;0;0;2;0;21;B01
201800044072;2;7;0;0;2;7;21;C01
201800044072;2;33;0;0;2;1;21;D01
201800044073;1;7;0;4;2;3;21;A01
201800044073;1;7;0;0;2;5;0;B01
201800044074;1;7;0;4;2;4;21;A01
201800044074;1;7;0;0;2;1;0;B01
201800044075;1;7;0;0;2;4;2;B01
201800044075;1;10;0;0;2;4;2;D01
201800044075;1;10;0;0;2;1;2;A01
201800044075;1;7;0;0;2;4;2;C01
201800044076;1;7;0;3;0;1;13;A01
201800044077;2;7;0;0;2;1;2;A01
201800044077;2;7;0;0;2;4;2;B01
201800044077;2;7;0;0;2;4;2;C01
201800044078;1;10;0;0;2;6;1;A01
201800044078;1;32;0;0;2;1;3;B01
201800044079;2;33;0;0;2;2;1;B01
201800044079;2;7;0;0;2;4;0;A01
201800044080;2;7;0;0;2;4;2;A01
201800044080;2;10;0;0;2;4;2;E01
201800044080;2;7;0;0;2;4;2;B01
201800044080;2;17;0;0;2;1;2;F01
201800044080;2;7;0;0;2;4;2;C01
201800044080;2;7;0;0;2;4;2;D01
201800044081;2;7;0;0;2;4;23;A01
201800044081;2;7;0;0;2;4;23;B01
201800044081;2;7;0;0;2;1;2;C01
201800044082;1;10;0;0;2;5;1;B01
201800044082;1;7;0;0;2;6;1;A01
201800044082;1;31;0;0;2;1;3;C01
201800044083;1;14;0;0;2;4;1;A01
201800044083;1;7;0;3;2;1;12;B01
201800044084;1;7;0;0;2;2;11;A01
201800044084;1;7;0;0;2;6;0;B01
201800044085;2;32;0;0;2;1;2;A01
201800044085;1;17;0;0;2;4;2;B01
201800044086;2;7;0;0;2;3;0;B01
201800044086;2;7;0;0;2;5;0;C01
201800044086;2;33;0;0;2;7;3;A01
201800044087;1;7;0;3;2;6;1;A01
201800044087;1;7;0;0;2;2;14;B01
201800044088;1;10;0;0;2;1;1;A01
201800044088;1;7;0;0;2;4;1;B01
201800044089;2;7;0;0;2;4;1;B01
201800044089;1;10;0;0;2;1;1;A01
201800044090;2;33;0;0;2;1;0;A01
201800044090;2;7;0;0;2;6;1;B01
201800044091;1;7;0;4;2;8;1;B01
201800044091;1;17;0;0;2;7;12;A01
201800044092;2;10;0;0;2;4;1;F01
201800044092;2;10;0;0;2;1;1;A01
201800044092;2;7;0;0;2;4;1;C01
201800044092;2;7;0;0;2;4;1;B01
201800044092;2;7;0;0;2;4;1;D01
201800044092;2;7;0;0;2;4;1;E01
201800044093;1;33;0;0;0;0;1;A01
201800044094;1;7;0;0;2;1;21;A01
201800044094;1;7;0;0;2;8;1;B01
201800044094;1;7;0;0;2;6;11;C01
201800044095;1;33;0;0;0;9;3;A01
201800044096;2;7;0;4;0;1;13;A01
201800044096;2;7;0;0;1;1;1;B01
201800044097;2;15;0;0;2;4;23;A01
201800044097;2;15;0;0;2;4;23;B01
201800044097;2;15;0;0;2;4;23;C01
201800044097;2;15;0;0;2;4;23;D01
201800044097;2;15;0;0;2;1;1;E01
201800044098;2;7;0;0;2;2;12;A01
201800044098;2;33;0;0;2;8;3;B01
201800044099;2;7;0;0;2;4;2;A01
201800044099;2;7;0;0;2;4;2;B01
201800044100;1;7;0;0;2;4;2;A01
201800044100;1;7;0;0;2;1;2;B01
201800044101;2;7;0;0;2;4;2;C01
201800044101;1;7;0;0;2;1;1;A01
201800044101;1;7;0;0;2;4;1;B01
201800044101;1;7;0;0;2;0;0;D01
201800044102;2;7;0;0;2;1;2;A01
201800044102;2;7;0;0;2;4;2;B01
201800044102;2;14;0;0;2;4;23;C01
201800044103;2;31;0;0;2;4;0;A01
201800044103;2;7;0;0;2;1;2;B01
201800044104;1;33;0;4;0;3;13;A01
201800044105;2;33;0;0;2;1;1;A01
201800044105;2;7;0;0;2;4;13;Z01
201800044106;1;7;0;0;2;1;2;A01
201800044106;1;7;0;0;2;4;0;B01
201800044107;1;7;0;0;2;1;14;A01
201800044107;1;7;0;0;2;4;1;B01
201800044108;2;34;0;0;0;7;1;A01
201800044109;1;10;0;0;2;1;2;A01
201800044109;1;7;0;0;2;4;2;B01
201800044109;1;7;0;0;2;4;2;C01
201800044110;1;7;0;0;2;6;1;A01
201800044110;1;16;0;0;2;2;12;B01
201800044111;2;7;0;4;0;8;19;A01
201800044112;1;7;0;0;2;3;1;A01
201800044112;1;33;0;0;2;2;14;B01
201800044113;2;7;0;0;2;7;12;A01
201800044113;2;32;0;0;2;3;3;B01
201800044114;1;7;0;0;2;4;2;B01
201800044114;1;10;0;0;2;4;23;C01
201800044114;1;14;0;0;2;1;1;A01
201800044115;2;10;0;0;2;4;1;A01
201800044115;2;7;0;0;2;1;1;B01
201800044116;2;17;0;0;2;4;20;A01
201800044116;2;33;0;0;2;7;23;B01
201800044117;2;7;0;0;2;8;11;A01
201800044117;2;33;0;0;2;7;3;B01
201800044117;2;7;0;0;2;4;2;C01
201800044118;2;33;0;0;2;5;12;A01
201800044119;1;7;0;0;2;1;1;A01
201800044119;1;7;0;0;2;4;23;B01
201800044120;2;33;0;4;0;6;17;A01
201800044121;1;7;0;13;0;9;1;A01
201800044122;1;7;0;0;2;5;1;C01
201800044122;1;33;0;0;2;2;3;B01
201800044122;1;7;0;0;2;8;11;A01
201800044123;2;10;0;0;2;8;2;B01
201800044123;2;33;0;0;2;9;12;A01
201800044123;2;10;0;0;2;7;2;C01
201800044124;2;33;0;0;2;2;3;B01
201800044124;2;7;0;0;2;3;11;A01
201800044125;1;7;0;0;2;2;12;A01
201800044125;1;33;0;0;2;8;1;B01
201800044126;1;7;0;0;0;9;0;A01
201800044127;2;13;0;0;2;1;0;A01
201800044127;2;10;0;0;2;4;12;B01
201800044128;1;7;0;3;2;2;2;A01
201800044128;1;7;0;0;2;7;11;B01
201800044129;2;7;0;0;0;6;11;A01
201800044129;2;33;0;0;2;1;3;B01
201800044130;1;14;0;0;2;2;2;B01
201800044130;1;7;0;0;2;6;9;A01
201800044131;1;7;0;0;0;4;2;A01
201800044131;1;7;0;0;2;1;2;C01
201800044131;1;7;0;0;2;4;2;B01
201800044132;2;13;0;0;2;4;1;A01
201800044132;2;10;0;0;2;1;1;B01
201800044132;2;10;0;0;2;1;1;C01
201800044133;1;7;0;0;2;1;2;A01
201800044133;1;7;0;0;6;4;2;B01
201800044134;1;7;0;0;2;2;0;A01
201800044134;1;33;0;0;2;3;3;B01
201800044134;1;7;0;0;2;4;1;C01
201800044135;2;7;0;0;2;7;12;A01
201800044135;2;7;0;0;2;8;1;B01
201800044136;2;10;0;0;0;0;0;Z01
201800044136;2;33;0;0;2;7;2;A01
201800044137;2;7;0;0;2;8;1;A01
201800044137;2;31;0;0;2;7;3;B01
201800044138;1;7;0;0;2;4;1;B01
201800044138;1;7;0;0;2;4;1;C01
201800044138;1;7;0;0;2;4;1;E01
201800044138;1;7;0;4;2;1;1;A01
201800044138;1;37;1;0;2;8;1;D01
201800044139;2;10;0;0;2;2;2;B01
201800044139;2;33;0;0;2;8;3;A01
201800044139;2;7;0;0;2;4;2;C01
201800044140;1;14;0;0;2;1;1;A01
201800044140;1;7;0;0;2;4;2;B01
201800044141;2;10;0;1;0;2;14;A01
201800044141;2;10;0;1;0;0;0;B01
201800044142;1;7;0;0;2;8;11;A01
201800044143;2;33;0;0;2;2;1;B01
201800044143;2;7;0;0;2;6;11;A01
201800044144;2;32;0;0;2;6;12;A01
201800044144;2;7;0;0;2;1;3;B01
201800044145;1;7;0;4;0;7;15;A01
201800044146;1;7;0;0;2;4;1;B01
201800044146;1;7;0;0;2;1;1;A01
201800044147;2;7;0;0;2;1;2;A01
201800044147;2;7;0;0;2;4;2;B01
201800044147;2;7;0;0;2;4;2;C01
201800044147;2;7;0;0;2;4;2;D01
201800044148;1;7;0;0;2;7;2;D01
201800044148;1;17;0;0;2;8;1;C01
201800044148;1;7;0;0;2;7;2;B01
201800044148;1;33;0;0;2;8;3;A01
201800044149;2;7;0;0;0;4;0;B01
201800044149;2;7;0;0;2;1;0;A01
201800044149;2;7;0;0;2;1;0;C01
201800044150;2;99;0;0;2;7;14;Z01
201800044150;2;33;0;0;2;8;3;A01
201800044151;2;13;0;0;2;2;12;A01
201800044151;2;7;0;0;2;6;1;B01
201800044152;1;31;0;0;2;1;2;A01
201800044152;1;10;0;0;2;3;2;B01
201800044153;1;7;0;0;2;7;12;A01
201800044153;2;31;0;0;2;8;3;B01
201800044154;2;7;0;0;2;1;2;A01
201800044154;2;7;0;0;2;4;2;B01
201800044155;1;7;0;14;0;4;2;A01
201800044155;1;10;0;0;2;4;23;B01
201800044155;1;7;0;0;2;3;1;C01
201800044156;2;15;0;0;2;2;12;A01
201800044156;2;7;0;0;2;6;1;B01
201800044157;1;33;0;0;2;8;1;A01
201800044157;1;7;0;0;2;5;12;B01
201800044158;1;7;0;3;0;1;0;A01
201800044159;2;7;0;0;0;8;1;A01
201800044159;2;15;0;0;2;2;12;B01
201800044160;2;7;0;4;0;2;1;A01
201800044161;1;7;0;0;2;2;21;C01
201800044161;1;7;0;0;2;4;1;B01
201800044161;1;15;0;0;2;1;1;A01
201800044162;1;7;0;0;0;7;0;C01
201800044162;1;7;0;0;0;4;0;B01
201800044162;1;33;0;0;2;4;9;A01
201800044163;1;33;0;0;2;1;11;B01
201800044163;1;7;0;0;2;6;11;A01
201800044164;2;10;0;0;2;6;11;B01
201800044164;2;33;0;0;2;2;3;A01
201800044165;2;10;0;0;2;7;14;A01
201800044165;2;15;0;0;2;3;2;B01
201800044166;1;7;0;6;0;3;13;A01
201800044167;1;7;0;0;2;3;1;A01
201800044167;1;14;0;0;2;7;1;B01
201800044168;2;7;0;0;2;4;2;A01
201800044168;2;7;0;0;2;4;2;B01
201800044168;2;7;0;0;2;4;2;C01
201800044168;2;7;0;0;2;1;1;D01
201800044168;2;7;0;0;2;1;2;E01
201800044169;1;10;0;0;2;0;1;C01
201800044169;1;7;0;0;2;5;1;B01
201800044169;1;7;0;0;2;0;1;D01
201800044169;1;33;0;0;2;3;3;A01
201800044170;2;7;0;0;2;1;14;A01
201800044170;2;7;0;0;2;7;1;B01
201800044171;2;16;0;0;2;1;2;B01
201800044171;2;7;0;0;2;3;2;A01
201800044172;1;7;0;0;2;7;1;A01
201800044172;1;7;0;0;2;5;12;B01
201800044172;1;33;0;0;2;3;3;C01
201800044173;1;7;0;0;2;4;0;B01
201800044173;1;10;0;0;2;4;1;E01
201800044173;1;10;0;0;2;4;1;C01
201800044173;1;7;0;0;2;4;1;D01
201800044173;1;10;0;0;2;1;1;A01
201800044174;2;7;0;0;2;1;1;A01
201800044174;2;7;0;0;2;4;1;B01
201800044174;2;15;0;0;2;8;1;C01
201800044175;2;10;0;0;2;4;1;A01
201800044175;2;7;0;0;2;1;2;B01
201800044175;2;7;0;0;2;1;2;C01
201800044176;2;7;0;0;2;4;24;A01
201800044176;2;31;0;1;2;1;1;B01
201800044177;1;7;0;4;0;1;13;A01
201800044178;1;2;0;0;0;7;1;A01
201800044179;1;7;0;0;2;4;2;B01
201800044179;1;7;0;0;2;1;2;A01
201800044179;1;7;0;0;2;4;2;C01
201800044180;1;10;0;0;2;1;21;B01
201800044180;1;7;0;0;2;5;23;A01
201800044181;1;7;0;0;2;8;0;A01
201800044181;1;15;0;0;2;7;1;B01
201800044182;1;7;0;0;2;4;2;A01
201800044182;1;7;0;0;2;1;2;B01
201800044183;1;33;0;0;2;4;11;B01
201800044183;1;33;0;0;2;1;1;A01
201800044184;1;33;0;4;0;3;2;A01
201800044185;1;7;0;0;2;4;2;A01
201800044185;1;7;0;0;2;1;2;B01
201800044186;1;10;0;0;2;6;11;B01
201800044186;1;32;0;0;2;2;2;A01
201800044187;1;7;0;0;2;8;1;B01
201800044187;1;7;0;14;0;1;21;C01
201800044187;1;7;0;0;2;2;14;A01
201800044188;1;7;0;0;2;4;2;A01
201800044188;1;7;0;0;2;1;2;B01
201800044189;1;7;0;0;2;1;2;A01
201800044189;1;7;0;0;2;4;23;B01
201800044189;1;7;0;0;2;4;2;C01
201800044189;1;7;0;0;2;4;2;D01
201800044189;1;7;0;0;2;4;2;E01
201800044190;1;15;0;4;2;4;2;B01
201800044190;2;10;0;0;2;1;2;A01
201800044191;2;33;0;0;0;0;3;A01
201800044192;1;7;0;0;2;4;2;B01
201800044192;1;7;0;0;2;1;2;A01
201800044193;1;7;0;0;2;1;2;A01
201800044193;1;7;0;0;2;4;2;B01
201800044193;1;7;0;0;2;1;2;C01
201800044193;1;7;0;0;2;1;2;D01
201800044193;1;17;0;0;2;1;2;E01
201800044194;1;30;0;0;0;0;3;A01
201800044195;1;7;0;0;2;1;2;A01
201800044195;1;7;0;0;2;4;2;B01
201800044195;1;10;0;0;2;2;2;C01
201800044195;1;10;0;0;0;0;2;D01
201800044196;2;7;0;0;2;7;12;B01
201800044196;2;33;0;0;2;8;1;A01
201800044197;1;7;0;0;2;4;2;B01
201800044197;1;7;0;0;2;4;23;A01
201800044197;1;7;0;0;2;1;2;C01
201800044198;2;7;0;0;2;7;14;B01
201800044198;2;7;0;0;2;8;1;A01
201800044199;2;31;0;0;2;9;3;A01
201800044199;2;7;0;0;2;5;1;B01
201800044200;2;33;0;0;2;1;11;A01
201800044200;2;10;0;0;2;5;1;C01
201800044200;2;15;0;0;2;4;1;B01
201800044201;2;7;0;0;2;4;2;B01
201800044201;2;7;0;0;2;1;2;C01
201800044201;2;10;0;0;2;4;2;A01
201800044202;1;31;0;0;2;2;3;A01
201800044202;1;31;0;0;2;6;9;B01
201800044203;2;7;0;0;2;2;12;A01
201800044203;2;33;0;0;2;3;3;B01
201800044204;2;7;0;0;2;1;9;A01
201800044204;2;7;0;0;2;4;23;B01
201800044204;2;7;0;0;2;4;23;C01
201800044205;1;10;0;0;2;1;1;A01
201800044205;1;7;0;0;2;9;1;B01
201800044205;1;7;0;0;2;9;1;C01
201800044205;1;7;0;0;2;9;1;D01
201800044205;1;7;0;0;2;4;1;E01
201800044206;1;10;0;14;0;1;2;A01
201800044206;1;7;0;14;0;4;2;B01
201800044207;1;7;0;13;0;3;14;A01
201800044208;2;7;0;0;2;4;2;B01
201800044208;2;7;0;0;2;4;2;A01
201800044208;2;15;0;0;2;1;1;C01
201800044209;1;7;0;0;2;1;2;Z01
201800044209;1;33;0;0;2;4;2;A01
201800044210;1;7;0;0;0;4;1;A01
201800044210;1;7;0;0;2;1;2;C01
201800044210;1;7;0;0;2;1;2;B01
201800044211;2;7;0;0;2;4;1;B01
201800044211;2;7;0;0;2;3;2;A01
201800044211;2;7;0;0;2;4;1;C01
201800044212;1;34;0;1;0;1;9;B01
201800044212;1;7;0;0;2;6;0;A01
201800044213;2;7;0;0;0;4;23;B01
201800044213;2;7;0;0;2;1;2;A01
201800044214;2;33;0;0;2;1;1;A01
201800044214;2;15;0;0;2;6;11;B01
201800044215;1;14;0;0;2;7;2;A01
201800044215;1;7;0;0;2;8;2;B01
201800044216;1;10;0;0;2;5;2;B01
201800044216;1;33;0;0;2;1;2;A01
201800044217;1;7;0;0;2;4;1;C01
201800044217;1;33;0;0;2;1;3;B01
201800044217;1;33;0;0;2;1;3;A01
201800044218;1;7;0;0;2;4;23;A01
201800044219;2;33;0;14;0;1;14;A01
201800044219;2;14;0;0;0;4;23;B01
201800044220;1;7;0;0;2;3;14;B01
201800044220;1;7;0;0;2;5;2;A01
201800044221;2;33;0;0;2;1;1;A01
201800044221;2;7;0;0;2;5;1;B01
201800044222;2;10;0;0;2;2;3;A01
201800044222;2;7;0;0;2;8;11;B01
201800044222;2;10;0;0;2;5;1;C01
201800044223;2;7;0;0;2;2;12;B01
201800044223;2;33;0;0;2;1;3;A01
201800044223;2;7;0;0;2;4;1;C01
201800044224;2;15;0;0;2;4;2;A01
201800044224;2;15;0;0;2;4;2;B01
201800044224;2;15;0;0;2;1;2;C01
201800044225;2;15;0;0;2;7;12;A01
201800044225;2;7;0;0;2;8;1;B01
201800044226;1;10;0;0;2;6;11;A01
201800044226;1;15;0;0;2;2;1;B01
201800044226;1;7;0;0;2;1;1;C01
201800044226;1;7;0;0;2;4;1;D01
201800044226;1;7;0;0;2;4;1;E01
201800044227;2;33;0;0;2;1;3;B01
201800044227;2;7;0;0;0;6;23;A01
201800044228;1;10;0;0;2;2;1;A01
201800044228;1;17;0;0;2;6;1;B01
201800044229;2;7;0;0;2;2;2;B01
201800044229;2;33;0;0;0;4;2;A01
201800044230;1;7;0;0;2;3;1;A01
201800044230;1;7;0;0;2;7;14;B01
201800044231;1;7;0;0;2;4;2;C01
201800044231;1;7;0;0;2;1;2;A01
201800044231;1;7;0;0;2;4;2;B01
201800044232;2;7;0;0;;4;2;A01
201800044232;2;7;0;0;2;1;2;B01
201800044233;1;7;0;0;2;6;1;A01
201800044233;1;7;0;0;2;2;21;B01
201800044233;1;7;0;4;0;1;21;C01
201800044234;2;33;0;0;0;7;3;A01
201800044235;2;7;0;4;0;3;2;A01
201800044236;2;7;0;0;2;4;1;B01
201800044236;2;7;0;0;2;1;1;C01
201800044236;2;7;0;0;2;1;1;A01
201800044237;2;7;0;0;0;6;0;B01
201800044237;2;7;0;0;2;2;9;A01
201800044238;1;17;0;0;2;1;12;A01
201800044238;1;7;0;0;2;4;1;B01
201800044239;2;7;0;0;2;4;23;A01
201800044239;2;7;0;14;2;4;0;B01
201800044239;2;7;0;14;0;1;0;C01
201800044240;1;7;0;2;0;1;9;A01
201800044241;2;33;0;0;2;8;3;B01
201800044241;2;7;0;0;2;7;12;A01
201800044242;2;17;0;0;1;1;2;A01
201800044243;1;7;0;0;2;2;12;A01
201800044243;1;33;0;0;2;8;1;B01
201800044244;1;7;0;0;2;6;0;A01
201800044244;1;33;0;0;2;1;0;B01
201800044245;2;33;0;0;2;2;3;A01
201800044245;2;10;0;0;2;3;23;B01
201800044245;2;10;0;0;2;6;1;C01
201800044246;2;7;0;0;2;4;2;B01
201800044246;2;7;0;0;2;1;2;A01
201800044247;2;15;0;0;2;4;1;A01
201800044247;2;13;0;0;2;1;2;B01
201800044248;2;7;0;0;2;4;1;A01
201800044248;2;10;0;0;2;4;1;B01
201800044248;2;10;0;0;2;1;1;C01
201800044249;1;31;0;0;2;1;2;B01
201800044249;1;7;0;0;2;2;12;A01
201800044250;2;10;0;0;2;5;0;B01
201800044250;2;31;0;0;2;1;0;A01
201800044251;2;31;0;0;2;3;3;A01
201800044252;2;10;0;0;2;2;12;B01
201800044252;2;7;0;4;2;3;0;A01
201800044253;2;33;0;3;0;8;17;A01
201800044254;1;7;0;3;0;7;14;A01
201800044255;2;7;0;0;2;4;1;C01
201800044255;2;7;0;0;2;9;1;A01
201800044255;2;7;0;0;2;1;11;B01
201800044256;2;7;0;0;2;8;0;B01
201800044256;2;33;0;0;2;1;9;A01
201800044257;2;33;0;0;2;8;3;A01
201800044257;2;7;0;0;2;2;12;B01
201800044258;2;15;0;0;2;2;12;A01
201800044258;2;7;0;0;2;8;1;B01
201800044259;1;7;0;0;2;6;1;A01
201800044259;1;7;0;0;2;5;1;B01
201800044259;1;33;0;0;2;9;3;C01
201800044260;1;10;0;0;2;4;2;B01
201800044260;1;10;0;0;2;1;2;A01
201800044261;1;7;0;0;2;5;23;B01
201800044261;1;7;0;0;2;3;1;A01
201800044262;2;7;0;0;2;1;1;C01
201800044262;2;10;0;0;2;4;1;A01
201800044262;2;7;0;0;2;1;1;B01