num_acc;senc;catv;occutc;obs;obsm;choc;manv;num_veh
201800044578;2;7;0;0;2;6;11;A01
201800044578;2;33;0;0;2;2;3;B01
201800044579;1;7;0;0;2;1;2;A01
201800044579;1;14;0;0;2;4;2;B01
201800044580;1;7;0;0;2;1;2;A01
201800044580;1;7;0;0;2;4;2;B01
201800044580;1;7;0;0;2;4;0;C01
201800044581;2;31;0;0;2;7;3;A01
201800044581;2;34;0;0;2;1;3;C01
201800044581;2;7;0;0;2;6;1;D01
201800044581;2;7;0;0;2;3;13;B01
201800044582;2;7;0;4;0;2;21;A01
201800044583;2;31;0;0;2;1;3;A01
201800044583;2;7;0;0;2;4;1;B01
201800044584;2;7;0;0;2;5;1;B01
201800044584;2;33;0;0;2;1;3;A01
201800044584;2;7;0;0;2;6;11;C01
201800044585;1;7;0;0;2;6;2;C01
201800044585;1;7;0;0;2;5;2;A01
201800044585;1;34;0;0;2;1;13;B01
201800044586;1;7;0;4;0;3;13;A01
201800044587;1;7;0;4;0;3;0;A01
201800044588;1;7;0;0;2;3;2;A01
201800044588;1;33;0;0;2;2;3;B01
201800044589;2;7;0;4;0;3;21;A01
201800044590;1;7;0;0;2;1;2;B01
201800044590;1;7;0;0;2;4;2;A01
201800044591;1;7;0;0;2;1;2;A01
201800044591;1;10;0;0;2;4;2;B01
201800044592;1;7;0;0;2;3;1;A01
201800044592;1;7;0;0;2;2;9;B01
201800044593;2;7;0;0;2;1;1;A01
201800044593;2;7;0;0;2;4;2;C01
201800044593;2;7;0;0;2;4;2;B01
201800044594;2;7;0;0;2;4;2;A01
201800044594;2;7;0;0;2;4;2;B01
201800044594;2;7;0;0;2;4;2;D01
201800044594;2;7;0;0;2;1;1;E01
201800044594;2;10;0;0;2;4;2;C01
201800044595;2;7;0;4;0;6;2;A01
201800044596;2;7;0;3;0;1;0;A01
201800044597;2;7;0;4;0;1;1;A01
201800044598;1;7;0;4;0;1;1;A01
201800044599;2;7;0;4;0;3;1;A01
201800044600;2;7;0;0;2;4;2;B01
201800044600;2;7;0;0;2;1;2;A01
201800044601;2;7;0;0;2;3;1;B01
201800044601;2;7;0;4;2;2;1;C01
201800044601;2;17;0;0;2;2;12;A01
201800044602;1;7;0;4;0;8;16;A01
201800044603;1;7;0;4;0;1;0;A01
201800044604;2;7;0;0;2;1;2;A01
201800044604;2;7;0;4;2;4;2;B01
201800044605;2;7;0;9;0;8;1;A01
201800044606;1;10;0;0;2;4;2;C01
201800044606;1;7;0;0;2;1;1;A01
201800044606;1;7;0;0;2;4;2;B01
201800044607;2;7;0;0;2;4;2;C01
201800044607;2;7;0;0;2;4;2;B01
201800044607;2;10;0;0;2;1;2;A01
201800044607;2;7;0;0;2;4;2;D01
201800044607;2;10;0;0;2;4;2;E01
201800044608;2;7;0;0;2;4;0;C01
201800044608;2;7;0;0;2;1;2;A01
201800044608;2;7;0;0;2;4;2;B01
201800044609;2;7;0;0;2;4;2;A01
201800044609;2;17;0;0;2;1;2;B01
201800044610;2;17;0;4;0;1;1;A01
201800044611;1;34;0;0;2;2;1;A01
201800044611;1;7;0;0;2;3;11;B01
201800044612;2;7;0;0;2;2;1;A01
201800044612;2;17;0;0;2;8;1;B01
201800044613;1;10;0;0;2;7;1;B01
201800044613;1;7;0;0;2;1;1;A01
201800044613;1;7;0;0;2;6;2;C01
201800044614;2;7;0;0;2;1;1;A01
201800044614;2;7;0;0;2;4;2;B01
201800044615;2;7;0;0;2;4;2;A01
201800044615;2;7;0;0;2;1;1;B01
201800044616;2;7;0;16;0;1;12;A01
201800044617;2;7;0;16;0;1;21;A01
201800044618;1;7;0;0;2;4;1;A01
201800044618;1;7;0;0;2;1;12;B01
201800044618;1;7;0;0;2;7;1;C01
201800044619;2;10;0;4;0;2;14;A01
201800044620;1;7;0;0;2;8;1;B01
201800044620;1;31;0;0;2;2;12;A01
201800044621;1;7;0;0;2;3;1;B01
201800044621;1;7;0;4;2;1;1;Z01
201800044621;1;7;0;0;2;7;12;A01
201800044622;2;7;0;0;2;0;0;Z01
201800044622;2;33;0;0;2;7;1;A01
201800044623;1;16;0;0;2;3;1;A01
201800044623;1;10;0;0;2;5;4;B01
201800044624;1;14;0;0;2;7;21;A01
201800044624;1;7;0;0;2;6;1;B01
201800044625;1;7;0;0;2;5;2;B01
201800044625;1;7;0;0;2;3;11;A01
201800044626;1;10;0;0;2;4;2;B01
201800044626;1;7;0;0;2;1;1;A01
201800044626;1;7;0;0;2;3;23;C01
201800044627;2;7;0;0;2;1;11;A01
201800044627;2;7;0;0;2;4;1;B01
201800044628;2;7;0;0;2;1;1;B01
201800044628;2;17;0;0;2;3;11;A01
201800044629;1;7;0;0;2;1;2;A01
201800044629;1;7;0;0;2;4;2;B01
201800044630;1;33;0;0;2;1;1;B01
201800044630;1;10;0;0;2;6;11;A01
201800044631;1;7;0;0;2;6;2;B01
201800044631;1;10;0;0;2;2;1;A01
201800044632;2;7;0;0;2;2;12;A01
201800044632;2;33;0;0;2;3;3;B01
201800044633;1;10;0;0;2;4;1;A01
201800044633;1;99;0;0;2;1;1;Z01
201800044634;1;7;0;0;2;4;2;Z01
201800044634;1;7;0;0;2;1;2;B01
201800044634;1;10;0;0;2;4;2;A01
201800044635;2;7;0;4;0;1;21;A01
201800044636;1;7;0;0;2;6;2;A01
201800044636;1;7;0;4;2;2;1;B01
201800044637;1;10;0;0;2;1;2;B01
201800044637;1;7;0;0;2;6;2;C01
201800044637;1;7;0;0;2;1;2;A01
201800044638;2;7;0;4;0;1;1;A01
201800044639;1;7;0;0;2;4;2;B01
201800044639;1;7;0;0;2;1;2;A01
201800044640;2;7;0;0;2;4;2;B01
201800044640;2;33;0;0;2;1;3;A01
201800044641;1;7;0;3;0;2;14;A01
201800044642;1;7;0;14;0;1;13;A01
201800044643;2;7;0;4;0;1;2;A01
201800044644;1;7;0;4;0;1;21;A01
201800044645;2;14;0;0;2;2;12;A01
201800044645;2;7;0;0;2;8;1;B01
201800044646;1;7;0;0;2;4;2;B01
201800044646;1;7;0;0;2;1;2;A01
201800044647;2;10;0;0;2;1;9;A01
201800044647;2;7;0;0;2;4;2;B01
201800044647;2;7;0;0;2;4;2;C01
201800044648;2;7;0;0;2;4;2;B01
201800044648;2;33;0;0;2;1;2;A01
201800044649;1;7;0;3;0;1;1;A01
201800044650;1;34;0;0;2;3;9;A01
201800044650;1;7;0;0;2;2;1;B01
201800044651;2;7;0;4;0;1;1;A01
201800044652;2;7;0;4;0;1;1;A01
201800044653;1;7;0;4;2;3;21;B01
201800044653;1;7;0;4;2;1;21;C01
201800044653;1;7;0;4;0;1;2;A01
201800044654;2;7;0;4;0;1;14;A01
201800044655;2;7;0;4;0;2;14;A01
201800044656;2;7;0;0;2;4;1;C01
201800044656;2;7;0;0;2;3;1;B01
201800044656;2;17;0;0;2;2;12;A01
201800044657;1;7;0;0;2;1;1;A01
201800044657;1;7;0;0;2;4;2;B01
201800044658;1;7;0;0;2;1;1;A01
201800044658;1;7;0;0;2;4;1;C01
201800044658;1;7;0;0;2;4;2;B01
201800044659;1;33;0;16;2;8;1;A01
201800044660;1;7;0;0;2;6;11;A01
201800044660;1;33;0;0;2;2;3;B01
201800044660;1;7;0;0;2;2;2;C01
201800044661;2;7;0;13;0;7;14;A01
201800044662;1;7;0;0;2;4;2;D01
201800044662;1;7;0;0;2;4;2;C01
201800044662;1;7;0;0;2;4;2;B01
201800044662;1;7;0;0;2;1;2;A01
201800044663;1;7;0;;2;8;1;C01
201800044663;1;7;0;4;2;8;13;A01
201800044663;1;17;0;4;2;7;1;B01
201800044664;1;7;0;0;2;1;2;A01
201800044664;1;7;0;4;2;4;2;B01
201800044665;2;10;0;0;2;1;2;A01
201800044665;2;10;0;0;2;4;0;B01
201800044666;1;33;0;0;0;8;3;A01
201800044667;2;7;0;4;0;1;13;A01
201800044668;2;17;0;0;2;5;2;A01
201800044668;2;14;0;0;2;3;14;B01
201800044669;1;7;0;0;2;1;2;A01
201800044669;1;10;0;0;2;4;2;B01
201800044670;2;7;0;0;2;1;1;A01
201800044670;2;7;0;0;2;4;2;B01
201800044671;2;7;0;0;2;4;2;B01
201800044671;2;7;0;0;2;1;2;A01
201800044672;2;10;0;3;0;1;1;A01
201800044673;2;7;0;0;2;2;12;B01
201800044673;2;32;0;0;2;8;3;A01
201800044674;2;7;0;0;2;6;2;C01
201800044674;2;7;0;0;2;1;1;A01
201800044674;2;7;0;0;2;6;2;B01
201800044675;2;7;0;0;2;4;2;C01
201800044675;2;10;0;0;2;4;23;B01
201800044675;2;7;0;0;2;1;0;Z01
201800044676;1;10;0;4;0;3;13;A01
201800044677;2;7;0;0;2;4;23;Z01
201800044677;2;7;0;1;0;2;1;A01
201800044678;2;7;0;4;0;2;14;A01
201800044679;2;7;0;0;2;4;2;B01
201800044679;2;7;0;0;2;1;2;A01
201800044680;2;7;0;0;2;2;2;A01
201800044680;2;7;0;0;2;4;1;C01
201800044680;2;7;0;0;2;6;2;B01
201800044681;1;7;0;0;2;1;2;A01
201800044681;1;10;0;0;2;5;2;B01
201800044681;1;10;0;0;2;4;2;C01
201800044682;1;10;0;0;2;1;2;A01
201800044682;1;7;0;0;2;4;2;B01
201800044683;2;33;0;16;0;9;21;A01
201800044684;1;10;0;0;2;1;1;B01
201800044684;1;10;0;0;2;4;2;A01
201800044685;1;7;0;0;2;5;1;B01
201800044685;1;34;0;0;2;1;3;A01
201800044686;1;10;0;0;2;4;2;B01
201800044686;1;7;0;0;2;1;2;A01
201800044687;1;10;0;0;2;4;2;B01
201800044687;1;10;0;0;2;1;1;A01
201800044688;2;17;0;0;2;4;2;B01
201800044688;2;17;0;0;2;1;1;A01
201800044689;1;7;0;3;0;1;1;A01
201800044690;1;33;0;0;2;2;3;B01
201800044690;1;7;0;0;2;8;11;A01
201800044691;2;33;0;0;2;2;3;B01
201800044691;2;7;0;0;2;3;11;A01
201800044692;2;7;0;6;0;7;21;A01
201800044693;2;7;0;0;2;0;12;A01
201800044693;2;16;0;0;2;1;2;B01
201800044694;2;7;0;3;0;1;12;A01
201800044695;2;7;0;0;2;1;1;B01
201800044695;2;7;0;0;2;6;2;A01
201800044696;2;7;0;4;0;1;12;A01
201800044697;1;7;0;4;0;3;13;A01
201800044698;1;7;0;3;0;1;21;A01
201800044699;2;7;0;0;2;4;2;A01
201800044699;2;7;0;0;2;1;2;B01
201800044700;1;7;0;0;2;3;2;A01
201800044700;1;7;0;0;2;4;2;B01
201800044700;1;7;0;0;2;4;2;C01
201800044700;1;7;0;0;2;4;2;D01
201800044701;2;7;0;0;2;0;0;Z01
201800044701;2;7;0;4;2;4;1;B01
201800044701;2;7;0;4;2;1;13;A01
201800044702;2;7;0;3;0;1;12;A01
201800044703;1;7;0;4;0;4;14;A01
201800044704;1;7;0;0;2;1;5;A01
201800044704;1;7;0;0;2;1;1;B01
201800044705;2;7;0;4;2;3;11;A01
201800044705;2;15;0;0;2;2;1;B01
201800044706;2;7;0;0;2;5;2;B01
201800044706;2;7;0;0;2;1;1;A01
201800044707;1;7;0;0;2;4;2;B01
201800044707;1;7;0;0;2;1;2;C01
201800044707;1;14;0;0;2;4;2;A01
201800044708;1;7;0;4;0;1;14;A01
201800044709;2;32;0;0;2;5;3;A01
201800044710;2;7;0;0;2;4;2;C01
201800044710;2;7;0;0;2;4;2;B01
201800044710;2;7;0;0;2;1;2;A01
201800044711;1;7;0;0;2;1;2;A01
201800044711;1;7;0;0;2;4;2;B01
201800044712;2;7;0;13;0;9;1;A01
201800044713;2;7;0;0;2;1;14;A01
201800044713;2;7;0;0;2;4;2;B01
201800044714;2;10;0;0;2;1;1;A01
201800044714;2;7;0;0;2;4;23;B01
201800044715;1;7;0;0;2;4;23;A01
201800044715;1;7;0;14;2;3;1;C01
201800044715;1;7;0;;2;1;1;B01
201800044716;1;10;0;0;2;1;2;A01
201800044716;1;7;0;0;2;4;2;B01
201800044716;1;7;0;0;2;4;2;C01
201800044717;1;7;0;0;2;1;2;A01
201800044717;1;7;0;0;2;4;2;C01
201800044717;1;7;0;0;2;4;1;B01
201800044718;1;7;0;0;2;4;2;B01
201800044718;1;7;0;0;2;1;1;A01
201800044719;2;33;0;0;0;7;0;A01
201800044720;1;7;0;0;2;4;2;B01
201800044720;1;7;0;0;2;1;2;A01
201800044720;1;7;0;0;2;4;23;D01
201800044720;1;7;0;0;2;4;2;E01
201800044720;1;7;0;0;2;4;2;C01
201800044721;1;16;0;0;2;2;1;A01
201800044721;1;7;0;0;2;4;2;B01
201800044722;2;10;0;0;2;1;2;A01
201800044722;2;7;0;0;2;4;2;B01
201800044723;1;7;0;0;2;4;0;A01
201800044723;1;7;0;0;2;1;0;B01
201800044724;1;7;0;0;2;3;1;B01
201800044724;1;7;0;0;2;2;12;A01
201800044724;1;7;0;0;2;6;2;C01
201800044725;2;7;0;0;2;4;2;B01
201800044725;2;10;0;0;2;1;2;A01
201800044726;1;7;0;0;2;8;1;B01
201800044726;1;17;0;0;2;2;12;A01
201800044727;1;17;0;0;2;1;2;A01
201800044727;1;17;0;0;2;4;2;B01
201800044728;2;33;0;0;2;2;1;B01
201800044728;2;7;0;0;2;3;11;A01
201800044729;1;15;0;0;2;2;1;C01
201800044729;1;7;0;4;2;6;9;A01
201800044729;1;7;0;0;2;2;1;B01
201800044730;2;7;0;0;2;8;11;A01
201800044730;2;34;0;0;2;7;1;B01
201800044731;1;10;0;4;2;4;2;A01
201800044731;1;17;0;4;2;1;2;B01
201800044732;2;7;0;0;2;3;2;A01
201800044732;2;7;0;0;2;5;2;B01
201800044733;2;7;0;3;0;2;0;A01
201800044734;1;7;0;0;2;1;1;B01
201800044734;1;7;0;0;2;4;23;A01
201800044735;1;7;0;0;2;6;1;B01
201800044735;1;7;0;0;2;2;14;A01
201800044736;1;7;0;3;0;7;1;A01
201800044737;2;7;0;0;2;1;1;B01
201800044737;2;7;0;0;2;4;11;A01
201800044737;2;7;0;0;2;1;0;C01
201800044738;2;33;0;0;2;6;2;B01
201800044738;2;7;0;0;2;5;12;A01
201800044739;1;7;0;0;2;4;2;B01
201800044739;1;31;0;0;2;1;1;A01
201800044740;1;33;0;0;2;1;3;B01
201800044740;1;7;0;0;2;2;12;A01
201800044741;1;7;0;4;2;4;2;B01
201800044741;1;7;0;0;2;2;1;A01
201800044742;1;33;0;0;2;8;1;A01
201800044742;1;10;0;0;2;5;12;B01
201800044743;1;7;0;4;0;1;1;A01
201800044744;1;7;0;16;0;1;14;A01
201800044745;2;33;0;0;2;3;0;B01
201800044745;2;7;0;0;2;2;12;A01
201800044746;2;33;0;0;2;3;3;A01
201800044746;2;7;0;0;2;7;12;B01
201800044747;2;32;0;0;2;7;3;A01
201800044747;2;7;0;0;2;8;1;B01
201800044748;2;7;0;4;0;3;13;A01
201800044749;2;7;0;4;0;1;1;A01
201800044750;2;7;0;14;0;9;9;A01
201800044751;1;10;0;3;0;1;2;A01
201800044752;1;31;0;0;2;7;1;A01
201800044752;1;7;0;0;2;3;0;Z01
201800044753;2;7;0;0;2;3;11;A01
201800044753;2;33;0;0;2;1;1;B01
201800044754;2;7;0;4;2;1;13;A01
201800044754;2;17;0;0;2;7;1;B01
201800044755;1;7;0;0;2;1;2;A01
201800044755;1;7;0;0;2;4;2;B01
201800044756;2;33;0;0;0;7;21;A01
201800044757;2;7;0;0;2;2;1;A01
201800044757;2;7;0;0;2;6;2;B01
201800044758;1;7;0;0;2;1;2;A01
201800044758;1;7;0;0;2;4;2;B01
201800044759;1;10;0;0;2;1;2;A01
201800044759;1;7;0;0;2;4;2;B01
201800044759;1;7;0;0;2;4;2;C01
201800044760;2;7;0;3;0;2;14;A01
201800044761;1;7;0;0;2;3;11;A01
201800044761;1;15;0;0;2;2;1;B01
201800044762;2;7;0;0;2;4;2;B01
201800044762;2;10;0;0;2;3;2;A01
201800044763;2;14;0;0;2;6;2;C01
201800044763;2;7;0;0;2;7;14;A01
201800044763;2;34;0;0;2;8;3;B01
201800044764;2;34;0;0;0;7;2;A01
201800044765;1;33;0;0;0;7;3;A01
201800044766;1;7;0;3;0;1;12;A01
201800044767;1;99;0;0;2;2;1;C01
201800044767;1;17;0;0;2;2;12;B01
201800044767;1;7;0;0;2;1;2;D01
201800044767;1;7;0;0;2;3;21;A01
201800044768;1;7;0;0;2;4;2;A01
201800044768;1;10;0;0;2;1;2;B01
201800044769;1;7;0;0;2;4;2;A01
201800044769;1;10;0;0;2;1;2;B01
201800044770;1;7;0;4;0;1;1;A01
201800044771;1;7;0;6;0;2;0;A01
201800044772;2;7;0;0;2;4;2;A01
201800044772;2;10;0;0;2;1;2;C01
201800044772;2;7;0;0;2;4;2;B01
201800044773;1;7;0;4;0;2;14;A01
201800044774;1;7;0;0;0;9;14;A01
201800044775;1;7;0;4;0;1;21;A01
201800044776;2;7;0;0;2;4;23;B01
201800044776;2;10;0;0;2;1;2;A01
201800044777;1;7;0;0;2;1;2;A01
201800044777;1;7;0;0;2;4;2;B01
201800044778;2;14;0;0;2;2;2;A01
201800044778;2;7;0;0;2;3;2;B01
201800044779;2;7;0;0;2;1;0;Z01
201800044779;2;7;0;0;2;4;1;A01
201800044780;1;7;0;0;2;3;2;A01
201800044780;1;7;0;0;2;5;2;B01
201800044781;2;7;0;4;2;1;18;A01
201800044781;2;10;0;0;2;7;1;B01
201800044782;1;14;0;0;2;6;2;A01
201800044782;1;7;0;0;2;2;1;B01
201800044782;1;7;0;0;2;1;1;C01
201800044783;2;7;0;4;0;3;11;A01
201800044784;2;7;0;4;0;3;13;A01
201800044785;2;7;0;0;2;2;21;A01
201800044785;2;33;0;0;2;3;3;B01
201800044786;2;7;0;0;2;4;2;C01
201800044786;2;7;0;0;2;4;2;B01
201800044786;2;7;0;0;2;1;2;A01
201800044787;2;17;0;0;2;7;1;C01
201800044787;2;7;0;0;2;6;11;B01
201800044787;2;17;0;0;2;2;1;A01
201800044788;1;10;0;0;2;1;0;Z01
201800044788;1;10;0;0;2;4;1;A01
201800044789;1;7;0;0;2;5;2;C01
201800044789;1;10;0;0;2;1;1;A01
201800044789;1;7;0;0;2;4;2;B01
201800044790;1;33;0;0;2;0;0;A01
201800044790;1;7;0;0;2;0;0;Z01
201800044791;2;7;0;3;0;3;11;A01
201800044792;2;7;0;0;2;8;11;A01
201800044792;2;33;0;0;2;7;3;B01
201800044793;2;7;0;0;2;4;2;C01
201800044793;2;33;0;0;2;8;3;B01
201800044793;2;7;0;0;2;7;12;A01
201800044794;1;7;0;0;2;4;0;B01
201800044794;1;7;0;0;2;1;0;A01
201800044795;1;7;0;0;2;4;2;B01
201800044795;1;7;0;0;2;1;12;A01
201800044796;1;7;0;0;2;5;2;B01
201800044796;1;7;0;0;2;6;2;C01
201800044796;1;7;0;0;2;4;2;D01
201800044796;1;7;0;0;2;3;1;A01
201800044797;2;7;0;0;2;1;1;A01
201800044797;2;7;0;0;2;8;0;B01
201800044798;1;7;0;0;2;4;2;B01
201800044798;1;7;0;0;2;1;2;A01
201800044799;1;7;0;0;2;4;2;D01
201800044799;1;7;0;0;2;4;2;C01
201800044799;1;7;0;0;2;4;2;B01
201800044799;1;7;0;0;2;1;2;A01
201800044800;1;7;0;4;0;3;11;A01
201800044801;2;7;0;0;2;1;2;A01
201800044801;2;7;0;0;2;4;2;C01
201800044801;2;7;0;0;2;1;2;B01
201800044802;2;7;0;4;2;1;21;B01
201800044802;2;7;0;4;0;9;14;A01
201800044803;2;7;0;4;2;4;2;B01
201800044803;2;7;0;0;2;1;1;A01
201800044804;2;7;0;0;2;3;1;B01
201800044804;2;7;0;0;2;3;1;C01
201800044804;2;7;0;0;2;1;0;D01
201800044804;2;7;0;0;2;4;0;A01
201800044804;2;33;0;0;2;4;1;E01
201800044805;1;7;0;0;2;4;2;C01
201800044805;1;7;0;0;2;4;2;B01
201800044805;1;7;0;0;2;1;2;A01
201800044806;1;14;0;0;2;4;2;B01
201800044806;1;7;0;0;2;1;2;A01
201800044807;1;33;0;0;2;1;1;A01
201800044807;1;10;0;0;2;4;2;B01
201800044808;1;7;0;0;2;2;12;A01
201800044808;1;33;0;0;2;3;3;B01
201800044809;2;10;0;0;2;2;2;C01
201800044809;2;7;0;0;2;4;2;A01
201800044809;2;10;0;0;2;7;1;D01
201800044809;2;10;0;0;2;4;2;B01
201800044810;2;14;0;4;0;7;1;A01
201800044811;1;7;0;3;0;1;12;A01
201800044812;1;7;0;0;2;1;2;A01
201800044812;1;7;0;0;2;4;2;D01
201800044812;1;7;0;0;2;4;2;B01
201800044812;1;7;0;0;2;4;2;E01
201800044812;1;10;0;0;2;4;2;F01
201800044812;1;7;0;0;2;4;2;C01
201800044813;1;7;0;4;0;3;11;A01
201800044814;1;7;0;0;2;6;11;C01
201800044814;1;34;0;0;2;5;3;A01
201800044814;1;7;0;0;2;4;1;B01
201800044815;2;33;0;0;2;1;3;A01
201800044815;2;7;0;0;2;5;12;B01
201800044816;2;7;0;0;2;4;2;B01
201800044816;2;7;0;0;2;1;2;A01
201800044817;1;10;0;0;2;4;2;B01
201800044817;1;7;0;0;2;1;2;A01
201800044818;1;7;0;0;2;1;2;A01
201800044818;1;7;0;0;2;4;2;C01
201800044818;1;7;0;0;2;8;1;D01
201800044818;1;7;0;0;2;8;2;B01
201800044819;1;7;0;0;2;4;0;B01
201800044819;1;32;0;0;2;1;2;A01
201800044820;1;7;0;4;2;8;0;A01
201800044820;1;7;0;0;2;2;12;B01
201800044821;2;10;0;0;2;4;2;C01
201800044821;2;10;0;0;2;1;2;B01
201800044821;2;10;0;0;2;1;2;A01
201800044822;2;7;0;0;2;6;11;A01
201800044822;2;33;0;0;2;4;1;B01
201800044823;2;7;0;0;2;1;2;A01
201800044823;2;7;0;0;2;4;2;B01
201800044823;2;7;0;0;2;4;2;C01
201800044824;1;10;0;0;2;3;9;A01
201800044824;1;34;0;0;2;1;3;B01
201800044825;1;34;0;16;0;0;0;A01
201800044826;1;32;0;0;2;2;3;A01
201800044826;1;7;0;0;2;6;11;B01
201800044827;2;7;0;14;0;1;1;A01
201800044828;2;34;0;0;2;1;2;B01
201800044828;2;7;0;0;2;6;2;A01
201800044829;2;7;0;0;2;7;1;C01
201800044829;2;10;0;0;2;2;12;A01
201800044829;2;7;0;0;2;3;1;B01
201800044830;1;33;0;16;0;8;21;A01
201800044831;2;10;0;4;0;3;1;A01
201800044832;2;7;0;0;2;7;1;B01
201800044832;1;7;0;4;2;1;1;A01
201800044833;1;7;0;4;0;2;1;A01
201800044834;2;7;0;3;0;9;1;A01
201800044835;2;7;0;0;2;6;2;B01
201800044835;2;7;0;0;2;2;2;A01
201800044836;1;10;0;0;1;3;1;B01
201800044836;1;7;0;3;0;3;2;A01
201800044837;2;7;0;4;0;1;1;A01
201800044838;1;7;0;3;0;1;12;A01
201800044839;2;7;0;4;0;2;1;A01
201800044840;1;7;0;4;0;1;13;A01
201800044841;2;7;0;4;0;1;1;A01
201800044842;2;7;0;4;0;1;14;A01
201800044843;2;7;0;0;2;6;2;A01
201800044843;2;10;0;0;2;7;0;B01
201800044844;1;33;0;4;0;1;13;A01
201800044845;1;7;0;0;2;4;0;B01
201800044845;1;7;0;0;2;1;2;A01
201800044846;1;34;0;0;2;1;3;B01
201800044846;1;17;0;0;2;5;1;A01
201800044847;2;7;0;0;2;6;9;A01
201800044847;2;7;0;0;2;2;1;B01
201800044848;2;33;0;0;2;8;3;B01
201800044848;2;33;0;0;2;7;1;A01
201800044849;1;7;0;0;2;5;2;B01
201800044849;1;33;0;0;2;1;2;A01
201800044850;2;7;0;4;0;3;21;A01
201800044851;2;7;0;0;2;6;23;B01
201800044851;2;7;0;0;2;2;0;A01
201800044852;2;7;0;0;2;3;1;B01
201800044852;2;7;0;0;2;5;1;E01
201800044852;2;10;0;0;2;5;1;F01
201800044852;2;7;0;0;2;6;1;D01
201800044852;2;7;0;0;2;2;0;A01
201800044852;2;7;0;0;2;7;1;C01
201800044853;1;32;0;16;0;7;9;A01
201800044854;2;33;0;0;2;3;3;A01
201800044854;2;7;0;0;2;7;12;B01
201800044855;1;33;0;0;2;8;3;B01
201800044855;1;7;0;0;2;5;12;A01
201800044856;2;7;0;0;2;5;2;B01
201800044856;2;7;0;0;2;1;2;A01
201800044857;1;7;0;3;0;5;12;A01
201800044858;1;33;0;0;0;3;3;A01
201800044859;2;10;0;14;2;8;2;B01
201800044859;2;7;0;0;2;3;21;A01
201800044860;1;17;0;0;2;1;2;A01
201800044860;1;10;0;0;2;7;2;B01
201800044861;1;33;0;0;2;1;3;A01
201800044861;1;7;0;0;2;5;1;B01
201800044862;1;7;0;0;2;3;11;Z01
201800044862;1;7;0;0;2;3;1;A01
201800044863;2;7;0;1;0;3;2;B01
201800044863;2;7;0;1;0;3;1;A01
201800044863;2;7;0;4;2;3;23;C01
201800044864;2;7;0;0;2;7;1;B01
201800044864;2;33;0;0;2;8;3;A01
201800044865;1;7;0;0;2;3;13;A01
201800044865;1;10;0;0;2;2;1;B01
201800044865;1;7;0;0;2;3;1;C01
201800044866;2;7;0;4;0;1;11;A01
201800044867;2;99;0;0;0;;0;Z01
201800044867;2;7;0;0;2;5;2;B01
201800044867;2;7;0;0;2;2;1;A01
201800044867;2;7;0;0;2;8;1;C01
201800044868;1;7;0;4;2;5;12;A01
201800044868;1;17;0;0;2;3;1;B01
201800044869;2;10;0;0;2;1;2;A01
201800044869;2;7;0;0;2;4;2;B01
201800044870;1;7;0;3;0;3;13;A01
201800044871;1;7;0;4;0;2;14;A01
201800044872;1;7;0;0;2;5;2;B01
201800044872;1;7;0;0;2;7;2;C01
201800044872;1;13;0;0;2;1;2;A01
201800044873;2;7;0;0;2;2;14;A01
201800044873;2;7;0;0;2;3;1;B01
201800044874;1;10;0;6;2;1;2;A01
201800044874;1;7;0;0;2;4;2;B01
201800044875;2;7;0;1;2;4;2;C01
201800044875;2;10;0;0;2;1;2;A01
201800044875;2;7;0;0;2;1;2;B01
201800044876;1;7;0;0;2;1;2;D01
201800044876;1;7;0;0;2;4;2;C01
201800044876;1;7;0;0;2;4;2;B01
201800044876;1;7;0;0;2;1;2;A01
201800044877;1;7;0;0;2;1;1;A01
201800044877;1;7;0;0;2;4;2;B01
201800044878;2;7;0;4;2;1;1;A01
201800044878;2;7;0;0;2;4;2;B01
201800044879;1;10;0;4;0;9;13;A01
201800044880;1;7;0;0;2;2;12;A01
201800044880;1;33;0;0;2;8;3;B01
201800044881;1;7;0;0;2;1;2;A01
201800044881;1;7;0;0;2;4;1;B01
201800044881;1;7;0;0;2;4;2;C01
201800044881;1;7;0;0;2;4;2;D01
201800044882;2;7;0;0;2;1;2;B01
201800044882;2;7;0;0;2;4;2;A01
201800044883;2;10;0;0;2;3;2;A01
201800044883;2;10;0;0;2;2;0;B01
201800044884;1;7;0;0;2;5;12;A01
201800044884;1;33;0;0;2;3;3;B01
201800044885;1;7;0;0;2;4;2;B01
201800044885;1;10;0;0;2;1;2;A01
201800044886;1;7;0;0;2;5;1;B01
201800044886;1;33;0;0;2;2;3;A01
201800044886;1;17;0;0;2;6;1;C01
201800044887;1;10;0;0;2;1;1;E01
201800044887;1;7;0;0;2;5;2;D01
201800044887;1;10;0;0;2;1;1;B01
201800044887;1;7;0;0;2;1;1;C01
201800044887;1;7;0;0;2;5;2;A01
201800044887;1;7;0;0;2;2;14;Z01
201800044888;2;7;0;0;2;4;2;B01
201800044888;2;7;0;0;2;4;2;C01
201800044888;2;7;0;0;2;1;2;A01
201800044889;1;7;0;3;0;3;13;A01
201800044890;1;38;32;0;2;4;2;B01
201800044890;1;7;0;0;2;4;2;C01
201800044890;1;7;0;0;2;1;2;A01
201800044891;2;10;0;0;2;4;1;B01
201800044891;2;33;0;0;2;1;3;A01
201800044892;1;7;0;0;2;1;1;A01
201800044892;1;7;0;0;2;4;2;B01
201800044893;2;7;0;0;2;3;11;B01