num_acc;senc;catv;occutc;obs;obsm;choc;manv;num_veh
201800045206;1;7;0;0;2;4;1;B01
201800045206;1;7;0;0;2;4;1;C01
201800045207;2;33;0;0;2;3;3;A01
201800045207;2;7;0;0;2;6;1;B01
201800045208;1;33;0;0;0;8;3;A01
201800045208;1;7;0;0;0;0;12;B01
201800045209;1;7;0;4;2;2;0;A01
201800045209;1;14;0;0;2;2;2;B01
201800045210;2;17;0;0;2;7;12;A01
201800045210;2;7;0;0;2;2;1;C01
201800045210;2;7;0;0;2;8;1;B01
201800045211;2;10;0;0;2;1;2;A01
201800045211;2;7;0;0;2;4;2;B01
201800045212;1;32;0;0;2;1;3;A01
201800045212;1;7;0;0;2;5;1;B01
201800045213;2;33;0;0;2;7;3;A01
201800045213;2;17;0;0;2;8;1;B01
201800045214;1;15;0;0;2;4;23;A01
201800045214;1;7;0;1;0;1;1;B01
201800045215;1;7;0;4;0;2;12;A01
201800045216;2;37;1;0;2;8;11;A01
201800045216;2;33;0;0;2;7;1;B01
201800045217;1;7;0;0;2;8;13;A01
201800045217;1;33;0;0;2;7;1;B01
201800045218;1;7;0;0;2;4;2;C01
201800045218;1;7;0;0;2;1;1;A01
201800045218;1;10;0;0;2;4;2;B01
201800045219;1;7;0;0;6;1;1;A01
201800045220;2;7;0;0;2;2;1;C01
201800045220;2;7;0;0;2;3;1;B01
201800045220;2;17;0;0;2;2;12;A01
201800045221;2;31;0;0;0;7;21;A01
201800045222;2;7;0;0;2;4;2;A01
201800045222;2;7;0;0;2;1;2;B01
201800045222;2;7;0;0;2;1;2;C01
201800045222;2;10;0;0;2;1;2;D01
201800045222;2;7;0;0;2;1;2;E01
201800045222;2;7;0;0;2;1;2;F01
201800045223;2;7;0;0;2;1;2;A01
201800045223;2;7;0;0;2;4;2;B01
201800045224;2;33;0;0;2;7;21;A01
201800045224;2;7;0;0;2;8;11;B01
201800045225;1;34;0;0;2;1;2;A01
201800045225;1;7;0;0;2;8;13;B01
201800045226;2;7;0;0;2;6;11;B01
201800045226;2;33;0;0;2;0;3;A01
201800045227;1;31;0;0;2;1;11;A01
201800045227;1;7;0;0;2;4;2;B01
201800045228;2;7;0;3;0;1;14;A01
201800045229;1;17;0;0;2;6;2;B01
201800045229;1;7;0;0;2;2;2;A01
201800045230;1;7;0;13;0;9;1;A01
201800045231;1;7;0;0;2;1;1;B01
201800045231;1;7;0;3;2;4;2;A01
201800045232;1;7;0;0;2;5;2;B01
201800045232;1;7;0;0;2;8;2;C01
201800045232;1;33;0;0;2;0;3;A01
201800045233;2;10;0;0;2;1;1;A01
201800045233;2;7;0;0;2;4;2;B01
201800045234;2;7;0;0;1;2;12;A01
201800045235;2;7;0;4;0;3;13;A01
201800045236;1;10;0;0;2;1;12;A01
201800045236;1;7;0;0;2;8;2;B01
201800045236;1;7;0;0;2;4;2;C01
201800045237;2;7;0;0;2;1;0;Z01
201800045237;2;10;0;4;0;2;21;C01
201800045237;2;10;0;0;2;8;1;B01
201800045238;2;7;0;0;2;1;2;A01
201800045238;2;7;0;0;2;4;2;B01
201800045238;2;7;0;0;2;4;2;C01
201800045239;1;7;0;3;0;9;0;A01
201800045240;1;10;0;0;2;4;2;B01
201800045240;1;7;0;0;2;1;1;A01
201800045241;2;7;0;1;0;2;2;A01
201800045241;2;7;0;0;2;6;2;B01
201800045242;2;7;0;0;2;1;2;A01
201800045242;2;7;0;0;2;4;2;B01
201800045243;2;34;0;0;2;1;3;A01
201800045243;2;7;0;0;2;4;2;C01
201800045243;2;33;0;0;2;4;3;B01
201800045244;1;7;0;4;0;3;11;A01
201800045245;1;7;0;4;0;1;21;A01
201800045246;1;16;0;0;2;2;12;A01
201800045246;1;7;0;0;2;3;1;B01
201800045247;1;7;0;0;2;3;13;A01
201800045247;1;7;0;0;2;4;23;C01
201800045247;1;7;0;0;2;6;23;B01
201800045248;1;7;0;0;2;4;1;A01
201800045248;1;33;0;0;2;1;3;B01
201800045249;2;31;0;0;2;8;3;B01
201800045249;2;7;0;0;2;7;12;A01
201800045250;2;7;0;0;2;6;11;B01
201800045250;2;33;0;0;2;2;3;A01
201800045251;1;17;0;0;2;2;12;A01
201800045251;1;7;0;0;2;3;2;B01
201800045252;1;7;0;3;0;9;2;A01
201800045253;2;7;0;4;0;1;11;A01
201800045254;1;7;0;0;2;3;21;B01
201800045254;1;7;0;0;2;5;2;A01
201800045255;2;7;0;0;2;4;1;B01
201800045255;2;7;0;0;2;1;1;A01
201800045256;2;7;0;0;2;2;1;B01
201800045256;2;7;0;0;2;3;11;A01
201800045257;2;10;0;0;2;8;11;A01
201800045257;2;33;0;0;2;7;1;B01
201800045258;1;17;0;0;2;1;1;A01
201800045258;1;14;0;0;2;4;2;C01
201800045258;1;14;0;0;2;4;2;B01
201800045258;1;7;0;0;2;4;2;D01
201800045259;2;34;0;0;2;1;3;A01
201800045259;2;7;0;0;2;7;12;B01
201800045260;1;7;0;0;2;8;11;B01
201800045260;1;14;0;0;2;2;1;A01
201800045261;1;34;0;16;0;7;14;A01
201800045262;1;7;0;0;2;5;12;A01
201800045262;1;31;0;0;2;3;2;B01
201800045263;2;7;0;1;0;1;2;A01
201800045263;2;7;0;0;2;4;23;B01
201800045264;2;15;0;0;2;4;0;B01
201800045264;2;7;0;1;0;1;1;A01
201800045265;2;32;0;0;2;7;1;A01
201800045265;2;7;0;0;2;8;11;B01
201800045266;2;33;0;0;2;8;3;A01
201800045266;2;7;0;0;2;6;1;C01
201800045266;2;7;0;0;2;7;12;B01
201800045267;2;38;50;0;2;5;1;C01
201800045267;2;7;0;0;2;8;9;B01
201800045267;2;17;0;0;2;7;1;A01
201800045268;2;7;0;0;2;5;2;C01
201800045268;2;34;0;0;2;2;3;A01
201800045268;2;7;0;0;2;3;11;B01
201800045269;2;34;0;0;2;7;3;A01
201800045269;2;7;0;0;2;3;11;B01
201800045270;2;7;0;0;2;4;2;D01
201800045270;2;7;0;0;2;4;2;C01
201800045270;2;7;0;0;2;1;2;A01
201800045270;2;7;0;0;2;4;2;B01
201800045271;2;10;0;0;1;1;0;A01
201800045272;1;7;0;4;2;4;2;A01
201800045272;1;10;0;0;2;1;1;B01
201800045273;2;7;0;0;2;6;11;A01
201800045273;2;32;0;0;2;2;3;B01
201800045274;2;10;0;0;2;4;1;C01
201800045274;2;7;0;0;2;1;2;A01
201800045274;2;7;0;0;2;4;2;B01
201800045275;2;32;0;0;2;3;3;A01
201800045275;2;7;0;0;2;2;12;B01
201800045276;2;7;0;4;0;2;2;A01
201800045277;1;7;0;0;2;1;1;A01
201800045277;1;7;0;0;2;4;2;B01
201800045278;2;7;0;0;2;5;1;C01
201800045278;2;33;0;0;2;4;3;B01
201800045278;2;32;0;0;2;3;3;A01
201800045279;2;7;0;0;2;4;23;A01
201800045279;2;7;0;0;2;1;2;B01
201800045279;2;7;0;0;2;4;2;C01
201800045280;1;10;0;0;2;4;2;C01
201800045280;1;7;0;0;2;4;2;B01
201800045280;1;10;0;0;2;1;2;A01
201800045281;2;7;0;0;2;1;1;A01
201800045281;2;7;0;0;2;4;2;B01
201800045282;1;7;0;0;2;4;2;B01
201800045282;1;7;0;0;2;1;1;A01
201800045282;1;7;0;0;2;4;2;C01
201800045283;2;7;0;0;2;8;11;A01
201800045283;2;31;0;0;2;7;1;B01
201800045284;2;7;0;0;2;4;23;B01
201800045284;2;7;0;1;0;1;1;A01
201800045285;1;7;0;4;0;1;13;A01
201800045286;2;7;0;0;0;7;1;A01
201800045287;2;7;0;4;0;9;0;A01
201800045288;1;34;0;3;0;2;14;A01
201800045289;1;34;0;0;2;6;3;C01
201800045289;1;33;0;0;2;7;3;A01
201800045289;1;7;0;0;2;6;1;B01
201800045290;1;7;0;4;0;3;2;A01
201800045291;2;10;0;4;0;7;14;A01
201800045292;2;7;0;4;0;1;1;A01
201800045293;2;7;0;4;0;7;14;A01
201800045294;1;7;0;4;2;1;1;B01
201800045294;1;7;0;0;2;1;13;A01
201800045294;1;7;0;0;2;1;1;C01
201800045295;2;7;0;16;0;9;1;A01
201800045296;2;7;0;0;2;8;11;A01
201800045296;2;33;0;0;2;7;17;B01
201800045297;2;10;0;0;2;1;2;Z01
201800045297;2;7;0;0;2;4;2;A01
201800045298;1;7;0;0;2;4;2;A01
201800045298;1;7;0;0;2;1;1;B01
201800045299;1;33;0;13;0;1;12;A01
201800045300;1;7;0;0;2;4;2;B01
201800045300;1;17;0;0;2;1;2;A01
201800045301;2;15;0;0;2;3;1;B01
201800045301;2;7;0;0;2;9;12;A01
201800045302;1;7;0;0;2;4;2;B01
201800045302;1;10;0;0;2;1;1;A01
201800045303;2;7;0;0;2;1;2;A01
201800045303;2;7;0;0;2;4;2;B01
201800045303;2;10;0;0;2;4;2;C01
201800045304;2;7;0;0;2;7;12;A01
201800045304;2;32;0;0;2;8;3;B01
201800045305;1;34;0;0;2;7;3;A01
201800045305;1;7;0;0;2;8;11;B01
201800045306;2;30;0;0;0;0;0;A01
201800045307;2;7;0;0;2;8;11;B01
201800045307;2;32;0;0;2;8;3;A01
201800045308;2;7;0;0;2;6;11;A01
201800045308;2;33;0;0;2;1;3;B01
201800045309;2;33;0;3;0;1;2;A01
201800045310;1;32;0;0;2;1;3;A01
201800045310;1;7;0;0;2;4;1;B01
201800045311;2;33;0;0;2;1;3;A01
201800045311;2;7;0;0;2;6;11;B01
201800045312;1;7;0;0;2;1;2;A01
201800045312;1;7;0;0;2;4;2;B01
201800045312;1;7;0;0;2;4;2;C01
201800045313;2;7;0;0;2;1;2;C01
201800045313;2;7;0;0;2;1;1;A01
201800045313;2;7;0;0;2;4;2;D01
201800045313;2;7;0;0;2;1;2;B01
201800045314;2;17;0;4;2;1;21;A01
201800045314;2;99;0;0;2;0;0;Z01
201800045315;2;7;0;3;0;1;0;A01
201800045316;1;33;0;3;0;7;0;A01
201800045317;2;7;0;4;2;9;13;A01
201800045317;2;7;0;0;2;9;2;B01
201800045317;2;7;0;0;2;4;2;C01
201800045317;2;7;0;0;2;4;2;D01
201800045318;1;7;0;0;2;8;11;A01
201800045318;1;33;0;0;2;7;3;B01
201800045319;1;7;0;0;2;4;1;B01
201800045319;1;33;0;0;2;1;12;A01
201800045320;1;7;0;3;0;9;14;A01
201800045321;1;7;0;3;0;1;14;A01
201800045322;2;7;0;0;2;1;1;A01
201800045322;2;7;0;0;2;4;2;B01
201800045323;2;7;0;0;2;8;9;Z01
201800045323;2;7;0;0;2;2;1;B01
201800045324;1;7;0;4;0;8;21;A01
201800045325;2;10;0;0;1;2;21;A01
201800045326;1;7;0;11;0;2;14;A01
201800045327;1;7;0;0;2;4;2;A01
201800045327;1;7;0;0;2;1;2;B01
201800045328;2;7;0;0;2;4;2;B01
201800045328;2;33;0;0;2;1;3;C01
201800045328;2;7;0;14;2;1;1;A01
201800045329;2;7;0;0;2;4;2;B01
201800045329;2;10;0;0;2;1;1;A01
201800045330;1;10;0;1;0;3;21;A01
201800045331;1;33;0;0;0;0;3;A01
201800045332;1;34;0;0;2;1;2;A01
201800045332;1;10;0;0;2;4;2;B01
201800045333;2;14;0;0;2;2;12;A01
201800045333;2;7;0;0;2;3;1;B01
201800045334;2;7;0;0;2;4;2;B01
201800045334;2;7;0;0;2;4;2;C01
201800045334;2;16;0;0;2;1;1;A01
201800045335;2;7;0;0;2;7;12;A01
201800045335;2;7;0;0;2;4;2;C01
201800045335;2;32;0;0;2;3;3;B01
201800045336;2;7;0;0;2;4;2;B01
201800045336;2;7;0;0;2;1;2;A01
201800045337;1;7;0;3;0;2;1;A01
201800045338;1;31;0;0;2;1;3;A01
201800045338;1;10;0;0;2;5;2;B01
201800045338;1;17;0;0;2;8;2;C01
201800045339;2;33;0;0;2;3;3;A01
201800045339;2;10;0;0;2;7;12;B01
201800045339;2;7;0;0;2;6;1;C01
201800045340;1;33;0;0;2;3;1;B01
201800045340;1;7;0;0;2;2;12;A01
201800045341;1;2;0;0;0;1;1;A01
201800045342;1;7;0;0;2;1;2;B01
201800045342;1;7;0;0;2;4;2;A01
201800045343;2;7;0;0;2;5;12;A01
201800045343;2;34;0;0;2;8;3;B01
201800045344;2;33;0;0;2;8;3;B01
201800045344;2;7;0;0;2;7;12;A01
201800045345;2;7;0;4;0;1;9;A01
201800045346;1;33;0;0;2;1;2;B01
201800045346;1;7;0;0;2;5;1;A01
201800045347;2;33;0;0;2;8;3;A01
201800045347;2;7;0;0;2;7;12;Z01
201800045348;1;33;0;0;0;1;3;A01
201800045349;1;34;0;0;2;1;1;A01
201800045349;1;7;0;0;2;5;12;B01
201800045350;2;7;0;1;0;3;21;A01
201800045350;2;7;0;0;2;5;23;B01
201800045351;2;33;0;0;2;1;3;A01
201800045351;2;7;0;0;2;3;0;B01
201800045352;2;7;0;0;2;5;2;C01
201800045352;2;33;0;0;2;1;3;A01
201800045352;2;7;0;0;2;3;2;B01
201800045353;2;7;0;0;2;0;0;Z01
201800045353;2;33;0;0;2;0;3;A01
201800045354;1;10;0;0;2;1;1;A01
201800045354;1;7;0;0;2;4;2;B01
201800045355;2;33;0;0;2;7;3;A01
201800045355;2;7;0;0;2;8;1;B01
201800045356;2;7;0;0;2;5;1;D01
201800045356;2;33;0;0;2;1;3;B01
201800045356;2;7;0;0;2;5;12;A01
201800045356;2;10;0;0;2;3;1;C01
201800045357;2;10;0;1;1;2;21;D01
201800045357;2;7;0;0;2;4;1;A01
201800045357;2;7;0;1;0;3;21;C01
201800045358;2;7;0;3;0;2;14;A01
201800045359;1;7;0;6;0;1;21;A01
201800045360;1;7;0;0;2;6;23;A01
201800045360;1;7;0;1;0;2;1;B01
201800045361;2;33;0;0;0;7;21;A01
201800045362;1;7;0;0;2;4;23;B01
201800045362;1;34;0;1;0;1;2;A01
201800045363;1;7;0;0;2;4;2;B01
201800045363;1;7;0;0;2;1;1;A01
201800045363;1;7;0;0;2;4;2;C01
201800045364;1;33;0;0;2;1;1;A01
201800045364;1;7;0;0;2;4;11;B01
201800045365;2;33;0;0;2;7;2;B01
201800045365;2;7;0;0;2;6;11;A01
201800045366;1;16;0;0;2;2;12;A01
201800045366;1;7;0;0;2;6;1;B01
201800045367;1;7;0;4;0;2;0;A01
201800045368;2;7;0;0;2;1;2;Z01
201800045368;2;10;0;0;2;4;2;B01
201800045369;2;7;0;0;2;2;6;A01
201800045369;2;33;0;0;2;8;1;B01
201800045370;1;7;0;0;0;9;1;A01
201800045371;1;7;0;0;2;2;2;C01
201800045371;1;37;1;0;2;4;2;D01
201800045371;1;14;0;0;2;1;2;A01
201800045371;1;14;0;0;2;4;2;B01
201800045372;2;31;0;0;2;1;3;A01
201800045372;2;7;0;0;2;4;12;B01
201800045373;2;7;0;0;2;4;2;B01
201800045373;2;33;0;0;2;1;2;A01
201800045373;2;10;0;0;2;4;2;C01
201800045374;1;33;0;0;0;8;1;A01
201800045375;2;7;0;0;2;4;2;B01
201800045375;2;7;0;0;2;1;1;A01
201800045376;1;7;0;4;0;1;21;A01
201800045377;2;7;0;3;2;4;1;A01
201800045377;2;7;0;0;2;2;12;B01
201800045378;1;10;0;0;2;4;2;B01
201800045378;1;7;0;0;2;1;2;A01
201800045379;2;7;0;0;2;1;2;A01
201800045379;2;7;0;0;2;4;2;B01
201800045380;2;7;0;0;2;8;0;B01
201800045380;2;34;0;0;2;2;3;A01
201800045381;2;17;0;0;2;2;12;B01
201800045381;2;7;0;0;2;6;2;D01
201800045381;2;7;0;0;2;1;1;C01
201800045381;2;7;0;0;2;8;2;A01
201800045382;2;10;0;0;2;1;1;A01
201800045382;2;7;0;0;2;4;2;B01
201800045383;2;7;0;4;0;1;14;A01
201800045384;1;7;0;4;2;1;14;A01
201800045384;1;7;0;0;2;7;11;B01
201800045385;1;10;0;4;2;4;2;A01
201800045385;1;10;0;4;2;1;1;B01
201800045386;2;7;0;4;0;1;14;A01
201800045387;2;7;0;0;2;4;2;B01
201800045387;2;7;0;0;2;5;2;C01
201800045387;2;32;0;0;2;1;1;A01
201800045388;2;7;0;3;0;2;14;A01
201800045389;1;10;0;0;2;4;2;C01
201800045389;1;10;0;0;2;1;2;A01
201800045389;1;7;0;0;2;4;2;B01
201800045390;2;7;0;0;2;6;11;B01
201800045390;2;33;0;0;2;7;1;A01
201800045391;2;10;0;0;2;6;2;B01
201800045391;2;16;0;0;2;7;2;C01
201800045391;2;33;0;0;2;1;2;A01
201800045392;1;7;0;4;0;1;2;A01
201800045393;2;33;0;0;0;1;2;A01
201800045394;2;32;0;0;2;1;2;B01
201800045394;2;7;0;0;2;6;2;A01
201800045395;2;33;0;4;0;7;0;A01
201800045396;1;7;0;4;0;2;1;A01
201800045397;2;7;0;4;0;3;1;A01
201800045398;1;7;0;0;2;1;1;A01
201800045398;1;7;0;0;2;4;2;B01
201800045399;2;7;0;4;0;1;0;A01
201800045400;2;7;0;4;0;2;14;A01
201800045401;2;7;0;0;2;7;12;A01
201800045401;2;17;0;0;2;8;1;C01
201800045401;2;33;0;0;2;9;3;B01
201800045402;1;7;0;0;2;2;1;A01
201800045402;1;7;0;14;2;8;11;B01
201800045403;1;7;0;4;0;1;14;A01
201800045404;2;7;0;3;0;3;0;A01
201800045405;1;7;0;0;2;2;14;A01
201800045405;1;7;0;0;2;6;1;B01
201800045406;1;7;0;0;2;5;12;A01
201800045406;1;33;0;0;2;3;1;B01
201800045407;1;10;0;0;2;5;2;B01
201800045407;1;7;0;0;2;3;11;A01
201800045407;1;10;0;0;2;4;2;C01
201800045408;1;10;0;0;2;1;1;Z01
201800045408;1;10;0;0;2;4;2;A01
201800045409;1;7;0;0;2;4;2;B01
201800045409;1;99;0;0;2;3;2;A01
201800045410;1;7;0;0;2;5;23;C01
201800045410;1;7;0;0;2;4;23;B01
201800045410;1;7;0;0;2;1;2;Z01
201800045411;2;7;0;0;2;4;2;B01
201800045411;2;10;0;0;2;1;2;A01
201800045411;2;7;0;0;2;4;2;C01
201800045412;1;7;0;0;2;1;2;A01
201800045412;1;7;0;0;2;4;2;C01
201800045412;1;7;0;0;2;4;2;B01
201800045413;1;7;0;3;0;3;13;A01
201800045414;1;7;0;0;2;1;2;A01
201800045414;1;10;0;0;2;4;2;C01
201800045414;1;7;0;0;2;4;2;B01
201800045415;2;7;0;0;2;1;1;A01
201800045415;2;7;0;0;2;4;2;B01
201800045415;2;7;0;0;2;4;2;C01
201800045416;2;7;0;0;2;1;2;A01
201800045416;2;7;0;0;2;4;2;B01
201800045416;2;7;0;0;2;4;2;C01
201800045416;2;7;0;0;2;4;2;D01
201800045417;2;38;1;0;2;1;1;A01
201800045417;2;7;0;0;2;4;2;B01
201800045417;2;7;0;0;2;4;2;C01
201800045418;2;33;0;0;0;0;1;A01
201800045419;1;33;0;14;0;8;0;A01
201800045420;1;7;0;0;2;6;1;B01
201800045420;1;17;0;0;2;2;12;A01
201800045421;2;33;0;0;2;1;3;A01
201800045421;2;7;0;0;2;2;12;B01
201800045422;1;7;0;3;0;1;1;A01
201800045423;1;7;0;4;0;2;15;A01
201800045424;2;7;0;0;2;0;0;A01
201800045424;2;33;0;0;2;0;0;B01
201800045425;1;7;0;0;2;5;12;B01
201800045425;1;33;0;0;2;3;18;A01
201800045426;1;7;0;0;2;1;1;A01
201800045426;1;7;0;0;2;4;2;B01
201800045426;1;10;0;0;2;4;2;C01
201800045426;1;7;0;0;2;4;2;D01
201800045427;1;7;0;0;2;4;1;B01
201800045427;1;7;0;0;2;1;14;A01
201800045427;1;7;0;0;2;6;1;C01
201800045428;2;7;0;0;2;1;1;A01
201800045428;2;7;0;0;2;4;2;B01
201800045429;2;14;0;0;2;6;2;D01
201800045429;2;7;0;0;2;8;11;B01
201800045429;2;7;0;0;2;5;2;C01
201800045429;2;33;0;0;2;7;3;A01
201800045430;2;7;0;0;2;7;12;A01
201800045430;2;33;0;0;2;8;2;B01
201800045431;2;7;0;4;0;6;1;A01
201800045432;2;7;0;0;2;4;2;B01
201800045432;2;10;0;0;2;1;1;A01
201800045433;1;33;0;4;0;1;14;A01
201800045434;1;16;0;0;2;1;1;A01
201800045434;1;10;0;0;2;4;2;B01
201800045435;2;7;0;0;2;1;2;A01
201800045435;2;10;0;0;2;4;1;B01
201800045435;2;10;0;0;2;4;1;C01
201800045436;1;7;0;0;2;4;2;A01
201800045436;1;7;0;0;2;1;2;B01
201800045437;2;7;0;4;0;3;13;A01
201800045438;1;7;0;4;0;1;1;A01
201800045439;1;7;0;4;0;1;1;A01
201800045440;2;10;0;0;2;1;1;B01
201800045440;2;7;0;4;2;1;1;A01
201800045441;1;7;0;4;0;3;1;A01
201800045442;2;7;0;4;0;3;0;A01
201800045443;2;10;0;0;2;3;12;A01
201800045443;2;7;0;3;2;5;1;B01
201800045444;2;7;0;4;0;9;1;A01
201800045445;2;7;0;3;0;2;0;A01
201800045446;2;7;0;4;0;3;2;A01
201800045447;1;7;0;4;0;3;11;A01
201800045448;1;7;0;4;0;9;1;A01
201800045449;2;31;0;0;2;3;3;A01
201800045450;2;7;0;4;0;1;1;A01
201800045451;1;7;0;4;0;4;2;A01
201800045452;2;32;0;0;2;8;3;B01
201800045452;2;7;0;0;2;7;12;A01
201800045453;1;31;0;3;0;7;1;A01
201800045454;2;10;0;0;2;5;13;A01
201800045454;2;33;0;0;2;8;18;B01
201800045455;2;17;0;0;2;4;2;A01
201800045455;2;10;0;0;2;4;2;C01
201800045455;2;7;0;0;2;4;2;B01
201800045455;2;7;0;0;2;1;2;D01
201800045456;2;10;0;4;2;1;2;A01
201800045456;2;17;0;0;2;4;2;C01
201800045456;2;14;0;0;2;5;2;B01
201800045457;2;33;0;0;2;1;3;B01
201800045457;2;7;0;0;2;8;11;A01
201800045458;1;33;0;14;0;7;2;A01
201800045459;2;33;0;0;2;1;2;A01
201800045459;2;7;0;0;2;4;23;B01
201800045460;2;7;0;0;2;1;2;A01
201800045460;2;7;0;0;2;4;2;B01
201800045461;2;7;0;0;2;5;12;B01
201800045461;2;33;0;0;2;3;3;A01
201800045462;1;34;0;0;2;1;12;A01
201800045462;1;7;0;0;2;5;1;B01
201800045463;1;7;0;4;0;3;1;A01
201800045464;1;7;0;0;2;4;12;B01
201800045464;1;33;0;0;2;1;3;A01
201800045465;2;33;0;0;2;4;0;A01
201800045465;2;7;0;0;2;1;0;Z01
201800045466;2;7;0;4;0;9;1;A01
201800045467;1;7;0;0;2;4;2;B01
201800045467;1;7;0;0;2;4;21;A01
201800045468;1;7;0;4;0;1;1;A01
201800045469;2;7;0;1;0;1;1;B01
201800045469;2;7;0;0;2;8;23;A01
201800045470;1;7;0;0;2;4;2;B01
201800045470;1;7;0;0;2;1;2;A01
201800045471;1;7;0;3;0;1;1;A01
201800045472;1;33;0;0;2;1;1;D01
201800045472;1;7;0;0;2;1;1;A01
201800045472;1;7;0;0;2;4;2;C01
201800045472;1;7;0;0;2;4;2;B01
201800045473;1;7;0;0;2;4;2;B01
201800045473;1;10;0;0;2;1;1;A01
201800045474;1;7;0;0;2;7;12;A01
201800045474;1;33;0;0;2;8;3;B01
201800045475;2;7;0;0;2;4;0;B01
201800045475;2;7;0;0;2;1;0;A01
201800045476;1;7;0;0;2;5;2;A01
201800045476;1;10;0;0;2;0;0;Z01
201800045477;1;7;0;0;2;5;2;B01
201800045477;1;33;0;0;2;1;1;A01
201800045478;1;7;0;0;2;4;12;A01
201800045478;1;33;0;0;2;1;1;B01
201800045479;2;7;0;0;2;1;1;B01
201800045479;2;10;0;0;2;4;2;A01
201800045480;2;31;0;0;2;7;3;A01
201800045480;2;7;0;0;2;8;11;B01
201800045481;2;10;0;1;0;2;12;B01
201800045481;2;10;0;0;2;6;23;A01
201800045482;1;33;0;0;2;2;2;A01
201800045482;1;7;0;0;2;3;2;B01
201800045483;2;7;0;3;0;1;1;A01
201800045484;1;7;0;4;0;3;11;A01
201800045485;1;7;0;0;2;7;12;A01
201800045485;1;32;0;0;2;8;3;B01
201800045486;2;7;0;4;0;1;2;A01
201800045487;2;7;0;0;2;4;2;C01
201800045487;2;7;0;0;2;4;2;B01
201800045487;2;7;0;0;2;1;1;A01
201800045488;2;7;0;0;2;2;1;B01
201800045488;2;7;0;0;2;1;18;A01
201800045489;1;7;0;2;0;0;1;A01
201800045490;1;7;0;0;2;4;2;A01
201800045490;1;10;0;0;2;1;1;B01
201800045491;1;7;0;4;0;0;0;A01
201800045492;2;33;0;4;0;3;13;A01
201800045493;1;7;0;0;2;5;2;C01
201800045493;1;7;0;0;2;1;2;A01
201800045493;1;7;0;0;2;4;2;B01
201800045494;2;7;0;1;2;8;13;C01
201800045494;2;7;0;1;2;7;1;A01
201800045494;2;7;0;0;2;1;23;B01
201800045495;2;7;0;0;2;4;1;B01
201800045495;2;10;0;4;2;1;1;A01
201800045496;2;7;0;4;0;2;1;A01
201800045497;1;32;0;16;0;3;13;A01
201800045498;1;7;0;3;0;1;1;A01
201800045499;2;7;0;0;0;1;1;A01
201800045500;2;33;0;0;2;7;3;A01
201800045500;2;15;0;0;2;8;1;B01
201800045501;2;7;0;4;0;1;1;A01
201800045502;1;10;0;4;0;2;13;A01
201800045503;2;7;0;4;0;3;1;A01
201800045504;2;7;0;3;0;1;15;A01
201800045505;2;33;0;0;2;1;13;A01
201800045505;2;7;0;0;2;4;1;B01
201800045506;2;7;0;0;2;4;2;B01
201800045506;2;7;0;0;2;1;1;A01
201800045507;1;32;0;0;2;1;2;A01
201800045507;1;7;0;0;2;4;2;B01
201800045508;2;10;0;4;0;2;14;A01
201800045509;1;33;0;0;2;2;12;A01
201800045509;1;7;0;0;2;6;1;B01
201800045510;1;7;0;0;2;7;12;Z01
201800045510;1;33;0;0;2;8;3;A01
201800045510;1;7;0;0;2;6;1;B01
201800045511;1;15;0;0;2;1;1;A01
201800045511;1;17;0;0;2;4;2;B01
201800045512;2;7;0;0;2;3;1;B01
201800045512;2;14;0;0;2;2;14;A01
201800045513;2;7;0;0;2;4;2;B01
201800045513;2;34;0;0;2;1;2;A01
201800045514;1;10;0;0;2;4;1;B01
201800045514;1;7;0;0;2;1;1;A01
201800045515;1;7;0;0;2;1;14;A01
201800045515;1;7;0;0;2;6;2;B01
201800045516;1;7;0;0;2;7;23;A01
201800045516;1;7;0;0;2;1;1;C01
201800045516;1;17;0;4;2;1;21;B01
201800045516;1;7;0;14;0;1;1;E01
201800045516;1;7;0;0;2;4;2;D01
201800045517;2;7;0;4;0;3;1;A01
201800045517;2;10;0;0;2;8;1;D01
201800045517;2;7;0;0;2;4;1;B01
201800045517;2;7;0;0;2;1;1;C01
201800045518;1;7;0;0;2;1;1;B01
201800045518;1;7;0;0;2;4;14;A01
201800045519;1;7;0;0;2;1;2;A01
201800045519;1;7;0;0;2;4;2;D01
201800045519;1;7;0;0;2;4;2;C01
201800045519;1;7;0;0;2;4;2;B01
201800045519;1;7;0;0;2;4;2;E01
201800045520;2;7;0;0;2;1;21;A01
201800045520;2;10;0;0;2;4;0;B01
201800045521;1;7;0;3;0;1;0;A01
201800045522;1;7;0;3;0;1;1;A01
201800045523;2;7;0;4;0;1;17;A01
201800045524;2;7;0;4;0;1;1;A01
201800045525;2;7;0;0;2;1;1;B01
201800045525;2;7;0;0;2;6;14;A01
201800045526;2;7;0;4;0;1;1;A01
201800045527;1;7;0;4;0;1;1;A01
201800045528;2;7;0;3;0;1;11;A01
201800045529;2;7;0;0;2;4;2;A01
201800045529;2;7;0;0;2;4;2;B01
201800045529;2;7;0;0;2;1;1;C01
201800045530;1;7;0;4;0;1;1;A01
201800045531;2;32;0;0;2;1;2;A01
201800045531;2;7;0;0;2;4;0;B01
201800045532;2;17;0;0;2;4;2;B01
201800045532;2;7;0;0;2;1;2;A01
201800045533;2;7;0;4;0;3;11;A01
201800045534;2;7;0;4;0;3;11;A01
201800045535;2;15;0;0;2;1;2;A01
201800045535;2;7;0;0;2;4;2;B01