num_acc;senc;catv;occutc;obs;obsm;choc;manv;num_veh
201800045536;2;33;0;0;0;0;0;A01
201800045537;2;7;0;4;0;1;13;A01
201800045538;1;10;0;0;2;5;2;B01
201800045538;1;7;0;0;2;1;2;C01
201800045538;1;7;0;0;2;3;1;A01
201800045539;1;33;0;0;2;1;2;B01
201800045539;1;7;0;0;2;4;23;A01
201800045540;1;33;0;0;2;1;9;A01
201800045540;1;7;0;0;2;6;23;B01
201800045541;1;37;33;13;0;2;14;A01
201800045542;1;7;0;0;2;1;2;A01
201800045542;1;7;0;0;2;4;2;B01
201800045543;2;17;0;1;0;2;2;B01
201800045543;2;7;0;0;2;6;23;A01
201800045544;2;7;0;4;0;2;14;A01
201800045545;2;16;0;0;2;8;1;B01
201800045545;2;10;0;0;2;3;17;A01
201800045545;2;15;0;0;2;7;1;C01
201800045546;2;33;0;16;0;2;3;A01
201800045547;1;7;0;0;2;4;2;A01
201800045547;1;7;0;0;2;4;2;B01
201800045547;1;7;0;0;2;1;2;C01
201800045547;1;7;0;0;2;1;2;D01
201800045548;1;7;0;0;2;1;2;A01
201800045548;1;7;0;0;2;4;2;B01
201800045549;2;33;0;16;0;8;1;A01
201800045550;2;10;0;0;2;1;1;A01
201800045550;2;7;0;0;2;4;1;B01
201800045551;2;7;0;0;2;1;0;A01
201800045551;2;10;0;0;2;4;0;B01
201800045552;2;7;0;12;2;9;1;B01
201800045552;2;7;0;0;2;1;9;A01
201800045553;2;7;0;4;0;1;11;A01
201800045554;2;7;0;4;0;7;12;A01
201800045555;2;7;0;4;0;8;2;A01
201800045556;2;7;0;4;2;9;13;A01
201800045556;2;10;0;4;2;1;1;B01
201800045557;2;7;0;0;2;1;1;A01
201800045557;2;33;0;0;2;4;2;B01
201800045558;1;7;0;0;2;6;2;B01
201800045558;1;16;0;0;2;2;2;A01
201800045559;1;7;0;0;2;4;2;C01
201800045559;1;7;0;0;2;4;2;B01
201800045559;1;10;0;0;2;1;2;A01
201800045559;1;7;0;0;2;1;2;D01
201800045560;1;31;0;0;2;3;2;A01
201800045560;1;7;0;0;2;2;12;B01
201800045561;2;17;0;0;2;1;2;A01
201800045561;2;7;0;0;2;1;2;D01
201800045561;2;10;0;0;2;2;2;C01
201800045561;2;7;0;0;2;3;2;B01
201800045562;2;17;0;0;2;6;2;A01
201800045562;2;10;0;0;2;2;21;B01
201800045563;1;7;0;0;2;1;2;A01
201800045563;1;7;0;0;2;4;2;B01
201800045563;1;7;0;0;2;4;2;C01
201800045564;2;7;0;0;2;5;23;B01
201800045564;2;32;0;0;2;1;2;A01
201800045565;1;7;0;0;2;4;1;D01
201800045565;1;10;0;0;2;1;1;A01
201800045565;1;7;0;0;2;4;1;C01
201800045565;1;7;0;0;2;4;1;B01
201800045566;2;7;0;0;2;1;21;A01
201800045566;2;7;0;0;2;5;1;B01
201800045567;1;7;0;0;2;7;12;A01
201800045567;1;33;0;0;2;8;3;B01
201800045568;2;7;0;0;2;4;1;B01
201800045568;2;14;0;0;2;1;1;A01
201800045569;1;7;0;4;0;1;17;A01
201800045570;1;7;0;4;0;2;12;A01
201800045571;2;7;0;0;2;4;2;A01
201800045571;2;7;0;0;2;1;2;B01
201800045572;2;33;0;0;2;7;2;A01
201800045572;2;10;0;0;2;0;13;Z01
201800045573;2;10;0;0;2;4;2;C01
201800045573;2;7;0;0;2;1;2;A01
201800045573;2;7;0;0;2;4;2;B01
201800045574;1;7;0;4;0;3;11;A01
201800045575;1;7;0;0;2;4;23;B01
201800045575;1;10;0;0;2;1;1;A01
201800045576;2;7;0;4;0;3;13;A01
201800045577;2;7;0;4;0;3;9;A01
201800045578;2;7;0;4;0;1;1;A01
201800045579;1;7;0;0;2;6;1;A01
201800045579;1;7;0;0;2;8;1;B01
201800045580;1;33;0;0;2;1;2;A01
201800045580;1;33;0;0;2;4;2;B01
201800045581;2;10;0;0;2;8;11;A01
201800045581;2;34;0;0;2;2;1;B01
201800045582;1;31;0;0;0;0;0;A01
201800045583;2;7;0;3;0;7;14;A01
201800045584;1;7;0;0;2;8;1;A01
201800045584;1;10;0;0;2;1;1;C01
201800045584;1;10;0;0;2;4;2;B01
201800045585;1;7;0;16;0;9;21;A01
201800045586;2;34;0;15;0;3;21;A01
201800045587;2;7;0;0;2;2;12;A01
201800045587;2;33;0;0;2;3;1;B01
201800045588;1;7;0;0;2;3;2;B01
201800045588;1;7;0;0;2;5;2;A01
201800045589;1;7;0;0;2;4;2;B01
201800045589;1;7;0;0;2;1;1;A01
201800045590;1;7;0;0;2;1;2;C01
201800045590;1;3;0;0;2;4;2;B01
201800045590;1;10;0;0;2;1;1;A01
201800045591;2;7;0;4;0;9;0;A01
201800045592;1;10;0;4;2;3;2;B01
201800045592;1;10;0;0;2;1;12;A01
201800045592;1;10;0;0;6;1;2;C01
201800045593;2;7;0;0;2;8;2;B01
201800045593;2;33;0;0;2;1;2;A01
201800045594;2;7;0;4;0;2;0;A01
201800045595;2;7;0;0;2;4;2;B01
201800045595;2;7;0;0;2;1;2;A01
201800045596;2;7;0;0;2;2;12;A01
201800045596;2;7;0;0;2;6;1;B01
201800045597;2;7;0;4;0;3;13;A01
201800045598;1;7;0;0;2;1;2;A01
201800045598;1;7;0;0;2;4;2;B01
201800045599;1;7;0;4;0;3;13;A01
201800045600;2;7;0;4;0;2;1;A01
201800045601;1;17;0;4;0;1;21;A01
201800045602;2;7;0;4;0;3;0;A01
201800045603;2;7;0;4;0;1;14;A01
201800045604;2;7;0;4;2;1;14;A01
201800045605;2;7;0;3;0;1;2;A01
201800045606;2;7;0;0;2;1;2;A01
201800045606;2;7;0;0;2;4;2;B01
201800045607;1;7;0;3;2;1;2;A01
201800045608;2;7;0;0;2;6;2;B01
201800045608;2;10;0;0;2;1;2;A01
201800045609;1;7;0;0;2;4;2;B01
201800045609;1;7;0;0;2;1;1;A01
201800045610;1;7;0;0;2;4;2;A01
201800045610;1;7;0;0;2;1;2;B01
201800045611;2;7;0;0;2;2;12;B01
201800045611;2;33;0;0;2;3;3;A01
201800045612;2;7;0;0;2;8;23;A01
201800045612;2;7;0;0;2;5;23;B01
201800045612;2;34;0;0;2;1;3;C01
201800045613;2;33;0;0;2;1;2;A01
201800045613;2;7;0;0;2;5;2;B01
201800045614;1;33;0;0;2;1;1;A01
201800045614;1;7;0;0;2;4;11;B01
201800045615;2;7;0;4;0;1;9;A01
201800045616;1;7;0;4;0;2;14;A01
201800045617;1;7;0;0;2;5;12;Z01
201800045617;1;33;0;0;2;3;3;A01
201800045618;1;7;0;1;2;1;1;C01
201800045618;1;7;0;1;0;1;21;B01
201800045618;1;7;0;0;2;1;23;Z01
201800045619;1;7;0;4;0;1;1;A01
201800045620;2;7;0;0;2;4;2;C01
201800045620;2;7;0;0;2;1;2;A01
201800045620;2;10;0;0;2;4;2;B01
201800045621;2;7;0;4;0;1;0;A01
201800045622;1;7;0;4;2;1;1;A01
201800045623;2;7;0;4;0;2;7;A01
201800045624;2;7;0;3;0;1;1;A01
201800045625;1;7;0;0;2;1;1;A01
201800045625;1;7;0;0;2;4;1;B01
201800045626;2;10;0;0;2;4;1;B01
201800045626;2;7;0;0;2;4;1;C01
201800045626;2;10;0;0;2;1;1;A01
201800045626;2;10;0;0;2;4;1;E01
201800045626;2;7;0;0;2;4;1;D01
201800045627;2;31;0;0;0;7;12;A01
201800045628;1;7;0;0;0;7;12;A01
201800045628;1;33;0;0;2;8;3;B01
201800045628;1;7;0;0;2;6;2;C01
201800045628;1;7;0;0;2;7;1;D01
201800045629;1;33;0;0;0;7;14;A01
201800045630;2;32;0;0;0;8;21;A01
201800045631;2;7;0;0;2;3;11;A01
201800045631;2;7;0;0;2;2;1;B01
201800045632;1;10;0;0;2;1;2;A01
201800045633;2;7;0;0;2;1;2;A01
201800045633;2;7;0;0;2;4;2;B01
201800045633;2;7;0;0;2;4;2;C01
201800045634;1;7;0;0;2;8;0;C01
201800045634;1;7;0;0;2;6;0;B01
201800045634;1;7;0;0;2;1;0;A01
201800045635;1;7;0;3;0;1;1;A01
201800045636;2;7;0;0;0;0;11;A01
201800045636;2;33;0;0;2;0;21;B01
201800045637;1;14;0;0;2;2;16;A01
201800045637;1;7;0;0;2;6;1;B01
201800045638;2;7;0;0;2;4;1;C01
201800045638;1;7;0;0;2;1;1;A01
201800045638;1;7;0;0;2;4;1;B01
201800045639;2;7;0;0;2;2;12;A01
201800045639;2;7;0;0;2;6;1;C01
201800045639;2;33;0;0;2;3;3;B01
201800045640;2;34;0;0;2;9;3;A01
201800045640;2;14;0;0;6;0;1;B01
201800045640;2;7;0;0;6;5;1;C01
201800045641;0;32;0;0;0;7;2;A01
201800045642;2;14;0;0;2;2;14;A01
201800045642;2;7;0;0;2;3;2;B01
201800045643;1;7;0;3;2;2;14;A01
201800045643;1;7;0;3;2;1;1;B01
201800045644;2;7;0;0;2;4;1;C01
201800045644;2;33;0;0;2;3;3;A01
201800045644;2;7;0;0;2;2;12;B01
201800045645;2;7;0;3;2;1;2;A01
201800045645;2;7;0;3;2;4;2;B01
201800045646;2;7;0;0;2;7;0;A01
201800045646;2;7;0;0;2;8;1;B01
201800045647;2;10;0;0;2;1;0;B01
201800045648;2;10;0;0;2;5;14;A01
201800045648;2;31;0;0;2;3;0;B01
201800045649;2;10;0;4;0;1;21;A01
201800045650;2;14;0;0;2;4;1;B01
201800045650;2;14;0;0;2;1;1;A01
201800045651;1;7;0;0;0;0;2;C01
201800045651;1;14;0;0;0;0;14;A01
201800045651;1;7;0;0;0;0;2;B01
201800045652;2;7;0;0;2;1;0;A01
201800045652;2;7;0;4;2;4;0;B01
201800045653;1;7;0;4;0;1;0;A01
201800045654;1;7;0;0;2;4;2;B01
201800045654;1;7;0;0;2;1;2;A01
201800045655;1;33;0;0;0;0;21;A01
201800045656;1;10;0;4;0;2;14;A01
201800045657;2;10;0;4;0;3;0;A01
201800045658;1;7;0;0;0;6;1;A01
201800045659;2;10;0;0;2;1;1;A01
201800045659;1;10;0;0;2;4;1;B01
201800045660;2;7;0;4;0;2;1;A01
201800045661;1;10;0;4;0;1;0;A01
201800045662;1;7;0;4;0;1;1;A01
201800045663;2;7;0;0;2;2;3;A01
201800045663;1;33;0;0;2;4;2;B01
201800045664;0;33;0;0;2;2;0;B01
201800045664;2;7;0;0;2;3;9;A01
201800045665;1;7;0;3;0;4;9;A01
201800045666;2;7;0;0;2;1;2;A01
201800045666;2;7;0;0;2;5;2;B01
201800045667;2;7;0;0;2;5;12;A01
201800045667;1;33;0;0;2;3;0;B01
201800045668;2;7;0;4;0;1;1;A01
201800045669;2;7;0;0;2;6;18;A01
201800045669;2;15;0;0;2;2;1;B01
201800045670;2;15;0;0;2;4;2;B01
201800045670;2;15;0;0;2;1;2;A01
201800045670;2;7;0;0;2;4;2;C01
201800045670;2;15;0;0;2;4;2;D01
201800045671;2;7;0;0;2;1;2;A01
201800045671;2;7;0;0;2;4;2;B01
201800045672;1;7;0;0;2;1;0;A01
201800045672;1;7;0;0;2;9;0;B01
201800045672;1;7;0;0;2;4;0;C01
201800045673;2;10;0;0;2;5;12;A01
201800045673;2;33;0;0;2;3;3;B01
201800045674;2;7;0;4;0;1;13;A01
201800045675;1;33;0;0;2;3;1;A01
201800045675;1;10;0;0;2;5;14;B01
201800045676;1;33;0;0;2;1;3;A01
201800045676;1;7;0;0;2;6;1;B01
201800045677;2;17;0;0;2;2;17;A01
201800045677;2;7;0;0;2;6;1;B01
201800045678;1;7;0;0;2;4;14;B01
201800045678;1;10;0;0;2;1;2;A01
201800045679;2;7;0;4;0;3;1;A01
201800045680;2;7;0;3;0;1;0;A01
201800045681;1;10;0;0;5;1;0;A01
201800045682;2;7;0;0;2;1;1;B01
201800045682;2;7;0;0;2;8;5;Z01
201800045683;1;10;0;0;2;8;13;A01
201800045683;1;10;0;4;2;7;17;B01
201800045684;1;33;0;0;2;7;3;A01
201800045684;1;7;0;0;2;8;1;B01
201800045685;1;32;0;0;2;3;1;A01
201800045685;1;7;0;0;2;5;12;B01
201800045686;2;32;0;0;0;7;1;A01
201800045687;2;10;0;0;2;1;1;A01
201800045687;2;10;0;0;2;4;1;B01
201800045687;2;10;0;0;2;4;1;C01
201800045687;2;10;0;0;2;4;1;D01
201800045688;1;10;0;0;2;1;1;A01
201800045688;1;10;0;0;2;4;1;B01
201800045688;1;10;0;0;2;4;1;C01
201800045688;1;10;0;0;2;1;1;D01
201800045689;1;34;0;0;0;0;1;A01
201800045690;2;10;0;0;2;2;14;A01
201800045690;2;33;0;0;2;1;1;B01
201800045691;2;7;0;0;2;1;2;A01
201800045691;2;7;0;0;2;4;2;B01
201800045691;2;10;0;0;2;4;2;C01
201800045692;1;7;0;3;2;1;14;A01
201800045692;1;33;0;0;2;7;1;B01
201800045693;1;33;0;0;2;1;2;A01
201800045693;1;7;0;0;2;4;2;B01
201800045694;2;7;0;0;2;4;2;C01
201800045694;2;7;0;0;2;1;2;A01
201800045694;2;7;0;0;2;4;2;B01
201800045695;1;7;0;4;0;2;2;A01
201800045696;2;7;0;4;0;3;1;A01
201800045697;1;7;0;0;2;6;2;B01
201800045697;1;2;0;0;2;1;3;A01
201800045698;1;7;0;0;2;3;18;A01
201800045698;1;7;0;0;2;5;14;B01
201800045698;1;7;0;0;2;0;0;C01
201800045699;2;7;0;0;2;2;0;C01
201800045699;2;7;0;4;2;3;11;A01
201800045699;2;7;0;4;0;7;0;B01
201800045700;2;7;0;0;0;0;12;A01
201800045700;2;34;0;0;0;0;21;B01
201800045701;2;10;0;0;2;1;2;A01
201800045701;2;7;0;0;2;4;2;B01
201800045701;2;7;0;0;2;4;2;C01
201800045701;1;7;0;0;2;4;2;D01
201800045702;1;10;0;4;0;1;1;A01
201800045703;1;7;0;4;0;3;2;A01
201800045704;1;7;0;0;0;2;2;A01
201800045705;1;7;0;2;0;1;14;A01
201800045706;2;10;0;0;2;1;1;A01
201800045706;2;7;0;0;2;4;23;B01
201800045706;2;10;0;0;2;4;23;C01
201800045707;2;7;0;0;2;6;1;B01
201800045707;2;7;0;0;2;2;12;A01
201800045708;2;7;0;0;2;6;11;A01
201800045708;2;7;0;0;2;1;1;B01
201800045709;1;7;0;3;0;2;15;A01
201800045709;1;7;0;0;2;3;21;B01
201800045709;1;7;0;0;2;8;21;C01
201800045710;2;7;0;0;2;1;0;A01
201800045710;2;7;0;0;2;4;1;B01
201800045711;1;14;0;0;2;1;2;A01
201800045711;1;10;0;0;2;4;2;B01
201800045711;1;15;0;0;0;4;2;C01
201800045712;1;7;0;3;0;2;0;A01
201800045713;2;34;0;0;2;1;3;A01
201800045713;2;32;0;0;2;4;9;B01
201800045714;2;7;0;0;2;4;2;B01
201800045714;2;33;0;0;2;1;2;A01
201800045715;2;7;0;0;2;2;11;A01
201800045715;2;7;0;0;2;7;2;B01
201800045716;1;7;0;0;2;1;2;B01
201800045716;1;7;0;4;0;4;2;A01
201800045717;1;32;0;0;2;1;3;A01
201800045718;1;7;0;0;2;1;1;A01
201800045718;1;7;0;0;2;4;1;B01
201800045718;1;7;0;0;2;0;0;C01
201800045719;2;7;0;0;2;4;2;C01
201800045719;2;7;0;0;2;4;2;B01
201800045719;2;7;0;0;2;1;13;A01
201800045720;0;10;0;4;0;3;1;A01
201800045721;2;10;0;0;2;4;2;C01
201800045721;2;7;0;0;2;2;2;A01
201800045721;2;10;0;0;2;4;2;B01
201800045722;2;7;0;0;2;5;12;A01
201800045722;2;33;0;0;2;3;1;B01
201800045723;2;10;0;15;0;1;1;A01
201800045724;1;14;0;0;2;1;0;A01
201800045724;1;10;0;0;2;4;0;B01
201800045725;2;10;0;6;0;1;1;A01
201800045726;0;33;0;0;0;0;1;A01
201800045727;2;7;0;12;2;2;14;A01
201800045727;2;7;0;0;2;4;1;B01
201800045727;2;7;0;0;2;0;0;C01
201800045728;2;15;0;0;2;6;24;B01
201800045728;2;7;0;1;0;2;1;A01
201800045729;1;33;0;0;0;0;0;A01
201800045730;2;15;0;1;0;1;2;B01
201800045730;2;7;0;0;2;6;23;A01
201800045731;2;33;0;0;0;7;1;A01
201800045732;1;7;0;3;0;2;1;A01
201800045733;1;32;0;0;0;8;1;A01
201800045734;1;7;0;1;0;2;14;A01
201800045734;1;10;0;0;2;6;24;B01
201800045735;2;34;0;0;0;1;21;A01
201800045735;2;7;0;0;0;5;1;B01
201800045736;1;7;0;4;0;1;0;A01
201800045737;1;7;0;0;2;4;2;C01
201800045737;1;7;0;0;2;4;2;B01
201800045737;1;7;0;0;2;1;2;A01
201800045738;2;7;0;0;2;8;12;A01
201800045738;2;33;0;0;2;5;3;B01
201800045739;1;7;0;0;2;6;2;C01
201800045739;1;7;0;0;2;1;2;A01
201800045739;1;7;0;0;2;4;2;B01
201800045740;1;7;0;1;0;1;2;B01
201800045741;1;7;0;0;2;4;2;C01
201800045741;1;10;0;0;2;1;1;A01
201800045741;1;10;0;0;2;4;1;B01
201800045742;1;7;0;0;2;0;0;A01
201800045742;1;10;0;0;2;0;0;B01
201800045742;1;7;0;0;2;0;0;C01
201800045742;1;7;0;0;2;4;0;D01
201800045742;1;7;0;0;2;0;0;E01
201800045743;1;7;0;4;0;3;1;A01
201800045744;1;10;0;0;2;2;0;A01
201800045744;1;10;0;0;2;6;0;B01
201800045745;2;7;0;4;0;3;0;A01
201800045746;1;1;0;0;2;0;0;B01
201800045746;1;99;0;0;2;0;0;Z01
201800045747;2;33;0;0;0;0;2;A01
201800045748;1;7;0;0;2;1;2;A01
201800045748;1;7;0;0;2;4;2;B01
201800045748;1;7;0;0;2;4;2;C01
201800045749;2;33;0;0;0;0;3;A01
201800045750;1;33;0;0;2;1;2;A01
201800045750;1;7;0;0;2;1;2;B01
201800045750;1;7;0;0;2;4;2;C01
201800045750;1;7;0;0;2;2;2;D01
201800045751;1;10;0;3;0;4;1;B01
201800045751;1;15;0;0;2;2;1;A01
201800045752;1;10;0;4;0;6;1;A01
201800045753;2;10;0;14;0;2;14;A01
201800045754;2;7;0;0;2;1;2;C01
201800045754;2;7;0;4;0;0;2;B01
201800045754;2;7;0;0;2;3;9;A01
201800045755;1;10;0;3;0;2;2;A01
201800045756;2;7;0;0;1;1;2;A01
201800045757;2;14;0;1;2;1;2;C01
201800045757;2;10;0;0;2;1;2;A01
201800045757;2;7;0;0;2;6;2;B01
201800045758;1;10;0;4;0;8;1;A01
201800045759;2;7;0;0;2;1;1;C01
201800045759;2;15;0;0;2;4;1;B01
201800045759;2;10;0;3;2;1;13;A01
201800045760;1;15;0;1;0;2;1;A01
201800045760;1;7;0;0;2;6;23;B01
201800045761;2;34;0;0;2;1;0;A01
201800045761;2;7;0;0;2;4;0;B01
201800045762;1;10;0;0;2;7;12;A01
201800045762;1;10;0;0;2;3;3;B01
201800045763;2;7;0;0;2;5;12;A01
201800045763;2;33;0;0;2;1;2;B01
201800045764;2;7;0;0;2;1;2;A01
201800045764;2;14;0;0;2;4;2;B01
201800045765;2;7;0;0;2;0;1;A01
201800045765;2;7;0;0;2;0;0;B01
201800045766;1;34;0;4;0;0;1;A01
201800045767;1;7;0;0;2;1;2;A01
201800045767;1;7;0;0;2;4;2;B01
201800045768;1;7;0;14;0;1;2;C01
201800045768;2;10;0;0;2;4;1;B01
201800045768;2;7;0;0;2;1;1;A01
201800045769;2;7;0;0;2;6;1;C01
201800045769;2;7;0;0;2;7;22;A01
201800045769;2;31;0;0;2;1;3;B01
201800045770;2;33;0;5;0;2;3;A01
201800045771;1;7;0;4;0;9;0;A01
201800045772;1;10;0;0;2;1;2;A01
201800045772;1;7;0;0;2;4;2;B01
201800045772;1;10;0;0;2;4;2;C01
201800045773;1;33;0;0;2;3;3;A01
201800045773;1;7;0;0;2;5;12;B01
201800045773;1;7;0;0;2;4;1;C01
201800045774;1;31;0;0;2;7;3;A01
201800045774;1;7;0;0;2;1;12;B01
201800045775;1;10;0;0;2;0;1;A01
201800045775;1;10;0;4;0;9;15;B01
201800045776;2;7;0;4;0;2;21;A01
201800045777;2;33;0;0;0;7;0;A01
201800045778;2;10;0;4;0;1;0;A01
201800045779;2;10;0;0;2;3;1;B01
201800045779;2;33;0;0;2;7;14;A01
201800045780;2;7;0;0;2;6;2;B01
201800045780;2;7;0;0;2;2;2;A01
201800045781;2;34;0;0;2;8;18;A01
201800045781;2;10;0;0;2;2;1;B01
201800045782;1;10;0;4;0;1;2;A01
201800045783;2;31;0;0;2;7;3;B01
201800045783;2;7;0;0;2;8;11;A01
201800045784;2;33;0;0;0;1;2;A01
201800045785;2;33;0;0;0;7;0;A01
201800045786;2;7;0;0;2;5;2;C01
201800045786;2;7;0;0;2;7;14;B01
201800045786;2;33;0;0;2;3;21;A01
201800045787;1;7;0;0;2;1;2;A01
201800045787;1;7;0;0;2;4;2;B01
201800045787;1;7;0;0;2;4;2;C01
201800045788;0;32;0;4;0;2;1;A01
201800045789;1;31;0;0;2;3;3;A01
201800045789;1;7;0;0;2;2;14;B01
201800045790;2;32;0;0;2;2;3;A01
201800045790;2;7;0;0;2;6;11;B01
201800045791;1;7;0;0;2;1;0;A01
201800045791;1;7;0;0;2;9;0;B01
201800045791;1;7;0;0;2;4;0;C01
201800045792;2;7;0;14;0;1;12;A01
201800045793;1;7;0;0;2;0;0;A01
201800045793;1;33;0;0;2;7;0;B01
201800045794;1;7;0;3;0;3;21;A01
201800045795;2;7;0;0;2;3;2;A01
201800045795;2;7;0;0;2;5;2;B01
201800045796;2;7;0;12;0;3;16;A01
201800045797;1;33;0;0;2;1;3;A01
201800045797;1;7;0;0;2;6;11;B01
201800045798;2;33;0;0;0;0;2;A01
201800045799;2;10;0;0;2;4;0;C01
201800045799;2;10;0;0;2;1;2;A01
201800045799;2;10;0;0;2;4;0;B01
201800045800;2;7;0;14;2;1;12;A01
201800045800;1;7;0;0;2;1;2;B01
201800045801;1;33;0;0;2;8;3;A01
201800045801;1;7;0;0;2;6;1;B01
201800045801;1;7;0;0;2;5;1;C01
201800045802;2;17;0;0;0;0;16;A01
201800045803;2;7;0;3;0;3;1;A01
201800045804;1;14;0;0;2;6;1;B01
201800045804;1;7;0;0;2;2;21;A01
201800045805;2;7;0;0;2;6;1;B01
201800045805;2;7;0;0;2;2;1;A01
201800045806;2;31;0;0;2;1;3;A01
201800045806;2;7;0;0;2;5;12;B01
201800045807;1;7;0;0;2;4;2;B01
201800045807;1;7;0;0;2;1;2;A01
201800045808;2;33;0;0;0;3;3;A01
201800045809;2;34;0;0;2;2;3;A01
201800045809;2;7;0;0;2;3;17;B01
201800045810;2;34;0;14;0;1;1;A01
201800045811;1;7;0;0;0;3;14;A01
201800045812;2;15;0;0;2;7;14;A01
201800045812;2;7;0;0;2;8;2;B01
201800045813;2;10;0;0;0;0;0;A01
201800045814;2;7;0;0;2;3;1;A01
201800045814;2;7;0;0;2;3;0;B01
201800045814;2;7;0;0;2;4;1;C01
201800045815;2;31;0;0;2;2;3;A01
201800045815;2;7;0;0;2;3;11;B01
201800045816;2;7;0;0;2;6;0;A01
201800045816;2;31;0;0;2;7;0;B01
201800045817;1;7;0;0;2;1;2;A01
201800045817;1;7;0;0;2;4;2;B01
201800045817;1;7;0;0;2;4;2;C01
201800045818;1;7;0;4;2;1;2;A01
201800045818;1;7;0;0;2;5;2;B01
201800045819;2;7;0;0;2;1;11;A01
201800045819;2;7;0;0;2;6;1;B01
201800045820;2;7;0;0;2;8;23;D01
201800045820;2;7;0;0;2;7;23;C01
201800045820;2;7;0;0;2;6;23;B01
201800045820;2;7;0;0;2;2;2;A01
201800045821;2;10;0;0;2;3;2;A01
201800045821;2;10;0;0;2;4;19;B01
201800045822;1;10;0;0;2;6;1;B01
201800045822;1;10;0;0;2;1;1;A01
201800045823;1;31;0;0;2;2;0;A01
201800045823;1;7;0;0;2;0;0;B01
201800045824;1;7;0;0;2;1;2;A01
201800045824;1;7;0;0;2;4;2;B01
201800045825;2;7;0;1;2;2;18;A01
201800045825;2;17;0;0;2;1;1;B01
201800045826;2;33;0;0;2;2;3;A01
201800045826;2;7;0;0;2;3;11;B01
201800045827;1;31;0;0;2;1;1;A01
201800045827;1;7;0;0;2;5;1;B01
201800045828;1;7;0;0;2;1;2;A01
201800045828;1;7;0;0;2;4;2;B01
201800045829;1;7;0;4;0;1;1;A01
201800045830;1;34;0;4;0;2;1;A01
201800045830;1;7;0;4;0;3;21;B01
201800045831;1;33;0;0;2;2;3;A01
201800045831;1;7;0;0;2;6;1;B01
201800045832;1;7;0;0;2;6;14;A01
201800045832;1;15;0;0;2;2;2;B01
201800045833;2;15;0;0;2;1;2;A01
201800045833;2;7;0;0;2;4;2;B01
201800045833;2;7;0;0;2;4;2;C01
201800045834;1;7;0;0;2;1;2;B01
201800045834;1;7;0;0;2;4;2;C01
201800045834;1;7;0;0;2;1;2;A01
201800045835;1;7;0;4;0;3;1;A01
201800045836;1;7;0;0;2;3;11;A01
201800045836;1;33;0;0;2;1;3;B01
201800045837;1;33;0;0;2;1;0;A01
201800045837;1;7;0;0;0;5;1;B01
201800045838;1;7;0;0;2;2;0;A01
201800045838;1;7;0;0;2;4;0;C01
201800045838;1;7;0;0;2;1;0;B01
201800045839;1;7;0;0;2;4;2;C01
201800045839;1;7;0;0;2;4;2;D01
201800045839;1;7;0;0;2;4;2;B01
201800045839;1;7;0;0;2;1;2;A01
201800045840;2;7;0;3;0;1;0;A01
201800045840;2;7;0;0;2;4;0;B01
201800045840;2;7;0;0;2;1;0;C01
201800045841;1;7;0;3;2;2;1;B01
201800045842;2;33;0;0;0;3;0;A01
201800045843;2;7;0;9;0;1;2;A01
201800045844;1;7;0;0;5;1;2;A01
201800045845;2;33;0;0;2;3;3;A01
201800045845;2;7;0;0;2;8;1;C01
201800045845;2;7;0;0;2;5;0;B01
201800045845;2;7;0;0;2;6;1;D01
201800045846;1;7;0;0;2;1;1;A01
201800045846;1;7;0;0;2;4;1;B01
201800045846;1;7;0;0;2;1;1;C01
201800045847;1;34;0;0;2;1;0;A01
201800045847;2;7;0;0;2;4;0;B01
201800045848;1;7;0;0;2;2;12;A01
201800045848;1;33;0;0;2;1;3;B01
201800045849;1;31;0;0;0;7;1;A01
201800045850;1;33;0;0;2;1;2;A01
201800045850;1;7;0;0;2;4;2;B01
201800045851;2;7;0;5;0;1;1;A01
201800045852;2;14;0;0;2;1;0;A01
201800045852;2;7;0;0;2;1;0;B01
201800045852;2;7;0;0;2;4;0;C01
201800045853;1;33;0;0;0;0;0;A01
201800045853;1;33;0;0;0;0;0;B01
201800045854;1;7;0;0;2;1;2;A01
201800045854;2;7;0;0;2;4;2;B01
201800045855;2;7;0;0;6;1;1;C01
201800045855;2;7;0;0;2;1;2;A01
201800045855;2;14;0;0;2;4;1;B01
201800045856;2;33;0;0;2;4;2;A01
201800045856;2;7;0;0;2;4;2;B01
201800045856;2;33;0;0;2;0;21;C01
201800045857;2;33;0;4;0;3;2;A01
201800045858;0;31;0;0;2;1;2;A01
201800045859;2;31;0;0;0;3;0;A01
201800045860;2;10;0;4;0;0;11;A01
201800045861;2;33;0;0;2;3;1;A01
201800045861;2;33;0;0;2;2;12;B01
201800045862;0;7;0;6;0;7;1;A01
201800045863;1;7;0;0;2;3;11;A01
201800045863;1;7;0;0;2;5;1;B01
201800045864;1;7;0;0;2;3;11;A01
201800045864;1;7;0;0;2;7;1;B01
201800045864;1;7;0;0;2;5;1;C01
201800045865;1;7;0;0;2;1;2;A01
201800045865;1;7;0;0;2;4;2;B01
201800045866;1;33;0;0;0;7;1;A01
201800045867;2;10;0;3;0;1;13;A01
201800045868;2;7;0;3;0;7;1;B01
201800045868;2;7;0;3;0;1;9;A01
201800045868;2;7;0;3;0;2;2;C01
201800045869;2;10;0;14;0;2;0;A01
201800045870;2;31;0;0;2;2;2;A01