num_acc;senc;catv;occutc;obs;obsm;choc;manv;num_veh
201800046497;2;10;0;0;2;5;12;A01
201800046497;2;33;0;0;2;3;3;B01
201800046498;1;7;0;0;2;8;11;A01
201800046498;1;33;0;0;2;7;3;B01
201800046499;1;7;0;0;2;3;1;B01
201800046499;1;10;0;0;2;2;12;A01
201800046499;1;33;0;0;2;3;3;C01
201800046500;2;7;0;0;2;6;11;A01
201800046500;2;32;0;0;2;2;3;B01
201800046501;1;31;0;0;2;4;0;B01
201800046501;1;10;0;0;2;3;0;A01
201800046502;1;10;0;0;2;1;2;A01
201800046502;1;7;0;0;2;4;2;B01
201800046502;1;7;0;0;2;4;2;C01
201800046502;1;7;0;0;2;4;2;D01
201800046503;1;7;0;0;2;1;1;A01
201800046503;1;7;0;0;2;4;2;C01
201800046503;1;7;0;0;2;1;2;B01
201800046504;2;33;0;0;2;4;2;B01
201800046504;2;10;0;0;2;1;9;A01
201800046505;1;7;0;0;2;4;2;B01
201800046505;1;10;0;0;2;1;1;A01
201800046506;2;33;0;0;2;8;1;B01
201800046506;2;7;0;0;2;7;12;A01
201800046506;1;15;0;0;0;8;1;C01
201800046507;2;15;0;0;2;2;12;B01
201800046507;2;7;0;0;2;8;1;A01
201800046508;1;7;0;6;0;1;1;A01
201800046509;2;33;0;0;0;0;0;A01
201800046510;1;7;0;0;2;1;0;B01
201800046510;1;7;0;0;2;8;1;A01
201800046510;1;7;0;0;2;7;1;C01
201800046511;1;7;0;0;2;4;2;B01
201800046511;1;7;0;0;2;4;2;C01
201800046511;1;10;0;0;2;1;2;A01
201800046512;2;33;0;16;0;0;9;A01
201800046513;2;7;0;0;2;1;1;B01
201800046513;2;7;0;0;2;8;1;C01
201800046513;2;7;0;0;2;1;12;A01
201800046513;2;10;0;0;2;6;1;D01
201800046514;1;7;0;0;2;8;1;B01
201800046514;1;17;0;0;2;7;12;A01
201800046515;2;7;0;0;2;1;1;A01
201800046515;2;7;0;0;2;4;2;B01
201800046515;2;99;0;0;2;4;2;C01
201800046516;2;7;0;0;2;3;1;A01
201800046516;2;7;0;0;2;5;1;C01
201800046516;2;7;0;0;2;5;11;B01
201800046517;2;7;0;0;2;4;2;C01
201800046517;2;7;0;0;2;1;1;A01
201800046517;2;7;0;0;2;4;2;B01
201800046518;2;7;0;0;2;4;2;B01
201800046518;2;7;0;0;2;1;1;A01
201800046519;2;33;0;0;2;7;3;B01
201800046519;2;7;0;0;2;8;15;A01
201800046520;2;33;0;16;0;1;1;A01
201800046521;1;10;0;0;2;4;11;A01
201800046521;1;33;0;0;2;1;1;B01
201800046522;2;7;0;0;2;1;2;A01
201800046522;0;7;0;0;2;4;2;B01
201800046522;2;7;0;0;2;4;2;C01
201800046523;2;7;0;0;2;7;12;A01
201800046523;2;31;0;0;2;8;3;B01
201800046524;2;7;0;0;2;1;1;A01
201800046524;2;7;0;0;2;4;2;B01
201800046525;2;7;0;0;2;1;13;A01
201800046525;1;7;0;0;2;1;1;B01
201800046526;2;7;0;4;0;3;1;A01
201800046527;2;17;0;0;2;1;2;A01
201800046527;2;7;0;0;2;4;2;B01
201800046527;2;7;0;0;2;4;2;C01
201800046527;2;7;0;0;2;4;2;D01
201800046528;1;10;0;0;2;4;2;B01
201800046528;1;7;0;0;2;1;2;A01
201800046528;1;7;0;0;2;4;2;C01
201800046529;2;7;0;0;2;6;1;B01
201800046529;2;7;0;0;2;2;1;A01
201800046530;0;7;0;0;2;2;9;A01
201800046530;0;1;0;0;2;8;19;B01
201800046531;1;13;0;0;2;1;2;A01
201800046531;1;7;0;0;2;4;2;B01
201800046532;2;33;0;0;2;1;1;A01
201800046532;2;7;0;0;2;4;1;B01
201800046533;2;7;0;0;2;4;2;A01
201800046533;2;33;0;0;2;1;2;B01
201800046533;2;7;0;0;2;4;2;D01
201800046533;2;7;0;0;2;4;2;C01
201800046534;1;7;0;14;0;1;0;A01
201800046535;2;7;0;0;2;1;1;A01
201800046535;2;7;0;0;2;4;2;B01
201800046536;1;7;0;0;2;4;2;A01
201800046536;1;7;0;0;2;4;2;B01
201800046536;1;7;0;0;2;1;2;C01
201800046537;2;7;0;0;2;1;1;A01
201800046537;2;7;0;0;2;4;1;B01
201800046538;2;7;0;16;0;1;1;A01
201800046539;2;31;0;16;0;8;21;A01
201800046540;1;7;0;0;2;2;1;B01
201800046540;1;14;0;0;2;8;13;A01
201800046541;1;13;0;1;;1;1;A01
201800046542;2;7;0;0;2;1;2;C01
201800046542;2;7;0;0;2;4;1;A01
201800046542;2;7;0;0;2;4;2;B01
201800046543;2;31;0;0;2;3;3;A01
201800046543;2;10;0;0;2;6;12;B01
201800046544;2;7;0;0;2;3;13;B01
201800046544;2;33;0;0;2;1;3;A01
201800046544;2;10;0;0;2;5;1;C01
201800046545;1;7;0;0;2;1;1;A01
201800046545;1;7;0;0;2;4;2;B01
201800046545;1;7;0;0;2;4;2;C01
201800046545;1;7;0;0;2;4;2;D01
201800046546;2;7;0;0;2;1;2;A01
201800046546;2;7;0;0;2;4;2;B01
201800046547;1;7;0;4;0;0;0;A01
201800046548;1;7;0;0;2;2;1;A01
201800046548;1;7;0;0;2;5;1;B01
201800046549;1;7;0;1;2;4;2;B01
201800046549;1;7;0;2;2;1;1;A01
201800046550;2;7;0;0;2;1;1;A01
201800046550;2;7;0;0;2;4;2;B01
201800046551;2;7;0;0;2;4;1;A01
201800046551;2;15;0;0;2;1;2;C01
201800046551;2;7;0;0;2;4;2;B01
201800046552;2;7;0;0;0;7;1;A01
201800046553;2;7;0;0;2;1;2;A01
201800046553;2;7;0;0;2;4;2;B01
201800046553;2;10;0;0;2;4;2;C01
201800046554;1;7;0;4;0;2;14;A01
201800046555;1;7;0;3;0;1;1;A01
201800046556;2;7;0;0;2;6;2;B01
201800046556;2;33;0;0;2;7;1;C01
201800046556;2;7;0;0;2;1;1;A01
201800046557;0;33;0;0;2;1;1;B01
201800046557;0;7;0;0;2;4;23;A01
201800046558;1;7;0;0;2;1;2;B01
201800046558;1;7;0;0;2;1;1;A01
201800046559;2;7;0;0;2;1;1;A01
201800046559;2;7;0;0;2;4;1;B01
201800046560;1;7;0;0;2;8;1;B01
201800046560;2;10;0;0;2;1;16;A01
201800046561;1;7;0;0;2;2;12;A01
201800046561;1;31;0;0;2;1;3;B01
201800046562;2;17;0;0;2;1;1;A01
201800046562;2;7;0;0;2;8;9;B01
201800046563;2;33;0;0;2;8;1;A01
201800046564;1;7;0;0;2;4;1;A01
201800046564;1;31;0;0;2;0;3;B01
201800046565;1;17;0;0;2;7;12;A01
201800046565;1;33;0;0;2;3;1;B01
201800046566;1;33;0;0;6;1;1;A01
201800046567;2;33;0;0;0;7;21;A01
201800046568;2;33;0;0;2;2;3;A01
201800046568;2;17;0;0;2;8;1;B01
201800046568;2;7;0;0;2;2;1;C01
201800046569;2;7;0;0;2;4;1;B01
201800046569;2;10;0;0;2;1;1;A01
201800046570;1;33;0;0;2;6;3;B01
201800046570;1;7;0;0;2;6;11;A01
201800046571;1;33;0;0;0;7;14;A01
201800046572;1;7;0;0;2;1;17;A01
201800046572;1;7;0;0;2;4;1;B01
201800046573;2;7;0;0;2;1;1;A01
201800046573;2;7;0;0;2;4;1;B01
201800046574;1;7;0;0;2;9;9;B01
201800046574;1;17;0;0;2;2;1;A01
201800046575;1;33;0;16;0;0;0;A01
201800046576;1;7;0;0;2;4;23;B01
201800046576;1;7;0;0;2;1;1;A01
201800046577;2;7;0;0;2;5;1;B01
201800046577;2;33;0;0;2;1;3;A01
201800046578;2;10;0;0;2;1;1;B01
201800046578;2;1;0;0;2;7;19;A01
201800046579;2;32;0;0;0;0;14;A01
201800046580;1;32;0;0;2;1;3;A01
201800046580;1;7;0;0;2;2;1;B01
201800046581;2;7;0;16;0;9;1;A01
201800046582;2;32;0;0;2;1;17;A01
201800046582;2;10;0;0;2;6;1;B01
201800046582;2;7;0;0;2;5;1;C01
201800046583;1;7;0;0;2;4;1;B01
201800046583;1;7;0;0;2;1;1;A01
201800046584;2;7;0;0;2;2;12;A01
201800046584;2;33;0;0;2;8;3;B01
201800046585;2;7;0;13;0;1;1;A01
201800046586;2;17;0;0;2;1;1;C01
201800046586;2;7;0;0;2;4;23;A01
201800046586;2;7;0;0;2;1;1;B01
201800046587;2;10;0;0;2;1;1;A01
201800046587;2;10;0;0;2;4;2;B01
201800046587;2;7;0;0;2;4;2;C01
201800046588;2;7;0;0;2;4;1;B01
201800046588;2;33;0;0;2;1;1;A01
201800046588;2;7;0;0;6;4;1;C01
201800046589;2;33;0;0;2;1;1;B01
201800046589;2;7;0;0;2;1;1;A01
201800046590;2;15;0;0;2;7;12;B01
201800046590;2;7;0;0;2;6;1;A01
201800046591;2;10;0;0;2;1;2;A01
201800046591;2;7;0;0;2;4;2;D01
201800046591;2;7;0;0;2;4;2;C01
201800046591;2;7;0;0;2;4;2;E01
201800046591;2;7;0;0;2;4;2;B01
201800046592;1;7;0;0;2;2;12;A01
201800046592;1;7;0;0;2;6;1;B01
201800046593;2;7;0;0;2;7;12;B01
201800046593;2;33;0;0;2;1;3;A01
201800046594;1;31;0;0;2;0;3;A01
201800046594;1;7;0;0;2;2;2;Z01
201800046595;1;7;0;3;0;8;0;A01
201800046596;1;33;0;0;2;1;3;A01
201800046596;1;7;0;0;2;4;12;B01
201800046597;1;7;0;0;2;4;2;B01
201800046597;1;7;0;0;2;4;2;C01
201800046597;1;7;0;0;2;1;2;A01
201800046598;2;7;0;0;2;6;11;A01
201800046598;2;33;0;0;2;1;3;B01
201800046599;2;7;0;0;2;4;1;A01
201800046599;2;17;0;0;2;1;1;B01
201800046600;2;33;0;0;0;7;1;A01
201800046601;1;34;0;0;2;1;3;B01
201800046601;1;7;0;0;2;2;12;A01
201800046602;2;10;0;0;2;1;1;Z01
201800046602;2;33;0;0;2;4;1;A01
201800046603;1;7;0;0;2;7;12;A01
201800046603;1;7;0;0;2;8;11;B01
201800046604;2;33;0;4;0;2;1;A01
201800046605;1;33;0;3;0;0;0;A01
201800046606;2;31;0;0;2;1;3;B01
201800046606;2;7;0;0;2;2;12;A01
201800046607;2;7;0;0;2;1;13;A01
201800046607;1;33;0;0;2;1;1;B01
201800046608;1;7;0;0;2;1;1;A01
201800046608;1;7;0;0;2;4;1;B01
201800046609;1;7;0;0;2;3;1;A01
201800046609;1;7;0;0;2;1;1;B01
201800046610;1;7;0;0;2;1;13;A01
201800046610;1;7;0;0;2;5;1;B01
201800046611;2;7;0;0;2;2;12;A01
201800046611;2;33;0;0;2;8;1;B01
201800046612;2;33;0;0;2;7;1;B01
201800046612;2;7;0;0;2;8;17;A01
201800046613;2;7;0;0;2;6;11;A01
201800046613;2;33;0;0;2;1;3;B01
201800046614;2;7;0;0;2;6;11;B01
201800046614;2;33;0;0;2;1;3;A01
201800046615;2;34;0;0;2;7;17;A01
201800046615;2;10;0;0;2;3;11;B01
201800046615;2;7;0;0;2;4;1;C01
201800046616;2;33;0;0;2;8;3;B01
201800046616;2;7;0;0;2;7;12;A01
201800046617;1;7;0;5;0;1;1;A01
201800046618;2;7;0;0;2;1;1;A01
201800046618;2;7;0;0;2;4;2;D01
201800046618;2;10;0;0;2;4;2;B01
201800046618;2;10;0;0;2;4;2;C01
201800046619;2;7;0;0;6;8;13;A01
201800046619;2;7;0;4;2;9;1;B01
201800046620;1;10;0;0;2;1;1;A01
201800046620;1;7;0;0;2;4;2;B01
201800046621;2;7;0;6;0;1;11;A01
201800046622;2;7;0;0;2;1;2;C01
201800046622;2;15;0;0;2;2;1;B01
201800046622;2;7;0;0;2;4;2;D01
201800046622;2;10;0;0;2;6;11;A01
201800046623;1;10;0;0;2;4;2;B01
201800046623;1;10;0;0;2;4;2;C01
201800046623;1;10;0;0;2;1;1;A01
201800046624;2;7;0;0;2;4;2;B01
201800046624;2;7;0;0;2;1;2;A01
201800046625;1;7;0;0;2;6;11;A01
201800046625;1;7;0;0;2;3;1;B01
201800046626;2;10;0;0;2;4;2;C01
201800046626;2;7;0;0;2;4;2;D01
201800046626;2;7;0;0;2;4;2;B01
201800046626;2;7;0;0;2;1;2;A01
201800046627;2;7;0;0;2;5;12;B01
201800046627;2;33;0;0;2;1;3;A01
201800046628;2;7;0;0;2;1;1;A01
201800046628;2;7;0;0;2;4;1;B01
201800046629;0;7;0;6;0;1;1;A01
201800046630;1;7;0;0;2;4;1;A01
201800046630;1;14;0;0;2;1;2;B01
201800046631;2;33;0;0;0;3;11;A01
201800046632;2;7;0;0;2;4;2;B01
201800046632;2;33;0;0;2;1;1;A01
201800046633;2;10;0;0;2;5;12;A01
201800046633;2;34;0;0;2;6;3;B01
201800046634;1;33;0;16;0;7;0;A01
201800046635;1;7;0;0;2;4;1;B01
201800046635;1;33;0;0;2;1;1;A01
201800046636;1;33;0;0;2;1;3;C01
201800046636;1;7;0;0;2;3;1;B01
201800046636;1;7;0;0;2;6;1;A01
201800046637;1;7;0;0;2;1;2;A01
201800046637;1;7;0;0;2;4;2;B01
201800046637;1;15;0;0;2;6;2;C01
201800046638;2;7;0;0;2;9;0;A01
201800046639;1;7;0;0;2;4;1;A01
201800046639;1;10;0;0;2;1;1;C01
201800046639;1;7;0;4;2;4;1;B01
201800046640;1;7;0;0;2;4;1;B01
201800046640;1;10;0;0;2;1;1;A01
201800046641;1;10;0;0;2;1;2;A01
201800046641;1;7;0;0;2;4;2;C01
201800046641;1;7;0;0;2;4;2;B01
201800046642;1;7;0;0;2;4;2;B01
201800046642;1;7;0;0;2;1;1;A01
201800046642;1;7;0;0;2;4;2;C01
201800046643;2;32;0;0;2;6;1;A01
201800046643;2;7;0;0;2;2;2;Z01
201800046644;1;7;0;0;0;9;0;A01
201800046645;1;7;0;14;0;1;1;C01
201800046645;1;7;0;14;0;1;1;B01
201800046645;1;20;0;14;2;4;4;A01
201800046645;1;10;0;14;0;1;2;D01
201800046645;1;14;0;0;2;1;1;E01
201800046646;2;33;0;0;2;1;3;B01
201800046646;2;7;0;0;2;5;14;A01
201800046646;2;14;0;0;2;6;13;C01
201800046647;2;38;1;0;2;2;1;A01
201800046647;2;7;0;0;2;4;2;C01
201800046647;2;7;0;0;2;4;2;D01
201800046647;2;10;0;0;2;4;2;B01
201800046648;2;31;0;0;2;7;11;B01
201800046648;2;10;0;0;2;6;1;A01
201800046649;2;31;0;0;2;7;1;A01
201800046649;2;10;0;0;2;8;11;B01
201800046650;2;31;0;0;2;8;1;B01
201800046650;2;7;0;0;2;6;11;A01
201800046651;1;7;0;14;0;3;1;A01
201800046652;2;10;0;0;2;1;1;A01
201800046652;2;10;0;0;2;4;2;B01
201800046652;2;7;0;0;2;4;2;C01
201800046652;2;7;0;0;2;1;2;D01
201800046653;1;33;0;0;2;7;3;A01
201800046653;1;7;0;0;2;8;13;C01
201800046653;1;7;0;0;2;6;1;B01
201800046654;2;7;0;0;2;4;1;A01
201800046654;2;7;0;0;2;1;2;C01
201800046654;2;7;0;0;2;4;2;B01
201800046655;2;7;0;0;2;5;12;Z01
201800046655;2;33;0;0;2;1;3;A01
201800046656;1;10;0;0;2;2;2;A01
201800046656;1;7;0;0;2;4;2;B01
201800046656;1;7;0;0;2;4;2;C01
201800046657;2;7;0;0;2;3;1;B01
201800046657;2;16;0;0;2;2;1;A01
201800046658;1;7;0;0;2;4;2;C01
201800046658;1;7;0;0;2;1;2;B01
201800046658;1;10;0;0;2;3;1;A01
201800046659;1;7;0;3;0;0;0;A01
201800046660;2;7;0;0;2;5;12;A01
201800046660;1;7;0;0;2;1;3;B01
201800046661;2;31;0;0;2;7;12;B01
201800046661;2;7;0;0;2;3;11;A01
201800046662;2;7;0;0;2;4;2;B01
201800046662;2;7;0;0;2;4;2;C01
201800046662;2;7;0;0;2;1;1;A01
201800046662;2;7;0;0;2;4;2;D01
201800046663;1;33;0;0;2;1;3;B01
201800046663;1;7;0;0;2;6;11;A01
201800046664;1;7;0;0;2;6;1;C01
201800046664;1;7;0;0;2;2;12;A01
201800046664;1;7;0;0;2;8;11;B01
201800046665;1;7;0;0;2;6;11;B01
201800046665;1;33;0;0;2;1;1;A01
201800046666;1;34;0;0;2;1;3;B01
201800046666;1;10;0;0;2;6;12;A01
201800046667;1;7;0;0;2;8;1;A01
201800046667;1;14;0;0;2;1;12;B01
201800046668;2;7;0;0;2;4;1;B01
201800046668;2;10;0;0;2;1;1;A01
201800046669;2;7;0;0;2;1;14;A01
201800046669;2;7;0;0;2;1;1;B01
201800046670;1;33;0;0;0;0;3;A01
201800046671;2;33;0;0;2;2;3;B01
201800046671;2;7;0;0;2;6;11;A01
201800046672;1;7;0;0;2;1;2;A01
201800046672;1;7;0;0;2;4;2;B01
201800046672;1;7;0;0;2;4;2;C01
201800046673;2;34;0;0;2;8;3;B01
201800046673;2;7;0;0;2;2;12;A01
201800046674;2;34;0;0;0;8;3;B01
201800046675;2;7;0;0;2;6;12;A01
201800046675;2;31;0;0;2;1;3;B01
201800046675;2;7;0;0;2;5;1;C01
201800046676;1;15;0;0;2;3;1;A01
201800046676;1;7;0;0;2;4;2;C01
201800046676;1;7;0;0;2;5;2;B01
201800046677;2;7;0;0;2;7;12;A01
201800046677;2;34;0;0;2;8;3;B01
201800046678;2;7;0;0;2;4;2;B01
201800046678;2;7;0;0;2;1;1;A01
201800046679;2;7;0;0;5;1;1;A01
201800046680;2;33;0;0;2;3;3;B01
201800046680;2;7;0;0;2;5;12;A01
201800046681;1;7;0;0;2;4;2;C01
201800046681;1;7;0;0;2;1;1;A01
201800046681;1;7;0;0;2;4;2;B01
201800046682;2;7;0;0;2;1;1;A01
201800046682;2;7;0;0;2;4;2;C01
201800046682;2;10;0;0;2;4;2;B01
201800046683;1;7;0;0;2;4;2;B01
201800046683;1;7;0;0;2;4;2;C01
201800046683;1;7;0;0;2;1;2;A01
201800046684;1;7;0;0;2;4;1;B01
201800046684;1;7;0;0;2;1;1;A01
201800046685;1;7;0;0;2;1;12;A01
201800046685;1;34;0;0;2;8;3;B01
201800046686;2;7;0;0;2;4;2;B01
201800046686;2;7;0;0;2;1;1;A01
201800046687;2;33;0;0;2;9;17;C01
201800046687;2;7;0;0;2;4;1;B01
201800046687;2;10;0;0;2;8;13;A01
201800046688;2;7;0;0;2;6;1;C01
201800046688;2;33;0;0;2;1;3;A01
201800046688;2;7;0;0;2;8;11;B01
201800046689;1;7;0;0;2;4;2;D01
201800046689;1;7;0;0;2;4;2;E01
201800046689;1;7;0;0;2;4;2;B01
201800046689;1;7;0;0;2;4;2;C01
201800046689;1;14;0;0;2;1;1;A01
201800046690;1;7;0;0;2;2;9;A01
201800046690;1;7;0;0;2;2;9;B01
201800046691;1;33;0;0;2;8;3;A01
201800046691;1;7;0;0;2;7;12;B01
201800046692;2;33;0;0;2;3;3;B01
201800046692;2;7;0;0;2;2;12;A01
201800046693;1;7;0;0;2;1;1;A01
201800046693;1;7;0;0;2;4;2;B01
201800046694;1;7;0;0;2;1;2;A01
201800046694;1;7;0;0;2;4;2;C01
201800046694;1;7;0;0;2;4;2;B01
201800046695;2;33;0;1;2;1;1;A01
201800046695;2;7;0;0;2;4;1;B01
201800046696;2;33;0;0;0;9;21;A01
201800046697;2;33;0;0;2;6;3;B01
201800046697;2;7;0;0;2;7;12;A01
201800046698;2;33;0;0;2;7;3;B01
201800046698;2;7;0;0;2;4;1;C01
201800046698;2;7;0;0;2;8;11;A01
201800046699;2;15;0;0;2;4;2;B01
201800046699;2;14;0;0;2;1;1;A01
201800046700;2;10;0;0;2;8;1;A01
201800046700;2;33;0;0;2;1;1;B01
201800046701;1;7;0;0;2;4;2;B01
201800046701;1;15;0;0;2;1;1;A01
201800046701;1;7;0;0;2;4;2;C01
201800046702;1;10;0;0;2;4;1;B01
201800046702;1;7;0;0;2;1;1;A01
201800046703;1;7;0;0;2;4;1;B01
201800046703;1;33;0;0;2;1;1;A01
201800046704;2;7;0;0;2;1;1;A01
201800046704;2;7;0;0;2;4;2;B01
201800046704;2;7;0;0;2;4;2;C01
201800046705;1;34;0;0;2;1;1;A01
201800046705;1;10;0;0;2;4;2;B01
201800046706;2;7;0;0;2;5;1;C01
201800046706;2;7;0;0;2;8;11;A01
201800046706;2;33;0;0;2;1;3;B01
201800046706;2;34;0;0;2;4;1;D01
201800046707;2;7;0;0;2;7;13;A01
201800046707;2;7;0;0;2;1;1;B01
201800046708;1;10;0;0;2;1;2;Z01
201800046708;1;7;0;0;2;4;2;C01
201800046708;1;7;0;0;2;4;1;A01
201800046708;1;7;0;0;2;4;2;B01
201800046709;1;7;0;0;2;4;9;A01
201800046709;1;31;0;0;2;1;1;B01
201800046710;1;7;0;0;2;2;1;B01
201800046710;1;7;0;0;2;2;5;A01
201800046711;2;33;0;0;2;1;3;B01
201800046711;2;7;0;0;2;4;14;A01
201800046712;1;7;0;0;2;4;2;B01
201800046712;1;7;0;0;2;4;2;C01
201800046712;1;7;0;0;2;1;2;A01
201800046713;1;33;0;0;2;6;1;B01
201800046713;1;7;0;0;2;2;14;A01
201800046714;2;7;0;0;2;4;1;B01
201800046714;2;7;0;0;2;1;1;A01
201800046715;1;7;0;0;2;1;2;B01
201800046715;1;7;0;0;2;1;2;C01
201800046715;1;7;0;0;2;1;1;A01
201800046715;1;7;0;0;2;1;2;D01
201800046715;1;7;0;0;2;4;2;E01
201800046716;2;7;0;0;2;4;2;C01
201800046716;2;7;0;0;2;4;2;B01
201800046716;2;10;0;0;2;1;1;A01
201800046717;2;7;0;0;2;4;2;B01
201800046717;2;7;0;0;2;1;1;A01
201800046718;1;31;0;0;2;7;3;B01
201800046718;1;7;0;0;2;8;13;A01
201800046719;2;7;0;0;2;1;1;A01
201800046719;2;7;0;0;2;4;2;B01
201800046720;2;20;0;4;0;9;1;A01
201800046721;2;7;0;0;2;6;1;B01
201800046721;2;7;0;0;2;5;2;C01
201800046721;2;33;0;0;2;1;3;A01
201800046722;1;7;0;0;2;6;1;C01
201800046722;1;7;0;0;2;7;12;A01
201800046722;1;33;0;0;2;8;1;B01
201800046723;1;15;0;0;2;1;1;A01
201800046723;1;7;0;0;2;4;2;B01
201800046724;1;7;0;0;2;9;1;B01
201800046724;1;15;0;0;2;8;1;A01
201800046725;1;10;0;0;2;4;1;C01
201800046725;1;10;0;0;2;1;1;A01
201800046725;1;10;0;0;2;6;15;B01
201800046726;2;7;0;0;2;4;12;B01
201800046726;2;34;0;0;2;1;3;A01
201800046727;1;10;0;0;2;5;12;A01
201800046727;1;31;0;0;2;3;3;B01
201800046728;0;7;0;0;2;2;1;A01
201800046728;0;7;0;0;2;1;1;B01
201800046729;1;7;0;0;2;1;1;A01
201800046729;1;31;0;0;2;4;2;B01
201800046730;2;7;0;0;2;4;2;B01
201800046730;2;7;0;0;2;4;2;C01
201800046730;2;7;0;0;2;4;2;D01
201800046730;2;10;0;0;2;1;2;A01
201800046731;1;14;0;0;2;2;12;Z01
201800046731;1;7;0;0;2;8;1;B01
201800046731;1;7;0;0;2;1;1;C01
201800046732;2;7;0;1;0;1;1;A01
201800046733;2;10;0;0;2;4;1;B01
201800046733;2;34;0;0;2;1;13;A01
201800046734;1;7;0;0;2;8;13;A01
201800046734;1;31;0;0;2;7;1;B01
201800046735;2;32;0;0;2;0;1;A01
201800046736;2;7;0;0;2;1;1;A01
201800046736;2;7;0;0;2;4;2;B01
201800046736;2;7;0;0;2;4;2;C01
201800046737;2;7;0;0;2;1;1;B01
201800046737;2;7;0;0;2;3;1;A01
201800046738;1;10;0;0;2;4;2;B01
201800046738;1;7;0;0;2;1;1;A01
201800046739;2;33;0;0;2;7;1;B01
201800046739;2;7;0;0;2;3;11;A01
201800046740;2;7;0;0;2;4;2;C01
201800046740;2;10;0;0;2;1;2;A01
201800046740;2;10;0;0;2;4;2;B01
201800046740;2;7;0;0;2;4;2;D01
201800046741;1;7;0;0;2;8;11;B01
201800046741;1;32;0;0;2;7;3;A01
201800046742;1;7;0;16;0;9;0;A01
201800046743;2;10;0;0;2;1;2;C01
201800046743;2;7;0;0;2;4;23;A01
201800046743;0;7;0;0;2;1;2;B01
201800046744;0;7;0;0;0;0;0;Z01
201800046744;1;33;0;0;2;7;12;A01
201800046745;2;10;0;0;2;1;2;A01
201800046745;2;7;0;0;2;4;2;C01
201800046745;2;7;0;0;2;4;2;B01
201800046746;1;7;0;0;2;4;2;B01
201800046746;1;7;0;0;2;1;1;A01
201800046747;1;7;0;0;2;1;1;B01
201800046747;1;7;0;0;2;1;1;A01
201800046748;1;7;0;0;2;1;1;A01
201800046748;1;7;0;0;2;4;2;B01
201800046749;2;7;0;0;2;4;2;C01
201800046749;2;7;0;0;2;1;2;A01
201800046749;2;7;0;0;2;4;2;B01
201800046749;2;7;0;0;2;4;2;D01
201800046750;2;7;0;3;0;1;1;A01
201800046751;2;7;0;0;2;4;2;C01
201800046751;2;7;0;0;2;8;11;A01
201800046751;2;7;0;0;2;1;2;B01
201800046752;2;7;0;0;2;4;1;E01
201800046752;2;7;0;0;2;8;1;C01
201800046752;2;7;0;0;2;6;1;D01
201800046752;2;10;0;0;2;3;11;A01
201800046752;2;7;0;0;2;2;1;B01
201800046753;1;7;0;0;2;3;1;B01
201800046753;1;7;0;0;2;8;13;A01
201800046754;2;7;0;0;2;3;14;Z01
201800046754;2;31;0;0;2;7;1;A01
201800046755;1;33;0;0;2;9;0;A01
201800046756;1;7;0;6;0;3;0;A01
201800046757;2;33;0;0;2;5;0;A01
201800046758;2;7;0;0;2;3;11;A01
201800046758;2;31;0;0;2;2;3;B01
201800046759;1;33;0;0;0;1;12;A01
201800046760;2;33;0;0;2;8;1;B01
201800046760;2;7;0;0;2;7;12;A01
201800046761;2;10;0;0;2;1;1;A01
201800046761;2;7;0;0;2;4;2;C01
201800046761;2;7;0;0;2;4;2;B01
201800046762;2;7;0;0;2;1;1;B01
201800046762;2;10;0;4;2;1;19;A01
201800046763;1;7;0;0;2;1;1;B01
201800046763;1;7;0;0;2;4;0;A01
201800046764;2;31;0;0;0;7;1;A01
201800046765;2;33;0;0;2;1;3;A01
201800046765;2;7;0;0;2;7;1;B01
201800046766;2;7;0;0;2;7;12;A01
201800046766;2;7;0;0;2;8;3;B01
201800046766;2;7;0;0;2;3;1;C01
201800046767;1;13;0;0;2;4;2;C01
201800046767;1;10;0;0;2;4;2;E01
201800046767;1;15;0;0;2;1;1;A01
201800046767;1;7;0;0;2;4;2;D01
201800046767;1;7;0;0;2;4;2;B01
201800046768;2;31;0;16;0;7;0;A01
201800046769;2;32;0;0;2;2;17;A01
201800046769;2;7;0;0;2;1;3;C01
201800046769;2;7;0;0;2;6;1;D01
201800046769;2;7;0;0;2;5;1;B01
201800046770;2;7;0;4;0;1;1;A01
201800046771;2;7;0;0;2;6;11;A01
201800046771;2;7;0;0;2;3;1;B01
201800046771;2;14;0;0;2;2;1;D01
201800046771;2;7;0;0;2;5;1;C01
201800046772;2;7;0;0;2;8;11;A01
201800046772;2;33;0;0;2;7;1;B01
201800046773;2;7;0;0;2;7;12;A01
201800046773;2;33;0;0;2;8;3;B01
201800046774;1;7;0;0;2;6;13;A01
201800046774;1;15;0;0;2;2;1;B01
201800046775;2;7;0;0;2;4;2;C01
201800046775;2;7;0;0;2;4;2;B01
201800046775;2;7;0;0;2;1;1;A01
201800046776;2;31;0;0;2;8;3;B01
201800046776;2;7;0;0;2;7;12;A01
201800046777;1;31;0;0;0;1;1;A01
201800046778;1;7;0;4;0;9;1;A01
201800046779;1;7;0;0;2;4;23;B01
201800046779;1;7;0;0;2;1;1;A01
201800046779;1;7;0;0;2;4;2;C01
201800046780;2;99;0;0;2;1;1;B01
201800046780;2;15;0;0;2;4;1;A01
201800046781;1;33;0;0;2;1;1;A01
201800046781;1;7;0;0;2;4;1;B01
201800046782;1;7;0;14;0;8;13;A01
201800046783;2;7;0;0;2;4;1;C01