num_acc;senc;catv;occutc;obs;obsm;choc;manv;num_veh
201800046783;2;7;0;0;2;3;11;A01
201800046783;2;34;0;0;2;1;3;B01
201800046784;2;7;0;0;2;4;1;B01
201800046784;2;31;0;0;2;1;1;A01
201800046785;1;7;0;3;0;1;1;A01
201800046786;1;33;0;0;2;1;2;A01
201800046787;1;33;0;0;2;1;1;A01
201800046788;1;7;0;0;2;6;1;B01
201800046788;1;7;0;0;2;2;12;A01
201800046789;1;33;0;0;2;1;3;A01
201800046789;1;7;0;0;2;5;1;B01
201800046790;2;7;0;0;2;5;12;A01
201800046790;2;31;0;0;2;1;3;B01
201800046791;1;34;0;0;2;1;1;A01
201800046791;1;10;0;0;2;6;1;B01
201800046792;2;7;0;0;0;1;13;A01
201800046793;1;7;0;0;2;4;4;B01
201800046793;1;10;0;0;2;1;1;A01
201800046794;2;7;0;1;2;1;1;Z01
201800046794;2;7;0;0;2;4;23;A01
201800046795;2;34;0;0;2;8;1;B01
201800046795;2;7;0;0;2;5;12;A01
201800046796;2;7;0;0;2;4;12;B01
201800046796;2;17;0;0;2;1;1;A01
201800046797;2;7;0;16;0;1;1;A01
201800046798;2;15;0;1;0;5;14;A01
201800046798;2;15;0;0;2;6;23;B01
201800046799;2;33;0;0;2;3;3;A01
201800046799;2;7;0;0;2;5;1;B01
201800046800;0;7;0;16;0;8;1;A01
201800046801;1;34;0;1;0;1;1;B01
201800046801;1;7;0;0;2;4;24;A01
201800046802;2;7;0;0;2;6;1;B01
201800046802;2;7;0;0;2;3;12;A01
201800046803;2;33;0;0;2;1;1;A01
201800046803;2;7;0;0;2;0;11;B01
201800046804;1;7;0;0;2;1;1;A01
201800046804;1;7;0;0;2;4;1;B01
201800046805;2;15;0;6;0;7;1;A01
201800046806;2;33;0;0;2;7;3;B01
201800046806;2;7;0;0;2;7;1;C01
201800046806;2;7;0;0;2;4;13;A01
201800046807;1;7;0;0;2;7;21;A01
201800046807;1;33;0;0;2;8;1;B01
201800046808;2;32;0;0;2;3;21;B01
201800046808;2;7;0;0;2;5;19;A01
201800046809;2;7;0;6;0;3;14;A01
201800046810;1;10;0;0;2;2;19;A01
201800046810;1;7;0;0;2;3;1;B01
201800046811;1;7;0;0;2;4;2;C01
201800046811;1;7;0;0;2;1;2;A01
201800046811;1;7;0;0;2;4;2;D01
201800046811;1;7;0;0;2;4;2;B01
201800046812;1;7;0;0;2;1;0;A01
201800046812;1;7;0;0;0;0;0;B01
201800046813;2;7;0;0;2;4;2;B01
201800046813;2;7;0;0;2;1;1;A01
201800046813;2;7;0;0;2;4;2;D01
201800046813;1;7;0;0;2;4;2;C01
201800046814;1;10;0;16;0;0;0;A01
201800046815;1;7;0;4;0;1;0;A01
201800046816;1;33;0;14;0;1;0;A01
201800046817;1;33;0;13;0;8;1;A01
201800046818;2;33;0;16;2;1;1;A01
201800046819;1;7;0;0;2;4;1;A01
201800046819;1;14;0;0;2;3;1;B01
201800046820;1;31;0;16;0;7;1;A01
201800046821;1;7;0;4;0;2;1;A01
201800046822;2;7;0;0;2;0;1;A01
201800046822;2;33;0;0;2;0;3;B01
201800046822;2;7;0;0;2;0;0;C01
201800046823;2;7;0;0;2;1;2;A01
201800046823;2;7;0;0;2;4;2;B01
201800046823;2;7;0;0;2;4;2;C01
201800046824;2;7;0;0;2;4;1;A01
201800046824;2;7;0;0;2;2;1;B01
201800046825;2;7;0;6;0;3;1;A01
201800046826;2;7;0;0;2;1;1;A01
201800046826;2;10;0;0;2;4;1;B01
201800046827;2;13;0;0;2;2;12;A01
201800046827;2;7;0;0;2;3;1;B01
201800046828;1;33;0;0;2;1;1;B01
201800046828;1;10;0;0;2;6;1;A01
201800046828;1;7;0;0;2;8;11;C01
201800046829;1;7;0;0;2;7;1;A01
201800046829;1;7;0;0;2;8;1;B01
201800046830;2;7;0;0;2;1;1;A01
201800046830;2;7;0;0;2;4;1;B01
201800046831;1;33;0;16;0;7;1;A01
201800046832;2;7;0;0;2;4;2;D01
201800046832;2;7;0;0;2;4;2;C01
201800046832;2;7;0;0;2;1;1;A01
201800046832;2;7;0;0;2;4;2;B01
201800046833;2;10;0;0;2;1;1;A01
201800046833;2;7;0;0;2;4;2;C01
201800046833;2;7;0;0;2;4;2;B01
201800046834;2;7;0;5;0;2;14;A01
201800046835;2;7;0;0;2;4;1;B01
201800046835;2;7;0;0;2;1;1;A01
201800046836;2;7;0;0;2;4;2;D01
201800046836;2;7;0;0;2;4;2;B01
201800046836;2;7;0;0;2;1;1;A01
201800046836;2;7;0;0;2;4;2;C01
201800046837;2;10;0;0;2;1;1;A01
201800046837;2;7;0;0;2;4;1;B01
201800046838;2;33;0;0;0;0;21;A01
201800046839;2;7;0;0;2;4;2;B01
201800046839;2;7;0;0;2;1;1;A01
201800046840;1;10;0;0;2;1;1;B01
201800046840;1;7;0;0;2;5;1;C01
201800046840;1;7;0;0;2;4;9;A01
201800046840;1;15;0;0;2;2;1;D01
201800046840;1;7;0;0;2;2;1;E01
201800046841;2;10;0;0;2;4;1;A01
201800046841;2;33;0;0;2;4;2;B01
201800046842;1;7;0;0;2;0;11;A01
201800046842;1;7;0;0;2;0;1;B01
201800046842;1;7;0;0;2;0;1;C01
201800046843;1;33;0;0;2;0;18;A01
201800046843;1;7;0;0;2;0;1;B01
201800046844;2;7;0;0;2;7;14;A01
201800046844;2;31;0;0;2;8;3;B01
201800046845;2;7;0;0;2;8;11;B01
201800046845;2;15;0;0;2;1;1;A01
201800046846;1;10;0;4;0;9;1;A01
201800046847;2;17;0;0;2;4;23;A01
201800046847;2;7;0;1;2;1;2;B01
201800046848;2;7;0;4;0;1;1;A01
201800046849;1;7;0;11;0;1;1;A01
201800046850;2;7;0;0;2;4;2;C01
201800046850;2;7;0;0;2;4;2;B01
201800046850;2;7;0;0;2;1;1;A01
201800046851;2;7;0;0;2;3;1;A01
201800046851;2;7;0;0;2;4;2;B01
201800046852;2;7;0;0;2;1;1;A01
201800046852;2;7;0;0;2;4;1;C01
201800046852;2;7;0;0;2;4;2;B01
201800046853;2;33;0;0;2;5;3;A01
201800046853;2;7;0;0;2;8;1;B01
201800046854;2;33;0;0;2;2;9;A01
201800046854;2;7;0;0;2;8;1;B01
201800046855;2;13;0;0;2;1;2;B01
201800046855;2;15;0;0;2;1;1;A01
201800046855;2;15;0;0;2;4;2;C01
201800046856;1;7;0;0;2;1;1;A01
201800046856;1;7;0;0;2;4;2;B01
201800046857;1;7;0;0;2;4;11;B01
201800046857;1;32;0;0;2;1;1;A01
201800046858;2;33;0;0;2;8;1;A01
201800046859;2;7;0;0;2;1;1;Z01
201800046859;2;7;0;0;2;4;1;A01
201800046860;2;32;0;0;2;7;11;B01
201800046860;2;7;0;0;2;2;12;A01
201800046861;2;7;0;0;2;3;1;B01
201800046861;2;7;0;0;2;3;1;C01
201800046861;2;7;0;0;2;9;11;A01
201800046862;1;13;0;0;2;4;23;B01
201800046862;1;7;0;0;2;1;9;A01
201800046863;2;7;0;0;2;5;3;B01
201800046863;2;33;0;0;2;8;12;A01
201800046864;1;7;0;6;0;6;14;A01
201800046864;1;7;0;1;0;6;23;B01
201800046865;2;7;0;0;2;4;9;A01
201800046865;2;15;0;0;2;1;1;B01
201800046866;1;10;0;0;2;1;1;A01
201800046866;1;10;0;0;0;4;1;B01
201800046867;1;38;1;0;2;1;2;B01
201800046867;1;7;0;0;2;4;1;A01
201800046868;2;7;0;0;2;4;12;A01
201800046868;2;33;0;0;2;1;3;B01
201800046869;2;7;0;0;2;8;1;A01
201800046869;2;33;0;0;2;1;17;B01
201800046870;2;7;0;0;2;1;1;A01
201800046870;1;7;0;0;2;4;1;B01
201800046871;2;7;0;0;2;4;2;B01
201800046871;2;7;0;0;2;4;2;C01
201800046871;2;10;0;0;2;1;1;A01
201800046872;2;7;0;16;0;1;13;A01
201800046873;2;7;0;0;2;8;1;E01
201800046873;2;7;0;0;2;3;2;C01
201800046873;2;7;0;0;2;4;2;F01
201800046873;2;7;0;3;2;2;7;A01
201800046873;2;7;0;0;2;6;11;B01
201800046873;2;7;0;0;2;3;2;D01
201800046874;1;7;0;0;0;1;1;A01
201800046875;1;33;0;0;2;8;1;B01
201800046875;1;7;0;0;2;5;1;A01
201800046876;1;7;0;0;2;1;1;C01
201800046876;1;7;0;0;2;3;11;B01
201800046876;1;14;0;0;2;2;1;A01
201800046877;2;15;0;0;2;2;9;B01
201800046877;2;7;0;0;2;4;1;A01
201800046878;1;14;0;0;2;6;1;B01
201800046878;1;7;0;3;2;1;1;A01
201800046879;1;33;0;0;2;8;3;B01
201800046879;1;7;0;0;2;7;12;A01
201800046879;1;17;0;0;2;1;2;C01
201800046880;1;7;0;0;2;5;12;A01
201800046880;1;33;0;0;2;3;1;B01
201800046881;1;15;0;0;2;6;1;B01
201800046881;1;10;0;0;2;1;1;A01
201800046882;2;13;0;0;2;1;17;B01
201800046882;2;7;0;0;2;4;1;A01
201800046883;2;31;0;16;0;8;21;A01
201800046884;1;7;0;3;0;1;1;A01
201800046885;2;7;0;0;2;2;12;B01
201800046885;2;31;0;0;2;7;3;A01
201800046885;2;7;0;0;2;6;2;C01
201800046886;2;31;0;0;2;7;14;B01
201800046886;2;7;0;0;2;1;2;A01
201800046887;2;33;0;0;2;1;3;B01
201800046887;2;7;0;0;2;6;11;A01
201800046888;2;7;0;0;2;5;1;B01
201800046888;2;7;0;0;2;4;1;C01
201800046888;2;33;0;0;2;1;21;A01
201800046889;1;7;0;0;2;4;1;B01
201800046889;2;7;0;0;2;1;1;A01
201800046890;1;7;0;0;2;6;1;A01
201800046890;1;33;0;0;2;7;1;B01
201800046891;1;31;0;16;0;8;0;A01
201800046892;1;7;0;0;2;2;12;A01
201800046892;1;7;0;0;2;3;1;B01
201800046892;1;7;0;0;2;7;1;C01
201800046893;1;15;0;0;2;6;1;B01
201800046893;1;7;0;0;2;2;1;A01
201800046894;2;10;0;4;0;3;1;A01
201800046895;2;7;0;0;2;8;1;B01
201800046895;2;7;0;0;2;8;2;C01
201800046895;2;7;0;0;2;1;11;A01
201800046896;2;10;0;0;2;4;2;C01
201800046896;2;7;0;0;2;4;1;A01
201800046896;2;10;0;0;2;4;2;B01
201800046896;2;7;0;0;2;1;2;D01
201800046897;2;7;0;0;2;8;11;B01
201800046897;2;31;0;0;2;7;3;A01
201800046898;1;34;0;0;2;3;3;B01
201800046898;1;7;0;0;2;7;1;A01
201800046899;1;7;0;0;2;5;2;B01
201800046899;1;31;0;0;2;3;1;A01
201800046900;2;33;0;0;2;2;3;B01
201800046900;2;10;0;0;2;8;11;A01
201800046901;1;7;0;0;2;4;2;B01
201800046901;1;7;0;0;2;4;2;C01
201800046901;1;7;0;0;2;1;1;A01
201800046902;2;33;0;0;2;2;1;B01
201800046902;2;7;0;0;2;6;11;A01
201800046903;1;7;0;0;2;2;14;A01
201800046903;1;7;0;0;2;6;1;B01
201800046904;1;7;0;0;2;7;1;B01
201800046904;1;7;0;0;2;1;21;A01
201800046905;1;7;0;0;2;3;12;A01
201800046905;1;7;0;0;2;5;1;B01
201800046906;1;10;0;0;2;1;1;A01
201800046906;1;7;0;0;2;4;1;B01
201800046907;2;7;0;0;2;1;2;C01
201800046907;2;7;0;0;2;4;2;D01
201800046907;2;7;0;0;2;1;1;A01
201800046907;2;7;0;0;2;4;2;B01
201800046908;1;10;0;0;2;5;1;C01
201800046908;1;32;0;0;2;2;3;A01
201800046908;1;7;0;0;2;3;11;B01
201800046909;2;32;0;0;0;1;1;A01
201800046910;2;7;0;0;2;4;1;B01
201800046910;2;10;0;0;2;1;1;A01
201800046910;2;15;0;0;2;6;1;C01
201800046911;1;7;0;0;2;1;1;A01
201800046911;1;7;0;0;0;0;0;B01
201800046912;2;7;0;0;2;1;14;A01
201800046912;2;33;0;0;2;4;1;C01
201800046912;2;10;0;0;2;8;1;D01
201800046912;2;10;0;0;2;4;1;B01
201800046913;1;7;0;0;2;5;1;B01
201800046913;1;33;0;0;2;1;1;A01
201800046914;1;7;0;0;2;3;1;A01
201800046914;1;7;0;0;2;4;2;C01
201800046914;1;7;0;0;2;5;2;B01
201800046915;1;7;0;0;2;1;1;A01
201800046915;1;7;0;0;2;4;2;C01
201800046915;1;7;0;0;2;4;2;B01
201800046916;2;33;0;0;2;4;3;B01
201800046916;2;32;0;0;2;1;3;A01
201800046917;2;7;0;0;2;1;1;A01
201800046917;2;7;0;0;2;4;2;D01
201800046917;2;7;0;0;2;4;2;B01
201800046917;2;7;0;0;2;5;2;C01
201800046918;2;7;0;0;2;2;14;A01
201800046918;2;17;0;0;2;8;24;B01
201800046919;2;33;0;0;0;3;3;A01
201800046920;2;7;0;0;2;3;1;B01
201800046920;2;33;0;0;2;2;3;A01
201800046921;2;7;0;0;2;8;11;A01
201800046921;2;33;0;0;2;1;1;B01
201800046922;0;7;0;4;0;3;16;A01
201800046923;2;31;0;0;2;3;3;D01
201800046923;2;7;0;0;2;4;1;B01
201800046923;2;7;0;0;2;2;14;C01
201800046923;2;32;0;0;2;1;3;A01
201800046924;2;7;0;0;2;4;2;B01
201800046924;2;32;0;0;2;1;1;A01
201800046925;2;33;0;0;0;3;3;A01
201800046926;1;7;0;0;2;1;2;A01
201800046926;1;10;0;0;2;5;2;B01
201800046926;1;7;0;0;2;5;2;D01
201800046926;1;7;0;0;2;5;2;C01
201800046927;2;7;0;0;2;7;14;A01
201800046927;2;33;0;0;2;3;3;B01
201800046928;2;7;0;0;2;2;12;A01
201800046928;2;33;0;0;2;3;3;B01
201800046928;2;7;0;0;2;3;1;C01
201800046929;1;10;0;0;2;2;12;A01
201800046929;1;33;0;0;2;3;3;B01
201800046930;2;7;0;0;2;1;1;A01
201800046930;2;7;0;0;2;4;2;B01
201800046931;2;7;0;0;2;4;2;B01
201800046931;2;10;0;0;2;1;1;A01
201800046932;2;33;0;16;0;1;3;A01
201800046933;2;10;0;0;2;4;2;B01
201800046933;2;34;0;0;2;1;1;A01
201800046934;1;7;0;0;2;1;1;A01
201800046934;1;10;0;0;2;4;2;B01
201800046935;2;7;0;0;2;3;3;A01
201800046935;2;33;0;0;2;1;11;B01
201800046936;2;7;0;0;2;4;2;B01
201800046936;2;7;0;0;2;1;1;A01
201800046937;2;7;0;0;2;1;1;A01
201800046937;2;7;0;0;2;4;2;B01
201800046938;2;7;0;0;2;1;1;A01
201800046938;2;7;0;0;2;4;2;B01
201800046939;1;7;0;0;2;4;2;B01
201800046939;1;7;0;0;2;4;2;C01
201800046939;1;7;0;0;2;1;2;A01
201800046939;1;7;0;0;2;4;2;D01
201800046940;1;7;0;0;2;1;1;A01
201800046940;1;7;0;0;2;4;2;B01
201800046941;2;10;0;0;2;1;1;A01
201800046941;2;7;0;0;2;4;2;C01
201800046941;2;7;0;0;2;4;2;B01
201800046942;2;32;0;0;2;3;1;A01
201800046942;2;7;0;0;2;5;12;Z01
201800046943;1;15;0;0;2;1;2;D01
201800046943;1;7;0;0;2;7;2;B01
201800046943;1;10;0;0;2;4;2;C01
201800046943;1;7;0;0;2;7;1;A01
201800046944;2;7;0;0;2;1;1;A01
201800046944;2;7;0;0;2;4;2;B01
201800046945;1;7;0;0;2;4;2;B01
201800046945;1;7;0;0;2;1;1;A01
201800046945;1;7;0;0;2;4;2;C01
201800046946;1;17;0;0;2;5;1;A01
201800046946;1;14;0;0;2;1;2;C01
201800046946;1;7;0;0;2;3;9;B01
201800046947;1;32;0;0;2;3;1;B01
201800046947;1;10;0;0;2;2;12;A01
201800046948;2;33;0;0;2;7;3;A01
201800046948;2;7;0;0;2;8;1;B01
201800046949;2;7;0;0;2;1;1;A01
201800046949;2;17;0;0;2;4;2;B01
201800046950;2;15;0;0;2;1;1;A01
201800046950;2;32;0;0;2;4;2;B01
201800046951;1;7;0;4;0;1;1;A01
201800046952;2;33;0;0;2;1;3;B01
201800046952;2;7;0;0;2;6;12;A01
201800046953;2;34;0;0;2;8;21;A01
201800046953;2;7;0;0;2;5;1;B01
201800046954;2;15;0;0;2;4;2;B01
201800046954;2;7;0;0;2;1;1;A01
201800046955;2;33;0;0;2;1;3;A01
201800046955;2;7;0;0;2;2;0;B01
201800046956;1;17;0;3;0;1;1;A01
201800046957;1;7;0;0;2;1;13;A01
201800046957;1;7;0;0;2;3;1;B01
201800046958;2;13;0;0;2;1;2;A01
201800046958;2;7;0;0;2;4;2;B01
201800046959;1;7;0;0;2;4;2;D01
201800046959;1;7;0;0;2;1;1;A01
201800046959;1;10;0;0;2;4;2;B01
201800046959;1;7;0;0;2;4;2;C01
201800046960;1;33;0;0;2;3;3;B01
201800046960;1;7;0;0;2;4;1;C01
201800046960;1;7;0;0;2;2;12;A01
201800046961;2;7;0;0;2;4;23;B01
201800046961;2;7;0;1;0;1;1;A01
201800046962;2;10;0;0;2;6;1;A01
201800046962;2;33;0;0;2;1;3;B01
201800046963;2;7;0;0;2;6;1;B01
201800046963;2;31;0;0;2;1;3;A01
201800046964;2;7;0;0;0;9;0;A01
201800046965;2;31;0;0;6;8;1;A01
201800046966;2;15;0;0;2;4;9;A01
201800046966;2;7;0;0;2;4;12;B01
201800046967;2;7;0;0;2;4;1;A01
201800046967;2;33;0;0;2;1;2;B01
201800046968;1;7;0;0;2;5;1;B01
201800046968;1;31;0;0;2;1;12;A01
201800046969;1;33;0;0;2;8;3;A01
201800046969;1;10;0;0;2;6;1;B01
201800046970;2;7;0;0;2;1;13;A01
201800046970;2;7;0;0;2;4;1;B01
201800046970;2;33;0;0;2;4;1;C01
201800046971;1;31;0;0;2;1;1;A01
201800046971;1;7;0;0;2;4;2;B01
201800046972;2;32;0;0;0;0;1;A01
201800046973;1;7;0;0;2;1;1;A01
201800046973;1;7;0;0;2;4;2;B01
201800046974;1;7;0;0;0;9;1;A01
201800046975;1;7;0;0;2;1;1;A01
201800046975;1;7;0;0;2;4;2;B01
201800046975;1;7;0;0;2;4;2;C01
201800046976;1;31;0;0;2;8;1;B01
201800046976;1;7;0;0;2;1;12;A01
201800046977;1;7;0;0;2;4;2;B01
201800046977;1;7;0;0;2;1;1;A01
201800046978;2;7;0;0;2;1;2;A01
201800046978;2;7;0;0;2;4;2;B01
201800046978;2;7;0;0;2;5;2;C01
201800046978;2;7;0;0;2;4;2;D01
201800046979;2;34;0;4;0;1;1;A01
201800046980;1;7;0;0;2;4;1;B01
201800046980;1;7;0;0;2;1;1;A01
201800046981;1;10;0;0;2;1;2;A01
201800046981;1;10;0;0;2;4;2;B01
201800046981;1;7;0;0;2;4;2;C01
201800046982;1;33;0;0;2;1;1;B01
201800046982;1;7;0;0;2;4;1;A01
201800046983;1;33;0;0;2;1;3;A01
201800046983;1;7;0;0;2;4;1;B01
201800046984;2;7;0;0;2;6;1;A01
201800046984;2;10;0;0;2;2;14;B01
201800046985;2;10;0;0;2;4;1;B01
201800046985;2;10;0;0;2;1;1;A01
201800046986;1;7;0;0;2;5;12;A01
201800046986;1;33;0;0;2;3;3;B01
201800046987;1;10;0;0;2;4;12;A01
201800046987;1;33;0;0;2;3;3;B01
201800046988;1;99;0;0;2;7;1;Z01
201800046988;1;7;0;0;2;8;9;A01
201800046989;2;7;0;0;2;1;1;A01
201800046989;2;7;0;0;2;4;2;B01
201800046989;2;7;0;0;2;4;2;D01
201800046989;2;7;0;0;2;4;2;C01
201800046990;1;7;0;0;2;1;14;A01
201800046990;1;37;1;0;2;3;1;C01
201800046990;1;7;0;0;2;4;1;B01
201800046991;2;7;0;0;2;1;2;A01
201800046991;2;7;0;0;2;4;2;C01
201800046991;2;7;0;0;2;4;2;B01
201800046992;2;7;0;0;2;4;2;C01
201800046992;2;10;0;0;2;4;2;B01
201800046992;2;10;0;0;2;4;2;E01
201800046992;2;7;0;0;2;4;2;D01
201800046992;2;7;0;0;2;1;1;A01
201800046993;2;7;0;0;2;1;1;A01
201800046993;2;7;0;0;2;4;2;B01
201800046994;1;7;0;0;2;3;11;A01
201800046994;1;33;0;0;2;2;3;B01
201800046995;1;7;0;5;0;2;1;A01
201800046996;1;7;0;0;2;4;1;C01
201800046996;1;7;0;0;2;5;1;B01
201800046996;1;34;0;0;2;1;3;A01
201800046997;1;7;0;3;2;6;23;B01
201800046997;1;7;0;0;2;1;21;A01
201800046998;2;7;0;16;0;1;1;A01
201800046999;1;17;0;3;0;2;14;A01
201800047000;1;7;0;0;2;1;13;A01
201800047000;1;7;0;0;2;1;1;B01
201800047001;1;7;0;0;1;2;1;A01
201800047002;1;7;0;0;2;1;1;Z01
201800047002;1;7;0;0;2;8;1;A01
201800047003;1;7;0;0;2;1;2;A01
201800047003;1;10;0;0;2;4;2;B01
201800047003;1;7;0;0;2;4;1;C01
201800047004;2;7;0;0;2;4;2;B01
201800047004;2;10;0;0;2;1;2;C01
201800047004;2;7;0;0;2;4;1;A01
201800047005;1;7;0;0;2;4;2;C01
201800047005;1;7;0;0;2;4;2;B01
201800047005;1;7;0;0;2;4;2;D01
201800047005;1;7;0;0;2;1;2;A01
201800047006;2;15;0;0;2;1;1;A01
201800047006;2;7;0;0;2;4;2;B01
201800047007;1;31;0;16;0;8;0;A01
201800047008;2;7;0;3;0;1;0;A01
201800047009;1;7;0;4;0;1;0;A01
201800047010;1;7;0;4;0;1;0;A01
201800047011;2;7;0;3;0;3;1;A01
201800047012;1;7;0;0;2;2;9;A01
201800047012;1;7;0;0;2;2;1;B01
201800047013;2;7;0;0;2;4;2;B01
201800047013;2;7;0;0;2;1;1;A01
201800047013;2;10;0;0;2;4;2;C01
201800047014;1;33;0;0;2;3;3;B01
201800047014;1;7;0;0;2;5;1;A01
201800047015;2;7;0;0;2;4;1;A01
201800047015;2;99;0;0;2;1;2;Z01
201800047015;2;7;0;0;2;4;2;B01
201800047016;2;7;0;0;2;4;1;B01
201800047016;2;10;0;0;2;1;1;A01
201800047017;1;7;0;0;2;4;1;A01
201800047017;1;7;0;0;2;1;2;B01
201800047018;1;7;0;0;2;7;12;A01
201800047018;1;33;0;0;2;2;3;B01
201800047018;1;7;0;0;2;4;1;C01
201800047019;1;15;0;0;2;4;2;C01
201800047019;1;15;0;0;2;1;2;A01
201800047019;1;15;0;0;2;4;2;B01
201800047020;2;7;0;0;2;6;2;B01
201800047020;2;33;0;0;2;1;1;A01
201800047021;2;7;0;0;2;2;12;A01
201800047021;2;33;0;0;2;6;1;B01
201800047022;1;7;0;0;2;4;1;A01
201800047022;1;7;0;0;2;1;1;B01
201800047023;1;7;0;0;2;6;12;A01
201800047023;1;33;0;0;2;2;3;B01
201800047024;2;7;0;0;2;4;2;B01
201800047024;2;7;0;0;2;1;1;A01
201800047025;1;7;0;4;0;3;1;A01
201800047026;1;7;0;4;0;1;1;A01
201800047027;1;10;0;2;2;4;1;A01
201800047028;1;7;0;0;2;4;1;A01
201800047028;1;7;0;0;2;1;1;B01
201800047029;1;7;0;0;2;1;1;A01
201800047029;1;7;0;0;2;4;1;B01
201800047030;1;7;0;3;0;1;1;A01
201800047031;1;7;0;0;2;1;1;A01
201800047031;1;7;0;0;2;4;1;B01
201800047032;2;7;0;16;2;0;0;A01
201800047033;1;7;0;16;0;0;0;A01
201800047034;1;7;0;4;0;1;1;A01
201800047035;1;7;0;16;0;1;1;A01
201800047036;1;7;0;16;0;0;0;A01
201800047037;2;7;0;4;0;3;1;A01
201800047038;2;20;0;3;0;1;1;A01
201800047039;2;33;0;0;2;8;3;B01
201800047039;2;7;0;0;2;7;12;A01
201800047040;2;7;0;4;0;1;1;A01
201800047041;1;7;0;0;2;4;12;A01
201800047041;1;33;0;0;2;1;3;B01
201800047042;2;7;0;0;2;7;12;A01
201800047042;2;33;0;0;2;8;3;B01
201800047043;1;7;0;0;2;4;1;A01
201800047043;1;7;0;0;2;1;1;D01
201800047043;1;7;0;0;2;1;1;C01
201800047043;1;10;0;0;2;4;1;B01
201800047044;1;10;0;0;2;2;12;A01
201800047044;1;7;0;0;2;6;1;C01
201800047044;1;33;0;0;2;1;3;B01
201800047045;1;15;0;0;2;1;1;A01
201800047045;1;7;0;0;2;4;1;B01
201800047046;1;7;0;0;2;7;12;A01
201800047046;1;2;0;0;2;6;3;B01
201800047047;1;7;0;0;2;4;2;B01
201800047047;1;7;0;0;2;4;2;C01
201800047047;1;7;0;0;2;1;2;A01
201800047047;1;7;0;0;2;4;2;D01
201800047048;2;7;0;0;2;6;11;A01
201800047048;2;33;0;0;2;1;3;B01
201800047049;2;33;0;16;0;2;1;A01
201800047050;1;33;0;16;0;8;21;A01
201800047051;2;7;0;0;2;4;1;B01
201800047051;2;15;0;0;2;2;14;A01
201800047052;2;7;0;0;2;1;1;A01
201800047052;2;7;0;0;2;4;2;B01
201800047053;2;7;0;0;2;8;14;A01
201800047053;2;7;0;0;2;8;1;B01
201800047054;1;33;0;0;0;7;0;A01
201800047055;2;7;0;3;0;3;1;A01
201800047056;1;7;0;3;0;1;1;A01
201800047057;2;7;0;0;2;1;1;A01
201800047057;2;7;0;0;2;4;2;B01
201800047058;1;7;0;0;2;1;21;A01
201800047058;1;7;0;0;2;1;2;C01
201800047058;1;15;0;0;2;6;24;B01
201800047059;1;7;0;0;2;2;2;Z01
201800047059;1;7;0;0;2;6;2;A01
201800047060;2;7;0;0;2;4;1;B01
201800047060;2;10;0;0;2;1;1;A01
201800047061;1;7;0;0;2;4;2;C01
201800047061;1;7;0;0;2;1;1;A01
201800047061;1;7;0;0;2;4;2;B01
201800047062;1;15;0;0;2;2;9;B01
201800047062;1;14;0;0;2;1;1;A01
201800047062;1;7;0;0;2;2;1;C01
201800047062;1;33;0;0;2;4;1;D01
201800047063;1;7;0;0;2;4;2;C01
201800047063;1;10;0;0;2;1;1;A01
201800047063;1;7;0;0;2;4;2;B01
201800047064;2;10;0;3;0;8;1;A01
201800047065;2;7;0;0;2;5;2;B01
201800047065;2;7;0;0;2;3;9;A01
201800047066;1;33;0;0;2;2;1;B01
201800047066;1;10;0;0;2;3;11;A01
201800047067;2;7;0;3;0;1;1;A01
201800047068;1;34;0;0;0;8;16;A01
201800047069;1;7;0;13;0;1;21;A01
201800047070;2;7;0;4;0;2;1;A01
201800047071;2;7;0;4;0;8;0;A01
201800047072;1;7;0;3;0;1;0;A01
201800047073;2;31;0;0;2;2;14;A01
201800047073;2;10;0;0;2;8;1;B01
201800047074;1;10;0;0;2;4;2;C01
201800047074;1;7;0;0;2;4;2;B01
201800047074;1;10;0;0;2;1;1;A01
201800047075;2;7;0;0;2;4;1;B01
201800047075;2;14;0;0;2;1;1;A01
201800047076;2;31;0;0;2;7;3;B01
201800047076;2;7;0;0;2;3;11;A01
201800047077;2;7;0;0;2;4;12;A01
201800047077;2;10;0;0;6;1;1;C01
201800047077;2;34;0;0;2;1;3;B01
201800047078;2;7;0;0;2;8;11;A01
201800047078;2;31;0;0;2;1;3;B01
201800047079;2;7;0;13;0;7;1;A01
201800047080;2;15;0;0;2;2;1;B01
201800047080;2;99;0;0;2;8;1;A01
201800047081;2;7;0;0;2;4;2;C01
201800047081;2;7;0;0;2;4;2;B01
201800047081;2;7;0;0;2;1;1;A01
201800047082;2;7;0;0;2;3;11;A01
201800047082;2;31;0;0;2;2;3;B01
201800047083;2;7;0;0;2;1;2;A01
201800047083;2;7;0;0;2;4;2;B01
201800047084;2;7;0;4;2;4;0;B01
201800047084;2;7;0;4;2;1;2;A01
201800047085;2;33;0;0;2;1;3;A01
201800047085;2;7;0;0;2;4;2;B01
201800047086;2;7;0;0;2;8;9;A01
201800047086;0;15;0;0;2;1;1;Z01
201800047087;1;7;0;0;2;4;2;C01
201800047087;1;7;0;0;2;4;21;B01
201800047087;1;7;0;0;2;1;1;A01
201800047088;1;7;0;0;2;3;1;A01
201800047088;1;7;0;0;2;5;1;B01
201800047088;1;33;0;0;2;3;3;C01
201800047089;2;7;0;0;2;2;12;B01
201800047089;2;32;0;0;2;3;3;A01
201800047090;2;7;0;0;2;8;11;B01