num_acc;senc;catv;occutc;obs;obsm;choc;manv;num_veh
201800047090;2;33;0;0;2;7;1;A01
201800047091;1;33;0;0;2;1;3;A01
201800047091;1;7;0;0;2;6;11;B01
201800047092;1;7;0;0;2;4;2;C01
201800047092;1;7;0;0;2;1;1;A01
201800047093;1;7;0;4;0;1;1;A01
201800047094;1;7;0;0;2;1;1;A01
201800047094;1;7;0;0;2;4;1;B01
201800047095;1;7;0;3;0;1;21;A01
201800047096;2;7;0;3;0;2;0;A01
201800047097;1;33;0;16;0;7;1;A01
201800047098;2;7;0;0;2;1;1;B01
201800047098;1;7;0;0;2;1;13;A01
201800047099;2;34;0;16;0;1;21;A01
201800047100;1;7;0;0;2;4;2;C01
201800047100;1;7;0;0;2;1;1;A01
201800047100;1;7;0;0;2;4;2;B01
201800047101;2;7;0;0;2;6;1;B01
201800047101;2;14;0;0;2;2;12;A01
201800047102;1;10;0;4;0;3;9;A01
201800047103;2;7;0;0;2;4;1;B01
201800047103;2;7;0;0;2;2;1;A01
201800047104;1;7;0;0;2;5;12;B01
201800047104;1;7;0;0;2;4;1;C01
201800047104;1;33;0;0;2;3;3;A01
201800047105;1;7;0;0;2;6;11;A01
201800047105;1;33;0;0;2;1;3;B01
201800047106;1;7;0;4;2;4;2;B01
201800047106;1;10;0;0;2;1;1;A01
201800047107;2;7;0;0;2;1;1;A01
201800047107;2;7;0;0;2;4;2;C01
201800047107;2;7;0;0;2;4;2;B01
201800047108;2;7;0;0;2;1;1;A01
201800047108;2;7;0;0;2;4;1;B01
201800047109;2;33;0;0;0;9;0;A01
201800047110;1;7;0;4;0;1;14;A01
201800047111;1;33;0;0;2;1;13;A01
201800047111;1;7;0;0;2;4;1;B01
201800047112;1;7;0;0;2;1;1;A01
201800047112;1;7;0;0;2;4;2;B01
201800047113;1;31;0;0;2;1;3;B01
201800047113;1;7;0;0;2;5;12;A01
201800047114;2;15;0;0;2;2;12;A01
201800047114;2;7;0;0;2;6;9;B01
201800047115;1;33;0;0;0;7;16;A01
201800047116;2;7;0;0;2;4;1;B01
201800047116;2;10;0;0;2;3;1;A01
201800047116;2;7;0;0;0;4;1;C01
201800047117;2;7;0;0;2;4;2;B01
201800047117;2;7;0;0;2;1;1;A01
201800047118;2;33;0;0;2;8;3;B01
201800047118;2;10;0;0;2;7;12;A01
201800047118;2;7;0;0;2;6;1;C01
201800047119;2;7;0;3;0;1;14;A01
201800047119;2;7;0;0;2;7;1;B01
201800047120;2;10;0;4;0;2;1;A01
201800047121;1;7;0;0;2;3;1;A01
201800047121;1;7;0;0;2;5;23;B01
201800047121;1;7;0;0;2;2;1;C01
201800047122;2;7;0;0;2;5;12;A01
201800047122;0;33;0;0;2;3;3;B01
201800047123;2;7;0;0;2;4;2;E01
201800047123;2;7;0;0;2;6;2;B01
201800047123;2;10;0;0;2;1;1;A01
201800047123;2;7;0;0;2;4;2;D01
201800047123;2;7;0;0;2;4;2;C01
201800047124;2;10;0;0;2;1;2;A01
201800047124;2;7;0;0;2;4;1;B01
201800047125;1;10;0;0;2;4;4;A01
201800047125;1;10;0;0;2;1;1;B01
201800047125;1;10;0;0;2;1;1;C01
201800047126;2;33;0;0;0;7;13;A01
201800047127;2;33;0;0;2;8;3;B01
201800047127;2;7;0;0;2;7;12;A01
201800047128;2;7;0;0;2;1;13;C01
201800047128;2;7;0;0;2;5;9;A01
201800047128;2;15;0;0;2;3;12;B01
201800047129;2;33;0;0;2;3;3;A01
201800047129;2;15;0;0;2;7;1;B01
201800047130;1;31;0;0;2;8;3;B01
201800047130;1;7;0;0;2;7;12;A01
201800047131;2;7;0;4;2;8;1;B01
201800047131;2;15;0;0;2;2;14;A01
201800047131;2;33;0;0;2;1;2;C01
201800047132;2;10;0;0;2;7;12;A01
201800047132;2;33;0;0;2;8;1;C01
201800047132;2;33;0;0;2;8;3;B01
201800047133;1;7;0;0;2;1;1;A01
201800047133;1;7;0;0;2;4;2;B01
201800047134;2;17;0;0;2;4;1;B01
201800047134;2;7;0;0;2;1;13;A01
201800047135;2;15;0;0;2;1;9;A01
201800047135;2;7;0;0;2;4;1;B01
201800047135;2;7;0;0;2;4;2;C01
201800047136;2;7;0;0;2;4;2;C01
201800047136;2;7;0;0;2;4;2;B01
201800047136;2;7;0;0;2;5;1;E01
201800047136;2;10;0;0;2;1;2;A01
201800047136;2;7;0;0;2;4;1;D01
201800047137;1;10;0;0;2;7;12;A01
201800047137;1;33;0;0;2;8;1;B01
201800047138;2;7;0;0;2;3;11;A01
201800047138;2;33;0;0;2;2;3;B01
201800047139;2;10;0;0;2;1;1;A01
201800047140;1;7;0;0;2;4;1;B01
201800047140;1;7;0;0;2;1;1;A01
201800047141;1;7;0;0;2;6;11;A01
201800047141;1;33;0;0;2;2;3;C01
201800047141;1;14;0;0;2;1;1;B01
201800047142;2;34;0;0;0;7;1;A01
201800047143;2;10;0;0;2;5;14;Z01
201800047143;2;10;0;0;2;2;1;A01
201800047144;1;7;0;0;2;6;1;B01
201800047144;1;10;0;0;2;3;14;A01
201800047145;2;7;0;13;0;8;12;A01
201800047146;1;17;0;4;0;3;1;A01
201800047147;2;33;0;0;0;7;1;A01
201800047148;2;7;0;16;0;0;1;A01
201800047149;2;7;0;3;0;1;13;A01
201800047150;1;7;0;0;2;1;1;A01
201800047150;1;7;0;0;2;4;2;B01
201800047151;2;7;0;0;2;1;2;C01
201800047151;2;7;0;0;2;6;1;B01
201800047151;2;17;0;0;2;2;12;A01
201800047152;2;7;0;0;2;1;1;A01
201800047152;2;7;0;0;2;4;2;C01
201800047152;2;7;0;0;2;4;2;B01
201800047152;2;7;0;0;2;4;2;D01
201800047153;1;7;0;0;2;4;1;A01
201800047153;1;99;0;0;2;1;1;Z01
201800047154;2;7;0;0;2;4;2;B01
201800047154;2;13;0;0;2;1;1;A01
201800047155;2;7;0;0;2;4;2;B01
201800047155;2;7;0;0;2;1;1;A01
201800047156;1;10;0;0;2;4;2;B01
201800047156;1;10;0;0;2;1;1;A01
201800047157;1;7;0;4;0;8;0;A01
201800047158;2;7;0;0;2;1;1;A01
201800047158;2;7;0;0;2;4;1;B01
201800047159;1;7;0;0;2;7;15;B01
201800047159;2;7;0;0;2;3;9;A01
201800047160;1;10;0;0;2;3;13;A01
201800047160;2;10;0;0;2;3;2;B01
201800047160;2;10;0;0;2;3;2;C01
201800047161;1;7;0;6;9;1;14;A01
201800047162;1;7;0;0;2;1;2;A01
201800047162;1;10;0;0;2;4;2;B01
201800047162;1;10;0;0;2;4;2;C01
201800047163;1;7;0;0;0;0;2;A01
201800047163;1;33;0;0;9;1;2;B01
201800047164;1;10;0;0;1;4;4;A01
201800047165;1;7;0;0;2;1;15;B01
201800047165;1;30;0;0;2;1;1;A01
201800047166;2;7;0;0;2;2;21;A01
201800047166;1;7;0;0;2;1;1;B01
201800047167;2;31;0;11;0;0;1;A01
201800047168;1;7;0;0;1;8;15;A01
201800047169;1;7;0;0;2;3;2;A01
201800047169;1;7;0;0;2;2;20;B01
201800047170;1;33;0;0;1;1;21;A01
201800047171;1;30;0;0;2;1;2;A01
201800047171;1;7;0;0;2;4;2;B01
201800047172;2;31;0;0;2;1;2;A01
201800047172;2;7;0;0;2;4;1;B01
201800047172;2;7;0;0;9;4;2;C01
201800047173;1;10;0;0;2;3;13;A01
201800047173;2;7;0;0;2;8;0;B01
201800047174;2;10;0;0;2;3;2;A01
201800047174;2;33;0;0;2;4;2;B01
201800047175;1;7;0;0;2;7;15;A01
201800047175;2;33;0;0;2;1;1;B01
201800047176;1;7;0;0;1;3;1;A01
201800047177;1;7;0;0;1;2;2;A01
201800047178;1;7;0;0;2;6;2;A01
201800047178;1;7;0;0;2;6;2;B01
201800047179;1;7;0;0;1;1;1;A01
201800047180;1;10;0;0;2;2;1;A01
201800047180;1;7;0;0;2;5;1;B01
201800047180;1;7;0;0;0;0;15;C01
201800047181;1;7;0;0;2;1;2;A01
201800047181;1;7;0;0;2;4;2;B01
201800047182;1;7;0;0;2;1;2;A01
201800047182;1;7;0;0;2;4;23;B01
201800047183;2;33;0;0;2;1;2;A01
201800047183;2;7;0;0;9;6;2;B01
201800047184;0;13;0;0;1;4;4;A01
201800047185;1;7;0;0;2;1;1;B01
201800047185;1;7;0;0;2;7;19;A01
201800047186;1;31;0;0;1;0;2;A01
201800047186;1;7;0;0;1;1;2;Z01
201800047187;1;7;0;0;1;3;1;A01
201800047188;1;34;0;0;2;1;1;B01
201800047188;2;10;0;0;2;2;19;A01
201800047189;2;10;0;8;0;0;15;A01
201800047190;0;7;0;0;2;1;1;A01
201800047190;1;7;0;0;2;8;15;B01
201800047191;2;7;0;0;2;3;2;A01
201800047191;2;7;0;0;2;5;2;B01
201800047192;2;30;0;0;0;0;15;A01
201800047193;0;7;0;0;2;3;9;A01
201800047193;0;30;0;0;2;5;2;B01
201800047194;1;10;0;0;2;8;1;B01
201800047194;2;10;0;0;0;0;0;Z01
201800047195;0;7;0;0;1;8;17;A01
201800047196;2;7;0;3;2;7;1;A01
201800047196;2;7;0;6;2;8;1;B01
201800047197;0;10;0;0;1;1;15;A01
201800047198;1;7;0;0;2;6;1;A01
201800047198;1;7;0;0;2;0;0;Z01
201800047199;1;7;0;0;2;1;2;A01
201800047199;1;7;0;0;2;4;2;B01
201800047200;2;33;0;0;2;1;3;A01
201800047200;1;10;0;0;2;6;11;B01
201800047201;1;33;0;0;1;1;2;A01
201800047202;2;33;0;0;2;1;1;B01
201800047202;2;7;0;0;2;4;1;A01
201800047203;0;30;0;0;0;0;0;A01
201800047204;1;31;0;0;0;0;0;A01
201800047205;1;7;0;0;2;1;1;A01
201800047205;1;34;0;0;2;6;1;B01
201800047205;1;7;0;0;6;5;1;C01
201800047206;2;7;0;0;2;1;1;A01
201800047206;2;7;0;0;0;4;1;B01
201800047207;1;10;0;0;1;4;4;A01
201800047208;1;7;0;1;2;1;1;A01
201800047208;2;2;0;0;2;1;1;B01
201800047209;0;33;0;0;2;1;3;A01
201800047209;0;7;0;0;2;8;23;B01
201800047210;2;7;0;0;2;3;1;A01
201800047210;1;7;0;0;2;0;0;Z01
201800047211;1;32;0;0;0;3;0;A01
201800047212;2;7;0;0;2;3;13;A01
201800047212;2;7;0;0;2;5;2;B01
201800047212;2;33;0;0;2;7;2;C01
201800047212;1;7;0;0;0;0;0;D01
201800047212;2;7;0;0;0;0;9;E01
201800047213;1;32;0;0;0;0;9;A01
201800047214;1;7;0;0;2;1;0;A01
201800047214;1;7;0;0;2;4;0;B01
201800047215;1;7;0;0;2;1;2;A01
201800047215;1;7;0;0;2;4;2;B01
201800047215;1;7;0;0;2;4;2;C01
201800047216;1;7;0;0;1;3;1;A01
201800047217;2;7;0;13;2;1;13;A01
201800047217;2;7;0;0;2;4;2;B01
201800047218;2;10;0;0;2;7;19;A01
201800047218;2;7;0;0;2;3;1;B01
201800047219;1;30;0;0;2;1;2;A01
201800047219;1;7;0;0;2;4;2;B01
201800047220;2;33;0;0;2;3;1;A01
201800047220;2;10;0;0;2;2;1;B01
201800047221;1;7;0;0;2;1;2;A01
201800047221;1;7;0;0;2;4;2;B01
201800047222;1;7;0;0;1;2;1;A01
201800047223;2;7;0;0;2;3;2;A01
201800047223;2;7;0;0;2;6;2;B01
201800047224;1;7;0;0;2;1;9;A01
201800047224;1;7;0;0;2;4;2;B01
201800047225;0;7;0;1;2;1;13;A01
201800047225;1;7;0;0;2;1;1;B01
201800047226;2;7;0;1;0;1;2;A01
201800047227;1;7;0;4;2;7;14;A01
201800047227;1;7;0;0;2;8;1;B01
201800047228;1;33;0;0;2;1;2;A01
201800047228;1;7;0;0;2;4;1;B01
201800047229;2;7;0;0;2;2;15;A01
201800047229;1;2;0;0;2;1;1;B01
201800047230;1;2;0;0;2;1;3;A01
201800047230;1;7;0;0;2;6;2;B01
201800047230;2;10;0;0;2;3;0;C01
201800047231;1;7;0;0;2;2;16;A01
201800047231;1;33;0;0;2;8;1;B01
201800047232;1;7;0;0;2;2;2;A01
201800047232;1;33;0;0;2;1;1;B01
201800047232;1;7;0;0;2;4;1;C01
201800047233;1;7;0;0;2;1;2;A01
201800047233;1;7;0;0;2;4;2;B01
201800047233;1;7;0;0;2;4;2;C01
201800047234;1;7;0;0;2;2;2;A01
201800047234;1;2;0;0;2;4;2;B01
201800047235;1;10;0;5;2;3;1;A01
201800047235;1;7;0;0;2;4;1;B01
201800047236;1;7;0;0;1;1;2;A01
201800047237;1;7;0;0;2;0;15;A01
201800047237;0;31;0;0;2;0;1;B01
201800047238;1;7;0;0;2;7;15;A01
201800047238;2;32;0;0;2;1;1;B01
201800047239;1;30;0;0;0;0;1;A01
201800047240;2;7;0;6;0;1;0;A01
201800047241;2;7;0;0;2;1;0;A01
201800047241;2;7;0;0;2;4;2;B01
201800047242;1;7;0;0;2;2;15;A01
201800047242;2;1;0;0;2;2;0;B01
201800047243;2;7;0;0;2;3;1;A01
201800047243;1;7;0;0;2;3;1;B01
201800047244;2;7;0;0;2;1;1;A01
201800047244;2;7;0;0;2;5;1;B01
201800047245;0;7;0;0;2;3;1;A01
201800047245;0;7;0;0;2;4;1;B01
201800047246;1;7;0;0;2;1;2;A01
201800047246;1;7;0;0;2;4;2;B01
201800047247;2;10;0;0;5;1;1;A01
201800047248;0;7;0;0;2;1;2;A01
201800047248;0;7;0;0;2;4;15;B01
201800047248;0;7;0;0;2;3;2;C01
201800047248;0;7;0;0;6;1;14;D01
201800047249;2;10;0;12;0;1;14;A01
201800047250;1;7;0;0;2;1;2;A01
201800047250;1;7;0;0;2;9;2;B01
201800047250;1;7;0;0;2;4;2;C01
201800047251;1;7;0;0;2;1;2;A01
201800047251;1;10;0;0;6;4;2;B01
201800047252;2;7;0;0;2;3;9;A01
201800047252;2;33;0;0;2;2;1;B01
201800047253;2;2;0;0;2;7;1;B01
201800047253;2;7;0;0;0;0;0;Z01
201800047254;1;30;0;6;0;1;0;A01
201800047255;1;7;0;0;2;1;2;A01
201800047255;1;7;0;0;2;4;2;B01
201800047256;1;2;0;0;2;1;13;A01
201800047256;2;7;0;0;2;2;1;B01
201800047257;1;7;0;0;0;0;0;A01
201800047258;1;7;0;0;2;1;2;A01
201800047258;1;7;0;0;2;4;2;B01
201800047258;1;7;0;0;2;4;2;C01
201800047259;2;7;0;0;2;3;1;A01
201800047259;2;7;0;0;2;1;1;B01
201800047259;2;7;0;0;2;6;0;C01
201800047260;2;32;0;0;2;3;13;A01
201800047260;1;7;0;0;2;3;1;B01
201800047261;0;7;0;0;1;4;20;A01
201800047262;2;32;0;0;2;1;1;B01
201800047262;1;17;0;0;2;7;12;Z01
201800047263;1;10;0;0;2;1;1;A01
201800047263;1;7;0;0;2;8;16;B01
201800047264;0;7;0;1;1;2;21;A01
201800047265;1;7;0;8;0;1;1;A01
201800047266;2;14;0;0;2;4;4;A01
201800047266;2;7;0;0;2;1;1;B01
201800047267;1;7;0;0;2;6;11;A01
201800047267;1;7;0;4;2;2;0;B01
201800047268;2;33;0;0;2;3;13;A01
201800047268;1;7;0;0;2;1;15;B01
201800047269;2;10;0;13;0;1;1;A01
201800047270;0;33;0;0;2;4;2;A01
201800047270;0;7;0;0;2;0;0;Z01
201800047271;2;30;0;0;2;9;1;A01
201800047271;1;7;0;0;2;1;1;B01
201800047272;1;7;0;0;1;8;1;B01
201800047273;1;7;0;0;1;1;15;A01
201800047274;0;30;0;0;2;1;17;A01
201800047274;0;7;0;0;2;3;9;B01
201800047275;1;7;0;0;2;1;2;A01
201800047275;1;7;0;0;2;9;2;B01
201800047275;1;7;0;0;2;9;2;C01
201800047275;1;7;0;0;2;4;2;D01
201800047276;1;7;0;0;2;3;15;B01
201800047276;1;32;0;0;2;2;15;A01
201800047277;1;7;0;0;2;3;13;A01
201800047277;2;7;0;0;2;3;1;B01
201800047278;0;7;0;0;2;1;2;A01
201800047278;0;7;0;0;2;4;2;B01
201800047278;0;7;0;0;2;4;2;C01
201800047279;0;7;0;0;2;1;2;A01
201800047279;0;7;0;0;2;4;2;B01
201800047280;1;7;0;0;2;1;2;A01
201800047280;1;7;0;4;2;4;2;B01
201800047280;1;7;0;0;2;6;1;C01
201800047280;1;7;0;0;2;4;2;D01
201800047280;1;7;0;0;2;4;2;E01
201800047281;2;2;0;0;2;1;1;A01
201800047281;2;7;0;0;2;6;24;B01
201800047282;1;10;0;0;2;1;2;A01
201800047282;1;7;0;0;2;4;2;B01
201800047282;1;7;0;0;2;4;2;C01
201800047282;1;7;0;0;2;4;2;D01
201800047283;1;7;0;0;1;1;15;A01
201800047284;0;3;0;0;1;1;19;A01
201800047285;0;7;0;0;2;2;20;A01
201800047285;0;2;0;0;2;1;1;B01
201800047286;2;7;0;0;2;6;6;A01
201800047286;1;15;0;0;2;8;0;B01
201800047287;1;30;0;0;2;1;2;A01
201800047287;1;7;0;0;2;6;2;B01
201800047288;2;7;0;0;2;8;16;A01
201800047288;2;14;0;0;2;3;15;B01
201800047289;1;7;0;0;2;5;2;A01
201800047289;1;7;0;0;2;5;2;B01
201800047290;1;7;0;0;1;0;0;A01
201800047291;1;31;0;0;2;1;1;A01
201800047291;1;7;0;0;2;3;9;B01
201800047292;1;7;0;0;1;1;1;A01
201800047293;2;7;0;0;2;1;2;A01
201800047293;2;7;0;0;2;4;2;B01
201800047293;2;7;0;0;2;4;2;C01
201800047293;2;2;0;0;2;8;3;D01
201800047293;2;7;0;0;2;3;1;E01
201800047294;2;7;0;0;2;1;2;A01
201800047294;2;7;0;0;2;4;2;B01
201800047295;2;10;0;0;1;3;1;Z01
201800047296;1;7;0;0;2;2;15;A01
201800047296;2;34;0;0;2;1;1;B01
201800047297;2;7;0;12;0;2;15;A01
201800047298;1;7;0;4;2;3;1;A01
201800047298;1;7;0;0;2;6;11;Z01
201800047299;0;7;0;1;0;6;4;A01
201800047299;0;7;0;0;2;2;1;D01
201800047300;0;33;0;0;1;1;1;A01
201800047301;2;7;0;0;2;4;2;A01
201800047301;2;7;0;0;2;1;0;B01
201800047302;0;7;0;8;0;1;1;A01
201800047303;1;10;0;0;2;1;2;A01
201800047303;1;10;0;0;2;4;23;B01
201800047303;1;7;0;0;2;1;23;C01
201800047303;1;7;0;0;2;4;23;D01
201800047304;1;33;0;0;2;1;2;B01
201800047304;1;10;0;0;2;6;4;Z01
201800047305;2;31;0;8;0;0;14;A01
201800047306;1;7;0;0;2;1;2;A01
201800047306;1;7;0;0;2;4;2;B01
201800047307;2;7;0;0;2;1;1;A01
201800047307;2;7;0;0;2;6;1;B01
201800047308;1;7;0;0;2;4;23;D01
201800047308;1;7;0;0;2;4;2;B01
201800047308;1;7;0;0;2;1;2;A01
201800047308;1;7;0;0;2;4;2;C01
201800047309;2;33;0;11;2;1;18;A01
201800047310;2;7;0;0;1;7;0;A01
201800047311;1;7;0;0;2;1;19;A01
201800047311;1;7;0;0;2;7;19;B01
201800047312;2;7;0;0;1;1;1;A01
201800047313;1;7;0;0;2;1;5;A01
201800047313;2;7;0;0;2;1;1;B01
201800047314;1;7;0;0;1;2;0;A01
201800047315;2;31;0;0;2;8;1;B01
201800047315;2;7;0;0;2;7;15;A01
201800047316;1;34;0;0;1;8;14;A01
201800047317;1;7;0;0;1;1;1;A01
201800047318;1;1;0;0;2;1;7;B01
201800047318;1;7;0;0;9;8;10;A01
201800047319;2;7;0;0;1;2;1;A01
201800047320;2;7;0;9;0;0;7;A01
201800047321;1;33;0;0;2;7;1;A01
201800047321;2;7;0;0;2;1;1;B01
201800047322;1;7;0;0;2;6;11;A01
201800047322;1;34;0;0;2;2;11;B01
201800047323;2;7;0;0;2;1;15;A01
201800047323;1;33;0;0;2;1;1;B01
201800047324;1;13;0;0;2;3;17;A01
201800047324;1;13;0;0;2;3;15;B01
201800047325;1;7;0;0;1;2;1;A01
201800047326;1;1;0;0;2;7;1;B01
201800047326;1;7;0;0;9;3;9;A01
201800047327;1;33;0;0;0;0;1;A01
201800047328;1;7;0;0;1;1;1;A01
201800047329;1;7;0;0;9;2;15;A01
201800047329;2;1;0;0;2;5;2;B01
201800047330;2;7;0;0;1;3;1;A01
201800047331;1;7;0;1;0;1;14;A01
201800047332;1;7;0;0;2;1;19;A01
201800047332;0;99;0;0;2;0;0;R01
201800047333;2;2;0;0;0;7;0;A01
201800047334;1;7;0;0;2;4;2;B01
201800047334;1;7;0;0;2;4;2;C01
201800047334;1;7;0;0;2;1;2;A01
201800047335;1;7;0;0;1;2;16;A01
201800047336;1;7;0;6;0;1;16;A01
201800047337;2;30;0;0;2;7;1;B01
201800047337;2;7;0;0;2;8;13;A01
201800047338;1;7;0;0;1;1;1;A01
201800047339;1;34;0;0;1;1;21;A01
201800047340;2;7;0;0;2;2;2;B01
201800047340;1;7;0;0;2;1;2;A01
201800047341;2;7;0;0;2;3;15;A01
201800047341;1;31;0;0;2;1;1;B01
201800047342;1;7;0;0;1;1;1;A01
201800047343;1;33;0;0;2;1;1;A01
201800047343;2;7;0;0;2;6;10;B01
201800047344;2;1;0;0;0;0;1;A01
201800047345;1;7;0;0;1;1;1;A01
201800047346;1;7;0;0;1;2;1;A01
201800047347;2;7;0;0;2;5;1;B01
201800047347;2;34;0;0;2;1;2;A01
201800047348;1;32;0;0;0;0;15;A01
201800047349;2;13;0;0;1;2;13;A01
201800047350;2;7;0;0;2;1;5;A01
201800047350;1;7;0;0;2;1;1;B01
201800047351;1;37;0;0;1;2;17;A01
201800047352;2;7;0;0;2;1;15;B01
201800047352;1;31;0;0;2;3;1;A01
201800047353;1;1;0;0;1;1;1;A01
201800047354;1;33;0;0;2;7;1;B01
201800047354;2;7;0;0;2;1;15;A01
201800047355;1;7;0;14;2;2;9;A01
201800047355;1;13;0;0;2;2;21;B01
201800047356;2;7;0;4;0;3;16;A01
201800047357;1;7;0;0;1;3;15;A01
201800047358;1;7;0;0;2;3;2;B01
201800047358;1;2;0;0;2;7;17;A01
201800047359;2;7;0;0;2;2;15;A01
201800047359;1;34;0;0;2;1;1;B01
201800047360;2;7;0;0;2;1;1;A01
201800047360;2;7;0;0;2;4;23;B01
201800047361;2;1;0;0;0;0;1;A01
201800047362;1;7;0;6;0;2;14;A01
201800047363;1;2;0;4;0;2;14;A01
201800047364;2;7;0;6;0;1;16;A01
201800047365;2;31;0;0;0;1;21;A01
201800047366;1;7;0;0;2;1;1;A01
201800047366;1;7;0;0;2;1;15;B01
201800047367;2;7;0;0;1;2;1;A01
201800047368;1;7;0;0;2;2;15;A01
201800047368;2;33;0;0;2;1;21;B01
201800047369;1;7;0;3;0;1;2;B01
201800047369;1;7;0;0;2;1;15;A01
201800047370;1;10;0;0;2;5;1;B01
201800047370;1;33;0;0;2;1;1;A01
201800047371;2;7;0;0;2;1;1;A01
201800047371;1;31;0;0;2;2;19;B01
201800047372;2;7;0;0;1;4;4;A01
201800047373;1;10;0;0;2;2;1;A01
201800047373;2;7;0;0;2;3;1;B01
201800047374;1;7;0;4;0;8;21;A01
201800047375;1;7;0;1;0;3;13;A01
201800047376;1;7;0;0;2;8;19;A01
201800047376;2;33;0;0;2;1;21;B01
201800047377;2;7;0;0;2;3;15;A01
201800047377;1;7;0;0;2;3;23;B01
201800047378;1;7;0;0;2;5;24;A01
201800047379;1;7;0;0;2;1;14;A01
201800047379;1;7;0;0;2;4;16;B01
201800047380;2;10;0;0;2;8;10;Z01
201800047380;2;31;0;0;2;2;17;B01
201800047381;2;7;0;0;2;6;2;B01
201800047381;2;33;0;0;2;1;2;A01
201800047382;1;7;0;0;2;8;10;B01
201800047382;2;34;0;0;2;1;1;A01
201800047383;2;7;0;0;2;3;21;A01
201800047383;2;7;0;0;2;4;15;B01
201800047384;1;7;0;0;2;4;2;B01
201800047384;1;7;0;0;2;1;2;A01
201800047384;1;7;0;0;9;4;2;C01
201800047385;1;7;0;0;9;1;1;B01
201800047385;2;1;0;0;2;7;19;A01
201800047386;1;33;0;8;0;1;14;A01
201800047387;1;7;0;0;1;2;16;A01
201800047388;1;7;0;0;2;8;9;B01
201800047388;2;7;0;0;2;3;1;A01
201800047389;2;31;0;0;2;8;21;A01
201800047389;2;7;0;0;0;0;2;B01
201800047390;1;7;0;0;1;6;15;A01
201800047391;1;7;0;12;0;1;1;A01
201800047392;2;10;0;0;2;8;15;A01
201800047392;2;7;0;15;2;2;1;B01
201800047393;1;7;0;0;2;1;1;A01
201800047393;2;7;0;3;0;2;13;B01
201800047394;1;32;0;0;0;0;1;A01
201800047395;1;34;0;0;0;8;15;A01
201800047396;2;7;0;0;2;3;15;A01
201800047396;2;7;0;0;2;3;1;B01
201800047397;1;31;0;0;0;9;1;A01
201800047398;1;34;0;0;2;1;2;Z01
201800047398;1;7;0;0;2;3;16;A01
201800047399;2;31;0;0;2;0;0;B01
201800047399;2;7;0;0;2;0;15;A01
201800047400;1;7;0;0;0;7;1;A01
201800047401;2;7;0;0;2;7;1;B01
201800047401;2;7;0;0;2;3;1;A01
201800047402;2;31;0;0;0;0;2;A01
201800047403;2;7;0;0;1;3;1;A01
201800047404;2;7;0;0;1;1;2;A01
201800047405;1;1;0;0;2;1;18;B01
201800047405;1;7;0;0;2;7;23;A01
201800047406;1;33;0;0;2;1;1;B01
201800047406;2;7;0;0;2;3;15;A01
201800047407;2;7;0;0;2;4;2;B01
201800047407;2;33;0;0;2;1;2;A01
201800047408;2;34;0;0;0;7;1;A01
201800047409;2;7;0;0;2;9;11;B01
201800047409;2;7;0;0;2;4;15;C01
201800047409;2;7;0;0;2;1;11;A01
201800047410;2;1;0;11;0;1;19;A01
201800047411;1;7;0;0;0;1;0;A01
201800047412;2;7;0;0;2;2;15;A01
201800047412;2;1;0;0;2;8;15;Y01
201800047413;2;33;0;0;2;7;1;B01
201800047413;2;7;0;0;2;3;13;A01
201800047414;2;7;0;0;1;3;1;A01
201800047415;1;7;0;0;2;3;2;A01
201800047415;1;7;0;0;2;5;2;B01
201800047416;1;7;0;0;2;8;11;A01
201800047416;1;7;0;0;2;2;2;B01
201800047417;2;7;0;0;2;6;15;A01
201800047417;1;7;0;0;2;1;1;B01
201800047418;2;7;0;1;0;1;13;A01
201800047419;1;7;0;9;0;3;13;A01
201800047420;1;7;0;0;1;7;2;A01
201800047421;1;7;0;0;1;3;15;A01
201800047422;0;7;0;0;1;4;20;A01
201800047423;1;7;0;0;1;1;0;A01
201800047424;1;7;0;0;1;1;1;A01
201800047425;2;7;0;8;0;7;0;A01
201800047426;2;7;0;0;2;3;15;B01
201800047426;2;31;0;8;2;1;17;A01
201800047427;1;7;0;1;2;4;15;B01
201800047427;1;7;0;0;2;1;15;A01
201800047428;1;10;0;0;2;2;19;A01
201800047428;1;7;0;0;2;8;1;B01
201800047429;2;7;0;0;1;2;17;A01
201800047430;0;31;0;12;0;1;15;A01
201800047431;1;7;0;0;2;2;15;A01
201800047431;2;31;0;0;2;1;21;B01
201800047432;2;34;0;12;0;7;16;A01
201800047433;2;7;0;0;1;2;1;A01
201800047434;1;7;0;0;2;8;24;A01
201800047434;1;1;0;1;0;1;17;B01
201800047435;2;7;0;0;1;3;1;A01
201800047436;1;7;0;0;2;1;2;B01
201800047436;1;7;0;0;2;1;2;C01
201800047436;1;7;0;0;2;4;23;A01
201800047437;2;7;0;0;2;1;1;B01
201800047437;1;7;0;0;2;1;13;A01
201800047438;2;7;0;0;1;1;0;A01
201800047439;0;7;0;0;2;3;15;A01
201800047439;0;1;0;0;2;0;0;B01
201800047440;1;7;0;14;2;1;0;Z01
201800047440;1;7;0;0;2;4;23;B01
201800047441;1;7;0;0;1;1;1;A01
201800047442;1;33;0;0;2;1;1;B01
201800047442;0;7;0;0;2;6;15;A01
201800047443;1;7;0;0;2;1;1;A01
201800047443;1;7;0;0;2;4;1;B01
201800047444;1;7;0;0;6;1;15;A01
201800047444;2;32;0;0;2;0;1;B01
201800047445;2;7;0;0;2;3;11;B01