num_acc;senc;catv;occutc;obs;obsm;choc;manv;num_veh
201800047445;2;10;0;15;2;5;1;A01
201800047446;2;37;30;0;2;4;0;A01
201800047446;2;1;0;1;0;0;0;B01
201800047447;1;7;0;0;2;1;15;A01
201800047447;1;7;0;0;2;3;1;B01
201800047448;2;7;0;0;1;1;2;A01
201800047449;0;2;0;15;0;1;0;A01
201800047450;1;1;0;0;1;1;0;A01
201800047451;1;14;0;0;2;3;0;C01
201800047451;1;7;0;0;2;2;16;B01
201800047451;1;7;0;0;2;6;0;A01
201800047451;1;7;0;0;2;2;0;D01
201800047452;0;1;0;0;2;1;19;A01
201800047452;1;7;0;0;2;2;1;B01
201800047453;1;10;0;0;2;1;2;A01
201800047453;1;10;0;0;2;4;2;B01
201800047454;1;7;0;0;2;1;2;A01
201800047454;1;7;0;0;2;4;1;B01
201800047455;1;33;0;0;2;1;1;B01
201800047455;2;7;0;0;2;3;15;A01
201800047456;1;1;0;0;2;7;19;B01
201800047456;1;7;0;0;2;1;0;A01
201800047457;0;7;0;2;0;2;1;A01
201800047458;1;7;0;0;2;3;17;A01
201800047458;2;7;0;0;2;3;9;B01
201800047459;2;7;0;11;1;1;19;A01
201800047460;2;10;0;14;0;9;21;A01
201800047460;1;10;0;0;0;1;1;C01
201800047460;2;10;0;0;0;6;11;B01
201800047461;1;7;0;0;2;1;8;A01
201800047461;2;1;0;0;2;7;1;B01
201800047462;1;7;0;0;2;8;20;A01
201800047462;1;32;0;0;2;2;0;B01
201800047463;2;33;0;0;0;0;1;A01
201800047464;1;33;0;0;0;1;17;A01
201800047465;1;7;0;0;2;4;9;A01
201800047465;1;37;30;0;2;0;0;B01
201800047466;2;7;0;0;1;2;1;A01
201800047467;2;7;0;0;2;3;15;A01
201800047467;2;31;0;0;2;1;3;B01
201800047468;1;7;0;8;0;3;0;A01
201800047469;2;7;0;0;2;1;1;B01
201800047469;1;7;0;0;2;2;13;A01
201800047470;1;7;0;1;0;7;14;A01
201800047471;1;31;0;4;0;1;13;A01
201800047472;2;34;0;0;2;8;1;B01
201800047472;2;10;0;0;2;3;1;A01
201800047473;1;34;0;0;2;1;21;A01
201800047473;1;33;0;0;0;6;23;B01
201800047474;1;7;0;0;2;5;15;A01
201800047474;2;1;0;0;2;1;1;B01
201800047475;2;7;0;15;0;2;14;A01
201800047476;0;1;0;0;6;1;0;A01
201800047476;1;1;0;0;6;1;0;B01
201800047477;1;7;0;0;2;6;1;B01
201800047477;1;7;0;0;2;1;2;A01
201800047478;2;7;0;0;2;3;13;A01
201800047478;1;10;0;0;2;3;0;B01
201800047479;2;7;0;0;2;1;19;A01
201800047479;2;34;0;0;2;8;1;B01
201800047480;1;30;0;0;2;1;1;A01
201800047480;1;37;1;0;2;2;15;B01
201800047481;1;33;0;0;2;7;17;A01
201800047481;1;10;0;0;2;3;15;B01
201800047482;2;33;0;0;2;1;2;A01
201800047482;2;10;0;0;0;5;23;B01
201800047483;0;7;0;0;2;1;2;A01
201800047483;0;7;0;0;2;4;1;B01
201800047484;1;1;0;0;2;0;0;B01
201800047484;2;7;0;0;2;3;15;A01
201800047485;2;7;0;0;1;7;1;B01
201800047486;0;30;0;0;0;7;0;A01
201800047487;1;30;0;0;2;1;1;A01
201800047487;0;7;0;0;2;3;15;B01
201800047488;0;7;0;1;0;3;13;A01
201800047489;2;30;0;6;2;1;1;A01
201800047490;1;2;0;0;2;7;1;B01
201800047490;1;7;0;0;2;2;19;A01
201800047491;2;7;0;2;2;3;1;A01
201800047491;1;7;0;1;0;8;13;B01
201800047492;2;7;0;0;1;2;0;A01
201800047493;1;7;0;0;2;1;0;A01
201800047493;2;7;0;0;2;7;1;B01
201800047494;0;7;0;0;1;1;1;A01
201800047495;2;99;0;0;2;2;21;A01
201800047495;2;3;0;0;2;5;2;B01
201800047496;0;10;0;0;2;6;10;A01
201800047496;0;34;0;0;2;1;0;B01
201800047497;2;7;0;0;2;3;2;B01
201800047497;2;10;0;0;2;2;17;A01
201800047498;1;7;0;0;0;4;2;B01
201800047498;1;10;0;0;2;1;0;A01
201800047499;1;7;0;0;1;8;1;A01
201800047500;1;33;0;0;2;8;1;B01
201800047500;1;7;0;0;2;5;14;A01
201800047501;2;1;0;1;0;0;0;B01
201800047501;2;7;0;0;6;8;24;A01
201800047502;0;7;0;0;1;0;0;Z01
201800047503;0;7;0;0;1;6;4;A01
201800047504;2;33;0;0;2;1;1;B01
201800047504;1;32;0;12;2;1;13;A01
201800047505;1;30;0;0;2;3;16;B01
201800047505;1;10;0;0;2;7;16;A01
201800047506;2;30;0;1;0;1;15;A01
201800047507;1;7;0;0;1;2;19;A01
201800047508;1;7;0;0;2;7;16;B01
201800047508;1;30;0;0;2;8;18;Z01
201800047509;2;7;0;0;2;4;2;C01
201800047509;2;7;0;0;2;1;2;A01
201800047509;2;7;0;0;2;4;2;B01
201800047510;2;7;0;0;1;3;15;A01
201800047511;1;7;0;0;2;7;21;A01
201800047511;1;1;0;0;2;8;2;B01
201800047512;2;7;0;0;2;8;10;A01
201800047512;2;34;0;0;2;1;17;B01
201800047513;1;7;0;0;1;2;1;A01
201800047514;1;7;0;0;2;1;2;A01
201800047514;2;7;0;0;2;1;15;B01
201800047515;1;33;0;0;1;2;0;A01
201800047516;1;1;0;0;2;2;0;B01
201800047516;1;7;0;7;2;3;19;A01
201800047517;2;7;0;0;1;3;1;A01
201800047518;2;7;0;8;0;3;1;A01
201800047519;1;7;0;0;2;6;20;A01
201800047519;1;7;0;0;2;2;2;B01
201800047520;2;7;0;0;2;1;1;B01
201800047520;1;7;0;0;2;1;13;A01
201800047521;0;7;0;0;1;1;16;A01
201800047522;1;33;0;0;2;0;2;A01
201800047522;1;7;0;0;2;4;23;B01
201800047523;1;30;0;0;1;1;17;A01
201800047524;1;1;0;0;2;8;19;B01
201800047524;1;7;0;6;6;1;15;A01
201800047525;2;7;0;0;2;3;15;B01
201800047525;2;33;0;0;2;7;3;A01
201800047526;1;7;0;0;2;4;23;B01
201800047526;1;7;0;0;2;1;1;A01
201800047527;2;2;0;0;2;2;1;B01
201800047527;2;7;0;0;2;6;16;A01
201800047528;1;1;0;0;0;0;1;A01
201800047529;0;1;0;0;2;7;1;B01
201800047529;1;7;0;0;2;1;9;A01
201800047530;1;7;0;0;2;1;0;A01
201800047530;1;10;0;0;2;4;0;B01
201800047531;2;30;0;0;2;0;0;A01
201800047531;1;7;0;0;2;8;1;B01
201800047532;1;10;0;0;1;3;1;A01
201800047533;2;10;0;0;2;1;1;A01
201800047533;2;7;0;0;2;1;1;C01
201800047533;2;7;0;0;2;4;1;D01
201800047533;2;7;0;0;2;1;1;B01
201800047534;0;7;0;4;0;9;0;A01
201800047535;2;7;0;0;6;5;17;A01
201800047535;2;1;0;0;2;8;1;B01
201800047536;0;10;0;0;2;3;13;A01
201800047536;0;34;0;0;2;1;2;B01
201800047537;2;7;0;0;2;1;0;A01
201800047537;2;7;0;0;2;4;23;B01
201800047538;2;7;0;0;2;1;1;A01
201800047538;0;7;0;0;2;4;0;Z01
201800047539;2;1;0;0;1;8;21;A01
201800047540;1;7;0;0;2;8;15;A01
201800047540;1;31;0;0;2;1;1;B01
201800047541;2;33;0;0;0;0;0;B01
201800047541;1;10;0;0;0;0;17;A01
201800047542;2;7;0;0;2;1;1;B01
201800047542;2;31;0;0;2;8;15;A01
201800047543;1;7;0;0;6;8;23;A01
201800047543;1;1;0;1;0;2;1;B01
201800047544;2;31;0;0;1;1;0;A01
201800047545;1;7;0;0;2;2;1;A01
201800047545;1;7;0;0;2;1;15;B01
201800047546;1;7;0;0;0;0;1;A01
201800047547;1;7;0;0;2;4;23;B01
201800047547;1;7;0;0;2;1;2;A01
201800047548;1;33;0;0;2;1;1;B01
201800047548;2;7;0;0;2;3;15;A01
201800047549;2;7;0;0;2;7;1;B01
201800047549;0;7;0;0;2;1;16;A01
201800047549;2;7;0;0;2;7;23;C01
201800047550;0;1;0;0;1;7;17;A01
201800047551;1;33;0;0;2;1;17;B01
201800047551;1;7;0;0;6;3;15;A01
201800047552;0;10;0;0;1;1;1;A01
201800047553;1;10;0;0;2;3;13;A01
201800047554;2;7;0;0;2;0;0;A01
201800047554;2;1;0;0;2;0;0;B01
201800047555;2;7;0;0;1;3;15;A01
201800047555;2;1;0;0;1;1;19;Y01
201800047556;2;7;0;0;2;3;1;B01
201800047556;1;7;0;0;2;3;15;A01
201800047557;1;7;0;0;2;5;20;A01
201800047557;1;1;0;0;2;1;1;B01
201800047558;2;10;0;8;0;1;1;A01
201800047559;1;7;0;0;1;5;8;A01
201800047560;0;1;0;0;0;0;0;A01
201800047561;0;30;0;0;1;1;0;A01
201800047562;2;33;0;0;2;1;18;A01
201800047562;2;10;0;0;2;7;16;B01
201800047563;2;7;0;0;1;3;1;A01
201800047564;0;33;0;0;6;2;17;A01
201800047565;1;10;0;0;1;4;4;A01
201800047566;2;7;0;0;1;2;1;A01
201800047567;0;34;0;15;0;1;12;A01
201800047568;2;7;0;0;2;8;9;A01
201800047568;2;7;0;0;2;2;1;B01
201800047569;1;7;0;0;2;4;0;A01
201800047569;1;7;0;0;2;4;0;B01
201800047569;1;7;0;0;2;4;0;C01
201800047570;1;31;0;0;2;1;1;A01
201800047570;2;7;0;0;2;1;15;B01
201800047571;2;33;0;0;0;0;1;A01
201800047572;1;7;0;0;1;2;16;A01
201800047573;0;30;0;0;2;1;19;A01
201800047573;1;20;0;0;2;1;1;B01
201800047574;2;10;0;0;1;1;1;A01
201800047575;0;30;0;0;2;2;17;A01
201800047575;0;7;0;0;0;0;0;B01
201800047576;1;10;0;0;1;2;16;A01
201800047577;1;7;0;1;2;8;22;A01
201800047577;1;1;0;1;0;8;1;B01
201800047578;2;10;0;0;1;1;1;A01
201800047579;2;7;0;0;1;6;1;A01
201800047580;0;7;0;0;2;8;15;B01
201800047580;0;32;0;0;2;1;2;A01
201800047581;0;7;0;0;6;2;15;A01
201800047581;0;1;0;0;2;8;1;B01
201800047582;1;32;0;0;2;1;18;A01
201800047582;1;1;0;0;2;4;2;B01
201800047583;1;7;0;0;1;3;15;A01
201800047584;2;1;0;0;2;8;1;A01
201800047584;2;7;0;0;2;3;1;B01
201800047585;2;10;0;0;2;2;15;A01
201800047585;1;33;0;0;2;1;1;B01
201800047586;0;7;0;0;2;4;23;B01
201800047586;0;7;0;0;2;1;2;A01
201800047587;2;10;0;0;2;6;1;A01
201800047587;1;33;0;0;2;1;1;B01
201800047588;2;7;0;0;2;1;15;A01
201800047588;1;30;0;0;2;3;1;B01
201800047589;2;7;0;0;6;1;1;A01
201800047589;0;1;0;0;2;8;1;B01
201800047590;1;7;0;0;6;7;12;A01
201800047590;0;1;0;0;2;1;18;B01
201800047591;1;7;0;0;1;2;1;A01
201800047592;2;32;0;0;2;4;23;B01
201800047592;2;99;0;0;2;1;2;Z01
201800047593;1;30;0;0;2;2;17;A01
201800047593;2;20;0;0;2;2;0;B01
201800047594;2;1;0;0;2;7;19;A01
201800047594;2;10;0;0;2;1;1;Z01
201800047595;2;1;0;0;2;1;21;B01
201800047595;2;7;0;0;6;2;16;A01
201800047596;2;31;0;0;0;0;21;B01
201800047596;2;7;0;0;0;0;17;A01
201800047597;2;10;0;0;2;4;2;B01
201800047597;2;10;0;0;2;1;2;A01
201800047598;1;7;0;0;2;2;16;A01
201800047598;1;2;0;0;2;3;18;B01
201800047599;1;30;0;0;2;3;3;A01
201800047599;1;7;0;0;0;0;15;B01
201800047600;0;7;0;11;0;2;0;A01
201800047601;0;7;0;0;2;1;2;A01
201800047601;0;7;0;0;2;4;1;B01
201800047602;1;7;0;0;1;3;16;A01
201800047603;1;32;0;0;2;1;1;B01
201800047603;1;99;0;0;2;8;15;A01
201800047604;1;7;0;0;2;6;9;A01
201800047604;1;2;0;0;2;7;2;B01
201800047605;2;30;0;1;0;2;14;A01
201800047606;1;10;0;0;1;4;4;A01
201800047607;0;33;0;0;0;0;0;A01
201800047608;2;30;0;12;2;1;1;A01
201800047609;1;10;0;0;2;8;15;B01
201800047609;1;3;0;2;0;1;1;A01
201800047610;0;10;0;0;2;4;1;B01
201800047610;0;10;0;0;2;1;24;A01
201800047611;2;7;0;0;2;3;0;A01
201800047611;2;2;0;0;2;1;2;B01
201800047612;0;7;0;0;2;6;1;B01
201800047612;1;7;0;0;2;3;15;A01
201800047613;0;10;0;0;1;2;12;A01
201800047614;1;7;0;0;2;4;23;B01
201800047614;2;10;0;0;2;1;1;A01
201800047615;2;7;0;0;2;4;2;C01
201800047615;2;7;0;0;2;4;2;D01
201800047615;2;7;0;0;2;4;2;B01
201800047615;2;7;0;0;2;1;2;A01
201800047616;2;33;0;0;2;7;17;A01
201800047616;2;7;0;0;2;8;1;B01
201800047617;2;7;0;0;1;1;1;A01
201800047618;1;33;0;0;2;4;23;A01
201800047618;1;7;0;0;2;1;1;B01
201800047619;0;7;0;12;0;3;1;A01
201800047620;2;30;0;0;0;1;15;A01
201800047621;1;10;0;0;2;4;1;A01
201800047621;1;15;0;0;2;1;1;B01
201800047622;2;1;0;1;0;2;3;A01
201800047622;2;7;0;0;2;8;23;B01
201800047622;2;7;0;0;2;2;23;C01
201800047622;2;7;0;0;2;6;23;D01
201800047623;2;33;0;0;2;1;2;A01
201800047623;2;7;0;0;2;4;23;B01
201800047624;1;7;0;0;2;3;22;A01
201800047624;1;7;0;0;2;2;1;B01
201800047625;2;7;0;0;2;3;10;A01
201800047625;2;2;0;0;2;1;1;B01
201800047626;0;7;0;0;2;7;0;A01
201800047626;0;7;0;0;2;0;0;B01
201800047627;1;10;0;9;0;1;1;A01
201800047628;2;7;0;0;2;4;2;C01
201800047628;2;7;0;0;2;4;2;B01
201800047628;2;7;0;0;2;1;2;A01
201800047629;1;10;0;0;1;7;1;A01
201800047630;0;7;0;0;2;1;15;A01
201800047630;0;7;0;0;2;2;1;B01
201800047631;0;7;0;8;2;2;0;B01
201800047631;0;7;0;0;2;0;0;A01
201800047632;1;7;0;0;2;2;21;A01
201800047632;1;7;0;1;0;4;0;B01
201800047633;1;10;0;1;0;1;19;A01
201800047634;2;30;0;0;0;7;1;A01
201800047635;1;33;0;0;1;1;21;A01
201800047636;2;10;0;0;1;1;1;A01
201800047637;0;37;1;0;1;5;0;A01
201800047638;1;3;0;0;2;4;1;A01
201800047638;1;3;0;0;2;1;2;B01
201800047638;1;3;0;0;2;1;2;C01
201800047639;0;3;0;0;2;2;17;A01
201800047639;0;3;0;0;2;6;12;B01
201800047640;1;34;0;0;2;1;19;A01
201800047640;1;7;0;0;2;2;2;B01
201800047641;1;32;0;0;0;8;0;A01
201800047642;2;7;0;0;1;6;4;A01
201800047643;0;7;0;0;0;9;15;A01
201800047644;1;7;0;0;2;2;16;A01
201800047644;1;7;0;0;2;5;19;B01
201800047645;1;10;0;0;0;0;13;A01
201800047645;1;33;0;0;0;0;17;B01
201800047646;2;7;0;0;2;1;1;A01
201800047646;2;7;0;0;2;4;2;B01
201800047647;2;30;0;0;2;7;1;A01
201800047647;2;7;0;1;0;3;21;B01
201800047647;2;7;0;0;2;8;18;Z01
201800047648;2;10;0;0;2;1;5;A01
201800047648;1;10;0;0;2;1;1;B01
201800047649;1;7;0;0;2;1;2;A01
201800047649;1;7;0;4;0;4;2;B01
201800047650;2;7;0;0;1;5;0;A01
201800047651;2;7;0;0;2;1;1;B01
201800047651;1;7;0;0;2;5;13;A01
201800047652;1;7;0;1;0;3;1;A01
201800047653;2;7;0;1;2;3;13;A01
201800047653;0;7;0;0;2;4;24;D01
201800047653;1;7;0;0;2;8;1;B01
201800047653;1;7;0;0;2;3;1;C01
201800047654;2;34;0;0;2;1;1;A01
201800047654;2;7;0;0;2;4;1;B01
201800047655;1;10;0;0;2;1;2;A01
201800047655;1;7;0;0;2;4;2;B01
201800047655;1;7;0;0;2;4;2;C01
201800047656;1;7;0;0;2;1;1;A01
201800047656;1;7;0;0;2;4;23;B01
201800047657;0;7;0;0;2;1;2;A01
201800047657;0;7;0;0;2;4;2;B01
201800047658;1;7;0;0;2;3;1;A01
201800047658;2;7;0;0;2;3;1;B01
201800047659;1;33;0;0;2;3;9;A01
201800047659;1;7;0;0;2;2;1;B01
201800047660;2;31;0;0;0;4;23;A01
201800047660;2;31;0;0;2;1;1;B01
201800047661;1;7;0;0;1;1;1;A01
201800047662;1;2;0;0;0;7;1;A01
201800047663;1;7;0;0;1;1;15;A01
201800047664;1;7;0;0;2;2;20;A01
201800047664;2;31;0;0;2;5;21;B01
201800047665;1;7;0;0;1;2;1;A01
201800047666;1;7;0;3;0;2;14;A01
201800047667;1;15;0;0;1;2;1;A01
201800047668;2;7;0;0;2;3;15;A01
201800047668;1;33;0;0;2;8;21;B01
201800047669;1;7;0;2;2;8;0;A01
201800047670;0;32;0;0;0;0;21;B01
201800047670;2;7;0;0;0;0;1;A01
201800047671;0;32;0;0;1;0;0;A01
201800047672;2;1;0;14;2;5;2;A01
201800047672;2;7;0;0;0;5;1;B01
201800047673;2;30;0;0;0;0;1;A01
201800047674;1;7;0;0;1;2;15;A01
201800047675;2;7;0;0;2;2;16;A01
201800047675;1;99;0;0;2;1;2;B01
201800047676;2;33;0;8;0;0;2;A01
201800047677;1;7;0;0;2;2;0;A01
201800047677;1;7;0;0;2;4;0;B01
201800047678;1;1;0;0;2;1;10;Y01
201800047678;2;7;0;0;2;1;1;A01
201800047679;2;7;0;0;2;1;2;A01
201800047679;2;7;0;0;2;4;2;B01
201800047680;0;7;0;0;2;3;15;A01
201800047680;0;33;0;0;2;1;14;B01
201800047681;0;2;0;0;1;1;16;Z01
201800047682;1;10;0;0;1;6;1;A01
201800047683;1;1;0;0;0;1;1;A01
201800047684;1;30;0;0;2;6;19;A01
201800047685;0;7;0;0;1;4;20;A01
201800047686;2;37;21;6;0;2;14;A01
201800047687;2;7;0;0;2;1;5;A01
201800047687;1;7;0;0;2;1;1;B01
201800047688;1;33;0;0;2;1;13;A01
201800047688;2;7;0;0;2;3;1;B01
201800047689;1;20;0;0;2;1;1;B01
201800047689;2;20;0;0;2;6;1;A01
201800047690;2;7;0;0;2;2;2;A01
201800047690;2;7;0;0;2;6;2;B01
201800047690;2;7;0;12;2;4;24;C01
201800047691;2;7;0;0;2;1;1;A01
201800047691;2;7;0;0;2;4;15;B01
201800047692;2;37;3;0;1;1;1;A01
201800047693;0;1;0;0;2;8;19;B01
201800047693;1;31;0;0;6;1;1;A01
201800047694;2;31;0;0;2;2;1;A01
201800047694;1;7;0;0;2;2;15;B01
201800047695;1;7;0;0;2;7;2;A01
201800047695;1;31;0;0;2;8;11;B01
201800047696;2;10;0;0;1;5;1;A01
201800047697;2;7;0;15;0;2;1;A01
201800047698;1;30;0;0;2;0;0;A01
201800047698;1;7;0;0;2;3;1;B01
201800047699;1;7;0;0;0;2;1;A01
201800047699;1;2;0;0;0;6;1;B01
201800047699;1;7;0;0;2;4;1;C01
201800047700;1;7;0;0;2;2;15;A01
201800047700;2;30;0;0;2;1;1;B01
201800047701;1;7;0;0;2;1;2;A01
201800047701;1;7;0;0;2;2;1;B01
201800047702;0;33;0;0;0;0;2;A01
201800047703;0;7;0;0;2;3;15;A01
201800047703;0;7;0;0;2;1;16;B01
201800047704;2;10;0;0;2;8;18;A01
201800047704;2;10;0;0;2;2;16;B01
201800047705;0;10;0;0;2;1;5;A01
201800047705;0;33;0;0;2;1;1;B01
201800047706;1;7;0;0;2;2;1;A01
201800047706;1;1;0;0;2;8;15;B01
201800047707;1;7;0;0;2;1;2;A01
201800047707;1;7;0;0;2;4;2;B01
201800047707;1;7;0;0;2;4;2;C01
201800047708;0;7;0;0;2;1;1;A01
201800047708;0;7;0;0;2;8;1;B01
201800047709;1;30;0;0;2;8;13;A01
201800047709;1;7;0;0;2;2;21;B01
201800047710;1;7;0;0;2;5;12;A01
201800047710;1;34;0;0;2;8;1;B01
201800047711;1;7;0;0;2;1;2;A01
201800047711;1;7;0;0;2;4;2;B01
201800047712;1;2;0;0;2;2;2;B01
201800047712;1;7;0;0;2;3;15;A01
201800047713;1;7;0;0;2;3;1;A01
201800047713;2;2;0;0;2;6;1;B01
201800047714;2;7;0;1;1;2;17;A01
201800047715;0;7;0;0;1;4;24;A01
201800047716;1;7;0;0;2;1;2;A01
201800047716;1;7;0;0;2;4;2;B01
201800047717;1;7;0;0;2;1;2;A01
201800047717;1;7;0;0;2;4;2;B01
201800047718;0;3;0;0;2;2;15;A01
201800047718;0;32;0;0;2;1;21;B01
201800047719;2;2;0;0;1;3;3;A01
201800047720;2;7;0;0;1;1;15;A01
201800047721;2;7;0;0;1;2;1;A01
201800047722;1;37;50;0;1;1;1;A01
201800047723;1;32;0;0;2;1;1;B01
201800047723;1;7;0;0;2;6;16;A01
201800047724;1;7;0;0;2;3;1;B01
201800047724;2;7;0;0;2;1;15;A01
201800047725;2;33;0;0;2;2;17;A01
201800047725;2;7;0;0;2;8;15;B01
201800047726;1;10;0;15;2;1;1;A01
201800047727;1;33;0;0;2;1;1;A01
201800047728;1;31;0;0;2;3;1;B01
201800047728;2;7;0;0;2;6;15;Z01
201800047729;1;32;0;0;2;6;19;A01
201800047729;1;13;0;0;2;6;15;B01
201800047730;1;33;0;0;2;2;14;A01
201800047730;1;37;1;0;0;0;15;B01
201800047731;2;7;0;14;0;3;0;A01
201800047732;2;7;0;0;2;4;23;B01
201800047732;1;1;0;0;2;1;1;C01
201800047732;1;7;0;0;2;1;1;A01
201800047733;1;7;0;0;2;0;0;B01
201800047733;1;7;0;0;2;8;1;A01
201800047734;2;30;0;0;0;7;0;A01
201800047735;2;33;0;8;0;2;1;A01
201800047736;2;10;0;0;2;1;9;A01
201800047736;2;10;0;0;2;4;23;B01
201800047737;2;32;0;0;0;7;1;A01
201800047738;2;32;0;0;0;7;1;A01
201800047739;2;7;0;0;2;3;0;B01
201800047739;2;33;0;0;2;1;21;A01
201800047740;0;3;0;1;0;2;0;A01
201800047741;1;1;0;0;2;3;8;B01
201800047741;1;7;0;0;2;3;24;A01
201800047742;0;7;0;0;1;1;1;A01
201800047743;2;10;0;0;2;1;1;A01
201800047743;2;10;0;0;2;4;23;B01
201800047743;2;10;0;0;2;4;23;C01
201800047744;1;3;0;0;2;6;1;B01
201800047744;1;3;0;0;2;2;9;A01
201800047745;1;7;0;0;1;3;1;A01
201800047746;2;30;0;0;0;0;1;A01
201800047747;1;99;0;0;1;1;17;A01
201800047748;2;32;0;0;2;1;1;B01
201800047748;2;7;0;0;2;3;9;A01
201800047749;2;7;0;0;1;3;11;A01
201800047750;2;33;0;0;2;8;1;B01
201800047750;0;10;0;0;2;3;15;A01
201800047751;2;7;0;0;1;1;1;A01
201800047752;0;10;0;0;1;0;0;Z01
201800047753;2;7;0;0;2;3;0;A01
201800047753;1;7;0;0;2;3;0;B01
201800047753;2;7;0;0;2;5;15;C01
201800047754;1;10;0;9;0;8;1;B01
201800047754;2;10;0;0;2;1;1;A01
201800047755;2;7;0;0;1;1;0;A01
201800047756;1;7;0;0;2;4;23;B01
201800047756;1;7;0;0;2;4;23;C01
201800047756;1;7;0;1;0;1;2;A01
201800047757;2;7;0;0;1;1;1;A01
201800047758;0;1;0;0;2;1;21;A01
201800047759;0;1;0;0;0;0;0;A01
201800047760;0;7;0;0;2;7;2;A01
201800047760;0;7;0;0;2;1;23;B01
201800047761;2;10;0;0;2;5;2;C01
201800047761;1;10;0;0;2;3;2;B01
201800047761;2;10;0;0;2;8;2;D01
201800047761;2;10;0;0;2;2;15;A01
201800047762;0;2;0;0;2;1;0;B01
201800047762;0;7;0;0;2;6;1;A01
201800047763;0;7;0;8;0;1;0;A01
201800047764;1;7;0;0;2;1;2;A01
201800047764;1;7;0;0;2;4;0;C01
201800047764;1;7;0;0;2;1;0;B01
201800047765;2;7;0;0;1;4;0;A01
201800047766;1;7;0;0;2;4;23;A01
201800047766;1;7;0;0;2;1;2;B01
201800047767;2;7;0;0;2;1;1;A01
201800047767;2;7;0;0;2;4;1;B01
201800047768;0;7;0;0;2;3;1;B01
201800047768;0;7;0;0;2;5;15;A01
201800047769;1;7;0;14;0;0;0;C01
201800047769;1;7;0;0;2;1;0;A01
201800047769;1;7;0;14;0;0;0;D01
201800047769;1;7;0;14;0;0;0;B01
201800047770;1;7;0;0;2;3;1;B01
201800047770;2;7;0;0;2;3;15;A01
201800047771;1;1;0;0;2;4;1;B01
201800047771;1;7;0;0;6;2;1;A01
201800047772;1;99;0;0;1;3;15;A01
201800047773;0;7;0;0;2;2;15;A01
201800047773;2;7;0;0;2;3;1;B01
201800047774;1;7;0;0;1;2;1;A01
201800047775;2;7;0;0;2;1;15;A01
201800047775;1;7;0;0;2;1;1;B01
201800047776;2;10;0;0;1;3;1;A01
201800047777;1;7;0;3;0;1;9;A01
201800047778;1;7;0;0;2;3;15;A01
201800047778;2;33;0;0;2;8;21;B01
201800047779;1;10;0;0;2;1;2;A01
201800047779;1;10;0;0;2;4;2;B01
201800047780;2;7;0;0;1;1;1;A01
201800047781;1;10;0;0;1;1;15;A01
201800047782;1;7;0;0;1;1;2;A01
201800047783;2;7;0;0;1;1;1;A01
201800047784;2;7;0;0;1;1;19;A01
201800047785;1;7;0;0;2;4;2;B01
201800047785;1;7;0;0;2;1;0;A01
201800047786;0;7;0;8;0;3;2;A01
201800047787;0;32;0;0;0;7;16;A01
201800047788;0;7;0;2;2;1;13;A01
201800047788;0;7;0;0;2;3;21;B01
201800047789;1;7;0;0;2;6;1;B01
201800047789;1;7;0;4;2;2;17;A01
201800047790;2;7;0;0;1;1;2;A01
201800047791;1;30;0;0;1;2;13;A01
201800047792;1;31;0;0;2;2;14;A01
201800047792;1;7;0;0;2;8;18;Z01
201800047793;1;32;0;0;2;1;1;A01
201800047793;1;7;0;0;2;3;1;B01
201800047794;2;30;0;0;1;1;7;A01
201800047795;1;7;0;0;1;3;7;A01
201800047796;1;7;0;0;2;4;2;B01
201800047796;1;7;0;0;2;1;1;A01
201800047797;1;7;0;6;0;2;24;A01
201800047798;1;7;0;0;2;4;1;B01
201800047798;1;7;0;0;2;1;2;A01
201800047799;1;7;0;0;2;1;2;A01
201800047799;1;7;0;0;2;4;23;B01
201800047800;2;7;0;0;2;1;2;A01
201800047800;2;7;0;0;2;4;1;B01
201800047801;0;13;0;9;0;2;9;A01
201800047801;1;7;0;0;0;7;2;B01
201800047802;1;7;0;9;0;3;0;B01
201800047802;0;1;0;1;0;1;0;A01
201800047803;1;7;0;0;2;3;1;A01
201800047803;0;7;0;0;2;3;1;B01
201800047804;1;37;30;0;1;5;16;A01
201800047805;0;7;0;0;2;3;1;B01
201800047805;0;7;0;0;2;3;15;A01
201800047806;2;7;0;0;2;1;1;A01
201800047806;1;7;0;0;2;4;23;B01
201800047807;2;7;0;0;1;2;15;A01
201800047808;2;7;0;4;0;1;0;A01
201800047809;0;7;0;0;1;1;15;A01
201800047810;1;10;0;0;2;6;1;B01
201800047810;2;10;0;0;1;1;2;A01
201800047811;1;30;0;8;0;1;0;A01
201800047812;1;7;0;9;2;2;1;B01
201800047812;1;7;0;0;2;3;15;A01
201800047813;1;7;0;0;2;1;1;B01
201800047813;2;7;0;0;2;1;1;A01
201800047814;2;7;0;0;1;2;1;A01
201800047815;1;30;0;0;1;1;1;Z01
201800047816;1;7;0;4;0;1;1;A01
201800047817;1;7;0;0;2;3;1;A01
201800047817;2;7;0;0;2;3;15;B01
201800047818;2;7;0;0;1;3;15;A01
201800047819;1;7;0;0;1;2;1;A01
201800047820;1;1;0;0;2;6;0;B01
201800047820;2;7;0;0;2;1;15;A01
201800047821;1;7;0;0;2;1;9;A01
201800047821;2;34;0;0;0;0;1;B01
201800047822;1;30;0;0;1;2;19;A01