num_acc;senc;catv;occutc;obs;obsm;choc;manv;num_veh
201800047823;2;7;0;0;2;1;1;A01
201800047823;2;7;0;0;2;8;20;B01
201800047824;1;7;0;0;2;1;2;B01
201800047824;1;7;0;0;2;6;2;A01
201800047825;1;7;0;0;2;3;15;A01
201800047825;1;99;0;0;2;3;1;B01
201800047826;1;3;0;0;2;2;15;A01
201800047826;2;7;0;0;2;3;1;B01
201800047827;0;7;0;0;2;4;2;A01
201800047827;0;7;0;0;2;4;2;B01
201800047827;0;7;0;0;2;4;2;C01
201800047828;2;7;0;0;2;1;0;A01
201800047828;1;7;0;0;2;1;0;B01
201800047829;2;7;0;0;2;6;2;A01
201800047829;2;33;0;0;2;1;2;B01
201800047830;1;30;0;6;0;1;2;A01
201800047831;1;7;0;0;0;0;9;A01
201800047832;1;7;0;0;1;2;15;A01
201800047833;1;30;0;0;0;0;0;A01
201800047834;2;10;0;0;2;4;1;B01
201800047834;2;10;0;0;2;1;1;A01
201800047835;2;7;0;0;2;6;15;A01
201800047835;2;32;0;0;2;1;3;B01
201800047836;2;7;0;0;2;2;9;A01
201800047836;2;7;0;0;2;9;2;B01
201800047836;1;7;0;0;2;8;2;C01
201800047836;1;7;0;0;2;9;2;D01
201800047836;1;7;0;0;2;9;2;E01
201800047836;0;7;0;0;2;9;2;F01
201800047837;2;7;0;0;1;3;15;A01
201800047838;2;7;0;0;0;1;1;A01
201800047839;1;7;0;0;1;1;2;A01
201800047840;2;7;0;0;2;3;0;A01
201800047840;2;7;0;0;2;3;1;B01
201800047841;0;7;0;0;1;4;24;A01
201800047842;2;7;0;0;1;1;1;A01
201800047843;0;7;0;0;2;3;1;A01
201800047843;0;7;0;0;0;4;2;B01
201800047844;1;33;0;14;0;1;1;A01
201800047845;0;7;0;0;1;6;20;A01
201800047846;2;7;0;0;2;5;23;A01
201800047846;2;7;0;0;2;1;2;B01
201800047847;2;7;0;0;1;1;1;A01
201800047848;2;1;0;0;1;1;1;A01
201800047849;1;7;0;0;2;8;15;A01
201800047849;1;7;0;0;2;1;1;B01
201800047850;2;10;0;0;1;3;15;A01
201800047851;1;7;0;0;2;2;15;A01
201800047851;2;32;0;0;2;1;1;B01
201800047852;1;33;0;0;2;1;18;A01
201800047852;2;7;0;0;2;3;0;B01
201800047853;2;34;0;0;2;1;1;B01
201800047853;2;99;0;0;2;1;1;A01
201800047854;1;7;0;0;1;1;1;A01
201800047855;1;7;0;0;1;1;1;A01
201800047856;2;7;0;0;2;1;1;A01
201800047856;2;7;0;0;2;4;1;B01
201800047856;2;7;0;0;2;4;0;C01
201800047856;2;7;0;0;2;4;1;D01
201800047857;1;32;0;0;2;1;18;A01
201800047857;1;7;0;0;2;5;0;B01
201800047858;0;7;0;0;2;8;10;A01
201800047858;0;10;0;0;2;2;2;B01
201800047859;1;2;0;0;2;2;1;A01
201800047859;1;7;0;0;2;3;11;B01
201800047860;1;10;0;0;1;1;15;A01
201800047861;1;33;0;0;2;1;1;A01
201800047861;1;7;0;0;2;1;19;B01
201800047862;2;7;0;0;1;2;1;A01
201800047863;1;30;0;0;2;1;2;A01
201800047863;1;7;0;0;2;6;2;B01
201800047864;1;7;0;0;2;2;15;B01
201800047864;1;7;0;0;2;1;1;A01
201800047865;2;7;0;8;0;1;1;A01
201800047866;2;10;0;8;0;1;2;A01
201800047867;2;7;0;0;1;3;15;A01
201800047868;1;7;0;0;1;1;13;A01
201800047869;1;31;0;0;1;1;1;A01
201800047870;2;30;0;0;2;8;1;B01
201800047870;2;7;0;0;2;1;5;A01
201800047871;0;7;0;0;1;1;1;A01
201800047872;2;7;0;0;0;3;1;A01
201800047873;0;7;0;8;2;1;21;A01
201800047874;1;10;0;0;1;3;1;A01
201800047875;0;7;0;0;1;0;1;A01
201800047876;2;10;0;0;2;2;15;A01
201800047876;1;33;0;0;2;1;1;B01
201800047877;2;7;0;8;6;1;1;A01
201800047877;1;7;0;0;2;2;15;B01
201800047878;0;10;0;0;1;4;0;A01
201800047879;1;7;0;6;0;1;14;A01
201800047880;0;7;0;0;1;2;0;A01
201800047881;2;7;0;0;2;1;1;A01
201800047881;2;7;0;0;2;8;9;B01
201800047882;1;7;0;0;2;1;19;A01
201800047882;1;33;0;8;2;0;1;B01
201800047883;1;7;0;0;2;1;2;A01
201800047883;1;7;0;0;2;4;16;B01
201800047884;1;7;0;0;2;4;1;B01
201800047884;1;32;0;0;2;1;1;A01
201800047885;0;7;0;0;2;1;2;A01
201800047885;0;7;0;0;2;4;2;B01
201800047886;1;7;0;0;2;1;2;A01
201800047886;1;31;0;0;2;4;1;B01
201800047887;1;7;0;3;0;0;0;A01
201800047888;1;7;0;1;0;1;2;B01
201800047888;1;7;0;0;2;4;23;A01
201800047889;2;7;0;0;2;1;1;A01
201800047889;2;7;0;0;2;4;1;B01
201800047890;2;10;0;4;0;1;1;A01
201800047891;2;7;0;0;2;0;1;B01
201800047891;2;33;0;0;2;0;0;A01
201800047892;0;7;0;0;2;0;0;A01
201800047892;0;7;0;0;2;0;0;B01
201800047892;0;7;0;0;2;0;0;C01
201800047893;1;7;0;0;0;3;0;A01
201800047894;0;7;0;0;0;0;0;A01
201800047895;2;16;0;0;0;8;23;B01
201800047895;2;17;0;1;0;2;14;A01
201800047896;1;7;0;0;2;1;9;A01
201800047896;1;17;0;0;2;5;1;B01
201800047897;1;10;0;0;0;0;0;B01
201800047897;1;7;0;0;0;0;0;A01
201800047898;1;10;0;0;2;1;2;A01
201800047898;1;7;0;0;2;4;2;B01
201800047898;1;7;0;0;2;4;2;C01
201800047899;1;7;0;0;0;0;0;B01
201800047899;1;7;0;0;0;0;0;A01
201800047900;1;7;0;0;0;0;0;B01
201800047900;1;7;0;0;1;1;0;A01
201800047901;0;7;0;0;0;0;0;A01
201800047902;0;15;0;0;2;1;0;B01
201800047902;0;7;0;0;2;4;0;A01
201800047903;0;17;0;0;0;0;0;A01
201800047904;2;7;0;0;0;0;0;A01
201800047904;2;7;0;0;0;0;0;B01
201800047904;2;7;0;0;0;0;0;C01
201800047905;1;10;0;1;0;2;0;A01
201800047905;1;37;52;0;2;6;24;B01
201800047906;1;10;0;1;0;1;1;C01
201800047906;1;14;0;1;0;1;1;B01
201800047906;1;7;0;0;0;4;23;A01
201800047907;1;33;0;0;0;0;0;A01
201800047908;1;7;0;0;0;0;1;A01
201800047909;1;33;0;0;2;1;1;A01
201800047909;1;7;0;0;2;4;1;B01
201800047910;2;33;0;0;0;1;1;A01
201800047911;2;33;0;0;0;0;19;B01
201800047911;2;33;0;0;0;1;1;A01
201800047912;1;7;0;0;2;1;1;A01
201800047912;1;7;0;0;0;4;1;B01
201800047913;1;7;0;0;2;1;1;C01
201800047913;1;37;9;0;2;4;1;A01
201800047913;1;37;9;0;2;1;1;B01
201800047914;1;7;0;0;6;1;17;A01
201800047915;1;17;0;0;0;0;1;A01
201800047915;1;7;0;0;0;1;1;B01
201800047916;1;7;0;0;2;8;11;B01
201800047916;2;15;0;0;2;5;12;A01
201800047917;2;7;0;0;2;6;12;B01
201800047917;2;33;0;0;2;1;1;A01
201800047918;1;33;0;0;2;1;3;A01
201800047918;1;7;0;0;2;4;1;B01
201800047919;1;7;0;0;2;4;1;B01
201800047919;1;7;0;0;2;1;1;A01
201800047920;1;7;0;0;0;0;0;A01
201800047920;1;7;0;0;2;1;1;B01
201800047921;2;7;0;0;0;0;0;A01
201800047921;2;7;0;0;0;0;0;B01
201800047922;1;15;0;0;2;1;1;A01
201800047922;1;7;0;0;0;4;2;B01
201800047923;2;7;0;0;2;8;11;A01
201800047923;2;33;0;0;2;7;1;B01
201800047924;0;7;0;0;2;1;1;B01
201800047924;0;7;0;0;2;1;5;A01
201800047925;2;15;0;0;2;1;1;A01
201800047925;2;7;0;0;2;4;1;B01
201800047926;1;7;0;0;2;1;1;A01
201800047926;1;7;0;0;2;4;1;B01
201800047927;1;7;0;0;2;0;11;A01
201800047928;1;7;0;0;2;4;1;B01
201800047928;1;7;0;0;2;1;1;A01
201800047928;1;7;0;0;0;0;0;D01
201800047928;1;7;0;0;2;4;1;C01
201800047929;2;33;0;0;2;1;3;A01
201800047929;2;7;0;0;2;4;1;B01
201800047930;1;33;0;0;2;7;3;A01
201800047930;1;7;0;0;2;0;1;B01
201800047930;1;7;0;0;2;4;1;C01
201800047931;2;7;0;0;2;4;1;B01
201800047931;2;33;0;0;2;1;1;A01
201800047932;1;7;0;0;2;4;1;A01
201800047932;1;7;0;0;2;1;1;B01
201800047933;2;14;0;16;0;7;1;A01
201800047934;2;7;0;0;2;8;1;B01
201800047934;0;33;0;0;2;1;1;C01
201800047934;2;15;0;0;2;7;12;A01
201800047935;2;33;0;14;0;1;1;A01
201800047936;1;7;0;0;2;1;17;B01
201800047936;1;7;0;0;2;1;5;A01
201800047937;1;7;0;0;2;5;12;A01
201800047937;1;33;0;0;2;8;1;B01
201800047938;1;33;0;0;2;1;1;A01
201800047938;1;7;0;0;2;4;1;B01
201800047939;2;33;0;0;2;8;1;B01
201800047939;2;7;0;0;2;7;12;A01
201800047940;2;99;0;0;1;0;0;A01
201800047941;2;33;0;0;2;1;1;A01
201800047941;2;7;0;0;2;4;1;B01
201800047942;1;7;0;0;0;0;1;A01
201800047943;2;7;0;0;0;2;0;A01
201800047943;2;13;0;0;0;6;0;B01
201800047944;1;31;0;0;0;0;0;G01
201800047944;1;7;0;0;0;0;0;B01
201800047944;1;31;0;0;0;0;0;E01
201800047944;1;31;0;0;0;0;0;F01
201800047944;1;31;0;0;0;0;0;C01
201800047944;1;7;0;0;0;0;0;A01
201800047944;1;31;0;0;0;0;0;D01
201800047945;1;31;0;0;0;0;0;A01
201800047945;1;7;0;0;0;0;0;B01
201800047946;0;7;0;3;0;1;1;A01
201800047947;1;7;0;0;0;0;0;A01
201800047947;1;31;0;0;0;0;0;B01
201800047948;0;20;0;0;0;0;0;A01
201800047949;0;7;0;0;0;0;0;B01
201800047949;0;99;0;0;0;0;0;C01
201800047949;0;7;0;0;0;0;0;A01
201800047950;0;7;0;0;0;0;0;A01
201800047950;0;7;0;0;0;0;0;C01
201800047950;0;7;0;0;0;0;0;B01
201800047951;1;7;0;0;2;4;1;A01
201800047951;1;7;0;0;2;1;1;B01
201800047952;2;10;0;0;2;7;12;A01
201800047952;2;15;0;0;2;8;1;B01
201800047953;1;33;0;0;0;0;1;A01
201800047954;2;7;0;0;2;1;1;A01
201800047954;2;7;0;0;2;4;1;B01
201800047955;1;7;0;0;2;1;0;A01
201800047955;1;7;0;0;2;4;1;B01
201800047956;1;7;0;0;2;9;17;A01
201800047957;1;7;0;0;2;1;1;A01
201800047957;1;7;0;0;2;4;1;B01
201800047958;0;7;0;0;2;1;1;A01
201800047958;0;7;0;0;2;4;1;B01
201800047959;2;10;0;0;2;1;1;A01
201800047959;2;7;0;0;2;4;1;B01
201800047959;2;7;0;0;2;4;1;C01
201800047959;2;10;0;0;2;4;1;D01
201800047960;1;7;0;0;2;1;12;A01
201800047960;1;33;0;0;2;4;1;B01
201800047961;1;7;0;0;2;4;1;C01
201800047961;1;7;0;0;2;4;1;B01
201800047961;1;7;0;0;2;1;1;A01
201800047962;1;7;0;0;2;4;1;B01
201800047962;1;33;0;0;2;1;1;A01
201800047963;2;7;0;0;2;4;1;B01
201800047963;2;33;0;0;2;1;1;A01
201800047964;1;7;0;0;2;1;1;A01
201800047964;1;7;0;0;2;4;1;B01
201800047965;1;7;0;0;2;1;1;A01
201800047965;1;7;0;0;2;4;1;B01
201800047966;2;7;0;13;0;7;1;A01
201800047967;1;7;0;4;0;8;0;A01
201800047968;2;17;0;0;2;4;1;A01
201800047968;2;7;0;0;2;1;1;D01
201800047968;2;7;0;0;2;1;1;E01
201800047968;2;17;0;0;2;1;1;C01
201800047968;2;7;0;0;2;4;1;B01
201800047969;2;7;0;0;2;1;1;B01
201800047969;2;7;0;0;2;4;11;A01
201800047970;1;7;0;0;2;1;11;A01
201800047970;1;7;0;0;2;4;1;B01
201800047971;2;7;0;0;2;0;1;A01
201800047971;2;7;0;0;2;0;1;B01
201800047971;2;7;0;0;2;0;1;C01
201800047971;2;7;0;0;2;0;1;D01
201800047972;1;17;0;3;0;1;1;A01
201800047973;1;7;0;4;0;1;1;A01
201800047974;2;7;0;0;2;4;1;B01
201800047974;2;7;0;0;2;4;1;C01
201800047974;2;7;0;0;2;4;1;E01
201800047974;2;7;0;3;0;1;1;A01
201800047974;2;7;0;0;2;4;1;F01
201800047974;2;7;0;0;2;4;1;G01
201800047974;2;7;0;0;2;4;1;D01
201800047975;1;7;0;0;2;4;1;B01
201800047975;1;7;0;0;2;4;1;C01
201800047975;1;7;0;0;2;1;1;A01
201800047976;2;17;0;0;2;7;14;B01
201800047976;2;7;0;0;2;8;1;A01
201800047977;1;7;0;0;2;1;1;A01
201800047977;1;32;0;0;2;4;1;B01
201800047978;2;7;0;3;0;8;1;A01
201800047979;1;34;0;0;2;1;1;A01
201800047979;1;7;0;0;2;4;1;B01
201800047979;1;7;0;0;2;4;1;C01
201800047980;2;7;0;0;1;1;1;A01
201800047981;1;7;0;0;2;1;1;A01
201800047981;1;7;0;0;2;4;1;B01
201800047982;1;7;0;0;0;9;1;A01
201800047983;1;7;0;3;0;1;1;A01
201800047984;1;7;0;0;2;1;1;B01
201800047984;1;7;0;0;2;1;1;C01
201800047984;1;33;0;0;2;1;3;A01
201800047985;0;7;0;3;0;1;1;A01
201800047986;1;7;0;6;0;1;1;A01
201800047987;1;33;0;5;0;1;1;A01
201800047988;2;7;0;0;2;1;1;A01
201800047988;2;7;0;0;2;4;1;B01
201800047989;1;7;0;0;2;1;1;Z01
201800047989;1;7;0;0;2;4;1;B01
201800047989;1;7;0;0;2;4;1;A01
201800047990;2;7;0;0;1;1;1;Z01
201800047991;1;7;0;0;1;1;1;A01
201800047992;1;15;0;0;2;1;1;A01
201800047992;1;37;1;0;2;4;1;C01
201800047992;1;7;0;0;2;4;1;D01
201800047992;1;7;0;0;2;4;1;B01
201800047993;1;7;0;11;0;7;1;A01
201800047994;2;7;0;0;2;4;1;B01
201800047994;2;17;0;0;2;1;1;A01
201800047994;2;7;0;0;2;4;1;C01
201800047995;1;7;0;0;1;1;1;A01
201800047995;1;7;0;0;1;1;1;B01
201800047995;1;7;0;0;1;1;1;C01
201800047996;1;3;0;0;2;4;1;A01
201800047996;1;7;0;0;2;0;1;B01
201800047996;1;17;0;0;2;1;1;C01
201800047997;2;7;0;0;2;4;0;C01
201800047997;2;7;0;0;2;8;13;B01
201800047997;2;33;0;0;2;7;1;A01
201800047998;0;31;0;0;2;4;2;B01
201800047998;0;10;0;0;2;2;2;A01
201800047999;0;7;0;0;0;9;1;A01
201800048000;0;7;0;0;0;9;2;A01
201800048001;1;7;0;0;2;1;2;A01
201800048001;1;7;0;0;9;4;2;B01
201800048002;1;34;0;0;0;1;2;A01
201800048003;2;7;0;15;0;1;17;A01
201800048004;1;31;0;0;2;8;1;B01
201800048004;2;7;0;0;2;1;15;Z01
201800048005;2;37;45;0;2;2;15;B01
201800048005;1;7;0;0;2;1;9;A01
201800048006;2;7;0;0;1;1;15;A01
201800048007;2;7;0;12;2;1;23;A01
201800048007;2;7;0;12;2;4;23;B01
201800048008;2;7;0;8;2;5;15;B01
201800048008;1;7;0;0;2;2;19;A01
201800048009;1;7;0;0;2;2;2;B01
201800048009;2;7;0;0;2;1;16;A01
201800048010;1;10;0;0;2;6;23;B01
201800048010;1;7;0;0;2;2;13;Z01
201800048011;2;7;0;0;1;7;2;A01
201800048012;1;7;0;0;1;1;15;A01
201800048013;2;7;0;0;0;8;24;A01
201800048013;2;1;0;1;0;1;1;B01
201800048014;1;7;0;0;1;1;15;A01
201800048015;2;7;0;0;2;3;1;B01
201800048015;2;7;0;0;2;2;15;A01
201800048015;1;7;0;0;2;1;23;C01
201800048016;2;10;0;0;1;2;15;A01
201800048017;2;7;0;0;1;1;1;A01
201800048018;1;1;0;0;1;8;7;A01
201800048019;1;7;0;0;1;1;15;A01
201800048020;1;37;0;0;1;2;7;A01
201800048021;1;7;0;0;2;2;7;B01
201800048021;1;1;0;0;2;1;9;A01
201800048022;1;7;0;0;2;8;19;B01
201800048022;1;7;0;0;2;1;19;A01
201800048023;1;7;0;0;2;4;23;B01
201800048023;1;7;0;0;2;1;1;A01
201800048024;1;33;0;0;2;1;1;B01
201800048024;1;7;0;0;2;3;15;A01
201800048025;1;7;0;0;9;0;23;A01
201800048025;1;1;0;0;2;2;22;B01
201800048026;1;7;0;2;0;1;9;A01
201800048027;2;33;0;0;0;0;1;A01
201800048028;1;7;0;0;1;1;2;A01
201800048029;2;34;0;0;2;1;1;B01
201800048029;1;7;0;0;2;3;15;A01
201800048030;1;7;0;6;2;8;1;B01
201800048030;2;7;0;9;2;3;5;A01
201800048031;1;7;0;0;9;1;16;A01
201800048031;1;1;0;0;2;4;16;B01
201800048032;1;33;0;0;2;1;1;B01
201800048032;2;7;0;0;2;7;1;A01
201800048033;2;10;0;0;2;2;1;B01
201800048033;1;10;0;8;2;7;15;A01
201800048034;1;7;0;1;0;2;1;A01
201800048035;1;7;0;0;2;1;11;A01
201800048035;1;33;0;0;2;1;23;B01
201800048036;2;7;0;0;1;3;15;A01
201800048037;1;7;0;0;2;1;0;Z01
201800048037;1;7;0;0;2;4;23;B01
201800048038;1;30;0;0;2;2;1;B01
201800048038;1;7;0;0;2;5;4;A01
201800048039;2;7;0;0;2;2;17;B01
201800048039;2;7;0;2;2;6;13;A01
201800048040;1;7;0;8;0;1;1;A01
201800048041;0;99;0;0;2;0;0;R01
201800048041;1;7;0;0;2;3;0;A01
201800048042;2;7;0;0;2;7;15;A01
201800048042;2;7;0;0;2;1;2;B01
201800048043;2;7;0;0;1;3;2;A01
201800048044;2;7;0;0;2;4;15;B01
201800048044;2;34;0;0;2;1;1;A01
201800048045;2;33;0;0;2;1;19;A01
201800048045;2;7;0;0;2;3;19;B01
201800048046;1;10;0;0;4;8;15;A01
201800048046;1;40;60;0;2;1;1;B01
201800048047;1;7;0;0;2;1;1;A01
201800048047;1;7;0;0;9;8;1;B01
201800048048;1;7;0;0;1;7;1;A01
201800048049;2;7;0;0;1;3;1;A01
201800048050;2;1;0;0;2;8;19;B01
201800048050;2;7;0;0;2;2;16;A01
201800048051;2;7;0;0;2;8;1;A01
201800048051;1;33;0;0;2;8;17;B01
201800048052;0;99;0;0;2;0;0;R01
201800048052;1;7;0;0;2;3;1;A01
201800048053;1;7;0;0;1;3;15;A01
201800048054;1;7;0;0;2;4;23;B01
201800048054;1;7;0;0;2;1;2;A01
201800048055;1;7;0;0;1;2;1;A01
201800048056;2;7;0;0;2;2;1;A01
201800048056;2;34;0;0;2;4;2;B01
201800048057;1;31;0;0;2;1;2;A01
201800048057;1;7;0;0;2;5;2;B01
201800048058;1;7;0;0;1;0;7;A01
201800048059;1;1;0;0;2;1;8;B01
201800048059;2;7;0;0;2;3;15;A01
201800048060;2;7;0;0;0;0;13;A01
201800048060;2;33;0;0;0;0;17;B01
201800048061;0;99;0;0;2;0;0;R01
201800048061;1;10;0;0;2;2;1;A01
201800048062;1;7;0;0;2;9;2;A01
201800048062;1;7;0;0;2;4;2;B01
201800048063;2;34;0;0;2;1;1;A01
201800048063;1;7;0;0;2;8;1;B01
201800048064;2;7;0;0;2;4;4;A01
201800048064;1;1;0;0;2;1;9;B01
201800048065;2;7;0;0;2;1;19;Z01
201800048065;2;7;0;0;2;8;19;B01
201800048066;1;7;0;0;2;4;20;A01
201800048066;1;7;0;0;2;1;21;B01
201800048067;2;7;0;0;2;1;2;A01
201800048067;2;7;0;0;2;4;2;B01
201800048068;1;1;0;8;0;1;0;A01
201800048069;1;7;0;0;1;0;15;A01
201800048070;2;31;0;0;2;1;1;A01
201800048070;2;7;0;0;2;8;1;B01
201800048071;2;13;0;0;2;2;19;B01
201800048071;2;7;0;0;2;8;16;A01
201800048072;1;7;0;0;1;2;15;A01
201800048073;1;40;60;0;1;0;0;A01
201800048074;2;7;0;1;2;2;21;A01
201800048074;1;7;0;0;2;8;16;B01
201800048075;1;7;0;0;2;2;15;A01
201800048075;0;99;0;0;2;0;0;R01
201800048076;1;30;0;0;2;8;18;A01
201800048076;1;7;0;0;2;7;2;B01
201800048077;2;31;0;0;1;1;21;A01
201800048078;1;40;0;0;1;1;19;A01
201800048079;1;7;0;0;2;7;22;A01
201800048079;1;1;0;1;0;1;1;B01
201800048080;2;7;0;0;1;1;1;A01
201800048081;1;34;0;0;0;0;15;A01
201800048082;1;7;0;8;0;1;15;A01
201800048083;1;7;0;0;2;3;1;B01
201800048083;2;7;0;1;2;3;1;A01
201800048084;1;1;0;0;2;8;5;B01
201800048084;1;7;0;0;9;1;15;A01
201800048085;2;7;0;0;1;1;15;A01
201800048086;1;7;0;0;9;8;1;B01
201800048086;1;1;0;0;2;1;1;A01
201800048087;2;33;0;0;4;1;9;A01
201800048087;1;40;60;0;2;1;2;B01
201800048088;1;33;0;0;2;1;1;B01
201800048088;1;7;0;0;2;3;1;A01
201800048089;2;7;0;0;9;2;9;A01
201800048089;1;1;0;0;2;1;1;B01
201800048090;2;7;0;0;1;2;16;A01
201800048091;2;7;0;0;2;1;2;A01
201800048091;2;7;0;0;2;4;23;C01
201800048091;2;7;0;0;2;4;23;B01
201800048092;1;7;0;0;1;3;15;A01
201800048093;2;31;0;0;2;1;1;A01
201800048093;2;7;0;0;2;4;15;B01
201800048094;2;33;0;0;2;1;3;A01
201800048094;2;7;0;0;2;3;15;B01
201800048095;1;7;0;6;0;1;2;A01
201800048096;1;7;0;0;1;1;1;A01
201800048097;1;7;0;0;2;3;9;A01
201800048097;1;33;0;0;2;7;1;B01
201800048098;1;7;0;16;0;1;19;A01
201800048098;1;1;0;0;2;8;1;B01
201800048099;2;1;0;0;0;0;1;A01
201800048100;1;7;0;0;2;1;1;B01
201800048100;1;30;0;0;2;7;1;A01
201800048101;1;33;0;0;0;0;0;A01
201800048102;1;13;0;0;2;0;17;A01
201800048102;1;7;0;0;2;3;23;B01
201800048103;2;7;0;0;2;6;1;B01
201800048103;1;7;0;0;2;1;1;A01
201800048104;1;7;0;0;1;2;1;A01
201800048105;1;7;0;0;2;1;2;A01
201800048105;1;7;0;0;2;4;2;B01
201800048105;1;7;0;0;2;4;2;C01
201800048106;1;31;0;8;1;1;1;B01
201800048106;2;7;0;0;2;3;15;A01
201800048107;1;31;0;0;2;7;17;B01
201800048107;1;7;0;0;2;7;16;A01
201800048108;2;7;0;0;2;7;10;A01
201800048108;2;3;0;0;2;1;1;B01
201800048109;2;1;0;0;2;1;2;B01
201800048109;2;10;0;0;9;2;16;A01
201800048110;1;7;0;1;0;9;12;B01
201800048110;1;7;0;1;0;1;12;C01
201800048110;1;7;0;12;2;8;23;A01
201800048111;1;7;0;0;1;1;19;A01
201800048112;1;7;0;0;2;8;11;A01
201800048112;1;33;0;8;2;5;1;B01
201800048113;1;30;0;0;2;1;1;B01
201800048113;2;7;0;0;2;2;15;A01
201800048114;1;7;0;12;2;5;1;A01
201800048114;2;7;0;0;2;1;2;Z01
201800048115;1;7;0;0;1;1;17;A01
201800048116;1;7;0;0;2;3;13;A01
201800048116;1;7;0;0;2;2;1;B01
201800048117;2;10;0;0;1;4;4;A01
201800048118;1;7;0;0;1;1;1;A01
201800048119;1;7;0;0;1;3;19;A01
201800048120;1;34;0;0;2;1;1;A01
201800048120;1;7;0;0;9;3;12;B01
201800048121;0;1;0;0;1;1;1;Z01
201800048122;1;7;0;9;0;0;0;A01
201800048123;1;7;0;0;2;1;2;A01
201800048123;1;7;0;0;2;4;2;B01
201800048124;2;7;0;0;2;8;22;A01
201800048124;2;1;0;0;2;6;2;B01
201800048125;1;7;0;0;2;1;1;A01
201800048125;2;30;0;0;2;5;9;B01
201800048126;1;7;0;0;2;3;19;B01
201800048126;1;7;0;8;2;2;19;A01
201800048127;1;7;0;0;2;8;1;A01
201800048127;1;7;0;0;2;1;1;B01
201800048128;2;7;0;0;1;2;1;A01
201800048129;1;7;0;0;2;2;1;B01
201800048129;1;7;0;0;2;3;16;A01
201800048130;1;7;0;0;1;3;1;A01
201800048131;2;40;1;0;1;2;19;A01
201800048132;1;7;0;0;2;7;19;A01
201800048132;1;7;0;0;2;1;19;B01
201800048133;1;31;0;0;2;7;19;A01
201800048133;2;20;0;0;2;1;19;B01
201800048134;1;30;0;0;2;1;1;A01
201800048134;1;1;0;0;2;7;19;B01
201800048135;1;1;0;0;2;8;19;B01
201800048135;1;1;0;0;2;1;1;A01
201800048136;1;7;0;0;2;8;15;A01
201800048136;1;7;0;0;2;1;1;B01
201800048137;1;31;0;0;1;1;0;Z01
201800048138;0;99;0;0;2;0;0;R01
201800048138;1;7;0;0;2;7;2;A01
201800048139;1;7;0;0;2;7;15;A01
201800048139;1;32;0;0;2;1;2;B01
201800048140;1;40;55;0;1;5;19;A01
201800048141;2;7;0;0;2;1;15;A01
201800048141;1;33;0;0;2;1;1;B01
201800048142;1;7;0;1;0;1;9;A01
201800048143;1;34;0;0;1;1;2;A01
201800048144;1;14;0;0;1;6;19;A01
201800048145;1;10;0;0;1;0;20;A01
201800048146;1;7;0;0;2;3;15;A01
201800048146;1;33;0;0;2;1;1;B01
201800048147;2;7;0;0;2;7;13;A01
201800048147;1;7;0;0;2;3;15;B01
201800048148;1;7;0;0;2;4;4;A01
201800048148;0;99;0;0;2;0;0;R01
201800048149;1;7;0;0;1;0;16;A01
201800048150;2;1;0;0;2;1;19;A01
201800048150;1;7;0;0;9;6;1;B01
201800048151;2;7;0;0;2;1;1;A01
201800048151;1;7;0;0;2;3;1;B01
201800048152;2;17;0;0;0;0;1;A01
201800048152;1;7;0;0;0;0;24;B01
201800048153;2;1;0;0;1;1;8;A01
201800048154;2;33;0;0;2;1;2;B01
201800048154;2;7;0;0;2;6;24;A01
201800048155;1;7;0;0;1;5;4;A01
201800048156;1;1;0;1;0;1;17;B01
201800048156;1;7;0;0;0;8;24;A01
201800048157;1;7;0;0;2;0;2;A01
201800048157;1;31;0;0;2;1;1;B01
201800048158;1;10;0;0;2;6;2;B01
201800048158;1;7;0;0;2;1;2;A01
201800048158;1;7;0;0;2;9;1;C01
201800048159;0;34;0;0;2;8;1;A01
201800048159;0;7;0;0;2;0;15;B01
201800048160;0;30;0;15;0;1;0;A01
201800048161;2;7;0;0;2;2;16;A01
201800048161;2;37;1;0;2;3;7;B01
201800048162;2;7;0;0;2;4;2;B01
201800048162;2;7;0;0;2;1;0;A01
201800048163;1;7;0;0;2;6;1;B01
201800048163;1;7;0;1;0;7;0;C01
201800048163;1;7;0;0;2;2;1;A01
201800048164;1;7;0;2;0;1;15;A01
201800048165;1;7;0;16;0;1;0;A01
201800048166;1;14;0;0;2;2;15;A01
201800048166;1;7;0;12;0;6;0;B01
201800048167;1;7;0;1;2;1;1;B01
201800048167;1;7;0;8;2;7;1;A01
201800048168;1;10;0;0;1;1;0;Z01
201800048169;2;7;0;0;2;7;2;B01
201800048169;1;32;0;0;2;1;2;A01
201800048170;1;7;0;0;1;2;1;A01
201800048171;1;7;0;8;0;1;19;A01
201800048171;2;1;0;0;2;7;1;B01
201800048172;0;40;99;0;1;7;0;A01
201800048173;2;33;0;12;0;1;2;A01
201800048174;1;33;0;0;0;1;1;A01
201800048175;2;10;0;0;1;1;15;A01
201800048176;2;1;0;1;0;1;1;A01
201800048176;2;10;0;0;2;0;0;B01
201800048177;0;7;0;0;2;3;5;B01
201800048177;0;34;0;0;2;1;1;A01
201800048178;0;10;0;0;1;5;20;A01
201800048179;2;7;0;0;2;3;15;A01
201800048179;2;33;0;0;2;2;1;B01
201800048180;2;7;0;0;2;1;0;A01
201800048180;2;7;0;0;2;4;0;B01
201800048181;1;10;0;3;2;1;21;A01
201800048181;1;7;0;0;2;0;0;B01