num_acc;senc;catv;occutc;obs;obsm;choc;manv;num_veh
201800048182;2;1;0;0;1;7;1;B01
201800048183;0;32;0;0;1;2;21;A01
201800048184;1;7;0;0;2;1;1;A01
201800048184;1;7;0;0;2;0;0;B01
201800048184;1;7;0;0;2;0;0;C01
201800048185;1;7;0;0;1;4;0;A01
201800048186;2;7;0;0;2;0;15;A01
201800048186;1;1;0;0;2;0;8;B01
201800048187;2;7;0;0;2;1;2;A01
201800048187;2;7;0;0;2;4;23;B01
201800048188;2;7;0;1;0;3;24;A01
201800048188;2;1;0;1;0;1;22;B01
201800048189;1;7;0;0;2;5;1;B01
201800048189;1;7;0;0;2;8;1;A01
201800048190;1;32;0;0;1;1;13;A01
201800048191;1;7;0;0;1;1;21;A01
201800048192;2;1;0;0;2;1;1;B01
201800048192;1;30;0;0;6;1;0;A01
201800048193;1;7;0;0;6;1;0;A01
201800048193;2;1;0;0;2;1;5;B01
201800048194;2;7;0;0;1;1;17;A01
201800048194;2;7;0;0;2;3;2;B01
201800048195;2;7;0;0;1;1;19;A01
201800048196;1;7;0;0;2;1;2;A01
201800048196;1;7;0;0;2;4;1;B01
201800048197;1;7;0;0;2;1;1;B01
201800048197;2;7;0;0;2;3;19;A01
201800048198;1;3;0;0;2;2;17;A01
201800048198;1;10;0;0;2;3;13;B01
201800048199;2;7;0;0;2;2;1;B01
201800048199;1;7;0;0;2;3;1;A01
201800048200;2;7;0;0;2;3;1;B01
201800048200;2;99;0;0;2;1;19;A01
201800048201;1;7;0;0;1;2;0;A01
201800048202;0;10;0;0;1;4;4;A01
201800048202;0;10;0;0;2;1;0;B01
201800048202;0;10;0;0;2;1;0;C01
201800048203;0;7;0;0;2;1;9;B01
201800048203;1;7;0;0;2;3;1;A01
201800048204;1;10;0;0;1;1;0;A01
201800048205;0;1;0;0;2;1;0;A01
201800048205;1;1;0;0;2;1;1;B01
201800048206;0;7;0;0;2;2;1;A01
201800048206;0;2;0;0;2;8;1;B01
201800048207;1;7;0;0;2;6;1;B01
201800048207;1;32;0;0;2;1;1;A01
201800048208;1;37;50;0;1;5;1;A01
201800048209;1;34;0;0;2;1;17;A01
201800048209;1;10;0;0;2;8;15;B01
201800048210;0;7;0;0;2;1;1;B01
201800048210;0;7;0;0;2;7;1;A01
201800048211;0;7;0;0;1;0;0;A01
201800048212;1;7;0;0;1;3;15;A01
201800048213;0;10;0;0;1;2;16;A01
201800048214;2;7;0;0;2;1;1;A01
201800048214;1;30;0;0;2;2;1;B01
201800048215;1;7;0;0;2;2;9;A01
201800048215;1;2;0;0;2;3;19;B01
201800048216;2;32;0;0;2;0;0;A01
201800048216;2;7;0;0;6;4;2;B01
201800048217;1;30;0;0;0;1;1;A01
201800048218;1;33;0;0;1;1;1;A01
201800048219;1;3;0;0;1;1;1;A01
201800048220;1;7;0;15;0;2;9;A01
201800048221;1;10;0;14;0;3;1;A01
201800048222;1;7;0;0;2;1;2;A01
201800048222;1;7;0;0;2;4;2;B01
201800048223;0;30;0;9;0;1;1;A01
201800048224;2;2;0;0;2;1;1;A01
201800048224;2;7;0;0;2;8;23;B01
201800048225;2;7;0;0;1;1;1;A01
201800048226;0;32;0;0;2;2;17;B01
201800048226;2;7;0;0;2;6;15;A01
201800048227;1;1;0;0;2;6;7;B01
201800048227;1;7;0;0;2;6;1;A01
201800048228;1;7;0;0;1;1;1;A01
201800048229;0;7;0;0;2;8;15;A01
201800048229;0;33;0;0;2;1;2;B01
201800048230;2;7;0;0;1;1;0;A01
201800048231;0;10;0;6;0;1;2;A01
201800048232;2;7;0;0;2;4;2;C01
201800048232;2;7;0;0;2;4;2;B01
201800048232;2;7;0;0;2;1;1;A01
201800048233;1;7;0;0;1;1;19;A01
201800048234;2;1;0;0;2;1;1;B01
201800048234;2;7;0;0;6;2;0;A01
201800048235;1;7;0;0;1;4;0;A01
201800048236;0;32;0;0;1;1;0;A01
201800048237;1;7;0;0;2;1;0;A01
201800048237;1;7;0;0;2;0;0;B01
201800048238;1;10;0;0;2;4;2;B01
201800048238;1;10;0;1;0;1;2;A01
201800048239;2;30;0;0;2;5;1;A01
201800048239;2;7;0;0;2;3;10;B01
201800048240;1;33;0;8;0;0;0;A01
201800048241;2;33;0;0;2;7;17;A01
201800048241;1;7;0;0;2;3;15;B01
201800048242;1;99;0;0;2;7;1;B01
201800048242;1;99;0;0;2;1;1;A01
201800048243;1;7;0;0;2;3;9;A01
201800048243;2;1;0;0;2;1;1;B01
201800048244;2;30;0;0;6;1;1;A01
201800048244;2;7;0;0;2;6;1;B01
201800048245;1;7;0;0;2;1;13;A01
201800048245;1;7;0;0;2;6;14;B01
201800048246;1;7;0;0;1;7;19;A01
201800048247;2;37;30;0;1;2;1;A01
201800048248;2;7;0;0;2;0;8;A01
201800048248;1;2;0;0;2;0;0;B01
201800048249;1;32;0;0;2;2;15;B01
201800048249;1;10;0;0;2;6;15;A01
201800048250;0;7;0;0;1;1;2;A01
201800048251;1;33;0;0;2;3;23;C01
201800048251;1;3;0;0;2;3;21;A01
201800048251;1;32;0;0;2;2;23;B01
201800048252;1;2;0;0;2;1;18;A01
201800048252;1;7;0;0;2;7;16;B01
201800048253;0;7;0;0;2;2;2;A01
201800048253;0;7;0;0;2;3;1;B01
201800048254;0;33;0;0;1;0;0;A01
201800048254;0;7;0;0;2;3;1;C01
201800048255;2;7;0;0;1;2;1;A01
201800048256;1;34;0;0;2;1;1;B01
201800048256;1;7;0;0;2;4;1;A01
201800048257;1;7;0;0;6;7;16;B01
201800048257;1;7;0;0;2;2;21;A01
201800048258;0;7;0;0;2;1;1;A01
201800048258;0;7;0;0;2;7;15;B01
201800048259;2;7;0;0;2;3;10;A01
201800048259;2;30;0;0;2;1;5;B01
201800048260;2;7;0;0;2;1;19;B01
201800048260;2;7;0;0;2;8;19;A01
201800048261;2;32;0;0;2;5;1;B01
201800048261;2;7;0;0;2;1;19;A01
201800048262;2;7;0;0;2;1;15;A01
201800048262;0;1;0;0;2;6;1;B01
201800048263;0;1;0;0;2;1;1;B01
201800048263;0;7;0;0;2;8;15;A01
201800048264;1;7;0;0;2;7;1;A01
201800048264;1;10;0;0;2;2;1;B01
201800048265;2;30;0;0;2;6;7;A01
201800048265;2;7;0;0;2;2;16;B01
201800048266;1;7;0;8;2;7;1;A01
201800048266;1;7;0;0;2;1;1;B01
201800048267;2;7;0;0;2;1;1;A01
201800048267;2;7;0;0;0;4;23;B01
201800048268;1;7;0;0;2;1;1;B01
201800048268;2;10;0;0;2;1;15;A01
201800048269;1;7;0;0;2;3;15;B01
201800048269;2;33;0;0;2;8;1;A01
201800048270;2;32;0;0;1;1;1;A01
201800048271;0;33;0;0;2;3;1;B01
201800048271;2;7;0;0;2;3;15;A01
201800048272;2;7;0;0;2;4;1;A01
201800048272;2;7;0;0;2;4;1;B01
201800048273;0;1;0;0;2;1;2;A01
201800048273;0;7;0;0;2;3;20;B01
201800048274;2;10;0;0;2;1;2;A01
201800048274;2;7;0;0;2;4;2;B01
201800048275;1;7;0;0;2;4;23;B01
201800048275;1;7;0;0;2;5;23;A01
201800048275;1;7;0;0;2;1;1;D01
201800048275;1;7;0;0;2;5;23;C01
201800048276;1;7;0;0;4;8;10;A01
201800048276;1;40;1;0;2;1;1;B01
201800048277;1;30;0;0;2;3;13;A01
201800048277;1;7;0;0;2;2;1;B01
201800048278;1;1;0;0;2;1;1;B01
201800048278;1;7;0;0;2;3;1;A01
201800048279;2;14;0;1;0;4;0;B01
201800048279;2;33;0;0;2;1;14;A01
201800048280;2;10;0;1;1;5;20;A01
201800048280;0;10;0;0;2;6;0;B01
201800048281;0;7;0;0;2;1;2;A01
201800048281;0;7;0;0;2;4;1;B01
201800048282;2;7;0;0;2;1;2;A01
201800048282;2;7;0;0;2;4;2;B01
201800048282;2;7;0;0;0;4;2;C01
201800048283;1;32;0;0;2;1;1;B01
201800048283;1;7;0;0;2;1;1;A01
201800048284;2;1;0;0;2;7;0;A01
201800048285;1;1;0;0;2;1;1;A01
201800048285;1;10;0;0;2;4;23;B01
201800048286;2;10;0;0;1;7;16;A01
201800048287;1;7;0;0;2;1;1;B01
201800048287;1;7;0;0;2;2;15;A01
201800048288;0;7;0;6;0;1;1;A01
201800048289;1;13;0;0;1;0;0;A01
201800048290;1;7;0;0;2;1;1;A01
201800048290;1;1;0;0;2;7;1;B01
201800048291;1;2;0;0;2;2;1;B01
201800048291;1;7;0;0;2;3;1;A01
201800048292;1;2;0;0;2;0;11;B01
201800048292;2;7;0;0;2;2;15;A01
201800048293;1;7;0;0;1;4;20;A01
201800048294;2;7;0;0;2;1;1;A01
201800048294;2;7;0;0;2;7;1;B01
201800048295;2;33;0;0;1;1;1;A01
201800048296;2;37;2;0;0;0;21;A01
201800048297;2;7;0;0;2;4;0;C01
201800048297;2;7;0;0;2;4;0;A01
201800048297;2;7;0;0;2;4;0;B01
201800048298;0;32;0;0;2;2;17;A01
201800048298;0;7;0;0;2;3;15;B01
201800048299;1;7;0;0;2;6;19;B01
201800048299;2;7;0;0;2;1;19;A01
201800048300;1;7;0;8;2;1;1;B01
201800048300;2;7;0;0;2;2;2;A01
201800048301;2;7;0;1;2;3;19;B01
201800048301;1;30;0;0;2;1;0;A01
201800048302;1;1;0;0;2;4;15;B01
201800048302;1;7;0;0;2;3;1;A01
201800048303;1;10;0;0;2;1;1;A01
201800048303;2;13;0;0;2;3;1;B01
201800048304;0;30;0;0;2;8;11;A01
201800048304;0;7;0;0;2;7;1;B01
201800048305;1;32;0;0;2;2;11;A01
201800048305;1;7;0;0;2;6;15;B01
201800048306;1;7;0;0;2;2;16;A01
201800048306;1;1;0;0;2;0;0;B01
201800048307;0;99;0;1;1;1;15;A01
201800048308;1;99;0;0;1;3;1;A01
201800048309;2;1;0;1;0;0;2;B01
201800048309;2;7;0;0;2;0;2;A01
201800048310;2;33;0;0;2;2;21;A01
201800048310;2;1;0;0;2;3;14;B01
201800048311;2;1;0;0;1;1;1;A01
201800048312;1;7;0;0;2;1;1;A01
201800048312;1;7;0;0;2;4;1;B01
201800048312;1;7;0;0;2;4;1;C01
201800048313;2;2;0;0;2;1;17;A01
201800048313;2;7;0;0;2;3;15;B01
201800048314;0;99;0;9;0;0;0;A01
201800048315;2;7;0;0;2;2;15;A01
201800048315;0;1;0;0;2;3;19;B01
201800048316;1;10;0;0;2;4;1;B01
201800048316;1;30;0;0;2;1;0;A01
201800048317;1;7;0;0;2;1;1;A01
201800048317;1;7;0;0;2;4;0;B01
201800048318;2;7;0;0;1;1;1;A01
201800048319;2;7;0;0;6;3;1;B01
201800048319;1;1;0;0;2;1;19;A01
201800048320;1;7;0;0;2;2;15;A01
201800048320;1;7;0;0;2;3;15;B01
201800048321;0;7;0;0;2;4;2;B01
201800048321;0;7;0;0;2;1;2;A01
201800048321;0;7;0;0;2;4;23;C01
201800048322;0;30;0;9;1;1;5;A01
201800048323;1;10;0;9;0;1;0;A01
201800048324;2;7;0;0;2;1;1;B01
201800048324;1;7;0;0;2;6;1;A01
201800048325;1;33;0;0;2;1;2;A01
201800048325;1;7;0;0;2;6;11;B01
201800048326;1;33;0;0;1;8;1;A01
201800048327;2;7;0;1;1;9;1;A01
201800048328;2;40;1;0;2;1;1;B01
201800048328;0;30;0;0;4;6;15;A01
201800048329;1;99;0;0;0;0;0;A01
201800048330;0;7;0;8;0;1;0;A01
201800048331;1;7;0;0;2;3;1;B01
201800048331;2;7;0;0;2;2;19;A01
201800048332;1;32;0;0;2;0;2;A01
201800048333;0;33;0;0;2;1;0;A01
201800048333;0;7;0;0;2;4;1;B01
201800048334;1;7;0;0;2;2;1;A01
201800048334;2;33;0;0;2;1;1;B01
201800048335;0;1;0;0;2;1;15;A01
201800048335;0;7;0;0;2;8;1;B01
201800048336;1;1;0;0;4;1;19;B01
201800048336;2;40;1;0;2;3;1;A01
201800048337;2;7;0;0;2;1;2;A01
201800048337;2;7;0;0;2;4;2;B01
201800048338;0;7;0;0;2;2;1;A01
201800048338;0;33;0;0;2;1;1;B01
201800048339;2;7;0;0;2;1;1;B01
201800048339;1;7;0;0;2;3;1;A01
201800048340;1;7;0;0;2;6;4;A01
201800048340;1;1;0;0;2;3;19;B01
201800048341;0;1;0;0;2;4;1;B01
201800048341;0;7;0;0;2;2;0;A01
201800048342;0;10;0;0;1;1;1;A01
201800048343;1;7;0;0;2;2;1;A01
201800048343;2;30;0;0;2;0;0;B01
201800048344;2;33;0;0;2;3;19;A01
201800048344;1;7;0;0;2;1;15;B01
201800048345;1;7;0;0;1;3;16;A01
201800048346;2;7;0;0;4;6;10;A01
201800048346;2;40;1;0;2;1;1;B01
201800048347;1;1;0;0;2;8;1;B01
201800048347;1;7;0;0;6;7;16;A01
201800048348;1;32;0;0;2;1;1;A01
201800048348;1;7;0;0;2;2;16;B01
201800048349;2;1;0;0;6;8;1;B01
201800048349;1;1;0;0;6;1;7;A01
201800048350;1;7;0;0;2;1;1;A01
201800048350;1;31;0;0;2;4;1;B01
201800048351;2;1;0;0;2;8;1;B01
201800048351;1;7;0;0;6;3;15;A01
201800048352;2;7;0;0;2;4;1;B01
201800048352;2;7;0;0;2;1;2;A01
201800048352;2;7;0;0;2;4;23;C01
201800048353;1;99;0;0;2;1;1;B01
201800048353;1;99;0;0;2;9;1;A01
201800048354;1;14;0;0;2;8;15;A01
201800048354;1;33;0;0;2;1;2;B01
201800048355;2;33;0;0;2;2;0;A01
201800048355;0;7;0;0;2;1;16;B01
201800048356;2;10;0;1;1;1;15;Z01
201800048357;1;7;0;1;0;1;2;A01
201800048358;0;7;0;12;0;0;1;A01
201800048359;0;7;0;12;0;0;0;A01
201800048360;2;1;0;0;2;3;19;A01
201800048360;2;7;0;0;6;3;1;B01
201800048361;2;7;0;0;2;2;12;A01
201800048361;2;33;0;0;2;1;1;B01
201800048362;2;7;0;0;2;2;19;B01
201800048362;2;7;0;0;2;3;1;A01
201800048363;2;7;0;0;1;1;1;A01
201800048364;1;1;0;0;2;1;1;B01
201800048364;1;14;0;0;2;1;1;A01
201800048365;1;7;0;0;2;3;1;B01
201800048365;1;7;0;0;2;2;1;A01
201800048366;1;31;0;0;2;8;18;A01
201800048366;1;7;0;0;2;2;16;B01
201800048367;0;7;0;0;2;7;19;A01
201800048367;0;10;0;0;2;1;19;B01
201800048368;2;30;0;9;0;0;13;A01
201800048369;0;7;0;0;1;1;16;A01
201800048369;0;7;0;0;2;1;16;B01
201800048370;0;7;0;0;2;8;1;A01
201800048370;0;32;0;0;2;1;1;B01
201800048371;1;7;0;0;2;1;1;A01
201800048371;2;7;0;0;2;3;1;B01
201800048372;2;7;0;0;1;4;20;A01
201800048373;1;7;0;0;2;2;16;A01
201800048373;1;7;0;0;2;6;8;B01
201800048374;1;7;0;0;2;2;24;B01
201800048374;2;30;0;0;2;5;1;A01
201800048375;1;7;0;0;1;4;4;A01
201800048376;1;7;0;0;2;3;15;A01
201800048376;2;7;0;0;2;1;1;B01
201800048377;0;7;0;0;2;8;15;A01
201800048377;0;2;0;0;2;2;5;B01
201800048378;1;7;0;0;2;3;1;B01
201800048378;2;31;0;0;2;1;1;A01
201800048379;2;7;0;0;2;8;1;B01
201800048379;1;7;0;0;2;3;13;A01
201800048380;2;7;0;0;2;1;0;A01
201800048380;2;7;0;0;2;4;2;B01
201800048381;1;7;0;0;2;1;1;B01
201800048381;2;7;0;0;2;8;1;A01
201800048382;2;7;0;16;0;0;9;B01
201800048382;1;34;0;15;0;2;13;A01
201800048383;1;7;0;0;2;3;1;A01
201800048383;1;7;0;0;2;7;19;B01
201800048384;2;7;0;0;0;0;15;A01
201800048384;1;33;0;9;0;7;1;B01
201800048385;2;10;0;0;2;1;15;A01
201800048385;1;32;0;0;2;4;23;B01
201800048386;1;33;0;0;2;3;21;A01
201800048386;1;7;0;0;2;3;23;B01
201800048387;2;7;0;0;2;2;9;A01
201800048387;1;7;0;0;2;2;1;B01
201800048388;2;7;0;0;2;7;21;A01
201800048388;2;33;0;0;2;3;1;B01
201800048389;2;7;0;0;2;7;1;A01
201800048389;2;7;0;0;2;3;13;B01
201800048390;2;37;50;0;2;3;15;A01
201800048390;1;1;0;0;2;8;8;B01
201800048391;2;7;0;0;2;8;1;B01
201800048391;2;7;0;0;2;3;15;A01
201800048392;1;2;0;0;2;1;0;A01
201800048393;1;7;0;0;1;1;0;A01
201800048394;1;7;0;0;2;3;2;A01
201800048394;1;7;0;0;2;2;1;B01
201800048395;2;7;0;0;1;1;2;A01
201800048396;1;7;0;0;1;1;1;A01
201800048397;1;7;0;12;0;1;16;A01
201800048398;1;99;0;0;2;1;13;A01
201800048398;2;31;0;0;2;1;1;B01
201800048399;0;30;0;0;2;2;17;A01
201800048400;0;7;0;0;1;2;1;A01
201800048401;2;7;0;0;1;2;1;A01
201800048402;2;7;0;0;1;1;15;A01
201800048403;0;7;0;0;2;2;15;A01
201800048403;1;7;0;0;2;3;1;B01
201800048404;1;7;0;0;2;8;1;A01
201800048404;1;7;0;0;2;1;1;B01
201800048405;1;7;0;0;1;3;13;A01
201800048406;1;7;0;0;2;3;1;B01
201800048406;2;7;0;0;2;2;15;A01
201800048407;2;10;0;0;2;3;15;B01
201800048407;2;10;0;6;2;1;17;A01
201800048408;2;7;0;0;1;2;16;A01
201800048409;2;30;0;0;2;1;13;A01
201800048409;2;7;0;0;2;6;15;B01
201800048410;1;7;0;0;2;4;1;B01
201800048410;1;7;0;0;2;1;1;A01
201800048411;1;10;0;0;2;8;15;A01
201800048411;0;33;0;0;2;0;0;B01
201800048412;1;7;0;12;2;7;1;B01
201800048412;1;7;0;0;1;2;9;A01
201800048413;1;7;0;0;1;1;1;A01
201800048414;1;37;30;0;2;8;1;A01
201800048414;1;7;0;0;2;0;1;B01
201800048414;1;99;0;0;2;0;1;C01
201800048415;1;7;0;0;2;2;1;A01
201800048415;2;7;0;0;2;1;1;B01
201800048416;0;1;0;0;2;2;19;A01
201800048416;1;33;0;0;6;1;1;B01
201800048417;0;7;0;0;2;1;23;B01
201800048417;0;7;0;0;2;1;15;A01
201800048418;1;7;0;0;2;5;1;B01
201800048418;2;7;0;0;2;1;19;A01
201800048419;2;7;0;0;1;2;1;A01
201800048420;2;7;0;0;2;1;1;A01
201800048420;1;7;0;0;2;7;0;B01
201800048421;1;7;0;8;0;1;1;A01
201800048422;0;7;0;0;1;2;9;A01
201800048423;1;7;0;0;1;6;0;A01
201800048424;0;34;0;15;2;1;17;A01
201800048424;0;7;0;0;2;6;0;B01
201800048425;1;30;0;0;2;1;1;A01
201800048425;2;7;0;0;2;3;15;B01
201800048426;1;7;0;0;1;3;8;A01
201800048427;1;7;0;0;2;4;2;B01
201800048427;1;33;0;0;0;0;0;A01
201800048428;1;2;0;0;2;8;1;B01
201800048428;2;7;0;0;2;1;1;A01
201800048429;1;1;0;0;2;5;1;A01
201800048429;1;10;0;0;6;3;11;B01
201800048430;1;7;0;0;2;1;15;A01
201800048430;1;7;0;8;2;3;1;B01
201800048431;1;7;0;3;2;4;18;A01
201800048431;1;7;0;3;2;1;1;B01
201800048431;1;7;0;0;2;1;1;C01
201800048432;0;32;0;0;0;0;2;A01
201800048433;2;7;0;0;1;1;1;A01
201800048434;1;7;0;0;2;1;15;B01
201800048434;2;32;0;0;2;1;18;A01
201800048435;1;3;0;0;2;1;1;A01
201800048436;1;7;0;0;1;2;19;B01
201800048437;1;7;0;0;2;7;1;B01
201800048437;2;7;0;0;2;1;1;A01
201800048438;2;7;0;0;2;8;1;B01
201800048438;0;7;0;0;2;1;19;A01
201800048439;1;7;0;0;2;2;2;A01
201800048439;2;32;0;0;2;1;1;B01
201800048440;1;10;0;0;1;2;15;A01
201800048441;2;7;0;0;0;0;22;A01
201800048441;2;1;0;1;0;1;2;B01
201800048442;0;10;0;0;2;5;0;A01
201800048442;1;1;0;0;2;4;0;B01
201800048443;1;3;0;0;2;3;15;A01
201800048443;2;1;0;0;2;1;1;B01
201800048444;0;10;0;0;2;1;2;A01
201800048444;0;7;0;0;2;4;0;B01
201800048445;2;7;0;0;2;2;15;A01
201800048445;2;7;0;0;2;0;0;B01
201800048446;1;33;0;0;2;1;2;B01
201800048446;1;7;0;0;2;8;10;A01
201800048447;1;99;0;0;2;8;19;B01
201800048447;2;7;0;0;2;2;16;A01
201800048448;0;31;0;0;0;2;0;A01
201800048449;1;7;0;0;2;1;19;A01
201800048449;2;7;0;0;2;7;1;B01
201800048450;2;99;0;0;0;0;1;A01
201800048451;2;32;0;1;0;7;19;A01
201800048451;1;99;0;1;0;0;0;B01
201800048452;0;99;0;0;2;1;2;A01
201800048452;0;7;0;0;2;1;2;B01
201800048452;0;7;0;0;2;4;23;C01
201800048453;2;32;0;0;2;2;1;A01
201800048453;1;13;0;0;2;8;19;B01
201800048454;1;7;0;0;2;6;20;B01
201800048454;1;33;0;1;2;1;1;A01
201800048454;1;7;0;0;2;7;0;C01
201800048455;1;1;0;0;2;1;2;B01
201800048455;0;7;0;0;2;8;2;A01
201800048456;2;32;0;1;1;8;1;A01
201800048457;1;7;0;0;2;1;0;B01
201800048457;2;7;0;0;2;1;9;A01
201800048458;1;7;0;0;2;2;1;B01
201800048458;2;7;0;0;2;1;1;A01
201800048459;1;7;0;0;2;1;15;A01
201800048459;1;7;0;0;2;1;1;B01
201800048460;1;7;0;0;1;7;2;A01
201800048461;0;10;0;0;2;2;16;A01
201800048461;1;1;0;0;2;1;1;B01
201800048462;2;7;0;0;2;3;15;A01
201800048462;1;32;0;0;2;1;1;B01
201800048463;2;7;0;8;0;1;15;A01
201800048464;2;7;0;7;2;3;15;A01
201800048464;2;7;0;8;2;2;2;B01
201800048465;2;34;0;14;0;1;1;A01
201800048466;1;7;0;0;2;7;16;A01
201800048466;1;1;0;0;2;1;1;B01
201800048467;1;32;0;0;2;4;23;A01
201800048467;1;7;0;0;2;3;2;B01
201800048468;1;31;0;12;0;6;16;A01
201800048469;2;7;0;0;2;1;2;A01
201800048469;1;1;0;0;2;7;2;B01
201800048470;2;7;0;0;2;7;1;B01
201800048470;1;7;0;0;2;1;16;A01
201800048471;2;7;0;0;2;8;1;A01
201800048471;2;31;0;0;2;7;1;B01
201800048472;1;7;0;0;1;2;1;A01
201800048473;2;31;0;0;2;2;17;A01
201800048473;2;7;0;0;2;3;15;B01
201800048474;1;30;0;0;2;1;1;A01
201800048474;1;7;0;0;2;2;15;B01
201800048475;1;7;0;0;2;1;24;A01
201800048475;1;7;0;0;2;4;23;B01
201800048476;0;7;0;0;2;3;1;A01
201800048476;1;37;35;0;2;2;1;B01
201800048477;2;3;0;0;2;3;1;B01
201800048477;1;1;0;0;2;7;1;A01
201800048478;2;1;0;0;2;1;0;B01
201800048478;1;3;0;0;2;3;1;A01
201800048479;2;1;0;0;2;1;2;A01
201800048479;1;7;0;0;6;4;2;B01
201800048480;2;32;0;0;1;8;8;Z01
201800048481;2;7;0;0;2;1;1;B01
201800048481;0;7;0;0;2;3;16;A01
201800048482;1;7;0;0;2;8;15;A01
201800048482;1;32;0;0;2;7;1;B01
201800048483;1;7;0;1;0;3;1;A01
201800048483;1;7;0;0;2;8;0;B01
201800048484;0;7;0;0;2;5;0;A01
201800048484;0;7;0;0;2;5;23;B01
201800048485;1;32;0;0;2;3;18;A01
201800048485;2;7;0;0;2;0;0;B01
201800048486;2;10;0;0;2;8;1;B01
201800048486;1;10;0;0;2;1;15;A01
201800048487;2;33;0;0;2;1;3;A01
201800048487;2;7;0;0;2;8;15;B01
201800048488;2;30;0;0;2;1;1;A01
201800048488;2;7;0;0;2;5;20;B01
201800048489;0;30;0;0;2;1;0;A01
201800048489;0;7;0;0;2;1;0;B01
201800048490;1;7;0;2;0;2;2;A01
201800048491;2;3;0;0;2;4;24;A01
201800048491;2;1;0;1;0;1;2;B01
201800048492;1;7;0;0;1;3;1;A01
201800048493;1;99;0;0;4;0;0;A01
201800048493;1;40;1;0;0;0;0;B01
201800048494;2;7;0;0;1;1;15;A01
201800048495;1;7;0;0;2;1;1;A01
201800048495;2;1;0;0;2;7;0;B01
201800048496;0;1;0;0;2;0;0;B01
201800048496;1;7;0;0;2;3;1;A01
201800048497;2;33;0;0;2;1;1;A01
201800048497;1;7;0;0;2;3;15;B01
201800048498;1;2;0;0;2;1;1;A01
201800048498;1;7;0;0;2;1;1;C01
201800048498;2;7;0;0;2;2;23;B01
201800048499;2;7;0;0;2;1;0;B01
201800048499;2;13;0;0;2;7;0;A01
201800048500;1;7;0;0;2;2;19;B01
201800048500;1;10;0;0;2;3;19;A01
201800048501;2;7;0;0;1;1;1;A01
201800048502;2;30;0;0;2;1;2;A01
201800048502;2;7;0;0;2;6;2;B01
201800048503;2;7;0;0;2;3;15;A01
201800048503;2;33;0;0;2;1;2;B01
201800048504;1;30;0;0;2;2;1;B01
201800048504;1;7;0;0;2;3;9;A01
201800048505;1;7;0;0;2;1;0;A01
201800048505;1;7;0;0;2;4;23;B01
201800048506;0;34;0;0;1;1;1;A01
201800048507;0;7;0;12;0;2;1;A01
201800048508;2;7;0;0;2;1;15;A01
201800048508;1;7;0;0;2;1;1;B01
201800048509;1;7;0;0;1;1;13;A01
201800048510;2;1;0;0;1;1;1;A01
201800048511;1;7;0;0;2;2;1;A01
201800048511;2;3;0;8;2;1;1;B01
201800048512;1;7;0;0;2;7;1;B01
201800048512;2;7;0;0;2;1;0;A01
201800048513;0;7;0;0;1;0;0;A01
201800048514;2;33;0;0;1;3;8;A01
201800048515;2;30;0;11;2;0;1;B01
201800048515;2;3;0;0;2;0;0;A01
201800048516;2;1;0;14;0;0;1;A01
201800048517;1;7;0;0;1;4;4;A01
201800048518;1;1;0;0;2;1;19;B01
201800048518;0;7;0;0;2;3;16;A01
201800048519;1;1;0;0;1;1;1;A01
201800048520;0;7;0;0;2;8;15;A01
201800048520;0;33;0;0;2;1;2;B01
201800048520;0;7;0;0;2;0;15;Z01
201800048521;1;7;0;0;2;3;20;A01
201800048521;2;2;0;0;2;3;13;B01
201800048522;1;7;0;0;2;8;2;B01
201800048522;2;7;0;0;2;1;5;A01
201800048523;2;33;0;0;2;1;0;B01
201800048523;1;7;0;0;2;3;9;A01
201800048524;1;7;0;0;0;3;1;A01
201800048524;1;7;0;0;2;2;1;B01
201800048525;1;7;0;0;1;3;15;A01
201800048526;2;33;0;0;2;1;1;B01
201800048526;2;7;0;0;2;5;1;A01
201800048527;1;3;0;0;2;2;16;A01
201800048527;1;30;0;0;2;8;18;B01
201800048528;0;7;0;0;1;1;15;A01
201800048529;2;7;0;0;1;3;15;A01
201800048530;0;1;0;0;4;8;0;B01
201800048530;2;40;50;0;2;2;0;A01
201800048531;2;30;0;0;2;1;1;B01
201800048531;1;30;0;0;2;1;13;A01
201800048532;1;1;0;0;2;5;1;B01
201800048532;2;7;0;0;2;1;13;A01
201800048533;1;34;0;0;2;2;1;A01
201800048533;2;7;0;0;2;2;15;B01
201800048534;2;7;0;0;2;2;5;A01
201800048534;1;32;0;0;2;3;16;B01
201800048535;1;7;0;0;2;7;15;A01
201800048535;2;33;0;0;2;1;1;B01
201800048536;1;34;0;0;2;1;15;A01
201800048536;1;7;0;0;2;6;15;B01
201800048537;2;30;0;0;0;7;1;A01
201800048538;2;7;0;9;0;0;1;A01
201800048538;2;7;0;0;2;1;1;B01
201800048539;2;7;0;0;2;1;1;A01
201800048539;1;1;0;0;2;1;19;B01
201800048540;1;7;0;0;2;1;1;A01
201800048540;1;1;0;0;2;8;0;B01
201800048541;0;7;0;0;2;3;2;A01
201800048541;0;7;0;0;2;4;2;B01
201800048542;2;1;0;0;2;1;2;A01
201800048542;2;7;0;14;0;4;23;B01
201800048543;2;7;0;0;2;4;1;B01
201800048543;2;7;0;0;2;1;1;A01
201800048544;0;40;1;0;2;1;1;B01