num_acc;senc;catv;occutc;obs;obsm;choc;manv;num_veh
201800050068;2;7;0;0;2;4;1;A01
201800050068;2;7;0;0;2;1;1;B01
201800050069;2;34;0;0;0;1;1;A01
201800050070;2;7;0;0;2;1;2;B01
201800050070;2;7;0;0;2;4;2;A01
201800050071;2;33;0;14;0;1;1;A01
201800050072;;7;0;;;;;B01
201800050072;1;34;0;0;2;1;1;A01
201800050073;2;7;0;0;2;4;2;A01
201800050073;2;7;0;0;2;1;2;B01
201800050074;2;7;0;0;2;4;1;A01
201800050075;2;7;0;0;2;1;2;C01
201800050075;2;7;0;0;2;1;2;B01
201800050075;2;7;0;0;0;4;2;A01
201800050076;1;7;0;0;2;1;0;B01
201800050076;1;7;0;0;2;4;0;A01
201800050077;1;7;0;0;2;8;2;B01
201800050077;1;14;0;0;2;2;12;A01
201800050078;2;7;0;0;2;4;1;A01
201800050078;2;7;0;0;2;1;1;B01
201800050079;1;7;0;0;2;2;14;A01
201800050079;1;33;0;0;2;8;1;B01
201800050080;2;7;0;4;0;8;2;A01
201800050081;2;7;0;7;0;9;0;A01
201800050082;1;7;0;0;2;1;2;A01
201800050082;1;7;0;0;2;4;2;B01
201800050083;2;7;0;3;0;2;1;A01
201800050084;1;7;0;0;2;1;2;B01
201800050084;1;7;0;0;0;4;2;A01
201800050085;1;33;0;0;0;7;1;A01
201800050086;1;7;0;0;2;1;2;B01
201800050086;1;7;0;0;2;4;1;A01
201800050087;2;33;0;0;2;8;1;B01
201800050087;2;7;0;0;2;3;2;C01
201800050087;2;7;0;0;2;7;12;A01
201800050088;1;7;0;0;2;1;2;B01
201800050088;1;7;0;0;2;4;1;A01
201800050089;1;7;0;6;0;7;14;A01
201800050090;1;99;0;0;2;1;0;Z01
201800050090;1;7;0;0;2;4;1;A01
201800050091;1;7;0;4;0;1;1;A01
201800050092;2;7;0;4;0;7;0;A01
201800050093;1;14;0;0;2;7;1;A01
201800050093;1;7;0;0;2;6;9;B01
201800050094;1;7;0;0;2;4;23;B01
201800050094;1;15;0;0;2;1;2;C01
201800050094;1;7;0;0;2;4;23;A01
201800050095;2;7;0;0;2;4;2;B01
201800050095;2;7;0;0;2;1;2;A01
201800050095;2;7;0;0;2;4;2;C01
201800050096;1;34;0;0;2;1;12;B01
201800050096;1;7;0;0;2;8;1;A01
201800050097;1;7;0;0;1;7;1;A01
201800050098;1;7;0;0;0;4;11;A01
201800050098;1;7;0;0;2;1;2;C01
201800050098;1;7;0;0;2;1;0;B01
201800050098;1;7;0;0;2;1;2;E01
201800050098;1;7;0;0;2;1;2;D01
201800050099;2;7;0;4;0;1;1;A01
201800050100;2;7;0;0;2;3;2;B01
201800050100;2;7;0;0;2;2;1;C01
201800050100;2;7;0;0;2;6;1;D01
201800050100;2;7;0;0;2;4;23;A01
201800050101;2;7;0;1;0;4;2;B01
201800050101;2;7;0;1;0;1;2;Z01
201800050101;2;7;0;0;2;4;2;A01
201800050102;1;7;0;14;0;1;1;D01
201800050102;2;7;0;0;2;3;5;B01
201800050102;1;7;0;14;6;7;1;C01
201800050102;2;7;0;0;2;3;1;A01
201800050103;2;7;0;0;2;8;1;B01
201800050103;2;7;0;0;2;2;0;A01
201800050104;2;7;0;3;0;3;13;A01
201800050105;0;7;0;0;2;3;1;A01
201800050105;0;7;0;0;2;1;1;B01
201800050106;2;7;0;0;2;2;12;B01
201800050106;2;7;0;0;2;3;11;A01
201800050107;2;7;0;0;2;4;2;A01
201800050107;2;7;0;0;2;1;2;B01
201800050108;1;7;0;0;2;1;2;B01
201800050108;2;7;0;0;2;4;1;A01
201800050109;2;7;0;3;2;1;2;B01
201800050109;2;15;0;3;2;4;2;A01
201800050110;2;7;0;0;2;1;2;B01
201800050110;2;7;0;0;2;4;1;A01
201800050111;2;7;0;0;2;8;23;B01
201800050111;2;7;0;0;2;2;23;C01
201800050111;2;7;0;0;2;2;5;A01
201800050111;2;7;0;0;2;4;0;D01
201800050112;2;7;0;0;2;5;12;B01
201800050112;2;7;0;0;2;3;1;A01
201800050113;2;15;0;0;2;7;12;A01
201800050113;2;7;0;0;2;9;1;B01
201800050114;2;34;0;0;2;1;0;B01
201800050114;2;7;0;0;2;8;1;A01
201800050115;1;7;0;0;2;4;1;B01
201800050115;1;10;0;0;2;1;1;A01
201800050116;;99;0;;;;;A01
201800050117;;31;0;;;;;A01
201800050118;1;33;0;0;0;0;0;A01
201800050119;2;7;0;0;2;1;2;C01
201800050119;2;7;0;0;2;4;2;A01
201800050119;2;7;0;0;2;4;2;B01
201800050120;1;7;0;0;2;4;1;A01
201800050121;2;10;0;0;2;4;1;D01
201800050121;2;10;0;0;2;4;1;A01
201800050121;2;7;0;0;2;4;1;B01
201800050121;2;7;0;0;2;4;1;C01
201800050121;2;10;0;0;2;1;1;E01
201800050122;1;33;0;0;0;4;1;A01
201800050123;1;7;0;0;2;1;2;Z01
201800050123;1;33;0;0;2;4;2;A01
201800050124;2;10;0;0;2;3;2;A01
201800050124;2;7;0;0;2;5;2;B01
201800050125;2;7;0;0;0;0;2;A01
201800050125;2;7;0;0;2;1;21;B01
201800050126;2;7;0;4;0;3;1;A01
201800050127;2;7;0;4;0;3;0;A01
201800050128;2;7;0;3;2;1;2;C01
201800050128;2;7;0;3;2;4;2;B01
201800050128;2;7;0;3;2;4;2;A01
201800050129;2;7;0;0;2;5;1;A01
201800050129;2;7;0;0;2;3;13;B01
201800050130;2;7;0;0;2;7;1;A01
201800050130;2;7;0;0;2;1;0;B01
201800050131;2;7;0;0;2;4;2;A01
201800050131;2;7;0;0;2;1;2;C01
201800050131;2;7;0;0;2;1;2;B01
201800050132;1;7;0;1;0;4;2;D01
201800050132;1;7;0;0;2;4;23;A01
201800050132;1;7;0;1;0;4;2;B01
201800050132;1;10;0;1;0;1;2;E01
201800050132;1;7;0;1;0;4;2;C01
201800050133;1;7;0;0;2;5;1;A01
201800050133;1;33;0;0;2;1;2;B01
201800050134;2;7;0;0;0;0;17;A01
201800050134;2;31;0;0;0;7;14;B01
201800050135;1;7;0;4;0;1;1;A01
201800050136;2;7;0;6;0;9;15;A01
201800050137;2;7;0;3;2;1;2;B01
201800050137;2;7;0;3;2;4;2;A01
201800050138;2;7;0;0;2;4;23;A01
201800050138;2;34;0;0;2;1;1;B01
201800050139;2;10;0;4;0;8;1;A01
201800050140;2;34;0;0;2;3;13;B01
201800050140;2;7;0;0;2;7;1;A01
201800050141;2;7;0;0;2;6;0;A01
201800050141;2;7;0;0;2;2;12;B01
201800050142;2;7;0;0;2;1;1;A01
201800050143;1;33;0;0;2;2;1;B01
201800050143;1;7;0;0;2;6;11;A01
201800050144;2;7;0;4;0;5;13;A01
201800050145;1;7;0;0;2;1;1;B01
201800050145;1;7;0;0;2;4;1;A01
201800050146;2;15;0;0;2;2;12;B01
201800050146;2;7;0;0;2;8;1;A01
201800050147;2;7;0;3;0;1;1;A01
201800050148;2;33;0;0;0;0;0;A01
201800050149;2;7;0;0;2;4;1;A01
201800050149;2;10;0;0;2;1;1;B01
201800050150;2;7;0;0;2;9;2;B01
201800050150;2;7;0;0;2;4;2;C01
201800050150;2;7;0;0;2;1;2;E01
201800050150;2;7;0;0;2;9;2;D01
201800050150;2;7;0;0;2;4;2;A01
201800050151;1;7;0;0;2;8;18;B01
201800050151;1;7;0;0;2;4;0;C01
201800050151;1;15;0;0;2;7;12;A01
201800050152;1;7;0;0;2;3;1;B01
201800050152;1;7;0;0;2;2;12;A01
201800050153;1;7;0;0;2;4;23;A01
201800050153;1;7;0;0;2;1;1;B01
201800050154;2;33;0;5;0;1;0;A01
201800050155;2;7;0;0;2;6;9;B01
201800050155;2;7;0;0;2;7;2;A01
201800050156;1;7;0;0;2;1;2;A01
201800050156;1;7;0;0;2;4;2;B01
201800050157;1;13;0;1;0;1;2;B01
201800050157;1;10;0;0;0;4;0;A01
201800050158;1;33;0;0;2;4;0;A01
201800050158;1;33;0;0;2;2;0;B01
201800050159;2;7;0;0;2;6;24;A01
201800050159;2;7;0;0;2;7;1;C01
201800050159;2;33;0;1;0;1;14;B01
201800050160;1;7;0;0;2;6;1;A01
201800050160;1;33;0;0;2;2;0;B01
201800050161;1;7;0;0;2;6;2;B01
201800050161;1;15;0;0;2;2;12;A01
201800050162;2;7;0;0;2;0;0;B01
201800050162;2;7;0;0;2;4;1;A01
201800050163;2;7;0;4;2;4;2;C01
201800050163;2;7;0;4;2;4;2;B01
201800050163;2;7;0;4;2;1;2;D01
201800050163;2;10;0;4;2;4;2;A01
201800050164;2;7;0;0;2;4;0;D01
201800050164;2;7;0;0;2;4;2;B01
201800050164;2;7;0;0;2;4;2;C01
201800050164;2;10;0;0;2;4;2;A01
201800050164;2;10;0;0;2;1;2;F01
201800050164;2;10;0;0;2;1;2;E01
201800050165;2;14;0;0;2;1;9;B01
201800050165;2;7;0;0;2;6;9;A01
201800050166;2;17;0;0;2;6;2;A01
201800050166;2;7;0;0;2;2;2;B01
201800050167;2;7;0;0;2;1;2;A01
201800050167;2;7;0;0;2;4;2;B01
201800050168;1;7;0;0;2;1;2;C01
201800050168;1;32;0;0;2;4;2;A01
201800050168;1;7;0;0;2;1;2;B01
201800050169;1;7;0;0;2;4;1;A01
201800050169;1;7;0;0;2;1;2;B01
201800050169;1;32;0;0;2;2;2;C01
201800050170;1;33;0;0;0;8;1;A01
201800050171;1;13;0;0;2;4;1;A01
201800050171;1;7;0;0;2;1;1;C01
201800050171;1;15;0;0;2;1;1;B01
201800050172;1;7;0;0;2;1;2;B01
201800050172;1;7;0;0;2;4;2;C01
201800050172;1;7;0;0;2;1;0;A01
201800050173;1;7;0;0;2;1;2;A01
201800050173;1;7;0;0;2;4;0;B01
201800050174;0;7;0;0;2;8;16;A01
201800050174;0;31;0;0;2;7;16;B01
201800050175;1;7;0;0;2;0;0;A01
201800050175;1;32;0;0;2;0;0;B01
201800050176;1;7;0;4;0;1;1;A01
201800050177;1;32;0;0;0;8;0;A01
201800050178;1;7;0;0;2;9;2;C01
201800050178;1;7;0;3;2;9;2;A01
201800050178;1;7;0;0;2;9;2;B01
201800050179;1;7;0;6;0;2;14;A01
201800050180;1;7;0;0;2;4;9;A01
201800050180;1;99;0;0;2;1;9;Z01
201800050181;2;10;0;0;2;1;2;B01
201800050181;2;10;0;0;2;4;2;A01
201800050182;2;7;0;0;0;0;0;B01
201800050182;2;7;0;0;0;0;0;A01
201800050183;2;7;0;0;2;4;0;A01
201800050183;2;7;0;0;2;1;2;B01
201800050184;1;7;0;0;2;4;1;A01
201800050184;1;7;0;0;2;1;1;C01
201800050184;1;7;0;0;2;4;1;B01
201800050185;1;13;0;0;2;8;2;B01
201800050185;1;7;0;4;2;8;2;A01
201800050186;1;7;0;0;2;4;1;B01
201800050186;1;13;0;0;2;1;1;C01
201800050186;1;7;0;0;2;4;23;A01
201800050187;1;7;0;0;2;4;0;A01
201800050187;1;10;0;0;2;1;1;B01
201800050188;;99;0;;;;;Z01
201800050188;2;99;0;0;2;4;2;A01
201800050189;2;7;0;13;0;0;13;A01
201800050190;2;10;0;0;2;5;2;A01
201800050190;2;32;0;0;2;4;0;B01
201800050191;2;10;0;0;2;5;2;A01
201800050191;2;10;0;0;2;2;12;B01
201800050192;;7;0;;;;;A01
201800050193;1;7;0;0;2;4;2;D01
201800050193;1;7;0;0;2;4;2;C01
201800050193;1;7;0;0;2;1;2;A01
201800050193;1;7;0;0;2;4;2;B01
201800050194;1;7;0;0;2;1;1;A01
201800050194;1;7;0;0;2;4;1;B01
201800050195;2;7;0;0;2;1;2;B01
201800050195;2;7;0;0;2;6;2;A01
201800050196;1;7;0;0;2;2;17;B01
201800050196;1;33;0;0;2;6;2;A01
201800050197;2;7;0;0;2;1;0;B01
201800050197;2;7;0;0;2;4;1;A01
201800050197;2;7;0;0;2;1;0;E01
201800050197;2;7;0;0;2;6;0;D01
201800050197;2;7;0;0;2;6;0;C01
201800050198;1;7;0;0;0;9;1;A01
201800050199;1;7;0;0;2;1;11;A01
201800050199;1;7;0;0;2;4;1;B01
201800050200;1;7;0;0;2;1;1;C01
201800050200;1;17;0;4;2;2;21;B01
201800050200;1;7;0;4;2;6;0;A01
201800050201;2;7;0;0;2;2;1;A01
201800050201;2;7;0;0;2;3;14;B01
201800050201;2;7;0;0;2;7;1;C01
201800050202;2;7;0;3;0;1;0;A01
201800050203;2;7;0;0;2;1;2;B01
201800050203;2;7;0;0;2;4;0;A01
201800050204;1;7;0;0;2;4;1;B01
201800050204;1;7;0;0;2;4;1;A01
201800050204;1;7;0;0;2;4;1;C01
201800050204;1;7;0;0;2;1;1;D01
201800050205;2;7;0;0;2;8;1;A01
201800050205;2;7;0;0;2;7;14;B01
201800050206;1;10;0;0;1;2;1;A01
201800050207;1;10;0;0;2;8;18;A01
201800050207;1;7;0;0;2;7;1;B01
201800050208;1;34;0;0;2;4;23;B01
201800050208;1;7;0;0;2;3;2;A01
201800050209;1;2;0;0;2;0;1;B01
201800050209;1;7;0;0;2;0;1;A01
201800050210;1;7;0;0;2;5;23;B01
201800050210;1;30;0;0;2;1;1;A01
201800050211;0;32;0;0;2;0;7;A01
201800050211;2;7;0;0;2;5;16;B01
201800050212;1;32;0;16;0;1;1;A01
201800050213;2;1;0;0;2;3;7;B01
201800050213;2;7;0;0;9;2;16;Z01
201800050214;1;2;0;0;2;8;1;B01
201800050214;0;7;0;0;2;0;1;Z01
201800050215;1;14;0;6;0;3;1;A01
201800050216;2;7;0;0;2;0;22;A01
201800050216;2;32;0;1;2;1;1;B01
201800050217;1;33;0;0;2;1;1;A01
201800050217;1;1;0;0;2;4;1;B01
201800050218;2;10;0;0;1;4;20;A01
201800050219;2;33;0;11;0;1;14;A01
201800050220;1;34;0;0;1;1;15;A01
201800050221;2;7;0;0;1;1;1;A01
201800050222;1;7;0;0;2;3;15;B01
201800050222;1;10;0;0;2;2;17;A01
201800050223;1;31;0;0;2;1;1;A01
201800050223;0;7;0;0;2;3;1;B01
201800050224;0;33;0;0;0;0;1;A01
201800050225;1;1;0;0;1;1;1;A01
201800050226;1;32;0;0;2;2;1;B01
201800050226;1;7;0;0;2;3;15;A01
201800050227;2;33;0;1;0;7;5;A01
201800050228;1;32;0;0;1;1;1;A01
201800050229;2;34;0;0;1;3;1;A01
201800050230;1;7;0;0;2;2;1;A01
201800050230;1;34;0;0;2;1;1;B01
201800050231;1;31;0;0;1;1;1;A01
201800050232;1;34;0;0;2;1;2;A01
201800050232;1;30;0;0;2;4;2;B01
201800050233;1;32;0;0;2;1;1;A01
201800050233;2;37;0;0;2;2;1;B01
201800050234;1;2;0;0;2;1;1;A01
201800050234;1;7;0;0;2;5;23;B01
201800050235;1;33;0;0;2;2;1;A01
201800050235;1;7;0;0;2;1;15;B01
201800050236;1;32;0;0;1;2;1;A01
201800050237;1;10;0;0;1;2;2;A01
201800050238;1;7;0;0;1;3;15;A01
201800050239;2;7;0;0;2;3;1;B01
201800050239;2;7;0;0;2;1;11;A01
201800050240;1;7;0;0;2;3;16;A01
201800050240;1;1;0;0;2;4;7;B01
201800050241;2;1;0;0;1;1;1;A01
201800050242;1;7;0;0;1;3;1;A01
201800050243;2;30;0;0;2;8;1;A01
201800050243;2;7;0;0;2;2;16;Z01
201800050244;2;2;0;0;2;1;2;A01
201800050244;2;7;0;0;2;4;23;B01
201800050245;1;7;0;0;1;5;4;A01
201800050246;1;31;0;0;2;2;22;B01
201800050246;1;7;0;0;2;3;1;A01
201800050247;1;33;0;0;1;1;1;A01
201800050248;1;7;0;0;1;1;15;A01
201800050249;1;7;0;0;2;1;1;A01
201800050249;1;7;0;0;2;4;23;B01
201800050250;1;33;0;0;2;2;17;A01
201800050250;1;7;0;0;2;3;13;B01
201800050251;2;7;0;0;2;2;16;A01
201800050251;2;34;0;0;2;3;1;B01
201800050252;1;1;0;0;2;1;1;B01
201800050252;1;10;0;0;2;3;1;A01
201800050253;1;7;0;0;2;1;11;A01
201800050253;1;2;0;0;2;4;23;B01
201800050254;1;7;0;5;2;8;11;A01
201800050254;1;33;0;5;2;7;1;B01
201800050255;1;34;0;0;2;1;1;B01
201800050255;1;1;0;0;2;3;15;A01
201800050256;1;33;0;0;2;3;9;A01
201800050256;1;7;0;0;2;2;1;B01
201800050257;1;1;0;0;2;8;1;A01
201800050257;1;38;0;0;2;2;16;B01
201800050258;1;1;0;0;2;1;7;B01
201800050258;1;2;0;0;2;4;16;A01
201800050259;1;1;0;0;0;1;7;A01
201800050260;2;31;0;0;2;1;17;B01
201800050260;2;34;0;0;2;8;15;A01
201800050261;1;7;0;0;1;2;1;A01
201800050262;2;31;0;0;1;3;1;A01
201800050263;1;17;0;0;1;3;15;A01
201800050264;1;7;0;0;2;2;1;B01
201800050264;1;7;0;0;2;1;1;A01
201800050265;2;33;0;0;2;8;11;A01
201800050265;2;32;0;0;2;7;12;B01
201800050266;1;7;0;0;2;2;15;A01
201800050266;1;37;0;0;2;8;8;B01
201800050267;1;34;0;0;1;1;7;A01
201800050268;1;7;0;0;1;2;1;A01
201800050269;1;33;0;0;0;2;1;A01
201800050270;1;31;0;0;1;1;1;A01
201800050271;1;1;0;0;1;1;7;A01
201800050272;2;30;0;0;0;0;21;A01
201800050273;1;33;0;0;2;2;17;A01
201800050273;1;7;0;0;2;3;15;B01
201800050274;2;1;0;0;1;2;5;A01
201800050275;1;2;0;0;1;7;1;Z01
201800050276;2;32;0;0;2;1;1;A01
201800050276;0;10;0;0;2;0;1;Z01
201800050277;1;7;0;0;2;3;13;Z01
201800050277;1;30;0;0;2;2;1;A01
201800050278;1;1;0;0;2;1;15;A01
201800050278;1;7;0;0;2;3;1;B01
201800050279;1;37;0;0;2;1;1;A01
201800050279;1;7;0;0;2;4;1;Z01
201800050280;1;31;0;0;2;3;1;A01
201800050280;1;7;0;0;2;3;15;B01
201800050281;1;33;0;0;1;1;7;A01
201800050282;1;10;0;0;2;2;2;A01
201800050282;1;33;0;0;2;8;2;B01
201800050283;2;2;0;1;0;2;14;A01
201800050284;1;7;0;0;1;3;1;A01
201800050285;1;7;0;0;2;2;2;A01
201800050285;1;1;0;0;2;4;23;B01
201800050286;1;7;0;0;2;5;22;A01
201800050286;1;1;0;1;2;3;1;B01
201800050287;1;33;0;0;2;1;23;B01
201800050287;1;7;0;0;2;4;23;C01
201800050287;1;2;0;0;2;1;1;A01
201800050288;1;7;0;0;1;2;15;A01
201800050289;1;1;0;0;1;2;1;A01
201800050290;1;10;0;0;1;2;16;A01
201800050291;1;7;0;14;2;5;22;A01
201800050291;1;1;0;14;2;2;1;B01
201800050292;1;10;0;0;2;1;1;A01
201800050292;1;7;0;0;2;4;23;B01
201800050293;1;30;0;16;1;1;1;A01
201800050294;2;7;0;0;2;1;1;A01
201800050294;2;7;0;0;2;4;23;B01
201800050295;1;1;0;0;2;6;7;B01
201800050295;1;10;0;0;2;2;16;A01
201800050296;0;2;0;0;2;3;3;A01
201800050296;0;10;0;0;2;5;1;B01
201800050296;0;7;0;0;2;3;1;C01
201800050297;1;7;0;0;1;1;1;A01
201800050298;1;33;0;0;1;1;1;B01
201800050299;0;1;0;0;1;1;1;A01
201800050300;0;7;0;12;0;1;1;B01
201800050300;0;7;0;0;0;0;15;A01
201800050301;2;34;0;0;1;1;3;A01
201800050302;0;1;0;0;2;7;1;A01
201800050302;0;30;0;0;2;1;1;B01
201800050303;0;1;0;0;2;0;19;Z01
201800050303;2;33;0;0;6;8;17;A01
201800050304;0;10;0;0;2;4;23;A01
201800050304;0;32;0;0;2;1;1;B01
201800050305;2;31;0;0;2;2;15;A01
201800050305;1;30;0;0;2;3;1;B01
201800050306;2;1;0;0;1;2;1;A01
201800050307;1;30;0;0;2;8;11;B01
201800050307;1;32;0;0;2;7;1;A01
201800050308;1;30;0;0;2;3;18;A01
201800050308;1;7;0;0;2;2;16;B01
201800050309;1;30;0;1;0;3;1;B01
201800050309;1;7;0;0;2;5;23;A01
201800050310;1;33;0;0;2;1;1;A01
201800050310;1;33;0;0;2;4;23;B01
201800050311;2;33;0;1;2;1;1;B01
201800050311;2;30;0;0;2;1;13;A01
201800050311;2;10;0;0;2;5;1;C01
201800050312;0;30;0;0;2;8;1;A01
201800050312;0;7;0;0;2;3;1;B01
201800050313;1;33;0;0;2;1;1;A01
201800050313;1;1;0;0;2;8;1;B01
201800050314;1;30;0;0;2;8;18;A01
201800050314;1;7;0;0;2;7;16;B01
201800050315;2;10;0;0;2;3;9;A01
201800050315;2;1;0;0;2;1;1;B01
201800050316;1;7;0;0;1;1;7;A01
201800050317;1;33;0;0;2;3;1;B01
201800050317;2;7;0;0;2;1;1;A01
201800050318;1;7;0;0;2;2;1;A01
201800050318;1;7;0;0;2;1;1;B01
201800050319;1;30;0;0;1;1;1;A01
201800050320;1;32;0;0;2;3;18;A01
201800050320;1;7;0;0;2;5;22;B01
201800050321;1;33;0;0;2;1;1;B01
201800050321;1;10;0;0;2;8;10;A01
201800050322;1;10;0;0;1;4;4;A01
201800050323;1;1;0;0;2;3;18;B01
201800050323;1;7;0;0;2;5;22;A01
201800050324;1;7;0;0;2;7;1;B01
201800050324;1;1;0;0;2;8;1;A01
201800050325;1;7;0;0;2;3;15;B01
201800050325;1;32;0;0;2;2;17;A01
201800050326;2;33;0;0;2;2;21;A01
201800050326;1;7;0;0;2;3;1;B01
201800050327;1;2;0;0;2;2;17;B01
201800050327;1;10;0;0;2;3;15;A01
201800050328;1;7;0;0;1;8;1;A01
201800050329;1;30;0;0;1;0;16;Z01
201800050330;1;7;0;0;2;1;1;A01
201800050330;1;7;0;0;2;0;23;C01
201800050330;1;7;0;0;2;4;23;B01
201800050330;1;7;0;0;2;8;23;D01
201800050331;1;7;0;0;2;5;23;Z01
201800050331;1;2;0;0;2;3;18;B01
201800050332;1;32;0;0;0;8;1;A01
201800050333;2;32;0;0;2;4;2;B01
201800050333;2;34;0;0;2;1;2;A01
201800050334;1;31;0;0;1;1;7;A01
201800050335;2;33;0;1;1;2;14;A01
201800050336;2;7;0;0;2;4;2;B01
201800050336;2;32;0;0;2;3;2;A01
201800050337;1;1;0;0;2;8;1;A01
201800050337;1;33;0;0;2;1;1;B01
201800050338;0;1;0;0;2;1;1;B01
201800050338;0;7;0;0;2;2;1;A01
201800050339;1;32;0;0;2;6;17;A01
201800050339;1;7;0;0;2;6;1;B01
201800050340;1;37;35;0;2;6;7;B01
201800050340;1;1;0;0;2;7;7;A01
201800050341;1;10;0;0;2;8;22;A01
201800050341;1;1;0;0;2;1;1;B01
201800050342;1;7;0;6;1;1;14;B01
201800050343;1;1;0;14;0;0;1;A01
201800050344;1;14;0;0;2;2;1;A01
201800050344;1;31;0;0;2;8;1;B01
201800050345;2;7;0;0;2;2;15;A01
201800050345;1;32;0;0;2;7;17;B01
201800050346;1;34;0;0;2;2;17;A01
201800050346;1;37;1;0;2;3;15;B01
201800050347;1;7;0;0;2;2;23;A01
201800050347;1;33;0;0;2;1;2;B01
201800050348;2;31;0;0;1;1;5;Z01
201800050349;1;7;0;6;1;1;14;A01
201800050350;2;7;0;0;2;3;23;B01
201800050350;1;7;0;0;2;3;13;A01
201800050351;2;32;0;0;2;1;1;A01
201800050351;2;30;0;0;2;1;1;B01
201800050352;1;7;0;0;2;2;15;A01
201800050352;1;32;0;0;2;8;1;B01
201800050353;1;7;0;0;2;6;15;B01
201800050353;1;32;0;0;2;2;17;A01
201800050354;1;7;0;0;2;2;1;A01
201800050354;1;7;0;0;2;3;1;B01
201800050355;2;1;0;0;2;1;7;B01
201800050355;2;7;0;0;2;2;16;A01
201800050356;2;7;0;1;0;1;23;A01
201800050357;2;7;0;0;1;8;15;A01
201800050358;1;7;0;0;2;1;1;A01
201800050358;1;7;0;0;2;9;23;C01
201800050358;1;7;0;0;2;9;23;B01
201800050358;1;7;0;0;2;4;23;D01
201800050359;1;31;0;0;2;2;17;A01
201800050359;1;1;0;0;2;3;19;B01
201800050360;2;7;0;0;2;3;10;A01
201800050360;2;31;0;0;2;7;1;B01
201800050361;1;10;0;0;1;2;1;A01
201800050362;1;7;0;0;2;5;23;A01
201800050362;1;2;0;0;2;1;2;B01
201800050363;2;10;0;0;2;7;1;A01
201800050363;1;34;0;0;2;1;1;B01
201800050364;1;7;0;0;2;7;22;B01
201800050364;1;31;0;0;2;8;7;A01
201800050365;0;7;0;0;2;5;16;A01
201800050365;0;2;0;0;2;1;7;B01
201800050366;2;7;0;0;1;0;1;A01
201800050367;2;7;0;0;2;4;23;B01
201800050367;2;30;0;0;2;1;2;A01
201800050368;2;7;0;0;2;3;15;Z01
201800050368;2;30;0;0;2;3;17;A01
201800050369;1;7;0;0;2;2;1;A01
201800050369;1;31;0;0;2;1;1;B01
201800050370;1;7;0;0;2;6;22;A01
201800050370;1;1;0;0;2;1;1;B01
201800050371;1;1;0;0;1;8;1;A01
201800050372;1;7;0;0;2;1;7;A01
201800050372;1;1;0;0;2;7;1;B01
201800050373;1;7;0;0;2;5;22;A01
201800050373;1;1;0;1;2;5;18;B01
201800050374;2;7;0;0;2;3;1;B01
201800050374;2;32;0;0;2;7;17;A01
201800050375;2;1;0;0;1;1;1;A01
201800050376;2;7;0;0;2;4;23;C01
201800050376;2;7;0;0;2;1;2;A01
201800050376;2;32;0;0;2;4;2;B01
201800050377;2;2;0;0;0;7;16;A01
201800050378;2;34;0;0;2;1;1;A01
201800050378;2;7;0;0;2;6;23;B01
201800050379;2;37;1;0;1;2;7;A01
201800050380;1;7;0;0;2;3;1;B01
201800050380;2;30;0;0;2;1;1;A01
201800050381;0;1;0;14;0;0;1;A01
201800050382;1;30;0;0;0;0;1;A01
201800050383;1;33;0;1;0;0;1;A01
201800050384;2;32;0;0;2;1;7;A01
201800050384;2;7;0;0;2;5;22;B01
201800050385;1;99;0;0;2;7;15;A01
201800050385;0;1;0;0;2;1;16;B01
201800050386;1;10;0;0;2;1;10;A01
201800050386;2;34;0;0;2;2;1;B01
201800050387;1;10;0;0;2;2;15;A01
201800050387;1;99;0;0;2;3;1;B01
201800050388;1;34;0;0;2;0;2;B01
201800050388;1;10;0;0;2;0;2;A01
201800050388;1;1;0;0;2;0;2;C01
201800050389;2;10;0;0;2;4;2;A01
201800050389;2;1;0;0;2;1;2;B01
201800050390;1;7;0;0;2;7;14;A01
201800050390;1;2;0;0;2;8;1;B01
201800050391;1;7;0;0;1;7;1;A01
201800050392;1;30;0;0;2;2;1;A01
201800050392;1;1;0;0;2;8;1;B01
201800050393;1;30;0;0;1;2;1;A01
201800050394;2;10;0;0;1;2;16;A01
201800050395;2;37;1;14;1;5;1;A01
201800050396;1;32;0;1;2;1;18;A01
201800050396;1;7;0;0;2;7;22;B01
201800050397;1;7;0;0;1;3;18;A01
201800050398;2;7;0;0;2;3;15;A01
201800050398;2;33;0;1;2;1;1;B01
201800050399;2;7;0;0;2;2;1;A01
201800050399;1;7;0;0;2;0;1;Z01
201800050400;1;7;0;0;2;0;22;A01
201800050400;1;1;0;15;2;0;18;B01
201800050401;2;1;0;0;1;1;7;A01
201800050402;1;7;0;0;2;8;10;A01
201800050402;2;31;0;0;2;1;1;B01
201800050403;1;10;0;0;2;3;10;A01
201800050403;1;30;0;0;2;2;17;B01
201800050404;2;7;0;0;2;3;13;A01
201800050404;2;7;0;0;2;0;17;B01
201800050405;1;31;0;0;0;8;1;A01
201800050406;2;34;0;0;1;1;3;A01
201800050406;2;7;0;0;2;8;1;C01
201800050406;2;7;0;0;2;7;1;B01
201800050407;1;7;0;0;2;1;7;A01
201800050407;1;31;0;0;2;4;16;B01
201800050408;2;7;0;0;1;2;16;A01
201800050409;1;1;0;0;1;1;1;A01
201800050410;1;32;0;0;1;3;1;A01
201800050411;1;37;5;0;2;8;1;B01
201800050411;1;33;0;14;2;8;17;A01