num_acc;senc;catv;occutc;obs;obsm;choc;manv;num_veh
201800050795;2;7;0;0;2;4;23;B01
201800050796;1;10;0;0;2;4;4;A01
201800050796;1;2;0;0;2;1;23;B01
201800050797;1;7;0;0;1;1;16;A01
201800050798;1;33;0;0;1;1;1;A01
201800050799;1;7;0;0;1;4;4;A01
201800050800;0;31;0;0;1;1;17;A01
201800050801;1;1;0;0;2;1;1;B01
201800050801;1;10;0;0;2;8;22;A01
201800050802;2;7;0;0;2;1;15;A01
201800050802;1;1;0;0;2;8;1;B01
201800050803;2;14;0;0;2;2;1;B01
201800050803;0;30;0;0;2;3;5;A01
201800050804;1;7;0;0;2;3;16;B01
201800050804;1;1;0;0;2;1;1;A01
201800050805;1;7;0;0;1;4;4;Z01
201800050806;0;32;0;0;0;1;21;A01
201800050807;1;7;0;0;1;1;1;A01
201800050808;1;7;0;0;2;1;2;A01
201800050808;1;33;0;0;2;4;23;B01
201800050809;2;7;0;0;2;3;16;A01
201800050809;2;10;0;0;2;2;16;B01
201800050810;2;30;0;0;1;1;1;A01
201800050811;2;30;0;0;2;1;1;A01
201800050811;2;1;0;0;2;6;15;B01
201800050812;2;30;0;0;2;3;17;A01
201800050812;2;7;0;0;2;8;15;B01
201800050813;2;30;0;0;2;1;5;Z01
201800050813;1;32;0;1;2;8;1;A01
201800050814;1;33;0;0;1;1;1;A01
201800050815;1;10;0;0;2;2;5;A01
201800050815;2;7;0;0;2;3;1;B01
201800050816;2;32;0;0;1;1;1;A01
201800050817;2;30;0;0;2;6;2;A01
201800050817;2;10;0;0;2;6;23;B01
201800050818;1;37;1;0;2;5;17;A01
201800050818;1;32;0;1;2;8;1;B01
201800050819;2;1;0;0;1;1;1;A01
201800050820;2;31;0;0;2;1;1;B01
201800050820;1;10;0;0;2;7;10;A01
201800050821;1;1;0;0;2;1;15;A01
201800050821;2;30;0;0;2;3;1;B01
201800050822;1;33;0;0;2;4;1;Z01
201800050822;1;32;0;0;2;4;13;A01
201800050823;1;7;0;0;1;0;1;Z01
201800050824;2;7;0;11;0;2;15;A01
201800050825;2;30;0;0;2;1;1;A01
201800050825;1;7;0;0;2;3;1;B01
201800050826;2;7;0;0;1;2;1;A01
201800050827;1;10;0;0;2;0;15;A01
201800050827;1;2;0;0;2;0;21;B01
201800050828;1;2;0;0;2;3;18;A01
201800050828;1;7;0;0;2;5;1;B01
201800050829;1;7;0;0;1;1;1;A01
201800050830;2;7;0;0;2;3;1;A01
201800050830;1;1;0;0;2;7;19;B01
201800050831;1;7;0;0;2;1;1;A01
201800050831;1;7;0;0;2;9;23;B01
201800050831;1;7;0;0;2;4;23;C01
201800050832;0;7;0;8;2;8;7;B01
201800050832;0;7;0;0;2;7;16;A01
201800050833;1;30;0;0;2;1;1;B01
201800050833;1;7;0;0;2;2;15;A01
201800050834;1;32;0;0;2;1;23;C01
201800050834;1;10;0;0;2;4;1;D01
201800050834;1;10;0;0;2;1;1;A01
201800050834;1;10;0;0;2;4;1;B01
201800050835;1;34;0;0;2;2;17;B01
201800050835;1;7;0;0;2;3;13;A01
201800050836;1;33;0;0;2;3;1;B01
201800050836;1;7;0;0;2;7;16;A01
201800050837;0;7;0;0;2;1;1;A01
201800050837;0;7;0;0;2;7;1;B01
201800050838;2;33;0;0;2;3;1;A01
201800050838;2;7;0;0;2;3;15;B01
201800050839;1;2;0;0;2;1;17;A01
201800050839;1;7;0;0;2;1;2;B01
201800050840;1;33;0;12;0;7;1;A01
201800050841;1;7;0;0;2;3;2;Z01
201800050841;1;32;0;0;2;4;23;A01
201800050841;1;7;0;0;2;6;23;B01
201800050842;1;7;0;0;1;3;15;A01
201800050843;2;37;0;0;2;2;7;A01
201800050843;2;7;0;0;2;5;16;B01
201800050844;1;7;0;0;1;1;1;A01
201800050845;1;1;0;0;2;5;19;B01
201800050845;1;7;0;0;2;2;1;A01
201800050846;2;33;0;0;1;1;1;A01
201800050847;2;10;0;0;2;3;11;A01
201800050847;2;7;0;0;2;2;1;B01
201800050848;1;33;0;0;2;3;17;B01
201800050848;1;7;0;0;2;5;13;A01
201800050849;1;7;0;0;2;1;2;A01
201800050849;1;2;0;0;2;4;23;B01
201800050850;2;3;0;0;0;3;15;A01
201800050851;2;7;0;0;2;2;16;B01
201800050851;2;1;0;0;2;3;7;A01
201800050852;1;33;0;0;2;3;1;A01
201800050852;1;7;0;0;2;3;15;B01
201800050853;2;2;0;0;2;4;15;B01
201800050853;2;31;0;0;2;1;1;A01
201800050854;1;38;0;0;2;3;2;B01
201800050854;1;7;0;0;2;4;15;A01
201800050855;1;2;0;0;2;1;2;A01
201800050855;1;10;0;0;2;4;2;B01
201800050856;1;33;0;0;1;1;1;A01
201800050857;2;37;0;0;2;6;23;B01
201800050857;2;3;0;0;2;2;14;A01
201800050858;2;7;0;0;2;5;16;A01
201800050858;2;30;0;0;2;3;1;B01
201800050859;0;31;0;0;2;1;1;B01
201800050859;0;7;0;0;2;7;1;A01
201800050860;2;34;0;0;1;1;18;A01
201800050861;2;1;0;0;2;1;1;B01
201800050861;1;1;0;0;2;1;13;A01
201800050862;1;10;0;0;1;8;15;A01
201800050863;1;7;0;0;2;1;1;A01
201800050863;2;7;0;0;2;6;1;B01
201800050864;1;2;0;0;2;2;1;B01
201800050864;1;7;0;0;2;8;16;A01
201800050865;1;2;0;0;2;1;7;B01
201800050865;1;7;0;0;2;2;16;A01
201800050866;0;14;0;0;2;6;23;A01
201800050866;1;7;0;0;2;2;1;Z01
201800050867;1;33;0;0;2;8;15;A01
201800050867;2;2;0;0;2;1;1;B01
201800050868;2;1;0;0;2;8;19;B01
201800050868;2;7;0;0;2;2;1;A01
201800050869;2;32;0;14;0;1;1;A01
201800050870;1;32;0;0;2;3;3;B01
201800050870;1;7;0;0;2;2;1;A01
201800050871;2;34;0;0;2;3;15;A01
201800050871;1;2;0;0;2;1;1;B01
201800050872;2;7;0;0;2;8;10;A01
201800050872;2;32;0;0;2;1;1;B01
201800050873;1;32;0;14;0;1;15;A01
201800050874;1;32;0;0;1;1;1;A01
201800050875;1;33;0;0;2;8;1;B01
201800050875;2;7;0;0;2;2;1;A01
201800050876;1;33;0;0;0;0;21;A01
201800050877;1;1;0;0;2;4;1;B01
201800050877;1;7;0;0;2;4;15;A01
201800050878;0;7;0;0;1;1;15;A01
201800050879;2;32;0;0;2;8;1;A01
201800050879;2;10;0;0;2;2;16;Z01
201800050880;1;7;0;0;2;3;13;A01
201800050880;1;7;0;0;2;2;1;B01
201800050881;1;7;0;0;1;3;15;A01
201800050882;2;31;0;0;2;2;1;B01
201800050882;1;2;0;0;2;1;1;A01
201800050883;2;7;0;0;1;3;15;A01
201800050884;2;7;0;0;2;0;23;B01
201800050884;2;7;0;0;2;1;1;A01
201800050885;1;7;0;0;2;3;1;A01
201800050885;1;1;0;0;2;7;19;B01
201800050886;2;7;0;0;2;8;11;A01
201800050886;2;2;0;0;2;2;1;B01
201800050887;1;7;0;0;2;8;1;B01
201800050887;1;7;0;0;2;1;1;A01
201800050888;1;7;0;0;1;1;1;B01
201800050889;1;7;0;0;2;3;15;B01
201800050889;2;31;0;0;2;9;5;A01
201800050890;2;7;0;0;1;5;1;A01
201800050891;1;32;0;0;2;1;5;A01
201800050891;2;10;0;0;2;8;1;B01
201800050892;1;1;0;0;2;2;1;B01
201800050892;1;14;0;0;2;3;22;A01
201800050893;1;10;0;0;2;5;18;A01
201800050893;1;1;0;0;2;3;1;B01
201800050894;1;1;0;0;2;6;15;B01
201800050894;1;32;0;0;2;6;17;A01
201800050895;1;2;0;0;2;7;16;A01
201800050895;1;7;0;0;2;1;1;B01
201800050896;1;7;0;0;2;8;13;B01
201800050896;1;32;0;0;2;7;17;A01
201800050897;1;2;0;0;2;1;1;A01
201800050897;1;33;0;0;2;8;1;B01
201800050898;1;10;0;0;1;3;1;A01
201800050899;1;10;0;0;0;1;13;A01
201800050900;1;7;0;4;2;3;1;B01
201800050900;1;7;0;0;2;1;7;A01
201800050901;1;7;0;0;2;3;15;A01
201800050901;2;1;0;0;2;1;1;B01
201800050902;2;7;0;0;1;1;15;A01
201800050903;2;7;0;0;2;3;10;A01
201800050903;2;2;0;0;2;1;1;B01
201800050904;1;32;0;11;0;1;14;A01
201800050905;1;7;0;0;2;5;23;B01
201800050905;1;7;0;0;2;3;2;A01
201800050906;2;7;0;0;2;6;1;B01
201800050906;2;32;0;0;2;7;14;A01
201800050907;1;7;0;0;2;1;1;A01
201800050907;1;33;0;0;2;8;1;B01
201800050908;1;30;0;0;1;1;1;Z01
201800050909;1;33;0;0;1;1;1;A01
201800050910;1;32;0;0;2;3;1;B01
201800050910;1;13;0;0;2;2;19;A01
201800050911;1;32;0;0;2;2;17;B01
201800050911;1;37;40;0;2;8;15;A01
201800050912;1;7;0;0;1;1;16;A01
201800050913;0;30;0;12;0;7;1;A01
201800050914;2;7;0;0;2;2;15;A01
201800050914;2;30;0;0;2;1;1;B01
201800050915;1;7;0;0;2;3;7;B01
201800050915;2;2;0;0;2;3;15;A01
201800050916;0;7;0;0;2;5;16;A01
201800050916;0;1;0;0;2;5;1;B01
201800050917;1;31;0;0;2;1;2;A01
201800050917;1;31;0;0;2;4;23;B01
201800050918;2;7;0;0;2;2;15;A01
201800050918;2;32;0;0;2;6;1;B01
201800050919;1;7;0;0;2;3;22;B01
201800050919;1;30;0;0;2;2;18;A01
201800050920;1;32;0;8;0;8;1;A01
201800050921;1;32;0;0;2;1;1;B01
201800050921;2;7;0;0;2;2;15;A01
201800050922;0;32;0;0;2;8;1;A01
201800050922;0;7;0;0;2;0;8;Z01
201800050923;1;1;0;0;2;4;1;B01
201800050923;1;10;0;0;2;1;1;A01
201800050924;1;30;0;0;0;0;1;A01
201800050925;2;7;0;0;2;8;15;A01
201800050925;1;1;0;0;2;8;1;B01
201800050926;1;32;0;0;2;2;1;A01
201800050926;2;7;0;0;2;8;15;B01
201800050927;1;33;0;0;1;1;1;Z01
201800050928;2;7;0;0;2;2;2;A01
201800050928;2;32;0;0;2;4;2;B01
201800050929;2;7;0;7;0;1;10;A01
201800050930;1;7;0;0;2;3;11;A01
201800050930;1;30;0;0;2;0;1;B01
201800050931;1;32;0;0;2;1;1;B01
201800050931;1;1;0;0;2;8;7;A01
201800050932;1;33;0;0;1;1;1;A01
201800050933;1;33;0;0;2;6;3;B01
201800050933;1;7;0;0;2;2;1;A01
201800050934;1;30;0;0;2;4;23;B01
201800050934;1;7;0;0;2;3;2;A01
201800050935;2;7;0;0;2;4;23;B01
201800050935;2;7;0;0;2;1;2;A01
201800050936;2;1;0;0;2;6;1;A01
201800050936;2;34;0;0;2;3;13;B01
201800050937;1;7;0;14;0;9;16;A01
201800050937;1;32;0;0;2;1;1;B01
201800050938;1;7;0;1;2;3;13;A01
201800050938;2;7;0;0;2;1;1;B01
201800050939;1;1;0;0;2;8;1;B01
201800050939;1;10;0;0;2;1;16;A01
201800050940;1;7;0;0;2;2;17;A01
201800050940;1;1;0;0;2;3;1;B01
201800050941;1;32;0;0;2;7;1;B01
201800050941;1;7;0;0;2;3;9;A01
201800050942;1;32;0;0;2;7;1;A01
201800050942;1;7;0;0;2;5;22;B01
201800050943;2;7;0;0;2;8;1;A01
201800050943;2;32;0;0;2;1;15;B01
201800050944;2;32;0;0;2;6;15;B01
201800050944;2;7;0;0;2;1;15;A01
201800050945;0;7;0;0;2;4;23;B01
201800050945;0;7;0;0;2;4;23;C01
201800050945;0;7;0;0;2;1;2;A01
201800050946;2;34;0;0;2;4;2;B01
201800050946;2;10;0;0;2;4;2;A01
201800050946;2;7;0;0;2;1;2;Z01
201800050947;0;99;0;0;2;1;19;B01
201800050947;1;10;0;0;2;7;15;A01
201800050948;2;7;0;0;2;3;2;C01
201800050948;2;7;0;0;2;3;2;B01
201800050948;1;7;0;0;2;3;13;A01
201800050949;1;10;0;0;1;8;15;A01
201800050950;1;33;0;0;5;1;21;A01
201800050951;1;99;0;0;2;1;5;A01
201800050951;1;7;0;0;2;3;1;B01
201800050952;2;31;0;0;2;1;1;A01
201800050952;2;7;0;0;2;8;15;B01
201800050953;1;37;20;0;2;2;1;A01
201800050953;1;1;0;0;2;6;13;B01
201800050954;1;30;0;0;1;1;17;A01
201800050955;0;31;0;0;1;2;17;A01
201800050956;1;37;1;0;2;1;7;B01
201800050956;1;7;0;0;2;5;16;A01
201800050957;2;34;0;8;0;1;1;A01
201800050958;1;1;0;0;2;2;2;A01
201800050958;2;7;0;0;2;2;23;B01
201800050959;2;7;0;0;1;4;4;A01
201800050960;1;32;0;0;2;1;1;B01
201800050960;1;7;0;0;2;3;22;A01
201800050960;1;7;0;0;2;2;23;C01
201800050961;2;10;0;0;1;3;1;A01
201800050962;2;32;0;0;0;7;1;A01
201800050963;1;7;0;0;1;2;1;A01
201800050964;1;33;0;1;2;3;1;A01
201800050964;1;7;0;1;2;3;16;B01
201800050965;2;7;0;0;1;2;1;A01
201800050966;2;30;0;0;2;8;7;A01
201800050966;2;7;0;0;2;2;16;B01
201800050967;1;2;0;0;2;1;1;B01
201800050967;1;7;0;0;2;2;16;A01
201800050968;1;33;0;11;1;9;1;B01
201800050968;1;7;0;0;2;3;15;A01
201800050969;1;7;0;0;1;2;15;A01
201800050970;1;7;0;0;1;3;1;A01
201800050971;0;7;0;0;2;1;1;B01
201800050971;1;1;0;0;2;3;13;A01
201800050972;2;33;0;0;2;1;1;B01
201800050972;1;7;0;0;2;2;10;A01
201800050973;1;7;0;0;2;8;15;B01
201800050973;1;34;0;0;2;1;17;A01
201800050974;2;2;0;0;2;2;1;A01
201800050974;2;7;0;0;2;1;15;B01
201800050975;1;33;0;0;2;3;1;B01
201800050975;1;7;0;0;2;2;16;A01
201800050976;1;7;0;0;1;1;15;A01
201800050977;1;33;0;0;2;7;1;B01
201800050977;2;7;0;0;2;3;15;A01
201800050978;1;7;0;0;2;8;1;A01
201800050978;1;7;0;0;2;1;1;B01
201800050979;1;34;0;0;2;7;17;A01
201800050979;1;7;0;0;2;3;15;B01
201800050980;2;7;0;0;2;7;15;A01
201800050980;2;30;0;0;2;7;17;B01
201800050981;1;7;0;0;1;3;1;A01
201800050982;1;7;0;0;2;6;1;A01
201800050982;1;37;0;0;2;2;16;C01
201800050982;1;7;0;0;2;2;16;B01
201800050983;1;30;0;0;0;0;1;A01
201800050984;2;31;0;0;2;7;1;B01
201800050984;2;10;0;0;9;8;15;A01
201800050985;1;10;0;0;2;2;16;A01
201800050985;1;31;0;0;2;7;1;B01
201800050986;1;33;0;0;1;1;1;Z01
201800050987;2;7;0;0;1;0;1;A01
201800050988;1;30;0;0;0;8;1;A01
201800050989;2;7;0;0;2;7;16;A01
201800050989;2;32;0;0;2;8;18;B01
201800050990;1;34;0;0;1;2;1;A01
201800050991;1;7;0;0;1;1;1;Z01
201800050992;2;7;0;0;2;2;10;A01
201800050992;1;34;0;0;2;1;1;B01
201800050993;1;7;0;14;0;1;1;A01
201800050994;2;32;0;0;2;1;1;A01
201800050994;1;7;0;0;2;3;1;B01
201800050995;1;7;0;0;2;7;15;B01
201800050995;2;31;0;0;2;1;1;A01
201800050996;1;7;0;0;1;3;15;A01
201800050997;2;7;0;0;2;2;10;A01
201800050997;1;2;0;0;2;1;1;B01
201800050998;2;7;0;0;2;7;1;B01
201800050998;2;30;0;0;2;1;1;A01
201800050999;1;33;0;0;0;7;21;A01
201800051000;2;2;0;0;2;2;1;A01
201800051000;0;7;0;0;2;1;1;B01
201800051001;2;32;0;0;2;4;1;B01
201800051001;2;32;0;0;2;1;1;A01
201800051002;2;33;0;0;2;1;7;B01
201800051002;1;7;0;0;2;2;15;A01
201800051003;2;7;0;0;2;6;1;A01
201800051003;2;7;0;0;2;0;14;Z01
201800051004;2;2;0;0;2;1;1;A01
201800051004;2;7;0;0;2;1;9;Z01
201800051005;1;7;0;0;1;2;1;A01
201800051006;2;7;0;0;2;2;1;A01
201800051006;2;7;0;0;2;6;23;B01
201800051007;2;7;0;0;2;5;4;A01
201800051007;1;31;0;0;2;7;1;B01
201800051008;1;7;0;0;1;3;15;A01
201800051009;2;33;0;0;2;3;1;B01
201800051009;1;7;0;0;2;1;10;A01
201800051010;2;37;0;0;1;1;7;A01
201800051011;2;7;0;0;2;5;16;B01
201800051011;2;34;0;0;2;1;12;A01
201800051012;2;10;0;0;2;2;12;A01
201800051012;1;2;0;0;2;8;18;B01
201800051013;1;7;0;0;2;3;13;A01
201800051013;1;31;0;0;2;2;1;B01
201800051014;1;34;0;0;2;7;1;A01
201800051014;1;7;0;0;2;3;1;B01
201800051015;2;7;0;0;2;3;13;A01
201800051015;2;31;0;0;2;9;17;B01
201800051016;1;7;0;0;2;1;15;A01
201800051016;2;33;0;0;2;1;1;B01
201800051017;1;7;0;0;2;5;22;A01
201800051017;1;1;0;0;2;1;18;B01
201800051018;1;7;0;0;2;1;2;A01
201800051018;1;7;0;0;2;6;23;B01
201800051019;1;7;0;0;1;1;15;A01
201800051020;2;7;0;0;2;3;10;A01
201800051020;2;34;0;0;2;2;5;B01
201800051021;1;7;0;0;2;5;23;C01
201800051021;1;34;0;0;2;4;23;B01
201800051021;0;10;0;0;2;4;1;A01
201800051022;2;7;0;0;2;2;1;A01
201800051022;1;2;0;0;2;1;1;B01
201800051023;1;7;0;0;2;7;16;A01
201800051023;1;32;0;0;2;8;18;B01
201800051024;1;7;0;0;2;7;1;B01
201800051024;1;33;0;0;2;3;1;A01
201800051025;2;7;0;0;2;3;2;A01
201800051025;2;33;0;0;2;4;2;B01
201800051026;1;7;0;1;0;8;13;A01
201800051027;2;10;0;0;1;7;1;A01
201800051028;2;7;0;0;2;4;23;C01
201800051028;2;7;0;0;2;1;2;A01
201800051028;2;7;0;0;2;4;23;B01
201800051029;2;7;0;0;2;4;23;B01
201800051029;2;33;0;0;2;4;2;A01
201800051030;1;10;0;0;2;1;1;A01
201800051030;2;7;0;0;2;8;1;B01
201800051031;1;7;0;0;2;2;1;A01
201800051031;1;32;0;0;2;3;1;B01
201800051032;1;7;0;0;1;1;15;A01
201800051033;1;7;0;0;2;3;9;A01
201800051033;1;2;0;0;2;1;21;B01
201800051034;2;10;0;0;2;2;1;A01
201800051034;2;34;0;0;2;6;15;B01
201800051035;2;7;0;0;2;1;1;A01
201800051035;2;32;0;0;2;4;23;B01
201800051036;2;7;0;0;2;6;15;B01
201800051036;1;33;0;0;2;1;1;A01
201800051037;2;31;0;0;2;0;1;B01
201800051037;1;7;0;0;2;0;9;A01
201800051038;1;33;0;0;2;4;23;B01
201800051038;1;7;0;0;2;3;1;A01
201800051039;2;7;0;0;1;1;1;A01
201800051040;2;7;0;1;2;9;1;A01
201800051040;2;7;0;0;2;1;1;B01
201800051041;2;7;0;0;2;7;1;A01
201800051041;2;10;0;0;2;6;1;C01
201800051041;1;7;0;0;2;2;1;B01
201800051042;1;7;0;0;0;5;22;A01
201800051042;1;2;0;1;0;3;18;B01
201800051043;2;33;0;0;2;4;23;B01
201800051043;2;7;0;0;2;3;7;A01
201800051044;1;10;0;0;2;2;22;A01
201800051044;1;31;0;14;2;3;18;B01
201800051045;2;34;0;0;2;1;1;B01
201800051045;2;7;0;0;2;3;13;A01
201800051046;1;31;0;0;1;2;1;A01
201800051047;1;7;0;0;2;1;1;A01
201800051047;1;7;0;0;2;9;1;B01
201800051047;1;7;0;0;2;4;23;C01
201800051048;2;7;0;0;1;1;1;A01
201800051049;1;30;0;0;2;7;17;B01
201800051049;1;7;0;0;2;8;13;A01
201800051050;2;10;0;0;1;2;1;A01
201800051051;2;7;0;0;1;6;15;A01
201800051052;1;7;0;0;1;1;1;A01
201800051052;1;7;0;0;2;2;22;B01
201800051053;2;33;0;0;2;8;17;B01
201800051053;1;7;0;0;2;8;10;A01
201800051054;1;10;0;0;2;3;13;A01
201800051054;1;32;0;0;2;7;1;B01
201800051055;1;30;0;0;2;1;1;B01
201800051055;1;7;0;0;2;2;1;A01
201800051056;2;1;0;0;2;1;1;A01
201800051056;2;7;0;0;2;4;23;B01
201800051057;1;7;0;0;2;8;1;B01
201800051057;2;31;0;0;2;1;1;A01
201800051058;1;33;0;0;1;3;1;A01
201800051059;1;13;0;0;2;3;10;A01
201800051059;1;7;0;0;2;7;15;B01
201800051060;1;33;0;0;2;2;1;B01
201800051060;2;32;0;0;2;1;1;A01
201800051061;1;2;0;0;1;1;7;Z01
201800051062;1;7;0;0;2;4;23;B01
201800051062;1;7;0;0;2;1;19;A01
201800051063;1;7;0;0;2;6;23;B01
201800051063;1;1;0;1;2;1;1;A01
201800051064;2;7;0;0;2;5;23;B01
201800051064;2;32;0;0;2;1;19;A01
201800051065;2;7;0;0;2;8;15;B01
201800051065;2;33;0;0;2;2;17;A01
201800051066;1;7;0;0;2;2;1;A01
201800051066;1;33;0;0;2;4;23;B01
201800051067;0;34;0;0;2;8;9;B01
201800051067;0;7;0;0;2;2;15;A01
201800051068;1;32;0;0;2;1;1;A01
201800051068;1;33;0;0;2;4;23;B01
201800051069;2;2;0;0;2;7;15;A01
201800051069;1;1;0;0;2;8;1;B01
201800051070;1;7;0;0;2;2;1;A01
201800051070;1;10;0;0;2;1;1;B01
201800051071;1;7;0;0;2;1;1;A01
201800051071;1;7;0;0;2;4;23;B01
201800051072;1;10;0;0;0;3;15;A01
201800051073;1;7;0;0;2;7;20;B01
201800051073;1;1;0;0;2;1;18;A01
201800051074;1;30;0;0;2;8;13;A01
201800051074;1;7;0;0;2;2;1;B01
201800051075;2;34;0;0;0;0;1;A01
201800051076;2;2;0;0;2;1;17;B01
201800051076;1;7;0;0;2;0;17;A01
201800051077;1;7;0;0;2;2;1;A01
201800051077;1;7;0;0;2;3;1;C01
201800051077;1;33;0;0;2;8;1;B01
201800051078;2;33;0;0;2;8;1;B01
201800051078;2;7;0;0;2;2;16;A01
201800051079;1;33;0;0;2;2;1;B01
201800051079;1;7;0;0;2;3;15;A01
201800051080;1;7;0;0;1;7;1;A01
201800051081;1;7;0;0;2;5;1;A01
201800051081;2;7;0;0;2;2;1;Z01
201800051082;1;1;0;0;2;2;12;A01
201800051082;1;7;0;0;2;3;1;B01
201800051083;2;33;0;0;2;2;1;A01
201800051083;1;7;0;0;2;0;1;Z01
201800051084;2;7;0;0;2;5;1;A01
201800051084;1;7;0;0;2;2;1;B01
201800051085;1;7;0;0;1;2;1;A01
201800051086;2;7;0;0;2;3;9;B01
201800051086;1;30;0;0;2;7;1;A01
201800051087;1;1;0;0;2;4;1;B01
201800051087;1;38;0;0;2;7;12;A01
201800051088;1;7;0;0;1;3;1;A01
201800051089;1;34;0;0;2;8;1;B01
201800051089;1;7;0;0;2;7;1;A01
201800051090;1;7;0;0;2;1;1;A01
201800051090;1;7;0;0;2;0;1;Z01
201800051091;1;31;0;0;2;7;18;B01
201800051091;1;7;0;0;2;3;15;A01
201800051092;1;7;0;0;2;2;16;A01
201800051092;1;33;0;0;2;8;1;B01
201800051093;1;1;0;0;2;8;1;B01
201800051093;1;33;0;0;2;7;14;A01
201800051094;1;33;0;0;2;1;1;A01
201800051094;1;7;0;0;2;8;1;B01
201800051095;1;7;0;3;2;5;12;A01
201800051095;1;32;0;3;2;1;1;B01
201800051096;1;7;0;0;2;8;22;A01
201800051096;1;1;0;0;2;1;1;B01
201800051097;2;2;0;6;0;1;1;A01
201800051098;1;7;0;0;2;3;15;A01
201800051098;1;33;0;0;2;7;17;B01
201800051099;1;7;0;0;2;2;16;A01
201800051099;1;30;0;0;2;8;1;B01
201800051100;1;7;0;0;2;5;15;B01
201800051100;1;7;0;0;2;3;2;A01
201800051101;0;7;0;0;2;1;16;B01
201800051101;0;7;0;0;2;7;1;A01
201800051102;1;33;0;0;2;2;17;B01
201800051102;1;7;0;0;2;3;15;A01
201800051103;1;7;0;0;2;3;15;A01
201800051103;1;33;0;0;2;7;1;B01
201800051104;1;34;0;0;1;1;1;Z01
201800051105;2;37;0;0;1;2;1;A01
201800051106;1;7;0;0;1;6;21;A01
201800051107;1;32;0;0;1;1;1;A01
201800051108;2;7;0;0;1;3;1;A01
201800051109;1;7;0;0;2;2;10;A01
201800051109;2;33;0;0;2;1;1;B01
201800051110;2;7;0;0;1;1;1;A01
201800051111;1;7;0;0;2;1;1;A01
201800051111;1;33;0;0;2;8;9;B01
201800051112;2;7;0;0;1;2;1;A01
201800051113;1;7;0;0;2;1;2;A01
201800051113;1;33;0;0;2;4;23;B01
201800051114;0;32;0;0;2;1;1;A01
201800051114;0;7;0;0;2;6;12;Z01
201800051115;1;2;0;14;2;1;1;A01
201800051115;1;7;0;0;2;4;1;B01
201800051116;2;7;0;0;1;1;15;A01
201800051117;1;7;0;0;2;2;9;A01
201800051117;1;31;0;0;2;8;1;B01
201800051118;1;2;0;0;2;2;1;A01
201800051118;1;7;0;0;2;3;1;B01
201800051119;1;2;0;8;0;1;13;A01
201800051120;2;7;0;0;2;1;1;A01
201800051120;2;7;0;0;2;5;23;B01
201800051121;2;7;0;0;2;1;1;B01
201800051121;2;34;0;0;2;7;1;A01
201800051122;1;38;0;0;1;5;1;A01
201800051123;1;7;0;0;1;2;1;A01
201800051124;1;32;0;0;1;1;16;A01
201800051125;1;34;0;0;2;2;1;C01
201800051125;1;7;0;0;2;1;1;B01
201800051125;1;7;0;0;2;1;1;A01
201800051125;1;32;0;0;2;7;1;D01
201800051126;1;31;0;0;2;1;1;A01
201800051126;1;7;0;0;2;2;15;B01
201800051127;2;7;0;0;2;4;1;C01
201800051127;2;7;0;0;2;1;1;A01
201800051127;2;7;0;0;2;4;1;B01
201800051128;1;7;0;0;2;1;2;A01
201800051128;1;7;0;0;2;4;23;B01
201800051129;2;7;0;0;2;2;15;A01
201800051129;1;2;0;0;2;3;1;B01
201800051130;1;7;0;0;2;7;1;Z01
201800051130;1;30;0;0;2;3;1;A01
201800051131;2;2;0;0;1;1;1;A01
201800051132;2;7;0;0;2;2;16;A01
201800051132;2;1;0;0;2;8;1;B01
201800051133;2;10;0;0;1;1;15;A01
201800051134;2;14;0;1;2;6;1;B01
201800051134;2;7;0;0;2;7;22;A01
201800051135;2;1;0;0;2;1;1;A01
201800051135;2;10;0;0;2;4;23;B01
201800051136;1;10;0;0;1;4;4;A01
201800051137;1;7;0;0;1;0;1;Z01
201800051138;2;7;0;0;2;1;1;A01
201800051138;2;10;0;0;2;4;1;B01
201800051139;2;34;0;0;2;7;1;B01
201800051139;1;7;0;0;2;3;15;A01
201800051140;2;34;0;0;2;1;1;A01
201800051140;2;7;0;0;2;4;23;B01
201800051141;2;34;0;0;2;1;2;A01
201800051141;2;1;0;0;2;4;2;B01
201800051142;1;7;0;0;2;4;1;B01
201800051142;1;32;0;0;2;1;1;A01
201800051143;1;7;0;0;2;3;15;B01
201800051143;1;33;0;0;2;2;17;A01
201800051144;1;34;0;0;2;1;1;A01
201800051144;1;7;0;0;2;4;23;B01
201800051145;1;7;0;0;2;3;15;A01
201800051145;1;32;0;0;2;5;17;B01
201800051146;1;33;0;0;1;1;10;A01
201800051147;2;7;0;0;1;1;8;A01
201800051148;1;34;0;0;2;1;1;A01
201800051148;1;7;0;0;2;4;23;B01
201800051149;1;32;0;0;2;7;1;B01
201800051149;2;10;0;0;2;1;15;A01
201800051150;1;2;0;0;1;1;1;A01
201800051151;2;1;0;0;2;6;7;B01
201800051151;2;7;0;0;2;2;7;A01
201800051152;2;30;0;0;2;3;1;B01
201800051152;2;30;0;0;2;1;16;A01
201800051153;1;7;0;0;2;1;2;A01
201800051153;1;7;0;0;2;4;23;B01
201800051154;1;7;0;0;2;2;15;A01
201800051154;1;33;0;0;2;3;1;B01
201800051155;1;33;0;0;2;1;1;A01
201800051155;1;7;0;0;2;8;1;B01