num_acc;senc;catv;occutc;obs;obsm;choc;manv;num_veh
201800051915;1;7;0;0;2;4;1;B01
201800051915;1;7;0;0;2;1;1;A01
201800051916;1;34;0;0;1;1;1;A01
201800051917;1;32;0;0;2;1;15;A01
201800051917;1;30;0;0;2;1;1;B01
201800051918;1;33;0;0;1;1;16;A01
201800051919;2;10;0;0;1;3;15;A01
201800051920;1;7;0;0;1;1;23;B01
201800051920;1;14;0;0;2;1;16;A01
201800051921;1;7;0;0;2;4;1;A01
201800051921;1;10;0;0;2;1;1;Z01
201800051922;1;7;0;0;2;1;5;A01
201800051922;2;7;0;0;2;1;1;B01
201800051923;2;32;0;0;2;1;1;A01
201800051923;2;7;0;0;2;6;1;B01
201800051924;2;7;0;0;2;1;10;Z01
201800051924;1;32;0;0;2;3;1;A01
201800051925;2;7;0;0;2;1;15;A01
201800051925;1;32;0;0;2;3;1;B01
201800051926;2;7;0;0;2;2;15;A01
201800051926;1;1;0;0;2;8;16;B01
201800051927;2;34;0;14;2;3;17;A01
201800051927;2;7;0;0;2;3;23;B01
201800051928;2;10;0;0;1;1;1;A01
201800051929;1;7;0;0;2;1;13;A01
201800051929;1;32;0;0;2;2;1;B01
201800051930;1;33;0;0;2;2;16;B01
201800051930;1;7;0;0;2;8;7;A01
201800051931;2;7;0;0;1;3;15;Z01
201800051932;1;32;0;0;2;2;17;A01
201800051932;1;7;0;0;2;8;13;B01
201800051933;2;34;0;0;2;1;1;B01
201800051933;2;7;0;0;2;7;12;A01
201800051934;1;30;0;0;1;3;1;A01
201800051935;2;32;0;0;1;4;1;A01
201800051936;1;33;0;14;0;7;1;A01
201800051937;2;31;0;14;0;0;1;A01
201800051938;2;31;0;0;0;8;1;A01
201800051939;2;31;0;0;2;3;1;B01
201800051939;1;7;0;0;2;2;1;A01
201800051940;2;7;0;0;1;2;1;A01
201800051941;1;7;0;0;2;3;9;A01
201800051941;1;33;0;0;2;7;1;B01
201800051942;1;34;0;0;1;2;1;A01
201800051943;1;3;0;1;0;2;14;A01
201800051944;1;7;0;14;0;1;1;A01
201800051944;1;7;0;0;2;4;23;B01
201800051945;1;31;0;0;2;5;1;B01
201800051945;1;7;0;0;2;3;10;A01
201800051946;2;7;0;0;1;2;1;A01
201800051947;1;7;0;0;2;1;2;A01
201800051947;2;1;0;0;2;4;2;B01
201800051948;1;7;0;0;2;4;1;B01
201800051948;1;32;0;0;2;1;1;A01
201800051949;1;10;0;0;1;1;15;A01
201800051950;1;31;0;0;2;8;16;B01
201800051950;1;33;0;0;2;0;1;A01
201800051951;2;10;0;0;2;3;15;A01
201800051951;2;33;0;0;2;2;17;B01
201800051952;2;10;0;0;2;6;21;B01
201800051952;1;7;0;0;2;8;13;A01
201800051953;1;31;0;0;2;2;1;B01
201800051953;1;7;0;0;2;6;10;A01
201800051954;1;1;0;8;1;1;1;A01
201800051955;1;7;0;0;1;1;1;A01
201800051956;2;10;0;0;1;1;1;A01
201800051957;1;7;0;0;1;1;1;A01
201800051958;1;7;0;0;1;3;1;A01
201800051959;1;1;0;0;2;5;2;A01
201800051959;1;7;0;0;2;5;2;B01
201800051960;1;33;0;0;2;1;1;B01
201800051960;1;7;0;0;2;3;10;A01
201800051961;2;31;0;0;2;2;17;B01
201800051961;1;7;0;0;2;3;15;A01
201800051962;1;31;0;0;0;7;1;A01
201800051963;1;30;0;0;2;1;1;A01
201800051963;1;7;0;0;2;6;10;B01
201800051964;1;37;0;0;1;2;16;A01
201800051965;1;2;0;0;2;1;18;A01
201800051965;1;10;0;0;2;2;16;B01
201800051966;1;7;0;0;2;2;16;B01
201800051966;2;32;0;0;2;3;7;A01
201800051967;1;33;0;0;2;1;1;A01
201800051967;1;7;0;0;2;4;1;B01
201800051968;2;7;0;0;2;7;16;A01
201800051968;2;1;0;0;2;2;7;B01
201800051969;2;7;0;0;2;1;1;B01
201800051969;1;7;0;0;2;1;13;A01
201800051970;1;10;0;9;0;1;14;A01
201800051971;1;7;0;0;2;3;15;A01
201800051971;1;32;0;0;2;2;17;B01
201800051972;2;7;0;1;0;1;14;A01
201800051973;1;33;0;0;1;1;1;A01
201800051974;2;1;0;0;2;1;1;B01
201800051974;1;2;0;0;2;1;15;A01
201800051975;0;99;0;0;2;0;0;R01
201800051975;2;7;0;0;2;1;1;A01
201800051976;1;7;0;0;1;3;1;A01
201800051977;2;2;0;0;2;8;1;B01
201800051977;2;7;0;0;2;6;4;A01
201800051978;2;7;0;0;1;2;15;A01
201800051979;1;2;0;0;2;2;15;A01
201800051979;2;31;0;0;2;1;1;B01
201800051980;1;7;0;0;2;3;13;A01
201800051980;1;31;0;0;2;2;23;B01
201800051981;1;7;0;0;1;2;1;A01
201800051982;1;10;0;0;1;2;1;A01
201800051983;1;7;0;0;2;5;23;B01
201800051983;1;7;0;0;2;3;1;A01
201800051984;1;33;0;0;2;8;11;A01
201800051984;1;33;0;0;2;0;1;B01
201800051985;1;7;0;0;2;4;23;A01
201800051985;1;7;0;0;2;1;2;Z01
201800051986;1;10;0;0;2;1;2;A01
201800051986;1;33;0;0;2;6;2;B01
201800051987;2;33;0;0;0;7;9;A01
201800051988;1;10;0;0;2;1;2;A01
201800051988;2;7;0;0;2;4;15;B01
201800051989;2;34;0;14;0;2;14;A01
201800051990;1;7;0;0;2;4;23;B01
201800051990;1;7;0;0;2;1;2;A01
201800051991;1;7;0;0;1;6;4;A01
201800051992;2;7;0;0;1;2;1;A01
201800051993;1;2;0;0;2;4;23;A01
201800051993;1;7;0;0;2;4;2;Z01
201800051994;1;7;0;0;2;1;13;A01
201800051994;2;7;0;0;2;1;1;B01
201800051995;2;1;0;0;1;3;1;A01
201800051996;1;7;0;0;2;1;2;A01
201800051996;1;7;0;0;2;4;23;B01
201800051997;1;7;0;0;2;1;10;Z01
201800051997;2;30;0;0;2;1;1;A01
201800051998;1;7;0;0;1;3;15;A01
201800051999;2;7;0;0;2;1;15;A01
201800051999;1;7;0;0;2;3;1;B01
201800052000;1;7;0;0;2;2;1;A01
201800052000;1;1;0;0;2;0;1;B01
201800052001;2;7;0;0;2;3;1;A01
201800052001;2;32;0;0;2;4;23;B01
201800052002;2;7;0;2;0;1;13;A01
201800052003;1;7;0;0;2;7;1;B01
201800052003;1;31;0;0;2;7;3;A01
201800052003;1;7;0;0;2;3;1;C01
201800052004;2;7;0;0;2;5;1;C01
201800052004;2;7;0;0;2;3;11;A01
201800052004;2;7;0;0;2;5;1;B01
201800052005;1;33;0;0;2;2;1;B01
201800052005;1;7;0;0;2;3;12;A01
201800052006;1;30;0;0;2;7;18;A01
201800052006;1;2;0;0;2;8;16;B01
201800052007;1;38;0;0;1;5;15;A01
201800052008;1;34;0;0;2;1;1;A01
201800052008;1;33;0;0;2;4;23;B01
201800052009;2;33;0;0;2;1;1;B01
201800052009;2;7;0;0;2;3;9;A01
201800052010;1;30;0;0;2;0;1;A01
201800052010;1;7;0;0;2;0;9;B01
201800052011;1;7;0;0;2;3;1;B01
201800052011;2;30;0;0;2;1;17;A01
201800052012;2;7;0;0;2;3;1;B01
201800052012;1;7;0;0;2;2;10;A01
201800052013;1;2;0;0;2;3;18;B01
201800052013;1;7;0;0;2;2;16;A01
201800052014;1;2;0;0;2;8;9;A01
201800052014;2;32;0;0;2;1;1;B01
201800052015;1;7;0;0;2;1;1;Z01
201800052015;1;32;0;0;2;4;23;A01
201800052016;1;7;0;8;2;4;24;B01
201800052016;1;14;0;1;2;2;1;A01
201800052017;0;99;0;0;2;0;0;R01
201800052017;2;7;0;0;2;4;4;A01
201800052018;2;32;0;0;1;1;1;A01
201800052019;1;7;0;0;1;7;1;A01
201800052020;2;7;0;0;2;2;16;A01
201800052020;2;2;0;0;2;1;1;B01
201800052021;1;7;0;0;2;3;15;B01
201800052021;1;2;0;0;2;1;17;A01
201800052022;1;7;0;0;2;2;12;A01
201800052022;1;2;0;0;2;3;1;B01
201800052023;1;7;0;0;2;3;15;A01
201800052023;1;34;0;0;2;2;17;B01
201800052024;1;7;0;0;2;1;1;B01
201800052024;1;7;0;0;2;7;1;A01
201800052025;2;1;0;0;0;0;1;A01
201800052026;1;33;0;0;2;1;17;A01
201800052026;1;7;0;0;2;3;15;B01
201800052027;2;7;0;0;2;4;23;B01
201800052027;1;7;0;0;2;1;1;A01
201800052028;1;7;0;0;1;1;1;A01
201800052029;1;7;0;0;1;1;1;A01
201800052030;1;10;0;0;2;2;9;A01
201800052030;1;99;0;0;2;0;0;B01
201800052031;1;32;0;1;2;1;1;A01
201800052031;1;10;0;0;2;6;23;B01
201800052032;1;2;0;0;2;3;15;B01
201800052032;1;30;0;0;2;1;17;A01
201800052033;1;10;0;0;2;1;1;A01
201800052033;1;7;0;0;2;4;23;B01
201800052034;1;32;0;0;2;8;18;A01
201800052034;1;7;0;0;2;7;9;B01
201800052035;1;32;0;0;2;7;17;B01
201800052035;1;7;0;0;2;3;13;A01
201800052036;1;7;0;0;2;2;9;A01
201800052036;2;33;0;0;2;1;1;B01
201800052037;2;7;0;0;2;1;1;B01
201800052037;1;7;0;0;2;7;1;A01
201800052038;1;7;0;0;2;1;2;Z01
201800052038;1;7;0;0;2;4;23;A01
201800052039;2;2;0;0;2;1;1;A01
201800052039;0;7;0;0;2;3;9;B01
201800052040;2;1;0;0;2;8;13;A01
201800052040;2;37;0;0;2;2;17;B01
201800052041;2;1;0;0;2;4;7;B01
201800052041;2;7;0;0;2;1;9;A01
201800052042;2;34;0;0;2;1;3;B01
201800052042;2;7;0;0;2;3;9;A01
201800052043;1;7;0;0;1;1;1;A01
201800052044;1;2;0;0;2;1;1;A01
201800052044;1;10;0;0;2;4;1;B01
201800052045;1;33;0;0;2;7;3;B01
201800052045;1;7;0;0;2;3;11;Z01
201800052046;2;1;0;0;2;1;1;A01
201800052046;2;7;0;0;2;2;16;B01
201800052047;2;10;0;0;2;6;13;A01
201800052047;2;34;0;1;2;1;17;B01
201800052048;1;34;0;0;1;2;1;Z01
201800052049;1;7;0;0;2;1;1;A01
201800052049;1;7;0;0;2;9;1;B01
201800052049;1;10;0;0;2;4;1;C01
201800052050;1;7;0;0;2;2;17;A01
201800052050;2;2;0;0;2;8;1;B01
201800052051;2;2;0;0;2;2;1;A01
201800052051;2;30;0;0;2;8;18;Z01
201800052052;1;7;0;2;2;3;1;A01
201800052052;1;7;0;0;2;2;1;B01
201800052053;1;32;0;0;2;4;16;B01
201800052053;1;7;0;0;2;2;16;A01
201800052054;1;10;0;0;2;2;1;A01
201800052054;1;7;0;0;2;1;15;B01
201800052055;2;7;0;0;2;8;10;A01
201800052055;2;30;0;0;2;7;1;B01
201800052056;1;1;0;0;2;2;5;B01
201800052056;2;7;0;0;2;3;1;A01
201800052057;1;10;0;0;2;8;10;A01
201800052057;1;34;0;0;2;1;1;B01
201800052058;1;7;0;0;2;3;1;B01
201800052058;2;30;0;0;2;7;9;A01
201800052059;1;7;0;0;2;3;1;B01
201800052059;2;34;0;0;2;3;17;A01
201800052060;1;7;0;0;2;2;1;A01
201800052060;1;7;0;14;2;6;20;B01
201800052061;1;7;0;0;2;4;23;B01
201800052061;1;2;0;0;2;1;1;A01
201800052062;2;7;0;0;2;8;9;A01
201800052062;2;7;0;0;2;3;1;B01
201800052063;1;7;0;0;2;3;22;A01
201800052063;1;1;0;1;2;2;1;B01
201800052064;1;2;0;0;0;0;1;A01
201800052065;1;1;0;0;0;0;1;A01
201800052066;2;2;0;0;2;2;17;A01
201800052066;1;7;0;0;2;3;19;B01
201800052067;1;7;0;0;2;3;1;A01
201800052067;1;7;0;0;2;8;15;B01
201800052068;1;13;0;0;1;1;15;A01
201800052069;2;7;0;0;2;0;15;B01
201800052069;1;1;0;12;2;1;1;A01
201800052070;2;1;0;0;2;1;1;B01
201800052070;2;32;0;0;2;1;15;A01
201800052071;2;7;0;0;2;2;1;A01
201800052071;2;34;0;0;2;1;1;B01
201800052072;1;1;0;0;2;1;1;B01
201800052072;1;7;0;0;2;7;16;A01
201800052073;2;7;0;0;2;5;22;A01
201800052073;1;32;0;0;2;3;3;B01
201800052074;1;10;0;0;2;8;15;B01
201800052074;2;30;0;0;2;7;17;A01
201800052075;1;7;0;0;2;8;10;A01
201800052075;1;30;0;0;2;7;1;B01
201800052076;2;7;0;0;2;0;13;A01
201800052076;2;7;0;0;2;6;1;B01
201800052077;1;7;0;0;2;8;1;A01
201800052077;1;7;0;0;2;2;1;B01
201800052078;2;14;0;0;2;7;1;B01
201800052078;2;7;0;0;2;3;1;A01
201800052079;1;7;0;0;2;3;10;A01
201800052079;1;1;0;0;2;2;17;B01
201800052080;1;7;0;0;2;1;1;A01
201800052080;1;7;0;0;2;4;23;B01
201800052081;2;7;0;0;2;8;15;B01
201800052081;2;32;0;0;2;1;17;A01
201800052082;1;31;0;0;0;8;1;A01
201800052083;1;34;0;0;2;1;1;A01
201800052083;1;7;0;0;2;4;23;B01
201800052084;2;2;0;0;0;0;21;A01
201800052085;1;7;0;0;2;4;23;D01
201800052085;1;7;0;0;2;4;23;B01
201800052085;1;7;0;0;2;4;23;C01
201800052085;1;7;0;0;2;1;1;A01
201800052086;1;7;0;0;2;5;16;A01
201800052086;1;2;0;0;2;3;1;B01
201800052087;1;2;0;1;0;7;14;A01
201800052088;1;37;0;0;1;2;1;A01
201800052089;1;32;0;0;2;8;18;A01
201800052089;1;7;0;0;2;1;14;B01
201800052090;2;33;0;0;1;1;17;A01
201800052091;2;2;0;0;2;0;17;A01
201800052091;2;7;0;0;2;0;15;B01
201800052092;2;1;0;0;0;0;1;A01
201800052093;1;32;0;0;0;3;21;A01
201800052094;1;34;0;0;2;5;23;B01
201800052094;1;7;0;0;2;5;1;A01
201800052095;2;7;0;14;2;1;1;A01
201800052095;2;10;0;0;2;4;23;B01
201800052096;1;7;0;0;2;1;1;A01
201800052096;1;7;0;0;2;4;23;B01
201800052097;1;31;0;0;2;1;1;A01
201800052097;2;7;0;0;2;1;15;B01
201800052098;2;1;0;0;1;1;1;A01
201800052099;1;7;0;0;1;4;4;A01
201800052100;1;1;0;0;2;8;10;B01
201800052100;2;2;0;0;2;1;1;A01
201800052101;2;33;0;0;2;3;1;B01
201800052101;2;7;0;0;2;2;9;A01
201800052102;0;7;0;0;2;6;15;A01
201800052102;0;33;0;0;2;1;17;B01
201800052103;0;7;0;1;0;2;9;A01
201800052103;0;7;0;0;2;3;24;B01
201800052104;0;7;0;0;2;0;14;Z01
201800052104;0;2;0;0;2;8;1;A01
201800052105;1;7;0;0;2;3;9;A01
201800052105;1;31;0;0;2;2;1;B01
201800052106;2;1;0;4;0;1;21;A01
201800052106;2;7;0;0;0;0;10;Z01
201800052107;2;30;0;0;2;5;1;A01
201800052107;0;7;0;0;2;2;1;B01
201800052108;1;37;1;0;1;2;1;A01
201800052109;2;7;0;0;1;4;0;A01
201800052110;0;7;0;0;2;1;2;A01
201800052110;0;7;0;0;2;4;2;C01
201800052110;0;7;0;0;2;4;2;B01
201800052111;2;34;0;0;2;1;1;A01
201800052111;1;32;0;0;2;6;15;B01
201800052112;1;7;0;0;1;1;15;A01
201800052113;1;1;0;0;2;4;1;B01
201800052113;1;2;0;0;2;1;2;Z01
201800052114;0;2;0;12;2;6;17;B01
201800052114;0;10;0;0;2;6;23;A01
201800052115;1;7;0;0;2;3;15;B01
201800052115;1;1;0;0;2;1;19;A01
201800052116;0;33;0;0;2;1;12;A01
201800052116;1;7;0;0;2;4;1;B01
201800052117;1;7;0;0;2;2;16;A01
201800052117;1;30;0;0;2;1;1;B01
201800052118;2;30;0;11;0;0;14;A01
201800052119;2;10;0;0;2;3;1;Z01
201800052119;1;1;0;0;2;1;19;A01
201800052120;2;1;0;0;2;0;7;B01
201800052120;2;10;0;0;2;0;16;A01
201800052121;1;7;0;0;2;2;10;A01
201800052121;2;33;0;1;2;1;1;B01
201800052122;1;33;0;7;0;1;13;A01
201800052123;1;7;0;0;2;1;1;A01
201800052123;1;7;0;0;2;5;15;B01
201800052124;0;32;0;12;0;1;15;A01
201800052125;2;7;0;0;1;0;15;A01
201800052126;1;33;0;0;0;0;1;A01
201800052127;2;7;0;0;2;8;15;B01
201800052127;2;33;0;0;2;1;17;A01
201800052128;1;30;0;0;0;0;1;A01
201800052129;1;7;0;0;2;4;1;B01
201800052129;1;32;0;0;2;1;21;A01
201800052130;2;7;0;0;2;2;1;A01
201800052130;2;2;0;0;2;8;11;B01
201800052131;0;1;0;0;2;1;1;A01
201800052131;0;1;0;0;2;4;23;C01
201800052131;0;1;0;0;2;1;1;B01
201800052132;1;14;0;0;2;1;15;B01
201800052132;1;32;0;0;2;7;17;A01
201800052133;1;7;0;0;2;4;23;B01
201800052133;1;33;0;0;2;1;2;A01
201800052134;1;1;0;0;2;1;5;A01
201800052134;1;1;0;0;2;1;1;B01
201800052135;1;1;0;0;2;8;15;A01
201800052135;1;1;0;0;2;1;1;B01
201800052136;1;7;0;0;2;8;22;A01
201800052136;1;1;0;0;2;1;1;B01
201800052137;1;32;0;0;1;8;1;Z01
201800052138;2;7;0;0;2;4;2;B01
201800052138;2;7;0;0;2;1;2;A01
201800052139;0;30;0;14;0;1;1;A01
201800052140;0;7;0;0;2;7;14;Z01
201800052140;1;33;0;0;2;8;1;B01
201800052141;1;7;0;0;2;1;1;A01
201800052141;1;7;0;0;2;4;23;B01
201800052142;2;1;0;0;2;3;1;B01
201800052142;2;7;0;0;2;3;9;A01
201800052143;0;1;0;0;2;1;15;A01
201800052143;0;7;0;0;2;8;1;B01
201800052144;1;7;0;0;2;1;1;B01
201800052144;1;7;0;0;2;4;1;C01
201800052144;1;7;0;0;2;1;1;A01
201800052145;2;7;0;0;2;8;9;A01
201800052145;2;34;0;0;2;2;1;B01
201800052146;2;7;0;0;2;1;1;A01
201800052146;2;1;0;0;2;7;1;B01
201800052147;0;33;0;1;0;1;14;A01
201800052148;1;33;0;0;2;1;17;B01
201800052148;1;1;0;0;2;1;1;A01
201800052149;2;7;0;0;1;1;1;A01
201800052150;1;7;0;0;1;1;16;A01
201800052151;1;34;0;0;2;1;1;B01
201800052151;2;7;0;0;2;2;10;A01
201800052152;1;32;0;0;1;1;1;A01
201800052153;1;7;0;0;2;2;1;B01
201800052153;1;1;0;0;2;1;13;A01
201800052154;2;10;0;0;2;6;18;Z01
201800052154;2;14;0;0;2;5;15;A01
201800052155;2;7;0;9;1;1;1;A01
201800052156;2;14;0;0;2;1;15;A01
201800052156;1;2;0;0;2;6;1;B01
201800052157;1;10;0;0;1;7;1;A01
201800052158;2;1;0;0;2;8;1;B01
201800052158;2;34;0;0;2;7;16;A01
201800052159;1;7;0;0;1;0;1;Z01
201800052160;1;1;0;0;2;1;1;B01
201800052160;1;7;0;0;2;5;16;A01
201800052161;2;7;0;0;2;0;2;Z01
201800052161;2;34;0;0;2;4;23;B01
201800052161;2;7;0;0;2;2;2;A01
201800052162;0;31;0;0;2;3;1;B01
201800052162;0;7;0;0;2;2;12;A01
201800052163;1;99;0;0;2;1;5;B01
201800052163;2;7;0;0;2;1;16;A01
201800052164;2;30;0;0;2;1;1;A01
201800052164;2;7;0;0;2;2;16;Z01
201800052165;1;1;0;12;0;2;12;A01
201800052166;1;33;0;8;0;1;1;A01
201800052167;1;7;0;2;0;1;1;A01
201800052168;1;99;0;14;0;1;1;A01
201800052169;1;1;0;0;2;3;19;A01
201800052169;2;7;0;0;2;2;16;B01
201800052170;1;7;0;0;2;5;16;B01
201800052170;0;33;0;0;2;7;18;A01
201800052171;1;7;0;0;2;6;4;A01
201800052171;2;34;0;0;2;1;2;B01
201800052172;1;1;0;0;0;3;1;A01
201800052173;1;7;0;0;2;6;16;B01
201800052173;1;3;0;0;2;3;16;A01
201800052174;1;30;0;0;2;7;17;A01
201800052174;1;7;0;0;2;2;15;Z01
201800052175;1;7;0;0;2;4;23;B01
201800052175;1;30;0;0;2;1;2;A01
201800052176;1;32;0;12;0;8;14;A01
201800052177;0;7;0;14;0;1;16;A01
201800052178;1;31;0;0;2;0;1;A01
201800052179;1;7;0;14;0;1;13;A01
201800052180;1;7;0;15;0;8;16;A01
201800052181;2;14;0;0;1;2;15;A01
201800052182;1;1;0;0;2;4;1;B01
201800052182;2;7;0;0;2;2;15;A01
201800052183;1;30;0;0;0;0;21;A01
201800052184;0;33;0;0;2;1;1;B01
201800052184;0;10;0;0;2;6;11;A01
201800052185;1;7;0;0;2;7;15;A01
201800052185;2;32;0;0;2;8;1;B01
201800052186;1;1;0;0;2;8;1;B01
201800052186;2;7;0;0;2;1;15;A01
201800052187;1;33;0;0;1;1;17;A01
201800052188;2;10;0;0;2;7;1;A01
201800052188;0;99;0;0;2;7;1;B01
201800052189;1;7;0;15;2;3;1;A01
201800052189;1;33;0;0;2;5;17;B01
201800052190;1;33;0;0;1;2;1;A01
201800052191;1;32;0;0;2;3;21;B01
201800052191;1;7;0;0;2;8;10;A01
201800052192;2;7;0;0;2;1;2;A01
201800052192;2;7;0;0;2;1;2;B01
201800052192;2;7;0;0;2;4;2;C01
201800052193;1;1;0;0;1;0;1;Z01
201800052194;1;33;0;0;0;3;1;A01
201800052195;2;7;0;0;2;2;1;A01
201800052195;1;1;0;0;2;7;5;B01
201800052196;2;7;0;0;1;1;1;A01
201800052197;1;1;0;0;2;8;1;B01
201800052197;2;7;0;0;2;3;15;A01
201800052198;1;31;0;0;2;2;14;A01
201800052198;1;10;0;0;2;3;1;B01
201800052199;0;7;0;0;2;6;1;B01
201800052199;0;1;0;0;2;1;1;A01
201800052200;2;7;0;0;2;4;2;B01
201800052200;2;30;0;0;2;1;2;A01
201800052201;1;10;0;0;2;1;2;B01
201800052201;1;10;0;0;2;1;2;A01
201800052201;1;7;0;0;2;1;2;D01
201800052201;1;7;0;0;2;1;2;C01
201800052202;2;31;0;0;2;8;21;A01
201800052203;1;7;0;0;2;7;10;A01
201800052203;2;2;0;0;2;1;1;B01
201800052204;2;7;0;0;2;1;15;B01
201800052204;1;30;0;0;2;1;1;A01
201800052205;0;7;0;0;2;3;1;A01
201800052205;0;34;0;0;2;4;15;B01
201800052206;1;30;0;0;2;7;7;A01
201800052206;1;7;0;0;2;5;16;B01
201800052207;2;32;0;0;0;8;1;A01
201800052208;2;7;0;0;2;2;15;A01
201800052208;1;7;0;0;2;8;1;B01
201800052209;1;7;0;0;1;2;1;A01
201800052210;1;7;0;0;2;3;1;B01
201800052210;1;7;0;0;2;1;1;A01
201800052211;2;32;0;0;2;7;17;B01
201800052211;2;7;0;0;2;8;13;A01
201800052212;1;34;0;0;2;6;18;B01
201800052212;1;7;0;0;2;7;16;A01
201800052213;1;7;0;0;2;3;1;B01
201800052213;2;7;0;0;2;7;15;A01
201800052214;1;30;0;0;2;0;1;B01
201800052214;1;31;0;12;2;1;13;A01
201800052215;2;7;0;0;2;8;15;A01
201800052215;2;32;0;0;2;1;17;B01
201800052216;1;33;0;0;0;8;15;A01
201800052217;1;31;0;6;0;1;1;A01
201800052218;2;30;0;12;0;8;13;A01
201800052219;0;34;0;0;2;0;11;B01
201800052219;0;10;0;0;2;3;23;C01
201800052219;0;34;0;0;2;1;3;A01
201800052220;1;1;0;0;2;3;1;B01
201800052220;1;7;0;0;2;2;17;A01
201800052221;1;7;0;0;2;0;16;B01
201800052221;1;30;0;0;2;0;1;A01
201800052222;1;33;0;0;0;0;1;A01
201800052223;2;33;0;0;0;2;1;A01
201800052224;2;7;0;0;2;1;1;B01
201800052224;1;32;0;0;2;1;13;A01
201800052225;1;31;0;0;2;2;12;A01
201800052225;1;30;0;0;2;4;1;B01
201800052226;1;7;0;0;1;2;1;Z01
201800052227;2;7;0;0;2;1;1;B01
201800052227;1;7;0;0;2;1;13;A01
201800052228;2;32;0;0;2;1;2;A01
201800052228;2;7;0;0;2;3;23;B01
201800052229;1;7;0;0;2;4;4;A01
201800052229;1;33;0;0;2;8;1;B01
201800052230;1;10;0;0;1;5;4;A01
201800052231;0;7;0;8;0;1;14;A01
201800052232;1;32;0;0;2;7;17;A01
201800052232;1;33;0;0;2;8;23;B01
201800052233;2;7;0;0;2;3;13;A01
201800052233;1;30;0;0;2;1;17;B01
201800052234;1;7;0;0;2;6;23;B01
201800052234;1;33;0;0;2;3;1;A01
201800052235;2;1;0;0;0;7;16;A01
201800052236;2;7;0;0;1;2;1;A01
201800052237;1;2;0;14;2;0;1;A01
201800052237;1;7;0;0;2;0;13;Z01
201800052238;1;7;0;0;2;3;1;B01
201800052238;2;32;0;0;2;7;15;A01
201800052239;2;10;0;0;2;2;16;A01
201800052239;2;7;0;0;2;3;7;B01
201800052240;2;31;0;0;2;8;18;A01
201800052240;2;7;0;0;2;2;14;B01
201800052241;2;32;0;0;1;0;1;Z01
201800052242;2;33;0;0;0;4;1;A01
201800052243;2;32;0;0;0;2;1;A01
201800052244;2;30;0;0;0;0;21;A01
201800052245;1;7;0;0;2;1;1;B01
201800052245;1;1;0;0;2;6;13;A01
201800052246;1;30;0;0;2;2;1;A01
201800052246;1;7;0;0;2;1;1;B01
201800052247;2;34;0;0;1;7;17;A01
201800052248;2;7;0;0;1;1;16;A01
201800052249;2;33;0;0;2;7;1;A01
201800052249;2;33;0;0;2;8;13;Z01
201800052250;2;1;0;0;2;7;19;B01
201800052250;1;32;0;0;2;1;1;A01
201800052251;2;32;0;0;1;1;1;A01
201800052252;0;7;0;0;2;5;4;A01
201800052252;1;32;0;0;2;2;1;B01
201800052253;2;7;0;0;1;1;15;A01
201800052254;1;1;0;1;0;2;14;A01
201800052255;1;33;0;0;2;6;2;B01
201800052255;1;7;0;0;2;0;2;A01
201800052256;2;1;0;0;2;1;19;B01
201800052256;2;32;0;0;2;1;1;A01
201800052257;1;34;0;0;1;2;1;A01
201800052258;2;32;0;0;2;1;21;B01
201800052258;2;7;0;0;2;3;10;A01
201800052259;1;7;0;0;2;8;10;A01
201800052259;1;33;0;0;2;1;1;B01
201800052260;1;13;0;0;2;7;1;B01
201800052260;1;1;0;0;2;8;18;A01
201800052261;2;7;0;1;0;1;14;A01
201800052262;1;7;0;0;1;1;16;A01
201800052263;1;7;0;0;2;4;23;B01
201800052263;1;34;0;0;2;1;2;A01
201800052264;1;7;0;0;1;4;20;A01
201800052265;2;7;0;0;1;3;15;A01
201800052266;2;33;0;14;0;3;13;A01
201800052267;1;30;0;0;1;1;1;A01
201800052268;1;30;0;0;2;1;1;B01
201800052268;1;7;0;0;2;8;10;A01
201800052269;0;7;0;0;2;3;1;A01
201800052269;0;1;0;0;2;7;17;B01
201800052270;2;34;0;0;2;1;1;B01
201800052270;1;34;0;0;2;1;13;A01
201800052271;2;31;0;14;0;7;14;A01
201800052272;1;33;0;0;2;1;21;A01
201800052272;1;7;0;0;2;4;23;B01
201800052273;1;33;0;0;0;7;1;A01
201800052274;1;30;0;0;2;1;16;Z01
201800052274;1;1;0;0;2;8;19;A01
201800052275;1;7;0;0;2;2;14;Z01
201800052275;1;2;0;0;2;6;1;A01
201800052276;0;7;0;0;2;0;11;A01
201800052276;0;33;0;0;2;7;1;B01
201800052277;0;99;0;0;1;1;1;A01
201800052278;1;99;0;0;2;1;1;B01
201800052278;1;7;0;8;2;3;15;A01
201800052279;2;32;0;14;0;7;1;A01
201800052280;0;7;0;1;2;9;4;A01
201800052280;0;7;0;0;2;7;24;D01
201800052280;0;7;0;0;2;3;24;B01
201800052281;1;7;0;0;1;3;1;A01
201800052282;1;99;0;0;2;1;19;B01
201800052282;1;13;0;0;2;1;16;A01
201800052283;2;7;0;0;2;6;23;B01
201800052283;2;3;0;0;2;1;2;A01
201800052284;1;10;0;0;2;1;10;A01
201800052284;2;33;0;0;2;1;1;B01