num_acc;senc;catv;occutc;obs;obsm;choc;manv;num_veh
201800052285;1;7;0;0;2;2;10;A01
201800052285;2;33;0;0;2;1;1;B01
201800052286;0;7;0;11;0;1;1;A01
201800052287;1;34;0;0;2;4;23;B01
201800052287;1;7;0;0;2;1;2;A01
201800052288;1;33;0;0;2;1;17;B01
201800052288;1;7;0;0;2;1;10;A01
201800052289;1;31;0;0;2;2;17;B01
201800052289;1;7;0;0;2;8;15;A01
201800052290;1;99;0;0;1;1;1;A01
201800052291;1;7;0;0;1;5;1;A01
201800052292;1;34;0;11;0;1;13;A01
201800052293;1;30;0;0;2;3;1;A01
201800052293;1;7;0;0;2;6;16;B01
201800052294;2;7;0;0;1;1;16;A01
201800052295;2;1;0;0;2;1;1;B01
201800052295;1;7;0;0;2;3;15;A01
201800052296;1;7;0;0;1;5;1;A01
201800052297;1;30;0;14;0;8;13;A01
201800052298;0;7;0;0;2;2;23;B01
201800052298;1;30;0;0;2;1;1;A01
201800052299;1;7;0;0;2;4;23;C01
201800052299;1;7;0;0;2;6;23;B01
201800052299;1;7;0;0;2;1;2;A01
201800052300;2;33;0;0;2;1;1;B01
201800052300;1;7;0;0;2;1;15;A01
201800052301;1;10;0;0;2;1;2;Z01
201800052301;1;7;0;0;2;4;23;A01
201800052302;1;7;0;0;2;1;2;A01
201800052302;1;33;0;1;2;4;2;B01
201800052303;1;30;0;0;2;1;1;A01
201800052303;1;7;0;0;2;3;9;B01
201800052304;1;30;0;0;1;7;21;A01
201800052305;2;10;0;0;2;6;10;B01
201800052305;1;32;0;0;2;1;1;A01
201800052306;2;37;0;0;1;2;1;A01
201800052307;1;33;0;15;1;2;1;B01
201800052307;1;7;0;0;2;2;16;A01
201800052308;1;7;0;1;2;7;23;B01
201800052308;1;7;0;0;2;1;2;A01
201800052309;2;31;0;0;1;2;1;A01
201800052310;2;30;0;0;1;7;18;Z01
201800052310;2;7;0;0;2;5;23;A01
201800052311;1;30;0;8;0;3;1;A01
201800052312;2;7;0;0;1;4;20;A01
201800052313;2;7;0;0;2;2;15;A01
201800052313;1;30;0;0;2;1;1;B01
201800052314;2;7;0;0;2;0;16;A01
201800052314;2;33;0;0;2;0;1;B01
201800052315;1;10;0;0;2;4;4;A01
201800052315;1;1;0;0;2;1;1;B01
201800052316;1;34;0;0;1;1;21;A01
201800052317;1;32;0;0;9;0;1;A01
201800052318;1;7;0;0;1;1;1;A01
201800052319;2;7;0;1;0;2;14;A01
201800052320;2;1;0;0;1;8;1;A01
201800052321;2;1;0;0;2;6;15;A01
201800052321;2;34;0;0;2;1;1;Z01
201800052322;1;34;0;0;1;1;21;A01
201800052322;1;7;0;0;2;7;23;B01
201800052323;1;7;0;7;0;3;15;A01
201800052324;1;33;0;0;1;2;1;A01
201800052325;1;33;0;0;2;1;1;B01
201800052325;2;7;0;0;2;5;9;A01
201800052326;1;7;0;0;2;7;22;A01
201800052326;1;1;0;0;2;1;1;B01
201800052327;1;7;0;0;1;2;1;A01
201800052328;1;7;0;0;1;1;1;A01
201800052329;1;7;0;0;1;1;1;A01
201800052330;2;31;0;0;2;1;1;A01
201800052330;1;7;0;0;2;2;15;B01
201800052331;1;31;0;0;2;2;1;A01
201800052331;1;7;0;0;2;3;16;B01
201800052332;2;7;0;0;1;3;1;A01
201800052333;2;10;0;0;2;2;1;B01
201800052333;2;7;0;1;2;1;13;A01
201800052334;1;10;0;0;1;7;1;A01
201800052335;1;7;0;0;2;2;1;B01
201800052335;1;2;0;0;2;7;13;A01
201800052336;2;7;0;0;0;3;12;Z01
201800052336;2;7;0;11;0;3;21;A01
201800052337;1;34;0;0;1;2;1;A01
201800052338;2;7;0;0;2;1;15;A01
201800052338;1;2;0;0;2;8;18;B01
201800052339;1;7;0;0;2;0;11;Z01
201800052339;1;31;0;0;2;0;3;A01
201800052340;2;33;0;0;2;8;16;B01
201800052340;2;7;0;0;2;7;16;A01
201800052341;1;7;0;0;2;2;16;A01
201800052341;2;1;0;0;2;1;1;B01
201800052342;2;7;0;0;2;4;23;A01
201800052342;2;7;0;0;2;1;1;Z01
201800052343;1;10;0;0;2;5;16;A01
201800052343;1;1;0;0;2;8;1;B01
201800052344;1;2;0;0;0;7;15;A01
201800052345;2;33;0;0;0;8;10;A01
201800052346;1;7;0;7;0;3;13;A01
201800052347;2;33;0;0;2;1;1;B01
201800052347;1;7;0;0;2;2;10;A01
201800052348;1;7;0;0;2;2;15;A01
201800052348;2;32;0;0;2;8;1;B01
201800052349;2;7;0;0;2;2;2;A01
201800052349;2;7;0;0;2;4;23;B01
201800052349;2;34;0;0;2;4;23;C01
201800052350;2;31;0;0;2;2;1;B01
201800052350;2;7;0;0;2;8;16;A01
201800052351;2;1;0;0;1;1;1;A01
201800052352;2;7;0;0;2;0;10;A01
201800052352;2;31;0;0;2;8;1;B01
201800052353;2;31;0;0;2;1;1;B01
201800052353;1;10;0;0;2;3;1;A01
201800052354;2;31;0;0;1;1;1;A01
201800052355;1;7;0;0;2;2;1;Z01
201800052355;1;1;0;0;2;4;1;A01
201800052356;2;33;0;0;2;2;1;B01
201800052356;1;10;0;0;2;2;10;A01
201800052357;1;1;0;0;1;4;1;A01
201800052358;2;7;0;0;1;1;1;A01
201800052359;1;13;0;0;2;4;15;A01
201800052359;1;31;0;0;2;4;1;B01
201800052360;2;30;0;0;2;1;1;A01
201800052360;1;7;0;0;2;1;15;B01
201800052361;1;7;0;11;0;8;13;Z01
201800052362;1;7;0;0;1;2;16;A01
201800052363;2;33;0;0;2;1;17;B01
201800052363;2;7;0;0;2;3;9;A01
201800052364;2;7;0;0;1;3;15;A01
201800052365;1;34;0;0;2;3;7;A01
201800052365;1;7;0;0;2;2;10;B01
201800052366;1;7;0;0;2;1;10;A01
201800052366;1;31;0;0;2;1;17;B01
201800052367;2;7;0;0;2;3;10;A01
201800052367;2;33;0;0;2;1;1;B01
201800052368;2;7;0;0;2;2;23;B01
201800052368;2;1;0;0;2;3;1;A01
201800052369;2;7;0;0;2;1;1;A01
201800052369;2;7;0;0;2;6;23;B01
201800052370;1;7;0;1;0;2;14;A01
201800052371;1;10;0;0;2;6;10;A01
201800052371;1;2;0;0;2;1;1;B01
201800052372;2;7;0;0;2;2;16;A01
201800052372;2;1;0;0;2;1;1;B01
201800052373;1;33;0;0;2;7;1;B01
201800052373;1;7;0;0;2;3;9;A01
201800052374;1;1;0;0;1;1;17;A01
201800052375;2;7;0;0;2;8;0;B01
201800052375;1;30;0;0;2;2;15;A01
201800052376;1;1;0;0;2;3;13;A01
201800052376;1;31;0;0;2;2;1;B01
201800052377;2;7;0;0;1;3;15;A01
201800052378;1;2;0;0;2;2;17;A01
201800052378;2;7;0;0;2;3;10;Z01
201800052379;2;2;0;0;0;0;16;A01
201800052380;1;32;0;0;1;3;1;A01
201800052381;2;99;0;0;0;1;21;A01
201800052382;2;33;0;0;0;8;15;A01
201800052383;2;37;0;0;2;1;1;B01
201800052383;2;7;0;0;2;8;10;A01
201800052384;1;7;0;9;1;1;13;A01
201800052385;1;31;0;0;2;1;2;A01
201800052385;1;7;0;0;2;5;2;B01
201800052386;1;7;0;0;2;1;2;A01
201800052386;1;7;0;0;2;4;15;B01
201800052387;2;34;0;0;2;1;1;B01
201800052387;2;30;0;0;2;3;9;A01
201800052388;1;7;0;0;1;1;1;A01
201800052389;1;32;0;0;2;8;3;B01
201800052389;1;7;0;0;2;6;1;A01
201800052390;1;2;0;0;0;1;14;A01
201800052391;1;99;0;0;2;8;1;B01
201800052391;1;30;0;0;2;1;9;A01
201800052392;2;32;0;0;2;1;2;B01
201800052392;1;7;0;0;2;1;15;A01
201800052393;1;7;0;0;2;8;15;A01
201800052393;1;10;0;0;2;2;7;B01
201800052394;2;34;0;0;1;1;1;A01
201800052395;1;33;0;0;2;4;16;A01
201800052395;1;7;0;0;2;1;16;Z01
201800052396;1;7;0;0;1;3;1;A01
201800052397;2;7;0;0;1;1;1;A01
201800052398;2;31;0;0;2;8;18;A01
201800052398;2;7;0;0;2;7;16;B01
201800052399;1;7;0;0;2;1;1;B01
201800052399;2;7;0;0;2;3;15;A01
201800052400;2;34;0;1;0;1;13;A01
201800052401;2;7;0;0;2;7;13;A01
201800052401;2;1;0;0;2;8;1;B01
201800052402;2;1;0;0;2;7;19;C01
201800052402;1;7;0;0;2;1;1;A01
201800052402;1;7;0;0;2;4;23;B01
201800052403;2;1;0;0;1;3;1;A01
201800052404;2;33;0;0;2;3;1;B01
201800052404;1;7;0;0;2;1;15;A01
201800052405;2;10;0;0;2;2;15;B01
201800052405;1;32;0;0;2;3;1;A01
201800052406;1;2;0;0;0;4;1;A01
201800052407;1;31;0;11;0;1;12;A01
201800052408;1;2;0;0;0;0;1;A01
201800052409;1;7;0;0;1;3;19;A01
201800052410;1;10;0;0;2;1;1;A01
201800052410;1;7;0;0;2;4;23;B01
201800052411;2;1;0;0;0;0;21;A01
201800052412;1;1;0;0;2;0;1;A01
201800052412;1;1;0;0;2;5;1;B01
201800052413;1;33;0;1;2;0;13;A01
201800052413;1;7;0;0;2;6;23;B01
201800052414;1;7;0;0;1;2;1;A01
201800052415;1;7;0;1;2;1;1;A01
201800052415;0;7;0;0;2;2;1;B01
201800052416;1;7;0;0;2;2;15;A01
201800052416;2;33;0;0;2;1;1;B01
201800052417;2;2;0;0;0;8;21;A01
201800052418;1;7;0;0;1;8;1;A01
201800052419;1;10;0;8;0;1;14;A01
201800052420;1;2;0;0;1;1;1;A01
201800052421;2;7;0;8;0;8;13;A01
201800052422;1;7;0;1;0;1;13;A01
201800052423;2;10;0;0;1;2;1;A01
201800052424;1;7;0;1;0;3;13;A01
201800052425;2;32;0;0;2;1;1;Z01
201800052425;0;1;0;0;2;3;19;A01
201800052426;1;7;0;0;2;2;15;A01
201800052426;2;2;0;0;2;1;1;B01
201800052427;2;30;0;0;1;0;5;Z01
201800052428;1;7;0;12;0;2;1;A01
201800052429;2;31;0;5;0;1;21;A01
201800052430;2;31;0;0;2;0;1;A01
201800052430;1;7;0;0;2;0;15;B01
201800052431;1;34;0;0;2;1;1;B01
201800052431;2;7;0;0;2;2;1;A01
201800052432;2;7;0;0;2;7;15;A01
201800052432;1;33;0;0;2;1;1;B01
201800052433;2;34;0;0;2;1;1;B01
201800052433;1;7;0;0;2;2;15;A01
201800052434;1;7;0;0;2;1;2;A01
201800052434;1;7;0;0;2;4;23;B01
201800052435;2;7;0;0;2;4;23;B01
201800052435;2;7;0;0;2;2;1;A01
201800052436;1;7;0;0;2;7;16;B01
201800052436;1;30;0;0;2;1;18;A01
201800052437;1;2;0;0;0;0;18;A01
201800052438;1;2;0;0;1;1;1;A01
201800052439;1;1;0;0;1;8;1;A01
201800052440;1;7;0;0;2;3;7;A01
201800052440;1;14;0;0;2;2;16;B01
201800052441;0;34;0;0;1;0;1;Z01
201800052442;2;31;0;0;2;2;1;B01
201800052442;2;7;0;0;2;3;9;A01
201800052443;1;7;0;0;2;4;23;C01
201800052443;1;7;0;0;2;5;23;B01
201800052443;1;7;0;0;2;1;1;A01
201800052444;1;7;0;0;2;5;15;A01
201800052444;2;33;0;0;2;1;1;B01
201800052445;1;33;0;0;2;3;1;B01
201800052445;2;14;0;0;2;6;23;A01
201800052446;2;7;0;0;1;1;1;A01
201800052447;2;33;0;0;0;8;21;A01
201800052448;1;2;0;0;1;1;17;A01
201800052449;2;32;0;0;2;5;17;B01
201800052449;2;7;0;0;2;3;11;A01
201800052450;2;7;0;0;1;2;1;A01
201800052451;2;1;0;0;2;1;5;A01
201800052451;2;7;0;0;2;8;15;B01
201800052452;1;2;0;0;2;7;17;B01
201800052452;1;7;0;0;2;8;15;A01
201800052453;1;7;0;1;0;1;1;A01
201800052454;1;33;0;0;2;2;15;A01
201800052454;2;33;0;0;2;1;1;B01
201800052455;2;33;0;0;0;7;1;A01
201800052456;2;7;0;0;2;5;15;A01
201800052456;1;2;0;0;2;1;7;B01
201800052457;2;31;0;0;2;1;1;B01
201800052457;2;7;0;0;2;6;15;A01
201800052458;1;1;0;0;1;7;2;A01
201800052459;1;7;0;0;2;2;10;A01
201800052459;2;7;0;0;2;3;1;B01
201800052460;2;7;0;0;2;2;15;A01
201800052460;1;30;0;0;2;1;1;B01
201800052461;1;1;0;0;1;1;17;A01
201800052462;2;7;0;0;2;2;16;A01
201800052462;2;33;0;0;2;8;18;B01
201800052463;1;1;0;0;1;1;1;A01
201800052464;2;7;0;0;2;3;15;A01
201800052464;2;30;0;0;2;1;1;B01
201800052465;1;1;0;0;0;1;21;A01
201800052466;1;7;0;0;1;1;1;Z01
201800052467;2;2;0;0;2;1;1;A01
201800052467;1;10;0;0;2;6;9;B01
201800052468;1;7;0;0;2;5;1;A01
201800052468;1;33;0;0;2;1;9;B01
201800052469;1;32;0;12;2;8;1;A01
201800052469;1;10;0;0;2;0;14;Z01
201800052470;2;1;0;0;2;8;19;A01
201800052470;2;33;0;0;2;1;16;B01
201800052471;2;7;0;0;1;1;1;A01
201800052472;2;33;0;0;2;7;1;B01
201800052472;2;7;0;0;2;6;11;A01
201800052473;1;7;0;0;1;1;1;A01
201800052474;1;7;0;11;0;1;1;A01
201800052475;1;31;0;0;0;8;1;A01
201800052476;2;2;0;0;2;1;1;A01
201800052476;2;7;0;0;2;4;20;B01
201800052477;2;10;0;0;2;4;23;C01
201800052477;2;7;0;0;2;4;23;B01
201800052477;2;10;0;0;2;1;2;A01
201800052478;1;7;0;0;2;2;1;Z01
201800052478;2;99;0;0;2;5;1;B01
201800052479;1;7;0;0;2;6;15;B01
201800052479;1;33;0;0;2;2;17;A01
201800052480;1;7;0;0;1;3;15;A01
201800052481;2;1;0;0;2;1;1;B01
201800052481;1;10;0;0;2;3;1;A01
201800052482;1;7;0;0;2;3;9;A01
201800052482;1;32;0;0;2;1;1;B01
201800052483;1;34;0;0;2;7;18;A01
201800052483;1;7;0;0;2;7;22;B01
201800052484;0;10;0;0;2;1;2;A01
201800052484;0;7;0;0;2;4;23;B01
201800052485;1;32;0;0;2;7;18;A01
201800052485;2;10;0;0;2;0;1;B01
201800052486;0;7;0;0;2;6;12;A01
201800052486;0;17;0;0;2;1;2;B01
201800052487;1;7;0;0;2;5;21;B02
201800052487;1;10;0;0;2;1;1;A01
201800052488;0;31;0;0;2;3;7;A01
201800052488;0;7;0;0;2;2;16;B01
201800052489;1;2;0;0;2;2;17;B01
201800052489;1;1;0;0;2;8;13;A01
201800052490;2;33;0;0;2;8;1;B01
201800052490;1;7;0;0;2;1;15;A01
201800052491;2;30;0;0;2;1;1;B01
201800052491;1;7;0;0;2;3;15;A01
201800052492;0;7;0;0;2;5;1;Z01
201800052492;2;1;0;0;2;1;1;A01
201800052493;0;7;0;0;1;5;4;A01
201800052494;1;30;0;0;2;1;1;A01
201800052494;1;7;0;0;2;2;13;B01
201800052495;2;2;0;0;2;3;1;B01
201800052495;1;7;0;0;2;2;11;A01
201800052496;1;30;0;1;0;2;14;A01
201800052497;1;10;0;8;0;3;15;A01
201800052498;2;7;0;0;2;4;2;B01
201800052498;2;7;0;0;2;1;2;A01
201800052499;1;32;0;15;0;1;13;A01
201800052500;2;14;0;0;2;7;16;A01
201800052500;2;32;0;0;2;8;16;B01
201800052501;1;7;0;1;0;2;14;A01
201800052502;2;1;0;0;1;7;1;A01
201800052503;1;7;0;0;2;2;1;B01
201800052503;2;7;0;0;2;3;1;A01
201800052504;0;32;0;0;2;1;1;A01
201800052504;1;99;0;0;2;7;3;B01
201800052505;1;2;0;14;0;1;1;A01
201800052505;1;10;0;0;2;6;23;B01
201800052506;1;30;0;0;2;1;1;Z01
201800052506;1;30;0;0;2;8;15;A01
201800052507;1;32;0;14;0;0;17;A01
201800052508;2;1;0;9;0;1;1;A01
201800052509;2;33;0;9;0;1;21;A01
201800052510;1;32;0;0;0;7;1;A01
201800052511;2;37;15;0;1;7;1;A01
201800052512;1;34;0;0;2;2;17;A01
201800052512;1;7;0;0;2;8;15;B01
201800052513;2;7;0;0;2;1;1;B01
201800052513;1;7;0;0;2;8;5;A01
201800052514;2;7;0;0;2;5;14;Z01
201800052514;2;2;0;0;2;3;18;A01
201800052515;2;7;0;0;2;7;14;B01
201800052515;2;32;0;0;2;6;18;A01
201800052516;2;7;0;0;2;2;22;A01
201800052516;2;1;0;0;2;1;1;B01
201800052517;0;31;0;14;0;8;21;A01
201800052518;1;30;0;0;2;2;1;B01
201800052518;1;10;0;0;2;3;9;A01
201800052519;1;15;0;0;2;6;13;A01
201800052519;1;2;0;0;2;5;17;B01
201800052520;1;15;0;0;1;4;4;A01
201800052521;1;10;0;0;2;7;1;B01
201800052521;1;31;0;0;2;3;13;A01
201800052522;1;15;0;0;2;2;12;B01
201800052522;1;7;0;0;2;8;12;A01
201800052522;1;17;0;0;2;2;1;C01
201800052523;1;7;0;0;2;5;15;A01
201800052523;2;31;0;0;2;3;1;B01
201800052524;1;7;0;0;2;7;15;A01
201800052524;2;32;0;0;2;1;1;B01
201800052525;1;7;0;0;2;0;16;Z01
201800052525;2;30;0;0;2;7;1;A01
201800052526;1;1;0;0;2;1;2;B01
201800052526;2;10;0;0;2;4;4;A01
201800052527;1;30;0;0;0;8;15;A01
201800052528;2;7;0;0;2;7;16;A01
201800052528;2;7;0;0;2;3;1;B01
201800052529;1;30;0;0;2;2;15;A01
201800052529;2;30;0;0;2;3;1;B01
201800052530;1;30;0;0;2;1;1;B01
201800052530;1;7;0;0;2;6;15;A01
201800052531;2;34;0;14;0;2;18;A01
201800052532;2;30;0;0;2;3;1;B01
201800052532;1;7;0;0;2;2;1;A01
201800052533;1;32;0;0;2;8;1;B01
201800052533;1;10;0;0;2;2;14;A01
201800052534;1;7;0;0;1;7;7;A01
201800052535;1;2;0;0;2;8;13;A01
201800052535;1;33;0;0;2;8;1;B01
201800052536;1;7;0;0;2;0;15;Z01
201800052536;1;2;0;0;2;0;1;A01
201800052537;2;34;0;0;2;1;2;A01
201800052537;2;7;0;0;2;5;23;B01
201800052538;2;7;0;15;0;3;11;A01
201800052539;2;7;0;0;2;3;10;B01
201800052539;2;33;0;0;2;1;17;A01
201800052540;1;7;0;0;2;7;1;B01
201800052540;2;30;0;0;2;1;16;A01
201800052541;1;7;0;0;1;8;16;A01
201800052542;2;7;0;0;1;3;15;Z01
201800052543;2;32;0;12;0;1;13;A01
201800052544;2;7;0;0;2;6;15;A01
201800052544;2;30;0;0;2;7;1;B01
201800052545;1;7;0;0;2;4;2;Z01
201800052545;1;7;0;0;2;1;2;A01
201800052546;2;1;0;0;1;1;1;A01
201800052547;2;7;0;0;2;2;16;A01
201800052547;2;1;0;0;2;4;1;B01
201800052548;1;1;0;0;1;7;5;A01
201800052549;1;1;0;0;2;5;2;B01
201800052549;1;10;0;0;2;2;2;A01
201800052550;2;7;0;0;2;8;15;A01
201800052550;2;30;0;0;2;1;17;B01
201800052551;2;7;0;0;2;7;12;A01
201800052551;2;1;0;0;2;3;1;B01
201800052552;1;2;0;0;2;1;1;B01
201800052552;1;10;0;0;2;5;1;A01
201800052553;0;34;0;0;1;1;1;A01
201800052554;2;1;0;0;2;3;13;B01
201800052554;2;37;1;0;2;5;17;A01
201800052555;2;10;0;0;2;4;4;A01
201800052555;2;32;0;0;2;2;1;B01
201800052556;2;7;0;0;1;8;15;A01
201800052557;2;10;0;0;1;1;15;A01
201800052558;2;7;0;0;2;7;16;A01
201800052558;2;2;0;0;2;3;1;B01
201800052559;2;7;0;0;1;1;7;A01
201800052560;0;1;0;0;2;7;19;A01
201800052560;1;30;0;0;2;7;1;B01
201800052561;2;7;0;0;1;3;1;A01
201800052562;0;7;0;0;2;5;1;B01
201800052562;0;30;0;0;2;8;13;A01
201800052563;2;7;0;0;2;1;15;A01
201800052563;2;34;0;0;2;6;1;B01
201800052564;2;30;0;1;0;1;1;Z01
201800052564;2;7;0;0;2;2;22;A01
201800052565;2;7;0;0;2;3;15;A01
201800052565;1;30;0;0;2;8;1;B01
201800052566;1;10;0;0;2;8;9;B01
201800052566;1;32;0;0;2;1;17;A01
201800052567;1;7;0;0;2;8;10;A01
201800052567;1;34;0;0;2;1;1;B01
201800052568;1;32;0;0;2;3;1;A01
201800052568;2;1;0;0;2;7;1;B01
201800052569;2;30;0;0;0;2;16;A01
201800052570;2;7;0;0;2;8;15;A01
201800052570;2;33;0;0;2;1;5;B01
201800052571;1;7;0;0;1;1;1;A01
201800052572;1;10;0;0;1;1;17;A01
201800052573;1;10;0;0;2;4;23;B01
201800052573;1;33;0;0;2;1;2;A01
201800052574;2;7;0;0;1;3;1;A01
201800052575;2;34;0;0;2;2;2;B01
201800052575;2;7;0;0;2;6;15;A01
201800052576;2;30;0;0;1;3;1;A01
201800052577;1;30;0;0;2;2;1;A01
201800052577;1;7;0;0;2;2;15;B01
201800052578;1;1;0;0;2;1;7;A01
201800052578;1;10;0;0;2;6;7;B01
201800052579;2;34;0;0;2;8;1;B01
201800052579;1;7;0;0;2;1;9;A01
201800052580;1;7;0;0;1;1;15;A01
201800052581;1;7;0;0;1;4;4;A01
201800052582;1;7;0;0;1;2;1;A01
201800052583;2;7;0;0;2;6;2;B01
201800052583;2;32;0;0;2;1;2;A01
201800052584;0;37;30;0;2;1;7;B01
201800052584;0;7;0;0;2;5;16;A01
201800052585;2;32;0;0;1;1;17;A01
201800052586;2;7;0;0;2;1;15;A01
201800052586;1;30;0;0;2;1;1;B01
201800052587;1;7;0;7;1;5;20;A01
201800052588;2;7;0;0;2;7;16;A01
201800052588;1;99;0;0;2;7;19;B01
201800052589;0;32;0;0;0;0;21;A01
201800052590;0;7;0;0;2;2;16;A01
201800052590;0;1;0;0;2;8;1;B01
201800052591;1;7;0;0;1;2;1;A01
201800052592;1;10;0;0;1;2;15;A01
201800052593;1;32;0;0;0;2;1;A01
201800052594;1;33;0;0;1;1;17;A01
201800052595;2;33;0;0;1;7;1;A01
201800052596;0;33;0;0;2;7;23;A01
201800052596;0;14;0;0;2;0;1;Z01
201800052597;0;1;0;0;2;1;1;A01
201800052597;0;7;0;0;2;3;21;B01
201800052598;1;7;0;0;2;2;9;A01
201800052598;1;33;0;0;2;3;1;B01
201800052599;0;7;0;1;2;6;23;B01
201800052599;0;7;0;1;2;2;2;A01
201800052600;2;30;0;0;2;3;9;A01
201800052600;2;7;0;0;2;2;1;B01
201800052601;2;30;0;12;0;1;13;A01
201800052602;2;32;0;0;0;3;1;A01
201800052603;1;7;0;0;2;7;14;A01
201800052603;1;32;0;0;2;3;1;B01
201800052604;1;1;0;0;2;0;15;B01
201800052604;1;30;0;8;0;1;17;A01
201800052605;1;10;0;0;2;2;2;A01
201800052605;1;1;0;0;2;4;2;B01
201800052606;2;10;0;0;2;7;14;A01
201800052606;2;2;0;0;2;8;1;B01
201800052607;1;10;0;0;2;3;15;A01
201800052607;2;32;0;0;2;0;1;B01
201800052608;2;31;0;0;2;1;1;B01
201800052608;2;7;0;0;2;2;10;A01
201800052609;1;7;0;11;0;3;13;A01
201800052610;1;7;0;0;2;2;15;A01
201800052610;2;1;0;0;2;1;1;B01
201800052611;0;40;1;0;1;3;1;A01
201800052612;1;7;0;0;1;3;1;A01
201800052613;1;7;0;0;2;2;2;A01
201800052613;1;7;0;0;2;6;2;B01
201800052614;2;7;0;0;2;1;7;B01
201800052614;2;32;0;0;2;4;16;A01
201800052615;1;1;0;0;2;0;1;B01
201800052615;1;10;0;0;2;3;1;A01
201800052616;0;7;0;0;2;3;1;B01
201800052616;1;1;0;0;2;1;1;A01
201800052617;2;7;0;0;2;8;22;A01
201800052617;2;1;0;1;2;1;1;B01
201800052618;1;14;0;0;2;3;15;A01
201800052618;2;1;0;0;2;3;1;B01
201800052619;2;33;0;1;2;2;17;B01
201800052619;2;7;0;0;2;3;15;A01
201800052620;2;1;0;0;1;1;1;A01
201800052621;2;1;0;0;1;1;1;A01
201800052622;2;33;0;0;2;4;17;A01
201800052622;2;7;0;0;2;1;13;Z01
201800052623;1;30;0;0;2;1;5;A01
201800052623;1;7;0;0;2;2;1;B01
201800052624;2;33;0;0;0;8;7;A01
201800052625;2;33;0;0;2;1;1;B01
201800052625;1;7;0;0;2;2;15;A01
201800052626;1;37;1;0;1;1;7;A01
201800052627;2;7;0;0;2;4;23;B01
201800052627;2;7;0;0;2;1;2;A01
201800052627;2;7;0;0;2;4;23;D01
201800052627;2;7;0;0;2;4;23;C01
201800052628;0;7;0;0;1;2;16;A01
201800052629;1;34;0;0;2;1;5;A01
201800052629;2;7;0;0;2;3;23;C01
201800052629;2;33;0;0;2;1;1;B01
201800052630;2;1;0;0;2;8;1;B01
201800052630;2;13;0;0;2;2;16;A01
201800052631;1;7;0;0;2;1;15;A01
201800052631;2;34;0;0;2;3;1;B01
201800052632;2;32;0;0;2;3;1;B01
201800052632;1;10;0;0;2;3;15;A01
201800052633;1;30;0;0;0;7;1;A01
201800052634;1;7;0;0;1;1;1;A01
201800052635;1;7;0;0;2;3;1;B01
201800052635;1;30;0;0;2;7;1;A01
201800052636;2;7;0;0;2;7;15;B01
201800052636;1;7;0;0;2;1;1;A01
201800052637;1;7;0;0;1;2;15;A01
201800052638;1;7;0;0;2;4;10;Z01
201800052638;1;33;0;0;2;1;1;A01
201800052639;2;33;0;14;0;3;13;A01
201800052640;2;10;0;0;2;1;1;A01
201800052640;1;10;0;0;2;3;1;B01
201800052641;2;7;0;0;1;3;16;A01
201800052642;1;7;0;0;2;3;13;A01
201800052642;1;34;0;4;2;7;1;B01
201800052643;1;2;0;1;0;1;14;A01
201800052644;1;7;0;0;2;1;2;A01
201800052644;1;7;0;0;2;4;23;B01
201800052645;1;7;0;0;1;4;4;A01
201800052646;1;34;0;0;1;1;1;A01
201800052647;1;7;0;0;2;3;1;A01
201800052647;2;2;0;0;2;1;1;B01
201800052648;2;10;0;0;2;5;16;A01
201800052648;2;1;0;0;2;1;1;B01
201800052649;2;33;0;0;1;1;1;A01
201800052650;1;2;0;0;0;2;1;A01
201800052651;1;7;0;15;0;1;16;A01
201800052652;1;33;0;0;1;8;1;A01
201800052653;1;7;0;0;2;2;16;B01
201800052653;1;32;0;8;2;2;16;A01
201800052654;2;1;0;0;1;1;1;A01
201800052655;2;7;0;0;1;1;15;A01
201800052656;1;7;0;0;2;1;1;B01
201800052656;1;7;0;0;2;7;1;A01
201800052657;2;7;0;0;2;3;1;A01
201800052657;2;32;0;0;2;4;1;B01
201800052658;2;7;0;0;2;3;9;A01
201800052658;2;33;0;0;2;2;1;B01
201800052659;2;7;0;11;2;0;1;A01
201800052659;2;32;0;0;2;2;1;B01
201800052660;1;32;0;0;2;2;17;A01
201800052660;1;7;0;0;2;3;15;B01
201800052661;2;7;0;0;2;4;1;A01
201800052661;1;7;0;0;2;4;23;B01
201800052662;2;1;0;0;2;1;5;A01
201800052662;1;32;0;0;2;6;1;B01
201800052663;2;7;0;6;0;1;1;A01
201800052664;1;30;0;0;2;3;1;B01
201800052664;2;7;0;0;2;0;15;A01
201800052665;1;7;0;7;0;1;14;A01
201800052666;1;7;0;0;2;6;1;B01
201800052666;1;10;0;0;2;1;1;A01
201800052667;1;33;0;0;1;1;1;A01
201800052668;2;1;0;0;2;1;1;B01
201800052668;2;34;0;0;2;2;1;A01
201800052669;2;10;0;0;2;1;2;A01
201800052669;2;7;0;0;2;4;23;B01
201800052670;2;10;0;0;1;2;15;A01
201800052671;2;31;0;0;2;1;1;B01
201800052671;1;7;0;0;2;3;15;A01
201800052672;2;34;0;12;0;1;1;A01
201800052673;2;31;0;0;1;2;16;A01
201800052674;2;30;0;0;2;1;18;A01
201800052674;1;7;0;0;2;2;15;B01