num_acc;senc;catv;occutc;obs;obsm;choc;manv;num_veh
201800053810;1;7;0;0;1;1;15;A01
201800053811;0;7;0;0;1;2;1;A01
201800053812;1;7;0;0;2;2;15;A01
201800053812;2;33;0;0;2;3;1;B01
201800053813;1;7;0;0;2;7;15;A01
201800053813;2;33;0;0;2;1;1;B01
201800053814;1;32;0;0;1;1;1;A01
201800053815;1;32;0;0;2;3;18;A01
201800053815;1;7;0;0;2;7;22;B01
201800053816;1;7;0;0;2;2;15;A01
201800053816;2;33;0;0;2;8;1;B01
201800053817;1;7;0;0;1;4;4;Z01
201800053818;1;34;0;0;2;2;1;B01
201800053818;1;32;0;0;2;6;18;A01
201800053819;1;10;0;0;2;6;1;B01
201800053819;1;2;0;0;2;2;1;A01
201800053820;1;1;0;1;2;1;1;A01
201800053820;1;7;0;0;2;8;22;B01
201800053821;1;33;0;0;1;1;1;A01
201800053822;1;30;0;0;2;8;17;B01
201800053822;1;7;0;0;2;1;15;A01
201800053823;2;7;0;0;2;3;10;A01
201800053823;1;2;0;0;2;1;1;B01
201800053824;2;7;0;9;0;3;13;A01
201800053825;1;32;0;0;2;3;1;B01
201800053825;1;7;0;0;2;2;1;A01
201800053826;1;7;0;14;9;3;1;A01
201800053827;2;34;0;0;2;1;17;A01
201800053827;2;7;0;0;2;6;15;B01
201800053828;2;7;0;9;0;1;13;A01
201800053829;1;2;0;0;2;1;1;A01
201800053829;1;32;0;0;2;3;9;B01
201800053830;1;7;0;0;1;1;1;Z01
201800053831;1;1;0;0;1;1;1;A01
201800053832;1;7;0;0;1;2;1;A01
201800053833;1;10;0;0;2;1;15;A01
201800053833;1;33;0;0;2;8;19;B01
201800053834;1;7;0;0;1;2;16;A01
201800053835;1;32;0;1;1;1;1;A01
201800053836;1;10;0;0;2;4;1;A01
201800053836;1;7;0;0;2;4;23;B01
201800053837;2;10;0;0;2;2;16;B01
201800053837;1;30;0;0;2;1;18;A01
201800053838;1;33;0;0;2;1;1;A01
201800053838;1;7;0;0;2;0;16;B01
201800053839;2;33;0;0;2;1;15;A01
201800053839;2;7;0;0;2;8;15;B01
201800053840;2;7;0;0;2;8;23;C01
201800053840;1;7;0;0;2;6;23;D01
201800053840;2;7;0;0;2;5;23;B01
201800053840;2;7;0;0;2;1;1;A01
201800053841;2;7;0;0;2;7;2;B01
201800053841;2;30;0;0;2;8;18;A01
201800053842;1;30;0;0;2;1;1;A01
201800053842;1;7;0;0;2;6;1;B01
201800053843;2;7;0;0;2;3;2;A01
201800053843;0;2;0;0;2;1;12;B01
201800053844;1;10;0;0;1;1;15;A01
201800053845;1;7;0;0;2;2;1;A01
201800053845;1;7;0;0;2;6;23;B01
201800053845;1;7;0;0;2;3;0;C01
201800053846;1;2;0;0;1;3;2;A01
201800053847;2;32;0;0;1;1;17;A01
201800053848;1;7;0;0;2;2;14;Z01
201800053848;1;1;0;0;2;3;7;B01
201800053849;0;38;1;0;2;8;13;A01
201800053849;0;32;0;0;2;7;1;B01
201800053850;2;10;0;0;2;8;15;B01
201800053850;2;32;0;0;2;7;17;A01
201800053851;1;7;0;0;1;1;1;A01
201800053852;2;7;0;7;0;1;1;A01
201800053853;2;10;0;0;2;6;24;B01
201800053853;2;7;0;1;2;2;14;A01
201800053854;1;7;0;0;1;8;10;A01
201800053855;2;30;0;0;1;1;1;A01
201800053856;1;30;0;0;0;8;21;A01
201800053857;2;1;0;1;0;1;1;B01
201800053857;2;10;0;0;0;3;22;A01
201800053858;2;7;0;0;2;3;13;A01
201800053858;2;33;0;0;2;1;17;B01
201800053859;1;32;0;0;0;0;1;A01
201800053860;2;1;0;0;2;4;13;B01
201800053860;2;32;0;0;2;1;1;A01
201800053861;1;30;0;0;2;8;19;A01
201800053861;2;7;0;0;2;2;1;B01
201800053862;1;32;0;0;2;1;1;A01
201800053862;2;7;0;0;2;3;1;B01
201800053863;0;34;0;0;2;4;1;A01
201800053863;0;7;0;0;2;1;1;Z01
201800053864;2;34;0;0;2;1;18;A01
201800053864;1;7;0;0;2;3;16;B01
201800053865;2;10;0;0;2;2;15;B01
201800053865;1;30;0;0;2;2;1;A01
201800053866;2;7;0;0;2;2;15;B01
201800053866;1;10;0;0;2;1;1;A01
201800053867;1;32;0;0;2;1;18;A01
201800053867;1;33;0;0;2;2;16;B01
201800053868;1;7;0;0;2;7;10;B01
201800053868;1;33;0;0;2;1;1;A01
201800053869;1;7;0;0;1;1;16;A01
201800053870;1;30;0;0;1;3;15;A01
201800053871;1;10;0;0;2;2;1;B01
201800053871;1;30;0;0;2;3;11;A01
201800053872;1;2;0;0;2;1;17;A01
201800053872;1;10;0;0;2;8;10;B01
201800053873;1;10;0;0;1;1;1;A01
201800053874;1;7;0;0;2;3;1;B01
201800053874;1;33;0;0;2;7;12;A01
201800053875;2;1;0;1;2;1;1;B01
201800053875;2;7;0;0;2;3;22;A01
201800053876;1;30;0;1;0;1;14;A01
201800053877;1;7;0;0;2;1;15;A01
201800053877;2;1;0;0;2;1;1;B01
201800053878;1;37;1;0;2;4;24;B01
201800053878;1;37;1;1;0;1;20;A01
201800053879;1;30;0;0;1;2;1;A01
201800053880;2;7;0;0;2;5;10;A01
201800053880;2;30;0;0;2;1;1;B01
201800053881;2;1;0;0;2;7;1;B01
201800053881;2;7;0;0;2;3;22;A01
201800053882;2;32;0;0;1;2;8;A01
201800053883;2;7;0;0;2;2;15;A01
201800053883;1;33;0;0;2;3;1;B01
201800053884;0;34;0;0;2;5;1;A01
201800053884;0;7;0;0;2;0;15;B01
201800053885;1;1;0;0;1;1;1;A01
201800053886;1;33;0;0;1;1;1;A01
201800053887;1;30;0;1;1;1;1;A01
201800053888;1;7;0;0;1;3;15;A01
201800053889;1;31;0;0;2;1;17;A01
201800053889;1;7;0;0;2;3;10;B01
201800053890;2;7;0;0;1;7;1;A01
201800053891;1;7;0;0;1;1;16;A01
201800053892;2;7;0;0;2;6;23;B01
201800053892;2;1;0;0;2;1;7;A01
201800053893;2;7;0;0;2;3;20;B01
201800053893;2;30;0;0;2;2;14;A01
201800053894;2;7;0;0;2;1;10;B01
201800053894;1;32;0;0;2;9;17;A01
201800053895;2;7;0;0;2;1;2;A01
201800053895;2;34;0;0;2;4;23;B01
201800053896;1;10;0;0;1;1;16;A01
201800053897;2;33;0;0;1;1;1;A01
201800053898;1;7;0;0;2;6;23;B01
201800053898;1;30;0;0;2;1;2;A01
201800053899;2;30;0;0;2;1;15;A01
201800053899;1;7;0;0;2;2;1;B01
201800053900;1;30;0;0;0;8;1;A01
201800053901;2;30;0;14;0;1;14;A01
201800053902;2;33;0;0;1;3;21;A01
201800053903;1;7;0;0;1;3;1;A01
201800053904;0;7;0;0;2;2;12;A01
201800053904;0;33;0;0;2;6;11;B01
201800053905;2;1;0;0;2;4;23;B01
201800053905;1;7;0;0;2;1;2;A01
201800053906;1;1;0;0;2;3;1;B01
201800053906;1;7;0;0;2;2;14;A01
201800053907;2;30;0;0;2;6;17;A01
201800053907;2;7;0;0;2;7;17;B01
201800053908;2;7;0;11;0;3;15;A01
201800053909;2;32;0;1;0;7;14;A01
201800053909;2;7;0;0;2;6;24;B01
201800053910;2;7;0;0;2;3;17;B01
201800053910;2;30;0;0;2;2;1;A01
201800053911;0;33;0;12;0;1;1;A01
201800053912;2;7;0;0;1;2;1;A01
201800053913;1;32;0;0;2;3;23;B01
201800053913;1;7;0;0;2;5;4;A01
201800053914;1;1;0;0;0;0;21;A01
201800053915;1;7;0;0;2;0;12;Z01
201800053915;1;32;0;0;2;3;3;A01
201800053916;2;7;0;0;2;2;1;A01
201800053916;2;30;0;0;2;8;1;B01
201800053917;1;7;0;0;2;4;1;B01
201800053917;1;7;0;0;2;1;9;A01
201800053918;1;7;0;0;2;6;20;B01
201800053918;1;1;0;0;2;1;2;A01
201800053919;1;32;0;0;2;1;1;A01
201800053919;2;7;0;0;2;7;15;Z01
201800053920;1;7;0;0;2;2;16;Z01
201800053920;1;1;0;0;0;8;1;A01
201800053921;1;31;0;0;2;1;1;B01
201800053921;1;10;0;0;2;4;4;A01
201800053922;1;7;0;0;2;4;2;B01
201800053922;1;7;0;0;2;1;2;A01
201800053923;2;7;0;15;2;5;1;A01
201800053923;1;7;0;0;2;1;1;B01
201800053924;2;7;0;0;2;2;14;A01
201800053924;2;1;0;0;2;8;7;B01
201800053925;2;34;0;0;1;1;1;A01
201800053926;1;30;0;0;2;2;14;A01
201800053926;1;7;0;0;2;3;7;B01
201800053927;1;30;0;0;2;7;17;A01
201800053927;1;7;0;0;2;8;10;Z01
201800053928;2;10;0;0;1;1;1;A01
201800053929;1;7;0;0;1;1;15;A01
201800053930;2;7;0;0;2;8;10;A01
201800053930;2;30;0;0;2;1;1;B01
201800053931;1;99;0;0;1;2;1;A01
201800053932;1;10;0;0;1;2;15;A01
201800053933;1;33;0;0;0;2;21;A01
201800053934;1;32;0;0;2;1;23;B01
201800053934;1;7;0;0;2;1;2;A01
201800053935;1;7;0;0;2;2;16;B01
201800053935;1;30;0;0;2;3;18;A01
201800053936;1;2;0;0;2;1;15;A01
201800053936;2;32;0;0;2;3;1;B01
201800053937;1;34;0;0;2;3;15;A01
201800053937;1;7;0;0;2;0;1;B01
201800053938;1;7;0;0;2;2;1;Z01
201800053938;1;7;0;0;2;3;9;B01
201800053939;0;7;0;0;2;1;1;A01
201800053939;1;7;0;0;2;6;1;B01
201800053940;1;2;0;0;2;3;18;B01
201800053940;1;7;0;0;2;5;16;A01
201800053941;1;10;0;0;1;5;4;A01
201800053942;1;7;0;0;2;0;1;B01
201800053942;1;32;0;0;2;0;1;A01
201800053943;2;30;0;0;0;0;17;A01
201800053944;2;30;0;0;1;1;1;A01
201800053945;1;10;0;1;0;3;14;A01
201800053946;1;7;0;0;2;2;15;A01
201800053946;1;32;0;0;2;1;1;B01
201800053947;1;7;0;0;2;2;15;A01
201800053947;0;34;0;0;2;1;1;B01
201800053947;0;34;0;0;2;1;1;C01
201800053948;1;7;0;0;1;1;16;A01
201800053949;2;33;0;0;1;1;18;A01
201800053950;0;7;0;0;1;0;1;Z01
201800053951;1;2;0;0;2;0;1;A01
201800053952;2;33;0;0;0;0;1;A01
201800053953;1;7;0;0;1;3;16;A01
201800053954;1;7;0;0;1;1;17;A01
201800053955;1;2;0;0;1;3;1;A01
201800053956;0;10;0;0;2;3;22;A01
201800053956;1;7;0;0;2;2;23;C01
201800053956;1;32;0;0;2;2;1;B01
201800053957;1;31;0;0;1;1;17;A01
201800053958;0;31;0;0;2;4;1;B01
201800053958;0;7;0;0;2;3;2;A01
201800053959;1;7;0;0;2;2;16;B01
201800053959;1;34;0;0;2;3;18;A01
201800053960;1;7;0;0;2;4;2;B01
201800053960;1;7;0;0;2;1;2;A01
201800053960;1;7;0;0;2;4;2;C01
201800053961;1;7;0;0;2;1;2;B01
201800053961;1;7;0;0;2;4;23;C01
201800053961;1;10;0;0;2;1;2;A01
201800053962;1;10;0;0;0;0;11;A01
201800053962;1;33;0;0;0;0;1;B01
201800053963;1;7;0;0;2;1;2;A01
201800053963;1;7;0;0;2;4;2;B01
201800053964;1;7;0;0;2;0;1;B01
201800053964;2;34;0;0;2;1;1;A01
201800053965;1;7;0;0;2;6;1;A01
201800053965;1;1;0;0;2;1;1;B01
201800053966;2;10;0;0;1;3;1;A01
201800053967;1;7;0;0;1;1;1;A01
201800053968;1;7;0;0;1;3;17;A01
201800053969;2;34;0;0;0;3;1;A01
201800053970;2;14;0;0;1;2;1;A01
201800053971;1;31;0;0;2;1;1;B01
201800053971;1;7;0;0;2;3;10;A01
201800053972;1;2;0;0;2;0;16;B01
201800053972;1;7;0;0;2;8;5;A01
201800053973;1;7;0;0;2;1;1;A01
201800053973;1;1;0;0;2;7;19;B01
201800053974;1;7;0;0;2;2;16;A01
201800053974;1;99;0;0;2;1;5;B02
201800053975;1;30;0;14;0;1;17;A01
201800053976;2;30;0;0;1;1;18;A01
201800053977;1;10;0;0;2;4;9;A01
201800053977;1;2;0;0;2;7;1;B01
201800053978;1;33;0;0;0;0;1;A01
201800053979;1;1;0;0;1;1;1;A01
201800053980;1;7;0;0;2;2;1;B01
201800053980;1;32;0;0;2;3;1;A01
201800053981;1;33;0;0;2;7;1;B01
201800053981;1;10;0;0;2;1;1;A01
201800053982;1;31;0;0;1;1;1;A01
201800053983;1;10;0;0;1;2;15;A01
201800053984;1;7;0;0;2;7;1;A01
201800053984;1;7;0;0;2;1;1;B01
201800053985;2;10;0;0;2;8;15;A01
201800053985;2;32;0;0;2;7;17;B01
201800053986;1;7;0;8;0;1;14;A01
201800053987;1;7;0;1;0;2;14;A01
201800053988;1;32;0;0;1;1;18;A01
201800053989;1;7;0;0;2;3;1;Z01
201800053989;0;99;0;0;2;0;0;R01
201800053990;1;7;0;0;1;1;15;A01
201800053991;2;1;0;0;1;1;1;A01
201800053992;2;10;0;0;2;3;9;A01
201800053992;2;2;0;0;2;1;7;B01
201800053993;1;32;0;0;0;7;21;A01
201800053994;1;1;0;11;2;4;1;B01
201800053994;1;10;0;11;2;1;1;Z01
201800053995;1;32;0;0;1;1;21;A01
201800053996;1;7;0;1;1;1;20;A01
201800053997;1;7;0;0;1;1;21;A01
201800053998;2;7;0;12;0;3;13;A01
201800053999;1;2;0;0;1;1;1;A01
201800054000;1;7;0;0;1;3;1;A01
201800054001;2;7;0;0;1;1;1;A01
201800054002;2;7;0;0;2;4;23;B01
201800054002;2;7;0;0;2;1;1;A01
201800054003;1;7;0;0;2;0;1;Z01
201800054003;1;7;0;16;2;4;1;B01
201800054004;2;30;0;0;0;7;1;A01
201800054005;2;7;0;0;1;1;16;A01
201800054006;1;32;0;0;2;1;1;A01
201800054006;2;32;0;0;2;1;15;B01
201800054007;1;7;0;0;1;6;16;Z01
201800054008;2;2;0;0;0;0;1;A01
201800054009;2;7;0;8;0;2;7;A01
201800054010;1;13;0;0;1;1;2;A01
201800054011;2;31;0;0;2;3;1;B01
201800054011;1;10;0;0;2;0;15;A01
201800054012;2;31;0;0;1;1;1;A01
201800054013;1;7;0;0;2;2;1;A01
201800054013;1;32;0;0;2;8;1;B01
201800054014;1;7;0;0;1;3;16;A01
201800054015;1;31;0;0;2;1;1;A01
201800054015;2;7;0;0;2;3;15;Z01
201800054016;1;31;0;0;2;1;1;B01
201800054016;1;7;0;0;2;3;9;A01
201800054017;1;7;0;0;2;6;23;B01
201800054017;2;2;0;0;2;1;13;A01
201800054017;1;7;0;0;2;3;2;C01
201800054018;1;7;0;0;2;1;1;A01
201800054018;2;2;0;0;2;7;15;B01
201800054019;2;1;0;0;2;1;1;A01
201800054019;2;7;0;0;2;2;22;Z01
201800054020;1;7;0;0;1;1;1;A01
201800054021;2;33;0;1;0;3;1;A01
201800054022;2;30;0;1;0;3;18;B01
201800054022;2;7;0;1;0;5;22;A01
201800054023;1;32;0;0;0;0;1;A01
201800054024;1;31;0;0;2;3;21;A01
201800054025;1;30;0;0;2;2;1;A01
201800054025;1;7;0;0;2;2;1;B01
201800054026;1;2;0;0;1;1;1;A01
201800054027;1;7;0;2;0;1;16;A01
201800054028;1;33;0;0;2;1;1;A01
201800054028;1;10;0;0;2;4;14;B01
201800054029;1;7;0;0;2;8;1;B01
201800054029;2;7;0;11;2;9;1;A01
201800054029;1;7;0;0;2;8;1;C01
201800054030;1;7;0;0;2;7;14;A01
201800054030;1;33;0;0;2;8;18;B01
201800054031;1;7;0;0;2;1;1;B01
201800054031;1;1;0;0;2;8;13;A01
201800054032;1;31;0;0;1;2;1;A01
201800054033;1;30;0;0;1;0;1;Z01
201800054034;2;30;0;0;1;3;1;A01
201800054035;2;7;0;0;2;1;2;A01
201800054035;2;10;0;0;2;5;2;B01
201800054036;1;7;0;0;2;2;10;A01
201800054036;2;34;0;0;2;8;1;B01
201800054037;2;7;0;0;1;2;1;A01
201800054038;1;34;0;0;1;1;1;Z01
201800054039;1;7;0;0;2;3;1;A01
201800054039;1;7;0;0;2;7;1;Z01
201800054040;1;7;0;4;2;4;23;B01
201800054040;1;7;0;4;2;1;1;A01
201800054041;1;2;0;0;2;3;1;A01
201800054041;1;1;0;0;2;2;14;B01
201800054042;1;7;0;0;2;4;1;A01
201800054042;1;7;0;0;2;4;1;B01
201800054042;1;7;0;0;2;1;1;Z01
201800054043;1;7;0;0;2;2;16;Z01
201800054043;2;2;0;0;2;8;1;A01
201800054044;1;7;0;0;2;3;10;A01
201800054044;1;30;0;0;2;1;17;B01
201800054045;1;7;0;0;1;5;4;A01
201800054046;2;2;0;0;2;8;1;A01
201800054046;1;7;0;0;2;3;10;Z01
201800054047;2;1;0;0;1;1;1;Z01
201800054048;2;31;0;0;1;1;1;A01
201800054049;2;33;0;0;1;1;1;A01
201800054050;1;7;0;0;1;1;1;Z01
201800054051;1;7;0;0;2;0;1;Z01
201800054051;2;7;0;0;2;2;1;A01
201800054052;2;32;0;0;2;7;23;B01
201800054052;2;7;0;0;2;4;1;A01
201800054053;1;7;0;0;9;6;23;A01
201800054053;1;34;0;0;2;1;2;Z01
201800054054;1;7;0;8;0;1;14;A01
201800054055;2;1;0;0;2;2;19;B01
201800054055;2;31;0;0;2;1;1;A01
201800054056;2;10;0;0;2;1;1;A01
201800054056;2;7;0;0;2;4;1;B01
201800054057;2;7;0;0;2;2;16;A01
201800054057;1;2;0;0;2;3;1;B01
201800054058;1;31;0;0;2;1;1;A01
201800054058;1;1;0;0;2;3;15;B01
201800054059;2;7;0;0;2;7;1;B01
201800054059;1;32;0;0;2;1;1;A01
201800054060;1;7;0;0;1;2;1;A01
201800054061;2;2;0;0;1;1;18;A01
201800054062;1;32;0;0;2;2;17;A01
201800054062;1;10;0;0;2;8;13;Z01
201800054063;1;31;0;0;2;2;17;B01
201800054063;1;10;0;0;2;3;13;A01
201800054064;1;7;0;0;2;3;10;B01
201800054064;1;33;0;0;2;1;1;A01
201800054065;1;31;0;0;1;2;7;A01
201800054066;1;10;0;0;1;3;15;A01
201800054067;2;7;0;0;2;1;9;A01
201800054067;1;31;0;0;2;7;1;B01
201800054068;1;33;0;0;1;0;1;Z01
201800054069;1;7;0;0;2;3;1;B01
201800054069;1;34;0;0;2;2;15;A01
201800054070;1;7;0;0;1;3;15;A01
201800054071;1;32;0;0;1;1;1;A01
201800054072;2;7;0;0;1;8;17;A01
201800054073;1;7;0;0;1;3;1;A01
201800054074;1;30;0;0;2;7;1;A01
201800054074;1;7;0;0;2;1;1;Z01
201800054075;1;2;0;0;1;3;1;A01
201800054076;2;10;0;0;2;3;22;A01
201800054076;2;1;0;0;2;1;17;B01
201800054077;2;1;0;0;1;1;1;A01
201800054078;1;7;0;0;2;1;2;A01
201800054078;1;7;0;0;2;4;23;B01
201800054079;2;7;0;0;2;8;1;A01
201800054079;1;7;0;0;2;1;11;B01
201800054080;2;2;0;0;2;8;15;A01
201800054080;2;17;0;0;2;2;15;Z01
201800054081;2;38;0;0;2;7;22;B01
201800054081;2;30;0;1;2;3;18;A01
201800054082;2;14;0;0;1;8;1;A01
201800054083;1;32;0;0;2;1;1;A01
201800054083;2;7;0;0;2;1;15;B01
201800054084;2;32;0;0;2;1;15;A01
201800054084;2;7;0;0;2;8;1;B01
201800054085;1;7;0;0;2;5;23;B01
201800054085;1;7;0;0;2;2;1;A01
201800054086;2;37;0;0;0;0;1;A01
201800054087;1;2;0;0;1;0;1;Z01
201800054088;1;7;0;0;1;2;1;A01
201800054089;1;7;0;0;1;2;1;A01
201800054090;2;33;0;0;2;1;1;B01
201800054090;2;10;0;0;2;2;9;A01
201800054091;0;33;0;0;1;3;1;Z01
201800054092;2;37;0;0;1;2;7;A01
201800054093;2;7;0;0;2;5;1;B01
201800054093;2;7;0;0;2;3;16;A01
201800054094;1;7;0;0;2;0;1;Z01
201800054094;1;32;0;0;2;8;23;B01
201800054095;1;32;0;0;2;8;23;B01
201800054095;1;14;0;0;2;2;14;A01
201800054096;2;34;0;0;1;1;17;Z01
201800054097;1;14;0;0;1;3;1;A01
201800054098;1;1;0;0;2;1;1;B01
201800054098;1;7;0;0;2;4;4;A01
201800054099;2;10;0;0;2;2;10;A01
201800054099;2;2;0;0;2;1;17;B01
201800054100;1;7;0;0;1;1;15;A01
201800054101;2;7;0;0;2;7;14;A01
201800054101;2;1;0;0;2;8;1;B01
201800054102;2;31;0;0;2;2;17;B01
201800054102;2;7;0;0;2;3;13;A01
201800054103;2;7;0;0;2;0;1;Z01
201800054103;2;7;0;0;2;3;1;A01
201800054104;2;10;0;0;1;2;1;A01
201800054105;2;7;0;0;1;1;1;Z01
201800054106;2;32;0;0;2;7;1;A01
201800054106;2;7;0;0;2;8;13;Z01
201800054107;1;10;0;0;2;3;22;A01
201800054107;1;2;0;0;2;2;3;B01
201800054108;2;10;0;0;9;2;7;A01
201800054108;2;99;0;0;2;4;18;B01
201800054109;2;7;0;0;2;6;23;A01
201800054109;2;7;0;0;2;0;1;B01
201800054110;1;7;0;0;2;0;1;Z01
201800054110;1;32;0;0;2;6;1;A01
201800054111;1;33;0;0;2;1;21;B01
201800054111;1;7;0;0;2;6;1;A01
201800054112;2;7;0;0;2;1;1;B01
201800054112;2;7;0;0;2;4;1;C01
201800054112;2;7;0;0;2;1;1;A01
201800054112;1;7;0;0;2;4;1;D01
201800054113;1;2;0;0;2;1;15;A01
201800054113;1;2;0;0;2;8;1;B01
201800054114;1;30;0;0;1;1;1;Z01
201800054115;1;7;0;0;2;6;16;A01
201800054115;1;2;0;0;2;2;1;B01
201800054116;1;7;0;0;1;1;16;A01
201800054117;1;7;0;0;1;8;1;Z01
201800054118;1;7;0;0;2;1;1;A01
201800054118;2;31;0;0;2;8;1;B01
201800054119;1;10;0;0;1;8;1;A01
201800054120;2;7;0;0;2;1;1;Z01
201800054120;2;7;0;0;2;4;23;A01
201800054120;2;1;0;0;2;4;19;B01
201800054121;1;7;0;14;1;3;7;A01
201800054122;2;37;0;0;1;2;7;A01
201800054123;1;7;0;0;1;2;16;A01
201800054124;1;14;0;0;2;1;2;A01
201800054124;1;7;0;0;2;4;2;B01
201800054125;2;30;0;0;2;3;3;A01
201800054125;2;7;0;0;2;5;1;B01
201800054126;1;30;0;0;1;1;15;A01
201800054127;2;30;0;0;2;7;1;A01
201800054127;2;7;0;0;2;3;16;B01
201800054128;2;10;0;0;2;6;9;A01
201800054128;2;1;0;0;2;1;1;B01
201800054129;1;7;0;6;0;1;1;A01
201800054130;1;7;0;0;2;3;1;Z01
201800054130;2;30;0;0;2;1;1;A01
201800054131;2;1;0;0;2;7;1;B01
201800054131;1;7;0;0;2;3;1;A01
201800054132;1;32;0;4;0;2;14;A01
201800054133;2;2;0;0;2;3;18;A01
201800054133;2;7;0;0;2;2;16;B01
201800054134;1;7;0;0;1;2;1;A01
201800054135;1;30;0;0;2;3;18;A01
201800054135;1;10;0;0;2;2;16;B01
201800054136;1;31;0;0;0;7;1;A01
201800054137;2;7;0;0;2;8;22;A01
201800054137;2;1;0;0;2;2;1;B01
201800054137;2;2;0;0;2;7;21;C01
201800054138;1;7;0;0;1;1;1;A01
201800054139;1;10;0;0;2;2;9;A01
201800054139;1;2;0;0;2;1;1;B01
201800054140;0;2;0;0;0;7;1;A01
201800054141;1;33;0;0;1;2;1;A01
201800054142;1;1;0;0;0;2;21;A01
201800054143;2;34;0;0;2;3;1;B01
201800054143;1;7;0;0;2;1;15;A01
201800054144;2;2;0;0;2;1;1;C01
201800054144;1;32;0;0;2;3;1;B01
201800054144;1;7;0;0;2;5;1;A01
201800054145;1;34;0;0;2;1;17;A01
201800054145;1;1;0;0;2;8;15;B01
201800054146;1;32;0;0;2;3;18;A01
201800054146;1;7;0;0;2;2;16;B01
201800054147;2;2;0;0;2;7;15;A01
201800054147;1;7;0;0;2;3;1;B01
201800054148;2;2;0;0;2;1;13;A01
201800054148;1;10;0;0;2;1;1;B01
201800054149;1;7;0;0;1;4;20;A01
201800054150;2;34;0;4;0;7;1;A01
201800054151;1;7;0;0;2;2;16;A01
201800054151;1;1;0;0;2;1;1;B01
201800054152;2;7;0;0;2;3;13;A01
201800054152;2;2;0;14;2;1;17;B01
201800054153;1;33;0;0;1;1;1;A01
201800054154;1;1;0;0;2;1;1;B01
201800054154;1;14;0;0;2;5;16;A01
201800054155;1;1;0;0;1;2;1;A01
201800054156;1;1;0;1;2;0;1;B01
201800054156;1;7;0;0;2;3;22;A01
201800054157;1;33;0;0;2;2;13;Z01
201800054157;1;7;0;0;2;5;1;A01
201800054157;1;34;0;1;2;2;3;B01
201800054158;1;7;0;0;2;2;15;A01
201800054158;1;1;0;0;2;0;7;B01
201800054159;1;2;0;0;1;1;1;A01
201800054160;1;7;0;0;2;1;1;A01
201800054160;1;1;0;0;2;8;16;B01
201800054161;1;1;0;0;2;8;1;B01
201800054161;1;7;0;0;2;1;1;Z01
201800054162;1;2;0;0;2;0;1;B01
201800054162;1;7;0;0;2;0;11;Z01
201800054163;2;7;0;0;2;3;22;A01
201800054163;2;1;0;0;2;1;1;B01
201800054164;0;7;0;0;1;2;1;A01
201800054165;2;7;0;0;1;1;1;A01
201800054166;2;2;0;0;1;1;1;A01
201800054167;1;2;0;0;2;0;1;A01
201800054167;1;10;0;0;2;3;23;C01
201800054167;2;10;0;0;2;2;23;B01
201800054168;1;34;0;0;2;4;23;B01
201800054168;1;10;0;0;2;3;2;A01
201800054169;1;7;0;0;2;6;23;B01
201800054169;1;7;0;0;2;2;23;A01
201800054169;1;7;0;0;2;4;1;C01
201800054170;0;7;0;0;2;7;15;B01
201800054170;1;7;0;0;2;3;1;A01
201800054171;1;7;0;0;1;2;1;A01
201800054172;1;7;0;0;1;1;16;A01
201800054173;0;10;0;0;2;3;1;B01
201800054173;0;7;0;0;2;6;1;A01
201800054174;2;7;0;0;2;6;10;A01
201800054174;2;33;0;0;2;2;1;B01
201800054175;0;7;0;0;2;1;2;A01
201800054175;0;7;0;0;2;4;2;B01
201800054176;1;1;0;0;2;1;19;A01
201800054176;1;7;0;0;2;0;0;Z01
201800054177;2;33;0;0;2;7;17;A01
201800054177;2;30;0;0;2;8;13;B01
201800054178;1;7;0;0;2;3;1;B01
201800054178;2;2;0;1;2;1;8;A01
201800054179;0;1;0;0;2;1;19;B01
201800054179;0;7;0;0;2;3;1;A01
201800054180;1;10;0;0;2;2;16;B01
201800054180;1;2;0;0;2;1;1;A01
201800054181;1;31;0;0;2;1;1;A01
201800054181;2;34;0;0;2;3;15;B01
201800054182;1;10;0;0;1;3;16;A01
201800054183;1;10;0;0;1;1;1;A01
201800054184;1;7;0;0;2;2;16;A01
201800054184;1;33;0;0;2;1;7;B01
201800054185;1;7;0;0;1;6;1;A01
201800054186;1;1;0;0;1;1;1;A01
201800054187;2;7;0;0;2;3;15;A01
201800054187;2;1;0;0;2;2;1;B01
201800054188;1;7;0;0;2;1;2;A01
201800054188;1;7;0;0;2;4;2;B01
201800054189;1;7;0;0;2;3;15;B01
201800054189;2;30;0;0;2;2;7;A01
201800054190;1;7;0;0;1;1;1;B01
201800054191;1;10;0;0;1;4;4;A01
201800054192;1;31;0;0;2;1;1;B01
201800054192;1;7;0;0;2;3;16;A01
201800054193;1;7;0;0;1;1;15;A01
201800054194;1;7;0;0;1;2;1;A01
201800054195;1;38;1;0;2;1;11;A01
201800054195;1;33;0;0;2;4;18;B01
201800054196;2;10;0;0;1;1;16;A01
201800054197;0;32;0;0;1;1;1;A01
201800054198;0;7;0;0;2;0;2;Z01
201800054198;0;30;0;0;2;4;23;A01
201800054199;1;1;0;0;1;1;1;A01
201800054200;1;32;0;9;0;1;20;A01
201800054201;2;30;0;0;1;1;1;Z01
201800054202;1;10;0;0;2;8;1;B01
201800054202;2;33;0;0;2;0;17;A01