num_acc;senc;catv;occutc;obs;obsm;choc;manv;num_veh
201800054203;1;7;0;0;2;3;15;A01
201800054203;1;33;0;0;2;1;1;B01
201800054204;2;2;0;0;2;0;9;Z01
201800054204;1;1;0;0;2;3;5;B01
201800054205;1;1;0;0;2;4;1;B01
201800054205;1;7;0;0;2;3;1;A01
201800054206;1;7;0;0;1;2;16;A01
201800054207;1;7;0;0;1;3;1;Z01
201800054208;2;7;0;0;2;6;11;A01
201800054208;2;31;0;0;2;0;1;B01
201800054209;1;7;0;0;1;4;4;A01
201800054210;1;7;0;0;2;8;1;B01
201800054210;1;10;0;0;2;1;15;A01
201800054211;1;1;0;0;1;1;19;A01
201800054212;1;30;0;0;0;8;1;A01
201800054213;2;30;0;0;2;1;1;A01
201800054213;2;7;0;0;2;8;1;B01
201800054214;1;30;0;0;2;2;1;B01
201800054214;1;33;0;0;2;2;1;A01
201800054215;2;33;0;0;1;3;17;A01
201800054216;2;31;0;0;1;1;1;A01
201800054217;2;30;0;0;1;1;1;A01
201800054218;2;7;0;14;0;2;14;A01
201800054219;2;7;0;0;1;2;1;A01
201800054220;2;7;0;0;2;4;10;C01
201800054220;2;7;0;0;2;1;15;A01
201800054220;2;7;0;0;2;3;15;B01
201800054221;1;7;0;0;1;8;1;A01
201800054222;2;31;0;0;2;8;1;A01
201800054222;1;7;0;0;2;6;13;Z01
201800054223;1;7;0;0;1;1;1;Z01
201800054224;1;2;0;0;2;8;1;A01
201800054224;2;30;0;0;2;1;1;Z01
201800054225;2;1;0;0;1;1;7;A01
201800054226;1;7;0;0;1;2;1;A01
201800054227;1;10;0;0;1;6;4;A01
201800054228;2;1;0;0;2;1;1;B01
201800054228;1;7;0;0;2;3;15;A01
201800054229;1;30;0;0;1;8;1;Z01
201800054230;1;31;0;0;2;3;7;B01
201800054230;1;10;0;0;2;2;16;A01
201800054231;2;7;0;0;2;1;2;B01
201800054231;1;7;0;0;2;1;5;A01
201800054231;2;13;0;0;2;1;2;C01
201800054232;2;7;0;0;1;2;21;A01
201800054233;2;7;0;0;2;1;1;B01
201800054233;2;10;0;0;2;7;1;A01
201800054234;1;7;0;0;2;5;15;A01
201800054234;2;31;0;0;2;1;1;B01
201800054235;2;7;0;0;2;2;2;A01
201800054235;2;99;0;0;2;4;2;B01
201800054236;1;2;0;0;2;5;17;B01
201800054236;1;7;0;0;2;3;1;A01
201800054237;1;7;0;0;1;3;1;A01
201800054238;1;30;0;0;1;1;1;A01
201800054239;0;33;0;0;1;1;1;A01
201800054240;1;7;0;0;2;1;17;A01
201800054240;2;32;0;0;2;1;1;B01
201800054241;1;7;0;0;1;8;1;A01
201800054242;2;7;0;0;2;8;1;B01
201800054242;2;33;0;0;2;1;1;A01
201800054243;2;7;0;0;1;1;18;A01
201800054244;1;30;0;0;2;1;18;B01
201800054244;1;7;0;0;2;2;16;A01
201800054245;1;7;0;0;2;8;23;B01
201800054245;1;32;0;0;2;2;2;A01
201800054246;2;10;0;0;2;1;10;Z01
201800054246;1;32;0;0;2;1;1;A01
201800054247;1;7;0;0;2;7;1;A01
201800054247;1;7;0;0;2;1;1;B01
201800054248;1;7;0;0;1;7;7;A01
201800054249;1;33;0;0;2;8;17;A01
201800054249;1;7;0;0;2;0;15;B01
201800054250;2;7;0;0;2;2;16;Z01
201800054250;2;2;0;0;2;3;18;A01
201800054251;1;7;0;0;1;3;1;A01
201800054252;0;1;0;0;2;2;19;B01
201800054252;1;10;0;0;2;1;1;A01
201800054253;2;32;0;0;2;1;5;B01
201800054253;1;10;0;0;2;1;1;A01
201800054254;1;10;0;0;2;4;2;B01
201800054254;1;7;0;0;2;1;2;A01
201800054255;2;33;0;0;1;2;1;A01
201800054256;1;7;0;0;1;2;1;A01
201800054257;1;7;0;0;1;4;20;A01
201800054258;1;40;1;0;2;2;1;B01
201800054258;2;99;0;0;4;7;1;A01
201800054259;1;7;0;0;2;0;15;Z01
201800054259;2;30;0;0;2;1;1;B01
201800054260;2;31;0;0;2;8;7;B01
201800054260;1;7;0;0;2;1;15;A01
201800054261;1;99;0;0;2;1;7;B01
201800054261;1;16;0;0;2;3;22;A01
201800054262;2;7;0;0;2;1;2;A01
201800054262;2;10;0;0;2;4;23;B01
201800054263;1;30;0;0;2;1;1;B01
201800054263;1;7;0;0;2;7;15;A01
201800054264;2;7;0;0;1;2;1;Z01
201800054265;1;1;0;0;2;1;1;B01
201800054265;1;7;0;0;2;7;16;A01
201800054266;2;32;0;0;1;1;1;A01
201800054267;1;7;0;0;2;7;1;B01
201800054267;2;7;0;0;2;1;1;A01
201800054268;1;7;0;0;1;1;16;A01
201800054269;1;7;0;0;1;1;1;A01
201800054270;2;2;0;0;2;1;18;B01
201800054270;2;7;0;0;2;2;16;A01
201800054271;2;7;0;0;2;6;15;B01
201800054271;1;30;0;0;2;1;1;A01
201800054272;0;7;0;0;1;1;9;A01
201800054273;1;37;1;0;1;2;1;A01
201800054274;1;1;0;0;2;2;1;B01
201800054274;1;38;1;0;2;3;9;A01
201800054275;2;30;0;0;2;1;1;B01
201800054275;1;7;0;0;2;5;15;A01
201800054276;2;30;0;0;2;7;1;A01
201800054276;2;7;0;0;2;0;14;Z01
201800054277;0;32;0;14;2;0;18;B01
201800054277;0;30;0;0;2;3;1;A01
201800054277;0;7;0;0;2;3;13;C01
201800054278;1;31;0;0;1;1;18;A01
201800054279;2;99;0;0;2;1;1;A01
201800054279;2;7;0;0;2;1;15;B01
201800054280;1;33;0;0;1;1;1;A01
201800054281;1;33;0;0;2;1;1;B01
201800054281;1;7;0;0;2;3;10;A01
201800054282;2;34;0;0;2;3;15;A01
201800054282;2;7;0;0;2;1;1;B01
201800054283;0;7;0;0;1;1;1;Z01
201800054284;1;7;0;0;2;3;9;A01
201800054284;1;2;0;0;2;2;1;B01
201800054285;1;7;0;0;2;2;1;B01
201800054285;1;33;0;0;2;3;13;A01
201800054286;2;1;0;0;1;1;1;A01
201800054287;2;30;0;0;2;2;1;A01
201800054287;2;1;0;0;2;6;19;B01
201800054288;2;10;0;0;1;6;4;A01
201800054289;1;10;0;0;1;6;4;A01
201800054290;1;7;0;0;2;1;2;A01
201800054290;1;7;0;0;2;1;23;B01
201800054290;1;10;0;0;2;4;23;C01
201800054291;1;7;0;0;1;1;1;Z01
201800054292;1;37;1;0;1;7;1;A01
201800054293;2;30;0;0;2;8;1;Z01
201800054293;2;32;0;0;2;1;1;A01
201800054294;2;1;0;0;2;1;1;B01
201800054294;2;7;0;0;2;3;15;A01
201800054295;1;7;0;0;2;2;16;A01
201800054295;1;32;0;0;2;3;7;B01
201800054296;1;7;0;0;2;8;10;A01
201800054296;1;2;0;0;2;2;1;B01
201800054297;2;7;0;0;2;2;1;A01
201800054297;2;34;0;0;2;1;1;B01
201800054298;2;10;0;0;2;1;15;A01
201800054298;1;34;0;0;2;1;1;B01
201800054299;2;32;0;0;1;3;1;A01
201800054300;2;10;0;0;2;1;1;B01
201800054300;2;32;0;0;2;2;1;A01
201800054301;1;30;0;0;2;2;1;A01
201800054301;1;7;0;0;2;0;15;Z01
201800054302;2;30;0;0;2;4;23;A01
201800054302;2;7;0;0;2;1;2;Z01
201800054303;2;7;0;0;2;7;16;A01
201800054303;2;33;0;0;2;8;18;B01
201800054304;2;30;0;0;1;6;1;A01
201800054305;2;7;0;0;1;7;7;A01
201800054306;2;32;0;0;2;1;2;A01
201800054306;2;3;0;0;2;5;23;B01
201800054307;2;7;0;0;1;3;1;A01
201800054308;1;1;0;0;1;8;1;A01
201800054309;2;2;0;0;1;2;1;A01
201800054310;1;7;0;0;1;1;16;A01
201800054311;2;7;0;0;2;6;23;A01
201800054311;2;7;0;0;2;2;2;Z01
201800054312;1;7;0;0;1;3;1;A01
201800054313;1;7;0;0;2;3;15;B01
201800054313;2;7;0;0;2;3;1;A01
201800054314;1;7;0;0;1;1;1;A01
201800054315;1;7;0;11;0;3;13;A01
201800054316;1;1;0;0;2;1;1;B01
201800054316;1;10;0;0;2;2;16;A01
201800054317;1;7;0;0;1;4;20;A01
201800054318;1;1;0;0;2;7;1;A01
201800054318;1;7;0;0;2;3;15;B01
201800054319;2;7;0;0;1;2;1;A01
201800054320;1;34;0;0;1;1;1;A01
201800054321;1;33;0;0;1;1;1;A01
201800054322;2;1;0;0;2;7;1;B01
201800054322;2;7;0;0;2;3;11;A01
201800054323;1;7;0;0;1;3;1;A01
201800054324;1;30;0;0;2;1;5;Z01
201800054324;2;1;0;0;2;1;1;A01
201800054325;2;7;0;0;1;2;15;A01
201800054326;1;34;0;0;1;0;1;A01
201800054327;1;34;0;0;0;0;1;A01
201800054328;2;32;0;0;0;8;15;A01
201800054329;2;7;0;0;1;3;16;A01
201800054330;1;7;0;0;1;2;15;A01
201800054331;1;7;0;0;2;3;9;A01
201800054331;1;32;0;0;2;1;1;B01
201800054332;1;1;0;0;1;1;1;A01
201800054333;2;31;0;0;2;3;17;A01
201800054333;2;7;0;0;2;3;10;Z01
201800054334;2;1;0;0;2;1;1;B01
201800054334;2;7;0;0;2;3;22;A01
201800054335;2;30;0;0;2;7;17;A01
201800054335;2;7;0;0;2;3;15;B01
201800054336;1;7;0;0;2;2;1;B01
201800054336;1;7;0;0;2;3;9;A01
201800054337;2;2;0;0;1;0;1;A01
201800054338;2;7;0;0;1;3;4;A01
201800054339;2;1;0;0;1;1;1;A01
201800054340;1;1;0;0;1;1;1;A01
201800054341;1;15;0;0;2;7;1;B01
201800054341;1;7;0;7;2;9;18;A01
201800054342;2;7;0;0;2;1;2;A01
201800054342;2;7;0;0;2;4;23;C01
201800054342;2;7;0;0;2;4;23;B01
201800054343;1;30;0;0;1;1;1;Z01
201800054344;2;30;0;0;1;1;1;A01
201800054345;2;31;0;0;2;7;1;B01
201800054345;2;7;0;0;2;8;13;A01
201800054346;1;10;0;0;1;8;1;A01
201800054347;2;7;0;0;1;7;1;A01
201800054348;0;2;0;8;0;3;13;A01
201800054349;1;30;0;0;1;1;5;A01
201800054350;1;7;0;0;1;2;15;A01
201800054351;1;33;0;0;2;1;1;B01
201800054351;2;7;0;0;2;3;15;A01
201800054352;1;7;0;0;1;3;1;A01
201800054353;1;7;0;0;9;8;15;Z01
201800054353;2;1;0;0;2;7;1;A01
201800054354;2;30;0;0;1;1;1;A01
201800054355;1;7;0;0;2;2;15;A01
201800054355;2;34;0;0;2;1;1;B01
201800054356;1;10;0;0;2;3;10;A01
201800054356;1;30;0;0;2;1;1;B01
201800054357;1;33;0;0;2;4;23;B01
201800054357;1;7;0;0;2;1;2;C01
201800054357;1;7;0;0;2;6;23;A01
201800054358;2;10;0;0;2;6;23;B01
201800054358;2;34;0;0;2;1;2;A01
201800054359;2;30;0;0;1;1;1;Z01
201800054360;2;34;0;0;1;1;1;Z01
201800054361;1;10;0;0;2;3;15;A01
201800054361;1;2;0;0;2;6;1;B01
201800054362;1;32;0;0;0;7;1;A01
201800054363;1;7;0;0;2;1;1;A01
201800054363;1;7;0;0;2;4;1;B01
201800054364;1;32;0;0;2;6;9;B01
201800054364;1;7;0;0;2;8;1;A01
201800054365;2;7;0;0;1;2;0;A01
201800054366;2;7;0;0;1;1;16;A01
201800054367;1;7;0;0;1;2;1;A01
201800054368;1;10;0;0;2;3;24;B01
201800054368;1;15;0;0;2;5;1;A01
201800054369;1;10;0;0;1;3;15;Z01
201800054370;2;1;0;0;2;1;5;A01
201800054370;1;7;0;0;2;8;15;B01
201800054371;1;7;0;0;2;1;14;Z01
201800054371;1;33;0;0;2;3;17;A01
201800054371;1;7;0;0;2;8;23;B01
201800054372;1;7;0;0;2;1;1;B01
201800054372;1;7;0;0;2;5;1;A01
201800054373;1;2;0;0;2;3;13;B01
201800054373;1;7;0;0;2;5;1;A01
201800054374;1;7;0;0;2;2;1;A01
201800054374;2;10;0;1;2;6;10;Z01
201800054375;1;2;0;0;0;0;15;A01
201800054376;1;7;0;0;2;6;23;C01
201800054376;1;30;0;0;2;4;23;B01
201800054376;1;7;0;0;2;6;2;A01
201800054377;1;7;0;0;2;7;16;A01
201800054377;1;30;0;0;2;3;18;B01
201800054378;2;7;0;0;2;1;1;A01
201800054378;0;32;0;0;2;8;1;B01
201800054379;0;7;0;0;2;0;16;B01
201800054379;0;2;0;0;2;0;18;A01
201800054380;1;31;0;7;0;1;14;A01
201800054381;1;10;0;0;2;6;11;B01
201800054381;1;31;0;0;2;1;1;A01
201800054382;1;1;0;0;2;1;19;B01
201800054382;1;7;0;0;2;1;16;A01
201800054383;1;34;0;0;2;3;1;A01
201800054383;2;7;0;0;2;3;23;B01
201800054384;1;10;0;0;2;2;16;Z01
201800054384;1;2;0;0;2;3;1;A01
201800054385;2;30;0;0;2;8;18;A01
201800054385;2;34;0;0;2;4;16;B01
201800054386;2;7;0;8;2;3;1;B01
201800054386;1;10;0;0;2;2;15;A01
201800054387;1;30;0;0;1;1;7;A01
201800054388;1;2;0;0;1;8;3;A01
201800054389;2;7;0;0;1;1;15;A01
201800054390;1;33;0;1;0;2;15;A01
201800054391;1;7;0;0;2;2;1;A01
201800054391;1;99;0;0;2;0;19;B01
201800054392;1;37;0;0;2;2;1;A01
201800054392;1;30;0;8;2;0;13;Z01
201800054393;1;10;0;0;2;4;2;B01
201800054393;1;7;0;0;2;1;2;A01
201800054394;1;37;0;0;1;7;1;A01
201800054395;1;2;0;12;0;8;1;A01
201800054396;2;7;0;0;2;0;13;Z01
201800054396;2;30;0;0;2;7;17;A01
201800054397;1;7;0;0;2;2;22;A01
201800054397;1;1;0;1;2;1;1;B01
201800054398;2;7;0;0;2;3;10;A01
201800054398;2;1;0;0;2;1;1;B01
201800054399;2;7;0;0;2;3;9;A01
201800054399;2;31;0;0;2;2;1;B01
201800054400;1;99;0;0;2;0;0;B01
201800054400;1;7;0;0;2;2;1;A01
201800054401;1;7;0;0;2;1;1;B01
201800054401;1;7;0;0;2;7;1;A01
201800054402;1;7;0;0;1;1;1;A01
201800054403;2;7;0;0;1;1;16;A01
201800054404;2;7;0;0;2;6;9;A01
201800054404;2;33;0;0;2;8;1;B01
201800054405;1;10;0;0;2;6;24;B01
201800054405;1;7;0;1;2;2;14;A01
201800054406;2;7;0;0;1;4;20;A01
201800054407;1;10;0;0;1;1;1;A01
201800054408;1;7;0;0;1;2;1;A01
201800054409;2;30;0;0;2;2;17;A01
201800054409;2;1;0;0;2;3;13;B01
201800054410;1;1;0;0;2;1;16;A01
201800054410;1;10;0;0;2;5;16;B01
201800054411;1;7;0;0;2;1;1;B01
201800054411;1;7;0;0;2;4;16;A01
201800054411;1;30;0;0;2;8;1;C01
201800054412;2;2;0;0;2;1;17;A01
201800054412;2;7;0;0;2;3;13;Z01
201800054413;1;34;0;0;2;3;9;A01
201800054413;1;7;0;0;2;1;1;Z01
201800054414;2;7;0;0;2;3;22;A01
201800054414;2;1;0;0;2;1;1;B01
201800054415;2;31;0;0;2;7;17;B01
201800054415;2;7;0;0;2;3;10;A01
201800054416;1;10;0;8;0;9;16;A01
201800054417;1;30;0;0;2;1;1;B01
201800054417;2;7;0;0;2;7;15;A01
201800054418;1;7;0;0;1;0;1;Z01
201800054419;1;7;0;0;2;3;1;A01
201800054419;2;34;0;0;2;1;15;B01
201800054420;1;7;0;0;2;4;23;C01
201800054420;1;7;0;0;2;1;2;A01
201800054420;1;7;0;0;2;3;23;B01
201800054421;2;7;0;0;1;0;1;Z01
201800054422;2;31;0;0;2;3;17;A01
201800054422;2;7;0;0;2;3;1;B01
201800054423;1;10;0;0;1;4;4;A01
201800054424;1;32;0;0;2;2;1;B01
201800054424;1;10;0;0;2;3;9;A01
201800054425;1;7;0;0;1;2;1;A01
201800054426;1;2;0;0;1;1;5;Z01
201800054427;2;32;0;0;2;7;17;B01
201800054427;2;7;0;0;2;8;13;A01
201800054428;2;2;0;0;1;1;1;A01
201800054429;1;10;0;0;1;1;1;A01
201800054430;1;1;0;0;1;1;7;A01
201800054431;2;99;0;0;2;2;1;B01
201800054431;2;7;0;0;2;2;9;A01
201800054432;1;2;0;0;2;7;1;B01
201800054432;1;7;0;0;2;7;9;A01
201800054433;1;31;0;0;2;7;18;B01
201800054433;1;7;0;0;2;0;22;A01
201800054434;1;10;0;0;2;3;15;A01
201800054434;1;30;0;0;2;2;17;B01
201800054435;1;1;0;0;1;1;21;A01
201800054436;1;7;0;0;2;2;15;A01
201800054436;2;2;0;0;2;1;1;B01
201800054437;1;7;0;0;1;1;1;Z01
201800054438;1;2;0;0;2;6;1;A01
201800054438;2;7;0;0;2;3;10;Z01
201800054439;1;34;0;0;2;1;1;B01
201800054439;1;7;0;0;2;2;9;A01
201800054440;2;1;0;0;2;8;19;B01
201800054440;2;7;0;0;2;8;1;A01
201800054441;1;7;0;0;1;1;15;A01
201800054442;2;30;0;0;2;1;1;A01
201800054442;2;7;0;0;2;4;16;B01
201800054443;2;31;0;1;0;0;13;A01
201800054444;2;33;0;0;2;1;1;B01
201800054444;1;30;0;0;2;1;1;A01
201800054445;1;1;0;1;0;1;14;A01
201800054446;1;7;0;0;1;2;1;A01
201800054447;1;10;0;0;2;0;9;A01
201800054447;1;31;0;0;2;0;1;B01
201800054448;2;32;0;0;0;8;17;A01
201800054449;1;32;0;1;1;1;5;A01
201800054450;1;2;0;0;2;1;23;A01
201800054450;1;32;0;0;2;4;1;B01
201800054451;1;32;0;0;2;1;17;A01
201800054451;1;7;0;0;2;3;15;B01
201800054452;1;34;0;0;1;1;1;A01
201800054453;0;30;0;0;1;1;1;A01
201800054454;1;10;0;0;2;3;22;A01
201800054454;1;7;0;0;2;2;1;B01
201800054455;1;30;0;0;2;9;17;A01
201800054455;1;7;0;0;2;3;15;B01
201800054456;1;7;0;0;2;3;1;Z01
201800054456;1;2;0;0;2;7;9;A01
201800054457;2;7;0;0;2;4;23;B01
201800054457;2;38;0;0;2;1;1;A01
201800054458;1;33;0;0;2;1;7;A01
201800054458;1;7;0;0;2;7;1;B01
201800054459;1;7;0;0;2;7;17;A01
201800054459;1;1;0;0;2;8;1;B01
201800054460;2;34;0;0;2;8;1;B01
201800054460;2;7;0;0;2;1;15;A01
201800054461;2;31;0;0;2;7;17;A01
201800054461;2;10;0;0;2;8;15;B01
201800054462;1;30;0;0;1;1;17;A01
201800054463;1;7;0;0;2;2;16;A01
201800054463;1;1;0;0;2;3;1;B01
201800054464;1;1;0;0;2;6;1;A01
201800054464;2;7;0;0;2;3;15;Z01
201800054465;2;31;0;0;2;7;1;B01
201800054465;2;7;0;0;2;1;1;A01
201800054466;2;7;0;0;1;2;1;A01
201800054467;2;2;0;0;2;1;1;A01
201800054467;2;7;0;0;2;4;23;B01
201800054468;1;7;0;0;2;1;1;A01
201800054468;1;7;0;0;2;2;1;Z01
201800054469;2;10;0;0;1;3;15;A01
201800054470;1;30;0;0;2;7;1;B01
201800054470;2;7;0;0;2;3;15;A01
201800054471;1;2;0;0;2;1;1;A01
201800054471;1;7;0;0;2;2;22;B01
201800054472;1;7;0;0;1;3;1;A01
201800054473;1;10;0;0;2;0;1;Z01
201800054473;2;34;0;0;2;4;1;A01
201800054474;1;10;0;1;2;2;9;A01
201800054474;1;34;0;1;2;3;1;B01
201800054475;2;7;0;0;1;2;1;A01
201800054476;2;30;0;0;2;4;1;B01
201800054476;2;7;0;0;2;4;20;A01
201800054477;2;7;0;0;2;2;1;A01
201800054477;2;33;0;0;2;8;1;B01
201800054478;1;7;0;0;2;7;17;A01
201800054478;1;1;0;0;2;8;7;B01
201800054479;1;10;0;0;2;3;15;A01
201800054479;1;2;0;0;2;7;17;B01
201800054480;1;7;0;0;2;5;16;B01
201800054480;1;32;0;0;2;1;7;A01
201800054481;1;7;0;0;2;2;15;B01
201800054481;1;32;0;0;2;3;1;A01
201800054482;1;1;0;0;0;1;1;Y01
201800054483;1;7;0;0;2;2;22;B01
201800054483;1;34;0;0;2;7;18;A01
201800054484;2;7;0;0;1;1;1;A01
201800054485;1;7;0;0;2;1;10;A01
201800054485;2;32;0;0;2;1;1;B01
201800054486;1;7;0;0;2;1;9;A01
201800054486;1;2;0;0;2;7;1;B01
201800054487;2;1;0;0;2;1;1;A01
201800054487;2;7;0;0;2;5;23;B01
201800054488;0;7;0;0;2;1;1;Z01
201800054488;0;1;0;0;2;7;1;B01
201800054489;1;30;0;0;2;8;1;A01
201800054489;2;7;0;0;2;0;0;Z01
201800054490;1;2;0;0;2;1;8;A01
201800054490;1;1;0;0;2;8;19;B01
201800054491;2;7;0;0;2;4;2;B01
201800054491;2;7;0;0;2;1;2;A01
201800054492;1;30;0;0;1;0;0;Z01
201800054493;1;2;0;7;0;0;21;A01
201800054494;1;7;0;0;1;3;1;B01
201800054495;2;7;0;0;2;1;9;B01
201800054495;1;30;0;0;2;1;1;A01
201800054496;1;7;0;0;2;4;1;Z01
201800054496;1;32;0;0;2;1;1;A01
201800054497;1;34;0;0;2;3;1;B01
201800054497;1;7;0;0;2;2;9;A01
201800054498;0;7;0;0;2;8;2;B01
201800054498;0;7;0;0;2;2;14;A01
201800054499;2;7;0;0;2;2;15;Z01
201800054499;1;30;0;0;2;2;1;B01
201800054500;1;7;0;0;1;2;1;A01
201800054501;2;30;0;0;2;1;1;B01
201800054501;1;30;0;0;2;4;17;A01
201800054502;1;7;0;0;1;3;1;A01
201800054503;2;7;0;1;1;1;1;A01
201800054504;1;10;0;0;2;4;7;B01
201800054504;1;32;0;0;2;1;7;A01
201800054505;1;7;0;0;2;1;1;A01
201800054505;1;30;0;0;2;4;20;B01
201800054506;0;7;0;0;2;2;15;B01
201800054506;0;7;0;0;2;3;16;A01
201800054507;0;7;0;7;2;3;1;B01
201800054507;1;30;0;0;2;2;1;A01
201800054508;1;7;0;0;2;2;7;A01
201800054508;1;7;0;0;2;8;15;B01
201800054509;1;10;0;0;2;3;22;A01
201800054509;1;2;0;0;2;7;1;B01
201800054510;2;30;0;0;0;7;1;A01
201800054511;2;34;0;0;1;1;1;A01
201800054512;1;7;0;0;2;8;15;B01
201800054512;1;32;0;0;2;5;17;A01
201800054513;1;7;0;0;2;5;16;A01
201800054513;1;30;0;0;2;3;1;B01
201800054514;1;10;0;0;2;5;1;D01
201800054514;1;10;0;0;2;2;23;B01
201800054514;1;7;0;0;2;6;23;C01
201800054514;1;10;0;0;2;1;13;A01
201800054515;2;7;0;0;2;2;8;A01
201800054515;0;31;0;0;2;6;15;B01
201800054516;2;7;0;0;2;2;1;B01
201800054516;2;30;0;0;2;3;18;A01
201800054517;2;10;0;0;2;1;15;B01
201800054517;1;30;0;0;2;3;1;A01
201800054518;1;7;0;0;2;2;1;B01
201800054518;1;31;0;0;2;3;13;A01
201800054519;1;7;0;0;2;2;1;B01
201800054519;2;1;0;0;2;1;5;A01
201800054520;1;33;0;12;0;1;13;A01
201800054521;1;7;0;0;2;2;1;A01
201800054521;1;32;0;0;2;4;23;B01
201800054522;0;99;0;0;2;3;1;A01
201800054522;0;1;0;0;2;1;1;B01
201800054523;1;7;0;9;1;1;1;Z01
201800054524;2;7;0;0;2;2;1;A01
201800054524;2;30;0;0;1;1;3;Z01
201800054525;2;30;0;0;1;3;1;A01
201800054526;2;1;0;0;0;0;21;A01
201800054527;2;7;0;0;2;8;22;Z01
201800054527;2;32;0;0;2;1;17;A01
201800054527;1;7;0;0;2;3;1;B01
201800054528;2;7;0;0;1;3;1;A01
201800054529;2;30;0;1;2;2;1;A01
201800054529;2;7;0;0;2;6;20;B01
201800054530;2;33;0;0;2;6;23;B01
201800054530;2;34;0;0;2;1;2;A01
201800054531;2;1;0;0;2;4;1;A01
201800054531;2;7;0;0;2;1;2;Z01
201800054532;1;7;0;0;2;2;1;B01
201800054532;1;7;0;0;2;3;11;A01
201800054533;2;7;0;0;2;3;10;A01
201800054533;1;2;0;0;2;3;1;B01
201800054534;1;10;0;0;2;1;2;A01
201800054534;1;7;0;0;2;4;2;B01
201800054535;2;7;0;0;2;2;1;B01
201800054535;2;7;0;0;2;0;11;Z01
201800054536;1;7;0;0;2;8;1;B01
201800054536;2;7;0;0;2;8;15;A01
201800054536;2;30;0;0;2;8;1;C01
201800054537;2;7;0;0;2;4;23;B01
201800054537;2;10;0;0;2;1;2;A01
201800054538;1;31;0;0;1;1;1;A01
201800054539;1;7;0;1;2;3;13;A01
201800054539;1;32;0;0;2;2;17;B01
201800054540;2;34;0;0;2;7;3;B01
201800054540;2;7;0;0;2;7;12;A01
201800054540;2;7;0;0;2;6;1;C01
201800054541;1;10;0;0;1;2;1;A01
201800054542;2;30;0;0;1;3;21;A01
201800054543;2;7;0;0;1;0;1;A01
201800054544;2;32;0;0;1;1;1;Z01
201800054545;1;10;0;0;2;2;16;A01
201800054545;1;30;0;0;2;4;16;B01
201800054546;1;32;0;0;2;8;3;B01
201800054546;1;7;0;0;0;0;1;A01
201800054547;1;30;0;;1;;1;Z01
201800054548;2;30;0;12;0;1;15;A01
201800054549;0;7;0;0;2;2;15;A01
201800054549;0;34;0;0;2;3;1;B01
201800054550;1;1;0;0;0;0;1;A01
201800054551;1;30;0;0;0;0;1;A01
201800054552;1;40;78;0;1;7;1;A01
201800054553;2;30;0;0;2;2;17;B01
201800054553;2;7;0;0;2;4;15;A01
201800054554;1;10;0;0;2;1;1;A01
201800054554;1;7;0;0;2;4;23;C01
201800054554;1;7;0;0;2;4;23;B01
201800054555;1;34;0;0;1;2;1;Z01
201800054556;1;7;0;0;1;2;16;A01
201800054557;2;32;0;0;1;5;2;Z01
201800054558;2;30;0;0;2;1;1;B01
201800054558;1;7;0;0;2;3;16;A01
201800054559;2;7;0;0;2;1;1;A01
201800054559;1;99;0;0;2;0;19;B01
201800054560;2;7;0;7;0;8;14;A01
201800054561;2;10;0;0;1;8;1;A01
201800054562;1;7;0;0;2;1;7;Z01
201800054562;1;33;0;12;2;4;16;A01
201800054563;0;7;0;0;2;4;2;Z01
201800054563;0;30;0;0;2;1;2;A01
201800054564;1;1;0;0;2;8;1;B01
201800054564;1;30;0;0;2;1;10;Z01
201800054565;2;30;0;0;1;0;5;Z01
201800054566;2;33;0;0;2;1;1;Z01
201800054566;1;99;0;0;2;8;1;A01
201800054567;1;10;0;0;2;4;23;A01
201800054567;1;1;0;0;2;1;2;B01
201800054568;0;7;0;0;2;2;1;A01
201800054568;0;99;0;0;2;3;1;B01
201800054569;0;7;0;0;2;8;1;A01
201800054569;0;7;0;0;2;7;23;B01
201800054570;1;7;0;0;1;1;16;A01
201800054571;2;1;0;0;2;2;19;B01
201800054571;2;34;0;0;2;1;1;A01
201800054572;1;14;0;0;2;7;1;A01
201800054572;1;1;0;0;2;8;3;B01
201800054573;2;1;0;0;1;1;5;A01
201800054574;1;7;0;0;2;7;7;A01
201800054574;1;30;0;0;2;6;9;B01
201800054575;1;32;0;14;0;0;1;A01
201800054576;2;10;0;1;0;2;14;A01
201800054577;1;7;0;0;1;1;1;A01
201800054578;1;7;0;0;2;4;2;B01
201800054578;1;32;0;0;2;1;2;A01
201800054579;0;7;0;;1;2;17;A01
201800054580;1;2;0;0;2;2;1;B01
201800054580;1;10;0;0;2;8;13;A01
201800054581;1;10;0;0;2;1;5;Z01
201800054581;2;1;0;0;2;1;11;A01
201800054582;1;1;0;0;1;1;1;A01
201800054583;1;7;0;0;2;3;13;A01
201800054583;1;33;0;0;2;7;17;B01
201800054584;2;33;0;0;2;7;1;A01
201800054584;2;99;0;0;2;0;19;B01
201800054585;1;7;0;0;2;2;2;A01
201800054585;1;30;0;1;2;4;23;B01
201800054585;1;30;0;0;2;8;24;C01
201800054586;1;33;0;0;2;8;18;B01
201800054586;1;7;0;0;2;2;16;A01
201800054587;1;34;0;0;2;1;1;B01
201800054587;1;7;0;0;2;5;1;A01
201800054588;1;7;0;0;2;2;1;B01