num_acc;senc;catv;occutc;obs;obsm;choc;manv;num_veh
201800054588;1;30;0;0;2;3;15;A01
201800054589;2;34;0;0;2;1;21;B01
201800054589;1;7;0;1;2;3;15;A01
201800054590;1;7;0;0;2;2;1;A01
201800054590;1;7;0;0;2;3;9;Z01
201800054591;1;7;0;0;2;2;1;C01
201800054591;1;7;0;0;2;1;2;E01
201800054591;1;34;0;0;2;1;2;F01
201800054591;1;7;0;0;2;2;2;D01
201800054591;1;7;0;0;2;3;11;A01
201800054591;1;32;0;0;2;2;3;B01
201800054592;1;33;0;0;2;1;1;B01
201800054592;2;7;0;0;2;2;15;A01
201800054593;0;7;0;0;2;1;15;A01
201800054593;1;30;0;0;0;4;17;B01
201800054594;2;10;0;0;2;3;15;A01
201800054594;2;34;0;0;2;7;17;B01
201800054595;2;7;0;0;1;1;1;A01
201800054596;1;32;0;0;2;1;15;C01
201800054596;1;10;0;0;2;8;1;B01
201800054596;1;7;0;0;2;2;1;A01
201800054597;1;7;0;0;1;6;4;A01
201800054598;2;7;0;0;2;1;1;B01
201800054598;0;30;0;0;2;2;1;A01
201800054599;1;7;0;0;2;1;23;B01
201800054599;2;33;0;0;2;1;18;A01
201800054600;1;34;0;0;2;2;1;B01
201800054600;0;7;0;0;2;6;13;A01
201800054601;2;2;0;0;0;7;16;A01
201800054602;1;30;0;0;2;1;2;A01
201800054602;0;7;0;0;0;5;23;B01
201800054603;1;7;0;0;2;0;1;Z01
201800054603;2;2;0;0;2;0;1;A01
201800054604;2;32;0;0;1;1;1;A01
201800054605;1;7;0;0;2;8;15;B01
201800054605;1;30;0;0;2;1;7;A01
201800054606;2;33;0;0;2;1;1;A01
201800054606;2;7;0;0;2;7;9;Z01
201800054607;0;7;0;0;2;6;1;B01
201800054607;0;7;0;0;2;4;2;A01
201800054607;0;10;0;0;2;1;2;Z01
201800054608;1;7;0;0;1;1;1;A01
201800054609;1;7;0;0;1;3;1;A01
201800054610;1;34;0;1;2;7;17;A01
201800054610;1;10;0;0;2;8;15;B01
201800054611;1;30;0;0;0;0;1;A01
201800054612;2;30;0;0;2;8;10;Z01
201800054612;2;30;0;0;2;1;5;A01
201800054613;0;1;0;0;2;1;1;B01
201800054613;0;7;0;0;2;3;1;A01
201800054614;2;7;0;0;1;1;1;A01
201800054615;0;7;0;0;1;1;1;Z01
201800054616;0;7;0;0;2;1;14;A01
201800054616;0;15;0;0;2;0;24;B01
201800054617;1;7;0;0;1;3;1;A01
201800054618;1;7;0;0;2;1;15;A01
201800054618;2;2;0;0;2;0;1;B01
201800054619;1;7;0;0;1;3;1;A01
201800054620;1;32;0;1;1;2;17;A01
201800054621;0;33;0;0;2;2;1;B01
201800054621;0;7;0;0;2;6;11;A01
201800054622;2;33;0;0;2;1;1;B01
201800054622;1;7;0;0;2;3;10;A01
201800054623;0;7;0;0;1;2;14;A01
201800054624;2;7;0;0;1;5;4;A01
201800054625;2;10;0;0;1;3;1;Z01
201800054626;1;7;0;0;1;7;16;A01
201800054627;2;1;0;0;2;8;23;A01
201800054627;2;7;0;0;2;2;14;B01
201800054628;1;7;0;0;2;1;2;A01
201800054628;1;7;0;0;2;4;2;B01
201800054629;1;99;0;0;1;2;1;A01
201800054630;2;32;0;0;2;6;2;A01
201800054630;2;7;0;14;2;6;23;B01
201800054631;1;7;0;1;0;1;14;A01
201800054632;1;7;0;0;2;4;23;B01
201800054632;1;31;0;0;2;1;2;A01
201800054633;2;1;0;0;1;1;1;A01
201800054634;2;1;0;0;2;1;16;B01
201800054634;1;32;0;0;2;4;15;A01
201800054635;2;7;0;0;1;3;15;A01
201800054636;2;7;0;0;2;3;22;A01
201800054636;2;1;0;0;2;1;1;B01
201800054637;1;30;0;0;2;3;1;B01
201800054637;2;7;0;0;2;2;1;A01
201800054638;1;7;0;14;0;9;13;A01
201800054639;2;7;0;0;2;0;15;A01
201800054639;2;1;0;0;2;0;1;B01
201800054640;2;1;0;8;2;8;1;A01
201800054640;1;30;0;0;2;8;5;Z01
201800054641;2;7;0;0;2;8;1;A01
201800054641;2;30;0;1;2;8;13;Z01
201800054642;2;30;0;0;5;0;1;A01
201800054643;1;7;0;0;1;3;15;A01
201800054644;2;7;0;0;2;3;15;A01
201800054644;1;32;0;0;2;3;1;B01
201800054645;1;34;0;0;1;1;18;A01
201800054646;1;32;0;0;0;0;1;A01
201800054647;1;10;0;0;1;2;1;A01
201800054648;1;7;0;0;2;4;23;C01
201800054648;1;10;0;0;2;1;1;A01
201800054648;1;7;0;0;2;4;23;B01
201800054649;1;34;0;0;2;1;1;A01
201800054649;2;7;0;0;2;5;1;B01
201800054650;2;7;0;0;2;2;15;Z01
201800054650;1;30;0;0;2;5;1;A01
201800054651;1;7;0;15;0;1;13;A01
201800054652;2;1;0;0;2;1;1;B01
201800054652;1;7;0;0;2;2;15;A01
201800054653;1;14;0;0;2;6;1;B01
201800054653;2;7;0;0;2;3;5;A01
201800054653;1;14;0;0;2;1;1;C01
201800054654;2;7;0;0;2;4;23;B01
201800054654;2;7;0;1;2;2;1;A01
201800054655;1;7;0;0;1;0;1;Z01
201800054656;1;32;0;0;1;1;1;Z01
201800054657;2;30;0;14;0;7;1;A01
201800054658;1;33;0;0;2;8;7;B01
201800054658;1;7;0;0;2;2;16;A01
201800054659;2;7;0;0;1;1;1;Z01
201800054660;0;34;0;0;2;0;5;A01
201800054660;0;7;0;1;2;3;1;Z01
201800054661;1;1;0;0;2;8;10;A01
201800054661;1;33;0;0;2;1;1;B01
201800054662;1;7;0;0;2;1;1;A01
201800054662;1;7;0;0;2;4;23;B01
201800054663;1;7;0;0;1;1;1;A01
201800054664;2;7;0;0;2;6;23;B01
201800054664;2;7;0;0;2;1;1;A01
201800054665;2;32;0;0;2;8;20;A01
201800054666;1;2;0;0;2;8;1;B01
201800054666;1;7;0;0;2;7;15;A01
201800054667;2;34;0;0;2;3;1;A01
201800054667;2;7;0;0;2;7;16;B01
201800054668;1;2;0;0;2;1;1;B01
201800054668;1;7;0;0;2;7;1;A01
201800054669;1;32;0;0;2;1;1;A01
201800054669;1;2;0;0;2;4;1;B01
201800054670;1;30;0;0;1;1;1;Z01
201800054671;1;2;0;1;0;8;13;A01
201800054672;1;2;0;0;2;1;17;B01
201800054672;1;7;0;0;2;7;10;A01
201800054673;1;34;0;0;2;1;2;A01
201800054673;1;7;0;0;2;4;23;B01
201800054674;2;33;0;0;2;2;17;B01
201800054674;2;10;0;0;2;3;9;A01
201800054675;1;10;0;0;2;2;2;A01
201800054675;1;33;0;0;2;4;2;B01
201800054676;2;1;0;0;2;3;1;B01
201800054676;1;7;0;0;2;2;15;A01
201800054677;2;1;0;0;2;2;1;A01
201800054677;2;10;0;0;2;3;9;Z01
201800054678;1;7;0;1;0;2;13;A01
201800054679;1;7;0;0;2;1;1;A01
201800054679;1;2;0;0;2;7;1;B01
201800054680;2;7;0;0;1;1;1;A01
201800054681;2;2;0;0;2;7;1;B01
201800054681;1;7;0;0;2;1;9;A01
201800054682;1;7;0;0;1;4;4;Z01
201800054683;1;33;0;7;0;1;1;A01
201800054684;1;34;0;0;0;0;17;A01
201800054685;2;31;0;0;0;7;1;A01
201800054686;1;2;0;0;1;1;1;A01
201800054687;1;10;0;0;1;4;4;A01
201800054688;1;7;0;0;1;1;16;A01
201800054689;2;2;0;0;2;1;1;A01
201800054689;2;10;0;0;2;6;9;Z01
201800054690;2;7;0;1;0;3;14;A01
201800054691;1;13;0;0;2;2;15;A01
201800054691;2;1;0;0;2;8;1;B01
201800054692;1;2;0;14;2;1;1;A01
201800054692;1;7;0;0;2;4;23;B01
201800054693;2;1;0;1;1;1;1;A01
201800054694;2;99;0;0;2;8;19;A01
201800054694;2;30;0;0;2;8;1;Z01
201800054695;1;7;0;0;1;2;16;A01
201800054696;1;37;0;0;2;1;1;A01
201800054696;1;7;0;0;2;4;1;B01
201800054697;1;32;0;12;0;1;1;A01
201800054698;1;1;0;0;2;6;23;B01
201800054698;1;10;0;1;2;3;1;A01
201800054699;1;33;0;0;2;3;12;A01
201800054699;1;7;0;0;2;2;3;B01
201800054700;2;7;0;0;2;2;16;B01
201800054700;2;33;0;0;2;6;18;A01
201800054701;1;34;0;0;0;0;21;A01
201800054702;2;7;0;0;2;4;23;C01
201800054702;2;7;0;0;2;1;11;A01
201800054702;2;7;0;0;2;6;23;B01
201800054703;1;7;0;0;1;2;1;A01
201800054704;2;34;0;12;2;8;1;A01
201800054704;2;7;0;0;2;7;22;Z01
201800054705;1;1;0;0;2;8;1;A01
201800054705;2;31;0;0;2;1;1;B01
201800054706;2;7;0;0;2;2;2;A01
201800054706;2;31;0;0;2;4;23;B01
201800054707;1;7;0;0;2;3;1;B01
201800054707;2;7;0;0;2;3;1;C01
201800054707;2;32;0;0;2;1;13;A01
201800054708;1;30;0;0;2;0;1;B01
201800054708;1;31;0;14;2;3;1;A01
201800054709;1;31;0;0;2;1;17;C01
201800054709;1;10;0;0;2;3;15;A01
201800054709;1;33;0;0;2;1;17;B01
201800054710;1;7;0;0;2;2;15;A01
201800054710;1;7;0;0;2;1;1;B01
201800054711;1;7;0;0;1;1;1;A01
201800054712;2;33;0;0;1;1;1;A01
201800054713;2;1;0;0;2;1;19;B01
201800054713;1;7;0;0;2;7;15;A01
201800054714;1;7;0;0;2;3;15;A01
201800054714;1;2;0;0;2;2;17;B01
201800054715;1;10;0;0;1;2;1;A01
201800054716;2;33;0;0;2;2;1;A01
201800054716;1;7;0;0;2;2;1;B01
201800054717;1;7;0;0;2;6;9;B01
201800054717;1;7;0;1;2;9;17;A01
201800054718;2;7;0;0;2;6;1;B01
201800054718;2;32;0;0;2;1;1;A01
201800054719;1;31;0;0;0;0;13;A01
201800054720;2;7;0;0;2;2;15;A01
201800054720;1;2;0;0;2;7;1;B01
201800054721;2;30;0;0;2;1;17;A01
201800054721;2;1;0;0;2;8;13;B01
201800054722;1;33;0;0;2;8;9;A01
201800054722;1;1;0;0;2;1;1;B01
201800054723;2;7;0;0;2;8;13;A01
201800054723;2;31;0;0;2;7;17;B01
201800054724;2;7;0;0;1;2;1;A01
201800054725;1;33;0;0;2;2;1;A01
201800054725;1;1;0;0;2;2;9;B01
201800054726;1;30;0;0;2;0;18;A01
201800054726;1;7;0;0;2;0;16;Z01
201800054727;2;31;0;0;1;1;1;Z01
201800054728;1;13;0;0;2;2;14;A01
201800054728;1;7;0;0;2;8;1;B01
201800054729;1;33;0;0;1;2;1;A01
201800054730;2;33;0;0;1;1;5;Z01
201800054731;1;7;0;0;2;0;1;B01
201800054731;1;7;0;0;2;0;1;A01
201800054731;1;32;0;0;1;0;17;Z01
201800054732;2;7;0;0;2;6;15;B01
201800054732;2;31;0;0;2;1;17;A01
201800054733;1;7;0;0;2;2;16;A01
201800054733;1;2;0;0;2;1;18;B01
201800054734;1;10;0;0;1;3;1;A01
201800054735;2;7;0;0;2;6;23;B01
201800054735;2;33;0;0;1;2;17;A01
201800054736;1;7;0;0;2;7;23;C01
201800054736;1;34;0;0;2;1;3;B01
201800054736;1;1;0;0;2;8;19;A01
201800054737;1;10;0;0;2;1;16;B01
201800054737;1;2;0;0;2;1;16;A01
201800054738;2;1;0;0;2;1;1;A01
201800054738;1;7;0;0;2;3;15;B01
201800054739;1;1;0;0;0;8;1;A01
201800054740;1;10;0;0;1;2;16;Z01
201800054741;2;1;0;0;1;1;1;A01
201800054742;1;34;0;0;2;2;17;B01
201800054742;1;7;0;0;2;8;10;A01
201800054743;1;14;0;1;1;6;1;A01
201800054744;2;32;0;0;2;3;11;B01
201800054744;2;7;0;0;2;5;1;A01
201800054745;1;7;0;0;2;3;2;C01
201800054745;2;7;0;0;2;2;11;A01
201800054745;1;7;0;0;2;2;15;B01
201800054746;1;31;0;0;2;1;18;B01
201800054746;1;7;0;0;2;2;16;A01
201800054747;1;7;0;0;2;7;1;B01
201800054747;1;30;0;0;2;1;1;A01
201800054748;1;30;0;0;2;3;18;A01
201800054748;1;7;0;0;2;2;22;B01
201800054749;1;7;0;0;1;3;1;A01
201800054750;1;7;0;0;2;2;15;B01
201800054750;2;31;0;0;2;1;1;A01
201800054751;0;7;0;0;2;3;24;B01
201800054751;2;7;0;0;2;2;14;A01
201800054752;2;7;0;15;0;1;21;A01
201800054753;2;7;0;0;1;1;16;A01
201800054754;1;37;0;0;1;5;16;A01
201800054755;2;31;0;0;2;4;23;B01
201800054755;2;7;0;0;2;1;1;A01
201800054756;2;7;0;0;2;3;1;A01
201800054756;2;7;0;0;2;5;23;B01
201800054757;2;7;0;0;2;2;1;A01
201800054757;1;33;0;0;2;1;9;B01
201800054758;1;1;0;0;2;3;1;A01
201800054758;2;7;0;0;2;2;16;Z01
201800054759;1;7;0;0;2;2;16;B01
201800054759;2;7;0;0;2;2;5;A01
201800054760;1;10;0;0;2;1;1;A01
201800054760;1;7;0;0;2;8;9;B01
201800054761;1;1;0;0;2;2;19;B01
201800054761;1;7;0;0;2;0;18;A01
201800054762;1;31;0;0;1;2;19;A01
201800054763;1;7;0;14;2;1;23;B01
201800054763;1;10;0;0;2;1;23;C01
201800054763;1;10;0;0;2;1;1;A01
201800054764;1;1;0;0;2;4;16;A01
201800054764;1;7;0;0;2;1;1;B01
201800054765;1;7;0;0;2;8;15;A01
201800054765;2;30;0;0;2;2;1;B01
201800054766;2;7;0;0;1;1;1;Z01
201800054767;0;34;0;0;2;1;1;B01
201800054767;1;7;0;0;2;5;15;A01
201800054768;1;2;0;0;2;7;1;A01
201800054768;1;10;0;0;2;3;13;Z01
201800054769;1;10;0;0;2;3;1;A01
201800054769;2;7;0;0;2;2;1;B01
201800054770;2;7;0;0;2;3;15;A01
201800054770;2;2;0;0;2;7;17;B01
201800054771;1;30;0;0;0;8;1;A01
201800054772;2;7;0;0;2;3;15;A01
201800054772;2;32;0;0;2;2;1;B01
201800054773;2;7;0;0;2;2;1;A01
201800054773;1;30;0;0;2;8;1;B01
201800054774;2;7;0;0;2;8;2;C01
201800054774;1;32;0;0;2;3;13;B01
201800054774;1;34;0;0;2;8;17;A01
201800054775;1;7;0;0;1;3;1;A01
201800054776;2;1;0;0;2;1;8;A01
201800054776;1;7;0;0;2;2;1;B01
201800054777;1;32;0;0;1;2;1;A01
201800054778;0;7;0;0;1;7;1;A01
201800054779;2;7;0;0;2;2;19;B01
201800054779;1;30;0;0;2;3;1;A01
201800054780;1;7;0;0;2;1;15;B01
201800054780;1;31;0;0;2;8;1;A01
201800054781;1;34;0;0;2;1;18;A01
201800054781;2;10;0;0;2;2;15;B01
201800054782;1;33;0;0;2;2;2;B01
201800054782;1;10;0;0;2;6;15;A01
201800054783;1;7;0;0;2;3;15;A01
201800054783;2;32;0;0;2;1;1;B01
201800054784;0;7;0;0;2;4;1;Z01
201800054784;0;33;0;0;2;4;23;A01
201800054785;2;1;0;0;2;2;1;B01
201800054785;2;7;0;0;2;3;13;A01
201800054786;2;1;0;0;1;1;1;A01
201800054787;1;7;0;0;1;1;17;Z01
201800054788;1;30;0;0;1;1;17;A01
201800054789;1;99;0;0;0;0;1;A01
201800054790;2;7;0;0;1;7;1;A01
201800054791;2;7;0;0;2;6;20;B01
201800054791;2;7;0;0;2;2;2;A01
201800054792;2;7;0;0;2;3;1;B01
201800054792;1;30;0;0;2;1;9;A01
201800054793;1;30;0;0;1;3;1;A01
201800054794;0;7;0;0;1;2;16;A01
201800054795;0;7;0;0;2;4;23;A01
201800054795;0;7;0;0;2;1;1;B01
201800054796;1;7;0;0;2;5;1;B01
201800054796;2;7;0;0;2;2;5;A01
201800054797;1;10;0;0;1;2;15;A01
201800054798;1;7;0;0;2;3;16;A01
201800054798;2;1;0;0;2;1;1;B01
201800054799;2;30;0;0;2;0;21;A01
201800054800;1;33;0;0;0;7;16;A01
201800054801;1;32;0;0;2;1;1;B01
201800054801;1;7;0;0;2;3;10;A01
201800054802;1;7;0;0;1;1;16;A01
201800054803;1;1;0;0;2;3;16;A01
201800054803;1;31;0;0;2;1;1;B01
201800054804;1;7;0;0;1;1;1;A01
201800054805;2;7;0;1;0;2;13;A01
201800054806;1;7;0;0;2;6;1;A01
201800054806;2;1;0;0;2;1;1;B01
201800054807;2;30;0;0;2;3;13;A01
201800054807;2;7;0;0;2;3;23;C01
201800054807;2;30;0;0;2;2;3;B01
201800054808;1;31;0;0;2;1;1;A01
201800054808;1;7;0;0;2;2;9;B01
201800054809;1;7;0;0;2;1;2;A01
201800054809;1;34;0;0;2;4;2;B01
201800054810;2;1;0;0;2;2;1;A01
201800054810;2;7;0;0;2;3;22;Z01
201800054811;1;7;0;0;1;3;1;A01
201800054812;2;7;0;0;2;5;16;A01
201800054812;2;31;0;0;2;3;18;B01
201800054813;2;7;0;0;2;3;10;A01
201800054813;2;1;0;0;2;1;1;B01
201800054814;0;7;0;0;2;2;1;A01
201800054814;0;32;0;0;2;6;1;B01
201800054815;1;32;0;0;2;2;17;B01
201800054815;1;7;0;0;2;2;10;A01
201800054816;2;10;0;0;2;1;9;A01
201800054816;2;30;0;0;2;2;17;B01
201800054817;1;32;0;0;2;1;3;A01
201800054817;2;7;0;0;2;5;15;B01
201800054818;2;33;0;0;1;7;1;A01
201800054819;1;32;0;0;2;3;18;A01
201800054819;1;7;0;0;2;5;16;B01
201800054820;1;37;3;0;0;0;21;A01
201800054821;0;33;0;8;0;3;13;A01
201800054822;2;7;0;0;2;6;1;A01
201800054822;2;99;0;8;2;1;1;B01
201800054823;2;30;0;0;1;7;17;A01
201800054824;1;99;0;0;1;1;1;A01
201800054825;1;32;0;0;0;8;1;A01
201800054826;1;7;0;0;2;3;16;B01
201800054826;1;32;0;0;2;2;1;A01
201800054827;2;7;0;0;2;1;13;A01
201800054827;1;37;1;0;2;1;1;B01
201800054828;2;7;0;0;2;8;15;B01
201800054828;2;33;0;0;2;2;17;A01
201800054829;2;30;0;0;2;4;2;B01
201800054829;2;7;0;0;2;1;23;A01
201800054830;1;7;0;0;2;3;13;Z01
201800054830;2;7;0;0;2;6;1;A01
201800054831;2;34;0;0;1;2;1;A01
201800054832;1;1;0;0;2;7;1;B01
201800054832;1;7;0;0;2;1;15;A01
201800054833;1;7;0;0;2;7;12;A01
201800054833;1;32;0;0;2;8;3;B01
201800054834;1;14;0;0;2;7;1;B01
201800054834;1;32;0;11;2;8;16;A01
201800054835;1;32;0;0;2;1;1;B01
201800054835;2;7;0;0;2;1;15;A01
201800054836;1;32;0;0;0;8;1;A01
201800054837;2;10;0;0;1;3;15;A01
201800054838;1;7;0;11;0;1;13;Z01
201800054839;2;7;0;0;1;3;1;A01
201800054840;2;7;0;0;2;0;14;B01
201800054840;2;32;0;0;2;0;1;A01
201800054841;0;32;0;0;0;7;21;A01
201800054842;2;10;0;0;1;1;1;A01
201800054843;2;7;0;0;1;2;16;A01
201800054844;2;7;0;0;2;2;17;Z01
201800054844;2;1;0;0;2;3;1;A01
201800054845;2;30;0;0;1;1;17;A01
201800054846;2;1;0;0;2;1;17;B01
201800054846;2;10;0;0;2;3;15;A01
201800054847;2;31;0;0;0;6;1;A01
201800054848;2;7;0;0;2;3;15;A01
201800054848;2;34;0;0;2;2;17;B01
201800054849;1;7;0;0;1;3;15;A01
201800054850;2;1;0;0;1;1;1;A01
201800054851;2;7;0;0;2;1;1;D01
201800054851;2;7;0;0;2;4;23;A01
201800054851;2;7;0;0;2;9;23;C01
201800054851;2;7;0;0;2;9;23;B01
201800054852;1;7;0;0;1;2;1;A01
201800054853;1;7;0;0;1;7;10;A01
201800054854;2;32;0;0;2;1;1;A01
201800054854;2;7;0;0;2;3;15;B01
201800054855;1;7;0;0;2;6;23;B01
201800054855;1;30;0;0;2;1;2;A01
201800054856;1;7;0;0;2;3;17;B01
201800054856;1;30;0;0;2;1;17;A01
201800054857;0;7;0;0;1;2;1;A01
201800054858;2;7;0;0;0;0;23;B01
201800054858;2;30;0;0;0;0;2;A01
201800054859;2;30;0;0;2;1;1;B01
201800054859;2;32;0;0;2;8;10;A01
201800054860;1;10;0;0;1;1;1;A01
201800054861;1;33;0;0;1;1;17;A01
201800054862;1;34;0;0;2;2;17;B01
201800054862;1;7;0;0;2;6;1;A01
201800054863;1;7;0;0;1;2;1;A01
201800054864;1;7;0;0;1;5;20;A01
201800054865;0;30;0;0;1;3;1;A01
201800054866;2;7;0;0;1;1;1;A01
201800054867;1;7;0;0;1;6;4;A01
201800054868;1;30;0;0;0;0;1;A01
201800054869;1;30;0;0;1;1;17;A01
201800054870;1;30;0;0;2;1;1;A01
201800054870;2;10;0;0;2;3;1;B01
201800054871;1;7;0;0;2;8;1;B01
201800054871;1;33;0;0;2;1;1;A01
201800054872;1;7;0;14;2;3;23;B01
201800054872;2;1;0;0;2;3;13;A01
201800054873;2;7;0;11;0;1;1;A01
201800054874;2;30;0;0;2;1;2;A01
201800054874;2;7;0;0;2;6;23;B01
201800054875;2;1;0;0;2;1;1;B01
201800054875;1;7;0;0;2;1;15;A01
201800054876;1;7;0;0;2;3;1;A01
201800054876;1;10;0;0;2;1;1;B01
201800054877;2;31;0;0;2;3;1;B01
201800054877;1;7;0;0;2;1;15;A01
201800054878;2;30;0;0;1;0;8;Z01
201800054879;0;30;0;0;2;1;8;Z01
201800054879;0;1;0;0;2;1;7;B01
201800054880;2;99;0;0;2;1;1;B01
201800054880;2;7;0;0;2;8;22;A01
201800054881;1;7;0;0;2;3;1;B01
201800054881;0;1;0;0;2;1;9;A01
201800054882;2;7;0;0;1;2;0;A01
201800054883;2;1;0;0;2;8;17;B01
201800054883;1;37;13;0;2;3;17;A01
201800054884;2;32;0;0;2;7;14;B01
201800054884;2;7;0;0;2;3;13;A01
201800054885;1;1;0;0;2;1;1;B01
201800054885;2;7;0;0;2;5;22;A01
201800054886;2;33;0;0;2;4;2;C01
201800054886;2;7;0;0;2;4;2;B01
201800054886;2;7;0;0;2;1;2;A01
201800054887;1;7;0;0;1;0;1;Z01
201800054888;2;7;0;0;2;3;9;A01
201800054888;2;34;0;0;2;1;1;B01
201800054889;2;7;0;0;1;3;1;A01
201800054890;2;7;0;0;2;6;1;A01
201800054890;1;7;0;0;2;1;1;B01
201800054891;2;7;0;0;2;2;2;A01
201800054891;1;10;0;0;2;3;2;B01
201800054891;2;33;0;0;2;1;2;C01
201800054892;2;1;0;0;2;1;1;B01
201800054892;2;7;0;0;2;8;22;A01
201800054893;1;7;0;0;2;1;15;A01
201800054893;1;30;0;0;2;1;1;B01
201800054894;1;7;0;0;1;3;1;A01
201800054895;2;7;0;0;2;2;1;A01
201800054895;1;33;0;0;2;8;15;B01
201800054896;1;7;0;0;1;1;1;A01
201800054897;0;99;0;0;2;0;0;R01
201800054897;1;7;0;0;2;2;1;A01
201800054898;1;7;0;0;2;5;10;A01
201800054898;2;31;0;0;2;1;1;B01
201800054899;1;7;0;0;2;1;1;A01
201800054899;1;7;0;0;2;4;23;B01
201800054900;1;7;0;0;2;1;15;A01
201800054900;2;2;0;0;2;1;1;B01
201800054901;1;7;0;0;1;3;1;A01
201800054902;0;7;0;0;2;3;15;A01
201800054902;1;33;0;0;2;1;1;B01
201800054903;1;7;0;0;2;8;1;A01
201800054903;1;31;0;1;2;1;1;B01
201800054904;1;14;0;0;1;4;4;A01
201800054905;2;10;0;0;1;2;1;A01
201800054906;1;34;0;0;1;2;1;A01
201800054907;1;1;0;0;0;8;1;A01
201800054908;1;13;0;0;2;8;10;A01
201800054908;1;34;0;0;2;1;1;B01
201800054909;1;37;0;0;1;2;1;A01
201800054910;2;33;0;0;2;1;1;A01
201800054910;2;7;0;0;2;4;23;C01
201800054910;2;10;0;0;2;3;23;D01
201800054910;2;7;0;0;2;5;23;B01
201800054911;1;7;0;0;1;1;1;A01
201800054912;2;33;0;0;0;0;1;A01
201800054913;1;34;0;0;2;1;1;B01
201800054913;1;7;0;0;2;3;15;A01
201800054913;1;1;0;0;2;8;1;C01
201800054914;1;33;0;0;2;1;18;A01
201800054914;1;7;0;0;2;2;1;B01
201800054915;2;7;0;0;1;1;1;A01
201800054916;1;34;0;0;1;1;16;A01
201800054917;1;7;0;0;2;3;1;A01
201800054917;1;33;0;0;2;7;1;B01
201800054918;2;7;0;0;2;3;10;A01
201800054918;2;34;0;0;2;2;1;B01
201800054919;2;2;0;11;0;1;1;A01
201800054920;1;7;0;0;1;3;1;A01
201800054921;0;99;0;0;2;0;0;R01
201800054921;1;7;0;0;2;2;7;A01
201800054922;2;34;0;0;1;1;1;A01
201800054923;2;7;0;0;2;1;1;B01
201800054923;1;7;0;0;2;7;1;A01
201800054924;1;7;0;0;2;2;1;B01
201800054924;1;7;0;0;2;7;1;A01
201800054925;2;2;0;0;2;4;23;B01
201800054925;2;10;0;0;2;2;1;A01
201800054926;1;10;0;0;2;2;16;A01
201800054926;1;34;0;0;2;6;7;B01
201800054927;1;10;0;0;1;2;1;A01
201800054928;1;10;0;8;2;1;1;A01
201800054928;1;7;0;0;2;9;1;B01
201800054929;1;7;0;0;1;1;16;A01
201800054930;1;17;0;0;1;0;1;A01
201800054931;1;33;0;0;2;1;1;B01
201800054931;1;10;0;0;2;3;1;A01
201800054932;2;33;0;0;2;8;1;B01
201800054932;2;7;0;0;2;7;16;A01
201800054933;1;7;0;0;2;8;10;A01
201800054933;1;31;0;0;2;1;1;B01
201800054934;1;31;0;0;2;1;1;B01
201800054934;1;10;0;0;2;8;10;A01
201800054935;1;33;0;0;1;1;1;A01
201800054936;2;33;0;0;2;1;1;B01
201800054936;1;2;0;1;2;1;15;A01
201800054937;2;7;0;0;2;1;2;A01
201800054937;2;7;0;0;2;4;2;C01
201800054937;2;7;0;0;2;4;2;B01
201800054938;2;30;0;0;2;1;1;B01
201800054938;1;37;0;0;2;2;15;A01
201800054939;1;7;0;0;1;3;15;A01
201800054940;1;34;0;0;2;3;1;B01
201800054940;1;7;0;0;2;2;15;A01
201800054941;1;7;0;0;2;8;13;A01
201800054941;1;14;0;0;2;2;1;B01
201800054942;1;10;0;1;0;2;14;A01
201800054943;2;10;0;0;1;7;1;A01
201800054944;1;21;0;0;2;6;1;B01
201800054944;1;7;0;0;2;2;13;A01
201800054945;2;7;0;0;2;1;1;B01
201800054945;1;7;0;0;2;2;15;A01
201800054946;1;7;0;0;1;1;1;A01
201800054947;1;37;0;0;1;2;7;A01
201800054948;2;37;0;0;1;2;7;A01
201800054949;1;7;0;11;0;1;1;A01
201800054950;1;33;0;0;2;1;2;B01
201800054950;1;7;0;0;2;3;2;C01
201800054950;1;7;0;0;2;6;12;A01
201800054951;2;7;0;0;1;1;1;A01
201800054952;1;33;0;0;2;1;13;A01
201800054952;2;7;0;0;2;3;1;B01
201800054953;2;37;0;0;1;2;1;A01
201800054954;2;7;0;0;2;7;0;Z01
201800054954;2;15;0;0;2;8;11;B01
201800054954;2;33;0;0;2;8;3;A01
201800054955;1;2;0;11;0;3;13;A01
201800054956;2;33;0;0;1;1;1;A01
201800054957;0;1;0;0;2;2;1;B01
201800054957;0;7;0;0;2;2;11;A01
201800054958;1;7;0;0;2;3;15;A01
201800054958;1;31;0;0;2;2;17;B01
201800054959;1;10;0;0;1;6;4;A01
201800054960;1;32;0;11;0;1;1;A01
201800054961;2;2;0;0;1;1;1;A01
201800054962;2;33;0;0;2;1;1;B01
201800054962;1;7;0;0;2;5;15;A01
201800054963;2;7;0;0;1;2;1;A01
201800054964;2;10;0;0;1;2;8;A01
201800054965;2;31;0;14;2;3;14;A01
201800054965;1;7;0;0;2;8;23;B01
201800054966;1;33;0;9;0;1;1;A01
201800054967;1;33;0;12;0;1;15;A01
201800054968;2;2;0;0;1;1;1;Z01
201800054969;2;7;0;0;2;2;1;A01
201800054969;2;7;0;0;2;3;1;B01