num_acc;senc;catv;occutc;obs;obsm;choc;manv;num_veh
201800054970;1;33;0;4;0;8;13;A01
201800054971;1;33;0;0;2;7;1;A01
201800054971;2;10;0;0;2;3;1;B01
201800054972;2;1;0;0;1;1;1;A01
201800054973;2;34;0;1;0;8;13;A01
201800054974;2;32;0;11;0;8;1;A01
201800054975;1;2;0;0;0;1;13;A01
201800054976;2;37;0;0;1;2;1;A01
201800054977;1;33;0;0;2;7;3;B01
201800054977;1;33;0;0;2;8;13;A01
201800054977;1;7;0;0;2;2;1;C01
201800054978;1;31;0;0;2;1;13;A01
201800054978;1;7;0;0;2;5;1;B01
201800054979;1;7;0;0;2;2;1;B01
201800054979;1;31;0;0;2;9;18;A01
201800054980;1;20;0;0;2;1;23;B01
201800054980;1;7;0;1;0;1;13;A01
201800054981;2;1;0;0;2;1;5;B01
201800054981;1;10;0;0;2;3;15;A01
201800054982;0;14;0;0;2;2;16;A01
201800054982;0;1;0;0;2;3;19;B01
201800054983;2;1;0;0;2;5;1;B01
201800054983;1;7;0;0;2;1;10;A01
201800054984;2;33;0;0;1;1;1;A01
201800054984;2;7;0;0;2;6;1;C01
201800054984;1;7;0;0;2;3;1;B01
201800054985;1;7;0;0;2;2;16;A01
201800054985;1;33;0;0;2;8;1;B01
201800054986;1;33;0;0;0;7;16;A01
201800054987;2;1;0;0;2;1;15;B01
201800054987;1;7;0;0;2;1;1;A01
201800054988;2;33;0;0;2;7;3;A01
201800054988;2;7;0;0;2;5;1;B01
201800054989;2;7;0;0;9;3;2;C01
201800054989;2;7;0;0;2;5;2;A01
201800054989;2;31;0;0;2;1;3;B01
201800054990;2;15;0;0;1;7;16;A01
201800054991;1;7;0;0;2;0;15;Z01
201800054991;2;33;0;0;2;2;1;A01
201800054992;2;33;0;0;2;1;1;A01
201800054992;2;7;0;0;2;2;12;B01
201800054993;1;2;0;0;0;6;3;A01
201800054994;1;33;0;0;2;7;15;A01
201800054994;2;7;0;0;2;8;1;B01
201800054995;1;10;0;6;0;1;1;A01
201800054996;1;31;0;0;0;7;7;A01
201800054997;1;10;0;15;0;2;14;A01
201800054998;2;7;0;0;2;8;13;A01
201800054998;2;17;0;0;2;8;1;B01
201800054999;1;2;0;1;0;1;14;A01
201800055000;0;7;0;1;2;2;1;B01
201800055000;2;7;0;1;1;1;1;A01
201800055001;1;32;0;0;2;1;21;B01
201800055001;1;7;0;0;2;6;1;A01
201800055002;2;7;0;0;1;5;15;A01
201800055003;1;33;0;4;0;1;13;A01
201800055004;1;31;0;0;1;1;1;A01
201800055005;1;2;0;12;0;9;14;A01
201800055006;1;7;0;0;2;6;1;B01
201800055006;1;32;0;0;2;1;1;A01
201800055007;1;7;0;0;2;1;1;B01
201800055007;1;7;0;9;2;7;1;A01
201800055008;1;7;0;0;1;3;16;A01
201800055009;2;7;0;0;1;2;1;A01
201800055009;2;7;0;0;2;8;1;Z01
201800055010;1;33;0;0;2;0;13;A01
201800055010;1;7;0;0;2;1;1;B01
201800055011;2;7;0;0;1;1;1;A01
201800055012;1;7;0;0;1;2;1;A01
201800055013;1;34;0;0;1;1;1;A01
201800055014;2;31;0;0;1;1;21;A01
201800055014;2;31;0;0;2;4;1;B01
201800055015;1;7;0;0;2;1;2;A01
201800055015;1;7;0;0;2;6;23;B01
201800055015;1;7;0;0;2;4;23;C01
201800055016;1;31;0;0;1;1;1;A01
201800055017;1;1;0;0;2;1;1;A01
201800055017;0;99;0;0;2;0;0;R01
201800055018;1;10;0;0;2;8;11;A01
201800055018;1;32;0;0;2;1;3;B01
201800055019;2;30;0;1;0;1;13;A01
201800055020;2;33;0;0;2;2;1;A01
201800055020;2;7;0;0;2;3;13;B01
201800055021;2;10;0;0;1;2;1;A01
201800055022;1;7;0;0;2;2;1;A01
201800055022;2;7;0;0;2;3;1;B01
201800055023;1;7;0;0;1;1;17;A01
201800055024;1;1;0;9;0;1;1;A01
201800055025;2;33;0;0;1;1;1;A01
201800055026;1;14;0;0;1;7;16;A01
201800055027;1;10;0;0;2;2;1;C01
201800055027;1;33;0;0;2;5;13;B01
201800055027;1;33;0;0;2;3;1;A01
201800055027;1;7;0;0;2;8;1;E01
201800055027;1;33;0;0;2;1;1;D01
201800055028;0;10;0;0;1;6;4;A01
201800055029;2;33;0;0;1;1;1;A01
201800055030;1;1;0;0;0;8;1;A01
201800055031;1;7;0;3;2;1;13;A01
201800055031;2;7;0;0;2;7;1;B01
201800055032;1;10;0;0;1;3;15;A01
201800055033;2;7;0;9;2;2;1;A01
201800055033;2;32;0;0;2;5;1;B01
201800055034;0;7;0;0;2;6;1;B01
201800055034;0;7;0;0;2;1;1;C01
201800055034;1;2;0;0;2;1;5;A01
201800055035;1;2;0;0;2;3;1;D01
201800055035;1;38;0;0;2;1;1;B01
201800055035;1;2;0;0;2;2;1;C01
201800055035;2;7;0;6;2;1;13;A01
201800055036;1;7;0;0;2;2;15;A01
201800055036;2;2;0;0;2;1;1;B01
201800055037;1;7;0;0;2;1;1;B01
201800055037;2;31;0;1;2;1;5;A01
201800055038;2;7;0;3;0;1;14;A01
201800055039;1;14;0;0;2;7;16;A01
201800055039;1;1;0;0;2;1;1;B01
201800055040;1;34;0;0;2;8;11;A01
201800055040;1;7;0;0;2;7;1;B01
201800055041;2;7;0;0;1;1;16;A01
201800055042;1;31;0;1;0;1;1;A01
201800055043;1;7;0;0;2;7;15;A01
201800055043;1;31;0;0;2;1;1;B01
201800055044;1;34;0;0;2;2;1;A01
201800055044;2;7;0;0;2;3;1;B01
201800055045;1;20;0;0;2;6;23;A01
201800055045;1;1;0;1;2;1;1;B01
201800055046;1;7;0;0;1;2;1;A01
201800055047;2;34;0;0;2;1;1;A01
201800055047;2;1;0;0;2;6;16;B01
201800055048;1;7;0;0;1;2;21;A01
201800055049;2;32;0;0;0;0;21;A01
201800055050;1;34;0;11;0;1;13;A01
201800055051;1;7;0;0;1;3;1;A01
201800055052;1;7;0;7;2;3;14;A01
201800055052;1;32;0;0;2;6;1;B01
201800055053;1;2;0;0;2;2;17;B01
201800055053;1;7;0;0;2;3;15;A01
201800055054;1;33;0;12;0;1;13;A01
201800055055;0;7;0;0;1;3;15;A01
201800055056;1;33;0;0;1;1;1;A01
201800055057;1;33;0;0;2;2;17;A01
201800055057;1;10;0;0;2;8;1;B01
201800055058;1;2;0;0;2;7;1;B01
201800055058;1;33;0;0;2;1;1;A01
201800055059;1;10;0;0;2;7;11;A01
201800055059;1;33;0;0;2;8;3;B01
201800055060;1;2;0;14;2;1;1;A01
201800055060;1;7;0;0;2;4;1;B01
201800055061;1;7;0;0;1;3;1;A01
201800055062;1;7;0;0;2;3;12;A01
201800055062;1;34;0;0;2;2;1;B01
201800055063;1;31;0;12;0;0;14;A01
201800055064;1;7;0;0;1;1;1;A01
201800055065;1;32;0;14;0;1;12;A01
201800055066;1;7;0;0;2;8;11;A01
201800055066;1;31;0;0;2;7;1;B01
201800055067;2;7;0;0;2;4;2;A01
201800055067;2;7;0;0;2;1;2;C01
201800055067;2;7;0;0;2;4;2;B01
201800055068;1;10;0;0;2;3;10;A01
201800055068;1;33;0;0;2;1;1;B01
201800055069;1;7;0;0;2;5;1;C01
201800055069;1;7;0;0;2;6;23;A01
201800055069;1;7;0;0;2;4;23;B01
201800055069;1;7;0;14;2;1;1;Z01
201800055070;1;7;0;0;1;0;1;Z01
201800055071;1;2;0;0;1;3;1;A01
201800055072;1;33;0;0;2;1;1;A01
201800055072;1;2;0;0;2;4;23;B01
201800055072;1;7;0;0;2;3;23;C01
201800055073;1;14;0;0;2;1;1;A01
201800055073;1;31;0;0;2;5;1;B01
201800055074;0;10;0;2;0;1;13;A01
201800055075;1;7;0;0;2;4;2;B01
201800055075;1;33;0;0;2;1;9;A01
201800055076;2;7;0;0;2;2;1;Z01
201800055076;1;2;0;0;2;3;1;A01
201800055077;1;7;0;0;2;7;2;C01
201800055077;1;31;0;0;2;1;5;A01
201800055077;1;2;0;0;2;1;2;B01
201800055078;0;33;0;0;2;1;1;B01
201800055078;0;7;0;0;2;7;1;A01
201800055079;2;17;0;0;2;2;16;A01
201800055079;0;1;0;0;2;4;18;B01
201800055080;1;7;0;0;0;0;1;A01
201800055080;1;33;0;0;0;0;7;B01
201800055081;1;7;0;0;2;2;16;A01
201800055081;1;32;0;0;2;1;1;B01
201800055082;1;7;0;0;2;7;1;A01
201800055082;1;7;0;0;2;1;1;B01
201800055083;1;33;0;0;1;1;1;A01
201800055084;2;7;0;0;1;2;1;A01
201800055085;2;7;0;0;2;2;10;A01
201800055085;2;2;0;0;2;1;1;B01
201800055086;1;7;0;4;2;3;1;A01
201800055086;1;33;0;0;2;4;23;B01
201800055086;1;7;0;0;2;5;23;C01
201800055087;1;33;0;1;2;2;17;B01
201800055087;1;7;0;0;2;6;13;A01
201800055088;1;2;0;0;2;9;1;B01
201800055088;1;7;0;0;2;3;10;A01
201800055089;0;10;0;0;2;8;15;B01
201800055089;0;7;0;0;2;1;8;A01
201800055090;1;31;0;0;2;5;19;B01
201800055090;2;7;0;0;2;1;1;A01
201800055091;2;7;0;1;2;3;15;A01
201800055091;2;10;0;0;1;2;1;B01
201800055092;1;33;0;4;0;1;3;A01
201800055093;1;7;0;0;2;2;1;A01
201800055093;2;7;0;0;2;3;1;B01
201800055094;1;2;0;0;2;7;15;B01
201800055094;1;10;0;0;2;3;11;A01
201800055095;1;10;0;11;1;1;5;A01
201800055096;2;33;0;0;1;3;7;A01
201800055097;1;7;0;4;0;2;14;A01
201800055098;0;7;0;0;2;2;1;B01
201800055098;0;32;0;0;2;1;1;A01
201800055099;1;30;0;1;0;1;14;A01
201800055100;2;31;0;6;2;1;1;B01
201800055100;1;34;0;14;2;1;1;A01
201800055101;0;7;0;0;2;1;1;A01
201800055101;1;1;0;0;2;7;19;B01
201800055102;2;7;0;4;2;5;1;B01
201800055102;2;7;0;0;2;1;13;A01
201800055103;2;32;0;0;2;1;1;B01
201800055103;2;7;0;0;2;3;10;A01
201800055104;0;2;0;0;1;1;5;Z01
201800055105;2;34;0;0;2;1;1;B01
201800055105;1;7;0;0;2;2;15;A01
201800055106;1;7;0;0;1;3;1;A01
201800055107;2;31;0;0;0;1;21;A01
201800055108;1;10;0;0;1;1;1;A01
201800055109;1;10;0;0;2;5;1;B01
201800055109;1;7;0;0;2;3;1;C01
201800055109;1;31;0;0;2;4;3;A01
201800055110;2;33;0;0;0;0;3;A01
201800055110;2;7;0;0;0;0;14;B01
201800055111;1;7;0;2;0;1;14;A01
201800055112;1;33;0;0;2;5;1;B01
201800055112;1;7;0;1;2;2;1;A01
201800055113;2;33;0;0;2;1;13;B01
201800055113;1;7;0;0;2;1;15;A01
201800055114;0;7;0;0;1;1;1;Z01
201800055115;2;7;0;0;1;4;4;A01
201800055116;2;99;0;0;2;7;1;B01
201800055116;1;7;0;0;2;3;1;A01
201800055117;1;30;0;0;1;7;1;A01
201800055118;2;30;0;12;0;1;1;A01
201800055119;1;34;0;4;0;0;13;A01
201800055120;1;32;0;12;0;1;1;A01
201800055121;1;7;0;0;2;3;1;A01
201800055121;1;33;0;8;2;8;1;B01
201800055122;1;32;0;0;2;3;1;A01
201800055122;1;7;0;0;2;3;1;B01
201800055123;1;31;0;1;0;3;1;A01
201800055124;1;99;0;0;2;8;2;Z01
201800055124;1;32;0;0;2;2;1;A01
201800055125;1;7;0;0;2;2;1;Z01
201800055125;1;1;0;0;2;4;16;A01
201800055126;2;7;0;0;2;3;7;A01
201800055126;2;34;0;0;2;5;12;B01
201800055127;1;7;0;0;2;1;1;A01
201800055127;2;1;0;0;2;3;1;B01
201800055128;1;14;0;1;0;2;14;A01
201800055129;1;32;0;9;0;1;13;A01
201800055130;2;10;0;0;2;5;23;C01
201800055130;2;7;0;0;0;0;2;A01
201800055130;2;7;0;0;2;7;23;B01
201800055130;2;32;0;0;2;9;2;Z01
201800055130;2;10;0;0;2;5;23;D01
201800055130;2;10;0;0;2;6;23;E01
201800055131;2;10;0;0;2;8;4;A01
201800055131;2;30;0;0;2;1;1;B01
201800055132;1;33;0;0;2;4;3;B01
201800055132;1;33;0;0;2;1;3;A01
201800055133;2;7;0;0;2;3;1;B01
201800055133;0;30;0;0;2;1;1;A01
201800055134;1;13;0;0;2;2;16;A01
201800055134;0;1;0;0;2;3;1;B01
201800055135;1;1;0;0;2;4;23;B01
201800055135;1;17;0;0;2;2;2;A01
201800055136;1;33;0;0;2;1;3;B01
201800055136;1;10;0;0;2;5;23;A01
201800055137;0;33;0;0;0;2;1;A01
201800055138;1;10;0;0;1;2;16;A01
201800055139;2;1;0;0;2;1;1;B01
201800055139;2;7;0;0;2;6;9;A01
201800055140;1;31;0;0;2;8;1;E01
201800055140;1;7;0;4;2;6;1;B01
201800055140;1;10;0;0;2;4;23;C01
201800055140;1;7;0;0;2;1;1;D01
201800055140;1;17;0;0;2;2;13;A01
201800055141;1;7;0;0;1;3;15;A01
201800055141;2;33;0;0;2;8;1;B01
201800055142;1;30;0;0;2;8;1;A01
201800055142;1;34;0;0;2;7;1;B01
201800055143;1;7;0;0;2;0;2;E01
201800055143;1;7;0;0;2;6;21;A01
201800055143;1;7;0;0;2;4;2;C01
201800055143;1;10;0;0;2;3;2;F01
201800055143;1;7;0;0;2;4;2;D01
201800055143;1;7;0;0;2;2;2;B01
201800055144;0;7;0;0;2;6;1;B01
201800055144;0;34;0;0;2;2;14;A01
201800055145;0;30;0;8;0;2;14;A01
201800055146;2;30;0;0;1;1;1;A01
201800055147;0;32;0;0;2;1;2;B01
201800055147;0;7;0;0;2;4;23;A01
201800055148;1;14;0;0;1;5;4;A01
201800055149;2;7;0;0;2;5;1;A01
201800055149;2;34;0;0;2;1;13;B01
201800055150;2;7;0;0;2;5;1;B01
201800055150;1;33;0;14;2;1;13;A01
201800055151;0;33;0;0;2;1;1;A01
201800055151;0;7;0;0;2;6;9;B01
201800055152;1;32;0;0;2;7;1;A01
201800055152;1;37;1;0;2;3;9;B01
201800055153;1;34;0;0;1;2;1;A01
201800055154;2;20;0;0;1;2;1;A01
201800055155;2;32;0;0;1;1;3;A01
201800055156;1;30;0;0;1;1;5;Z01
201800055157;1;32;0;0;2;4;2;B01
201800055157;1;7;0;0;2;2;2;A01
201800055158;2;1;0;0;1;1;17;A01
201800055159;1;7;0;0;1;6;4;A01
201800055160;1;7;0;0;1;2;1;A01
201800055161;1;7;0;0;1;2;1;Z01
201800055162;1;7;0;14;2;2;2;A01
201800055162;1;10;0;0;2;6;23;B01
201800055163;1;7;0;0;2;1;2;A01
201800055163;1;30;0;0;2;4;2;B01
201800055164;1;7;0;0;2;5;22;A01
201800055164;1;32;0;0;2;1;18;B01
201800055165;1;7;0;1;1;1;14;A01
201800055165;1;7;0;0;2;3;1;B01
201800055166;1;7;0;0;2;6;2;B01
201800055166;1;32;0;0;2;1;2;A01
201800055167;2;10;0;0;1;6;4;A01
201800055168;1;7;0;0;2;6;1;B01
201800055168;1;7;0;4;2;2;14;A01
201800055169;2;7;0;9;0;1;13;A01
201800055170;1;34;0;1;0;1;14;A01
201800055171;2;10;0;0;1;2;1;A01
201800055172;2;7;0;0;2;7;15;A01
201800055172;1;33;0;0;2;0;7;B01
201800055173;1;10;0;0;1;3;1;A01
201800055174;1;7;0;1;1;2;20;A01
201800055175;1;7;0;0;2;8;1;B01
201800055175;2;7;0;0;2;1;15;A01
201800055176;1;30;0;0;1;1;1;Z01
201800055177;2;7;0;0;2;5;1;B01
201800055177;2;33;0;0;2;3;9;A01
201800055178;1;34;0;0;2;2;2;B01
201800055178;1;7;0;0;2;4;2;A01
201800055179;1;34;0;8;1;2;7;A01
201800055180;2;33;0;1;0;7;1;A01
201800055181;2;7;0;0;2;2;10;A01
201800055181;1;33;0;0;2;1;1;B01
201800055182;1;33;0;0;2;8;1;B01
201800055182;1;7;0;0;2;3;10;A01
201800055183;2;33;0;0;1;1;1;A01
201800055184;1;33;0;0;1;8;5;A01
201800055185;0;7;0;1;1;1;1;Z01
201800055185;1;7;0;0;2;8;24;B01
201800055186;1;7;0;1;2;1;5;A01
201800055186;1;7;0;0;2;3;15;B01
201800055187;1;7;0;9;0;3;13;A01
201800055188;1;7;0;0;2;1;2;A01
201800055188;1;7;0;0;2;4;23;B01
201800055188;1;7;0;0;2;4;23;C01
201800055189;1;33;0;0;2;2;5;B01
201800055189;1;7;0;0;2;3;15;A01
201800055190;2;7;0;0;1;2;1;A01
201800055191;1;2;0;0;2;1;2;A01
201800055191;1;10;0;0;2;6;23;B01
201800055192;0;7;0;0;2;3;10;A01
201800055192;2;33;0;0;2;1;1;B01
201800055193;2;7;0;0;1;2;1;A01
201800055194;2;33;0;6;2;1;17;B01
201800055194;2;7;0;0;2;0;15;A01
201800055195;1;7;0;0;1;1;1;A01
201800055196;1;7;0;0;2;3;1;A01
201800055196;0;7;0;0;2;2;1;B01
201800055197;1;7;0;0;2;6;22;A01
201800055197;1;1;0;1;2;1;17;B01
201800055198;1;10;0;0;1;3;1;A01
201800055199;1;10;0;0;1;5;4;A01
201800055200;0;1;0;0;2;8;1;A01
201800055200;1;7;0;0;2;3;1;B01
201800055201;1;37;5;0;2;8;1;A01
201800055201;1;99;0;0;2;3;19;B01
201800055202;2;7;0;0;2;5;23;A01
201800055202;2;1;0;1;2;1;7;B01
201800055203;1;34;0;14;0;1;13;A01
201800055204;1;7;0;0;1;1;1;Z01
201800055205;1;7;0;0;2;7;1;B01
201800055205;1;7;0;0;2;7;1;A01
201800055206;1;31;0;12;0;1;14;A01
201800055207;1;7;0;0;2;3;15;B01
201800055207;1;33;0;15;2;1;5;A01
201800055208;1;10;0;0;2;7;13;A01
201800055208;1;1;0;0;2;8;1;B01
201800055209;2;7;0;4;0;8;13;A01
201800055210;1;1;0;0;1;1;1;A01
201800055211;1;33;0;0;2;1;3;A01
201800055211;1;7;0;0;2;0;11;Z01
201800055211;1;7;0;0;2;4;1;B01
201800055212;0;7;0;0;2;1;15;A01
201800055212;2;7;0;0;2;7;1;B01
201800055213;2;7;0;0;1;8;23;A01
201800055214;1;7;0;8;0;1;7;A01
201800055215;1;33;0;14;0;1;16;A01
201800055216;1;30;0;0;2;1;1;B01
201800055216;1;17;0;0;2;7;10;A01
201800055217;1;7;0;8;0;1;13;A01
201800055218;1;31;0;0;0;7;1;A01
201800055219;1;7;0;0;2;2;12;A01
201800055219;1;34;0;0;2;8;3;B01
201800055220;1;7;0;0;2;4;2;C01
201800055220;1;7;0;0;2;1;2;A01
201800055220;1;7;0;0;2;4;2;B01
201800055221;2;31;0;0;0;0;1;A01
201800055222;2;7;0;0;2;4;2;B01
201800055222;2;7;0;0;2;1;2;A01
201800055223;1;7;0;4;2;5;1;A01
201800055223;1;7;0;0;2;0;1;Z01
201800055224;2;33;0;0;2;8;3;A01
201800055224;2;7;0;0;2;7;12;Z01
201800055225;1;7;0;0;2;1;2;A01
201800055225;1;7;0;4;2;4;2;B01
201800055226;1;34;0;0;2;4;23;B01
201800055226;1;7;0;0;2;1;2;A01
201800055226;1;7;0;0;2;4;23;C01
201800055227;1;33;0;0;2;1;3;A01
201800055227;1;7;0;0;2;6;1;B01
201800055228;2;31;0;0;0;7;1;A01
201800055229;1;7;0;0;2;6;13;Z01
201800055229;1;7;0;0;2;6;1;A01
201800055230;1;7;0;4;0;2;14;A01
201800055231;1;7;0;0;2;2;1;A01
201800055231;1;34;0;0;2;4;1;B01
201800055232;1;7;0;0;2;3;11;A01
201800055232;1;31;0;0;2;7;1;B01
201800055233;2;7;0;0;2;1;1;A01
201800055233;2;7;0;0;2;4;1;B01
201800055234;2;10;0;0;2;4;1;B01
201800055234;2;7;0;0;2;1;1;A01
201800055234;2;7;0;0;2;0;11;C01
201800055235;1;7;0;0;2;2;1;A01
201800055235;1;14;0;0;2;1;1;C01
201800055235;1;7;0;0;2;6;1;B01
201800055236;1;7;0;0;0;9;1;A01
201800055237;2;34;0;0;2;1;3;A01
201800055237;2;33;0;0;2;4;3;B01
201800055238;1;31;0;0;2;1;3;B01
201800055238;1;7;0;0;2;7;12;A01
201800055239;1;7;0;0;2;4;1;C01
201800055239;1;7;0;0;2;4;1;D01
201800055239;1;7;0;0;2;4;1;B01
201800055239;1;7;0;0;2;1;1;A01
201800055240;1;7;0;0;2;5;12;Z01
201800055240;1;31;0;0;2;3;3;A01
201800055241;1;31;0;0;2;1;1;A01
201800055241;1;10;0;0;2;5;1;B01
201800055242;2;7;0;0;2;5;1;C01
201800055242;2;10;0;0;2;7;12;B01
201800055242;2;32;0;0;2;3;3;A01
201800055242;1;7;0;0;2;6;1;D01
201800055243;2;31;0;0;2;1;1;A01
201800055243;2;7;0;0;2;4;23;B01
201800055244;1;33;0;0;2;3;11;A01
201800055244;1;7;0;0;2;7;1;B01
201800055245;2;10;0;0;2;4;1;C01
201800055245;2;10;0;0;2;1;14;A01
201800055245;2;10;0;0;2;4;1;D01
201800055245;2;33;0;0;2;1;3;B01
201800055246;2;10;0;0;2;7;12;A01
201800055246;2;7;0;0;2;8;1;C01
201800055246;2;10;0;0;2;6;1;D01
201800055246;2;32;0;0;2;3;3;B01
201800055247;2;7;0;0;2;1;1;A01
201800055247;2;31;0;0;2;4;1;B01
201800055247;2;7;0;0;2;4;1;C01
201800055248;2;7;0;0;2;2;1;B01
201800055248;2;7;0;4;2;2;1;C01
201800055248;2;33;0;0;2;2;3;A01
201800055249;2;7;0;0;2;4;1;D01
201800055249;2;7;0;0;2;1;1;A01
201800055249;2;7;0;0;2;4;1;B01
201800055249;2;7;0;0;2;4;1;C01
201800055250;2;10;0;0;2;6;11;A01
201800055250;2;34;0;0;2;1;1;B01
201800055251;1;31;0;0;2;1;1;A01
201800055251;1;7;0;0;2;6;12;B01
201800055252;2;7;0;0;2;5;1;B01
201800055252;2;31;0;0;2;8;13;A01
201800055253;1;31;0;0;2;8;1;B01
201800055253;1;7;0;0;2;7;12;A01
201800055254;1;7;0;0;2;1;1;A01
201800055254;1;7;0;0;2;4;1;B01
201800055255;1;7;0;0;2;2;12;A01
201800055255;1;32;0;0;2;3;1;B01
201800055256;2;7;0;0;2;1;1;A01
201800055256;2;7;0;0;2;4;1;B01
201800055257;1;7;0;0;2;6;1;B01
201800055257;1;7;0;0;2;2;1;A01
201800055258;1;7;0;0;2;9;1;A01
201800055258;1;10;0;0;2;1;1;C01
201800055258;1;7;0;0;2;4;1;B01
201800055259;2;32;0;0;0;8;1;A01
201800055260;1;7;0;0;2;4;1;B01
201800055260;1;10;0;0;2;1;1;A01
201800055261;1;31;0;0;0;7;1;A01
201800055262;1;33;0;0;0;8;1;A01
201800055263;2;33;0;0;0;7;2;A01
201800055264;1;7;0;0;2;5;12;A01
201800055264;1;32;0;0;2;8;3;B01
201800055265;2;7;0;0;2;1;1;B01
201800055265;2;10;0;0;2;1;1;Z01
201800055265;2;10;0;0;2;4;1;A01
201800055266;1;7;0;0;2;3;1;C01
201800055266;1;31;0;0;2;3;3;A01
201800055266;1;7;0;0;2;5;1;B01
201800055267;1;31;0;0;0;8;3;A01
201800055268;1;7;0;0;2;5;1;B01
201800055268;1;33;0;0;2;1;3;A01
201800055269;1;7;0;0;2;4;1;C01
201800055269;1;7;0;0;2;1;1;A01
201800055269;1;7;0;0;2;4;1;B01
201800055270;1;7;0;0;2;6;1;A01
201800055270;1;14;0;0;2;2;12;Z01
201800055271;1;7;0;4;0;1;14;A01
201800055272;1;33;0;0;0;8;1;A01
201800055273;2;10;0;0;2;1;1;A01
201800055273;2;7;0;0;2;4;23;B01
201800055274;1;10;0;0;2;2;14;A01
201800055274;1;33;0;0;2;8;1;B01
201800055275;2;33;0;4;0;8;13;A01
201800055276;2;7;0;4;2;6;1;B01
201800055276;2;14;0;0;2;2;12;A01
201800055276;2;7;0;0;2;2;1;C01
201800055277;2;15;0;0;2;1;2;A01
201800055277;2;7;0;0;2;4;23;B01
201800055277;2;7;0;0;2;4;23;D01
201800055277;2;7;0;0;2;4;23;C01
201800055278;1;7;0;0;2;5;2;B01
201800055278;1;33;0;0;2;1;2;A01
201800055279;1;7;0;0;2;1;2;A01
201800055279;1;10;0;0;2;4;2;B01
201800055279;1;7;0;0;2;4;2;C01
201800055280;1;10;0;0;2;5;1;C01
201800055280;1;10;0;0;2;5;1;D01
201800055280;1;7;0;4;2;3;13;A01
201800055280;1;7;0;0;2;5;1;B01
201800055281;1;33;0;0;0;7;1;A01
201800055282;2;7;0;0;2;7;12;A01
201800055282;2;33;0;0;2;8;3;B01
201800055283;2;7;0;0;2;1;17;Z01
201800055283;2;7;0;0;2;6;1;A01
201800055284;2;10;0;0;2;5;23;A01
201800055284;2;7;0;0;2;3;2;Z01
201800055285;1;7;0;4;0;1;13;A01
201800055286;1;31;0;0;2;1;2;A01
201800055286;1;7;0;0;2;6;2;B01
201800055287;1;10;0;0;9;1;23;B01
201800055287;1;2;0;0;2;1;5;A01
201800055288;2;7;0;0;2;4;2;C01
201800055288;2;7;0;0;2;2;2;A01
201800055288;2;7;0;0;2;6;2;B01
201800055289;2;10;0;0;2;5;2;A01
201800055289;2;34;0;0;2;1;2;B01
201800055290;1;34;0;0;2;1;2;A01
201800055290;1;7;0;0;2;5;2;B01
201800055291;1;33;0;0;2;1;2;A01
201800055291;1;7;0;0;2;4;2;B01
201800055292;1;7;0;0;2;6;12;A01
201800055292;1;34;0;0;2;3;3;C01
201800055292;1;34;0;0;2;3;3;B01
201800055293;1;7;0;0;2;2;2;A01
201800055293;1;7;0;0;0;6;23;B01
201800055294;1;7;0;0;2;3;1;B01
201800055294;1;13;0;0;2;2;12;A01
201800055295;2;14;0;0;2;2;1;C01
201800055295;2;13;0;0;2;6;1;B01
201800055295;2;34;0;0;2;1;9;A01
201800055296;1;7;0;0;2;5;1;B01
201800055296;1;33;0;0;2;1;3;A01
201800055297;1;7;0;0;2;6;11;B01
201800055297;1;33;0;4;2;1;3;A01
201800055298;1;10;0;0;2;1;1;A01
201800055298;1;7;0;0;2;4;23;B01
201800055299;2;33;0;0;2;7;1;A01
201800055299;2;7;0;0;2;6;23;B01
201800055300;2;33;0;0;2;3;1;B01
201800055300;2;7;0;0;2;5;12;A01
201800055301;2;7;0;0;2;1;2;A01
201800055301;2;7;0;0;2;4;2;B01
201800055301;2;7;0;0;2;4;2;C01
201800055302;1;7;0;0;2;6;11;B01
201800055302;1;10;0;0;2;2;1;A01
201800055303;2;7;0;0;2;1;2;A01
201800055303;2;7;0;0;2;4;2;B01
201800055304;1;7;0;0;2;1;2;A01
201800055304;1;7;0;0;2;4;23;B01
201800055305;1;10;0;0;2;1;2;A01
201800055305;1;32;0;0;2;1;2;C01
201800055305;1;10;0;0;2;4;2;B01
201800055306;2;7;0;0;2;6;11;A01
201800055306;2;34;0;0;2;2;3;B01
201800055307;2;7;0;0;2;5;1;B01
201800055307;1;31;0;0;2;3;3;A01
201800055308;1;10;0;0;2;4;1;C01
201800055308;1;7;0;0;2;4;1;B01
201800055308;1;10;0;0;2;1;1;D01
201800055308;1;32;0;0;2;1;1;A01
201800055309;1;33;0;0;0;7;3;A01
201800055310;2;7;0;0;2;3;11;A01
201800055310;2;31;0;0;2;2;3;B01
201800055311;1;33;0;0;2;8;3;A01
201800055311;1;7;0;0;2;8;12;Z01
201800055312;1;7;0;0;2;4;1;E01
201800055312;1;10;0;0;2;4;1;F01
201800055312;1;7;0;0;2;4;1;B01
201800055312;1;7;0;0;2;1;1;A01
201800055312;1;7;0;0;2;4;1;D01
201800055312;1;7;0;0;2;4;1;C01
201800055313;2;7;0;3;0;8;14;A01
201800055314;1;33;0;0;2;1;2;A01
201800055314;1;10;0;0;2;5;2;B01
201800055315;1;33;0;0;0;1;3;A01