num_acc;senc;catv;occutc;obs;obsm;choc;manv;num_veh
201800055316;1;10;0;0;2;8;11;Z01
201800055316;1;31;0;0;2;7;1;A01
201800055317;2;33;0;0;2;8;1;A01
201800055317;2;7;0;0;2;0;12;Z01
201800055318;1;7;0;0;2;4;2;B01
201800055318;1;31;0;0;2;1;9;A01
201800055319;2;7;0;0;2;5;2;B01
201800055319;2;7;0;0;2;1;2;A01
201800055320;1;7;0;0;2;4;2;B01
201800055320;1;31;0;0;2;1;2;A01
201800055321;2;7;0;0;2;1;1;B01
201800055321;2;7;0;4;0;5;12;A01
201800055322;1;10;0;0;2;3;9;A01
201800055322;1;7;0;0;2;6;1;C01
201800055322;1;7;0;0;2;6;1;B01
201800055323;1;34;0;0;0;7;3;A01
201800055324;1;7;0;0;2;8;11;B01
201800055324;1;10;0;0;2;4;1;C01
201800055324;1;32;0;0;2;8;3;A01
201800055325;1;7;0;0;2;6;2;B01
201800055325;1;7;0;0;2;6;2;A01
201800055326;1;31;0;4;0;2;13;A01
201800055327;2;33;0;0;2;1;13;A01
201800055327;2;7;0;0;2;4;23;B01
201800055328;1;32;0;0;2;1;2;A01
201800055328;1;10;0;0;2;6;2;B01
201800055329;2;7;0;4;2;7;14;A01
201800055329;2;14;0;0;2;7;11;B01
201800055330;1;7;0;0;2;1;2;A01
201800055330;1;10;0;0;2;4;2;C01
201800055330;1;7;0;0;2;4;2;B01
201800055331;1;7;0;0;2;2;12;A01
201800055331;1;34;0;0;2;8;3;B01
201800055332;1;7;0;0;2;6;1;B01
201800055332;1;34;0;0;2;2;3;C01
201800055332;1;2;0;0;2;1;14;A01
201800055332;1;7;0;0;2;7;1;D01
201800055333;1;10;0;0;2;7;17;A01
201800055333;1;32;0;0;2;8;1;B01
201800055334;1;14;0;0;2;2;12;A01
201800055334;1;7;0;0;2;8;1;B01
201800055334;1;10;0;0;2;1;1;C01
201800055335;2;33;0;0;2;3;1;A01
201800055335;2;7;0;0;2;5;1;B01
201800055336;2;32;0;0;2;1;3;A01
201800055336;2;7;0;0;2;5;1;C01
201800055336;2;33;0;0;2;4;3;B01
201800055337;1;7;0;0;2;3;11;A01
201800055337;1;31;0;0;2;2;3;B01
201800055338;2;33;0;0;2;1;3;B01
201800055338;2;7;0;0;2;5;11;A01
201800055339;2;33;0;0;2;1;3;A01
201800055339;2;31;0;0;2;6;3;B01
201800055340;2;31;0;0;2;1;1;A01
201800055340;2;7;0;0;2;6;1;B01
201800055341;2;31;0;0;2;3;3;C01
201800055341;2;33;0;0;2;3;3;A01
201800055341;2;7;0;0;2;5;1;B01
201800055342;1;10;0;0;2;7;22;A01
201800055342;1;33;0;0;2;3;3;B01
201800055342;1;10;0;0;2;8;23;C01
201800055343;2;7;0;0;2;4;1;B01
201800055343;2;31;0;0;2;1;1;A01
201800055344;1;34;0;0;2;3;1;A01
201800055344;1;7;0;0;2;5;1;B01
201800055345;2;7;0;0;2;4;12;A01
201800055345;2;31;0;0;2;2;3;B01
201800055346;2;15;0;0;2;2;12;A01
201800055346;2;7;0;0;2;8;1;C01
201800055346;2;7;0;4;2;6;1;B01
201800055347;1;7;0;0;2;5;12;B01
201800055347;1;33;0;0;2;8;3;A01
201800055348;1;7;0;0;2;4;1;B01
201800055348;1;7;0;0;2;2;1;A01
201800055349;2;7;0;0;2;4;23;C01
201800055349;2;7;0;0;2;4;1;B01
201800055349;2;7;0;0;2;1;1;A01
201800055350;1;7;0;0;2;6;11;A01
201800055350;1;33;0;0;2;2;3;B01
201800055351;1;7;0;0;2;0;12;Z01
201800055351;1;33;0;0;2;8;3;A01
201800055352;2;7;0;0;2;6;2;B01
201800055352;1;7;0;0;2;2;2;A01
201800055353;1;31;0;0;2;3;3;A01
201800055353;1;7;0;0;2;3;1;C01
201800055353;1;7;0;0;2;2;12;B01
201800055354;1;7;0;0;2;7;12;A01
201800055354;1;33;0;0;2;1;1;B01
201800055354;1;7;0;0;2;4;1;C01
201800055355;1;33;0;0;2;2;3;A01
201800055355;1;7;0;0;2;5;12;B01
201800055356;2;7;0;0;2;7;3;B01
201800055356;2;31;0;0;2;1;23;A01
201800055357;1;34;0;0;2;8;3;B01
201800055357;1;7;0;0;2;2;12;A01
201800055358;2;33;0;0;0;8;1;A01
201800055359;1;31;0;0;2;7;1;A01
201800055359;1;7;0;0;2;8;11;Z01
201800055360;2;7;0;0;2;8;11;B01
201800055360;2;7;0;0;2;8;1;C01
201800055360;2;34;0;4;2;2;17;A01
201800055361;1;7;0;0;2;7;12;B01
201800055361;1;31;0;0;2;8;3;A01
201800055362;2;7;0;0;2;3;1;C01
201800055362;2;7;0;0;2;2;12;A01
201800055362;2;33;0;0;2;3;3;B01
201800055363;2;7;0;0;2;2;2;A01
201800055363;2;7;0;0;2;6;2;B01
201800055364;1;7;0;0;2;1;2;A01
201800055364;1;7;0;0;2;9;2;B01
201800055364;1;7;0;0;2;4;2;C01
201800055365;2;10;0;0;2;4;2;C01
201800055365;2;7;0;0;2;4;2;B01
201800055365;2;7;0;0;2;1;2;A01
201800055366;1;7;0;0;2;1;1;A01
201800055366;1;7;0;0;2;4;1;B01
201800055367;2;32;0;0;2;5;1;A01
201800055367;2;7;0;0;2;6;11;B01
201800055368;1;33;0;0;2;1;3;A01
201800055368;1;7;0;0;2;0;12;B01
201800055369;1;32;0;0;0;8;3;A01
201800055370;2;32;0;0;2;3;3;B01
201800055370;2;7;0;0;2;2;12;A01
201800055371;2;33;0;0;0;7;1;A01
201800055372;2;7;0;0;2;7;1;C01
201800055372;2;34;0;0;2;7;3;A01
201800055372;2;10;0;0;2;3;23;B01
201800055373;1;7;0;0;2;1;1;A01
201800055373;1;7;0;0;2;4;1;B01
201800055374;1;7;0;0;2;5;13;B01
201800055374;1;31;0;0;2;3;21;A01
201800055375;1;2;0;0;2;1;3;A01
201800055375;1;7;0;0;2;4;11;B01
201800055376;1;10;0;0;2;2;12;B01
201800055376;1;33;0;0;2;8;3;A01
201800055377;2;7;0;0;2;8;13;B01
201800055377;2;7;0;0;2;7;1;A01
201800055378;1;7;0;0;2;5;12;Z01
201800055378;1;31;0;0;2;3;1;A01
201800055379;2;10;0;0;2;5;1;B01
201800055379;2;33;0;0;2;1;1;A01
201800055380;1;10;0;0;2;6;1;C01
201800055380;1;7;0;0;2;6;11;A01
201800055380;1;33;0;0;2;2;1;B01
201800055381;1;33;0;0;0;1;3;A01
201800055382;1;7;0;1;2;5;23;B01
201800055382;1;33;0;1;2;5;1;A01
201800055383;2;31;0;0;2;2;3;C01
201800055383;2;7;0;0;2;6;11;A01
201800055383;2;31;0;0;2;5;1;B01
201800055384;1;34;0;3;0;1;1;A01
201800055385;1;7;0;0;2;6;1;A01
201800055385;1;7;0;0;2;2;11;Z01
201800055386;1;7;0;0;2;4;23;B01
201800055386;1;7;0;0;2;1;1;A01
201800055387;2;33;0;0;0;2;1;A01
201800055388;1;33;0;0;2;9;3;A01
201800055388;1;7;0;0;2;3;11;B01
201800055388;1;7;0;0;2;5;1;C01
201800055389;1;32;0;0;2;1;1;A01
201800055389;1;7;0;0;2;4;1;B01
201800055390;1;7;0;0;2;5;12;A01
201800055390;1;33;0;0;2;3;3;B01
201800055391;2;33;0;0;2;8;3;A01
201800055391;2;7;0;0;2;5;1;B01
201800055391;2;10;0;0;2;8;1;C01
201800055392;1;33;0;0;2;3;3;A01
201800055392;1;7;0;0;2;5;1;B01
201800055393;1;33;0;0;0;8;1;A01
201800055394;1;33;0;0;2;1;3;B01
201800055394;1;7;0;0;2;5;11;A01
201800055395;1;7;0;0;2;4;2;B01
201800055395;1;2;0;0;2;1;2;A01
201800055396;1;31;0;0;2;1;2;A01
201800055396;1;7;0;0;2;6;2;B01
201800055397;2;30;0;0;2;2;3;A01
201800055397;2;7;0;0;2;6;11;B01
201800055398;1;7;0;0;2;4;2;A01
201800055398;1;7;0;0;2;1;2;Z01
201800055399;2;33;0;0;2;4;2;B01
201800055399;2;7;0;0;2;1;2;A01
201800055400;1;14;0;0;2;2;1;C01
201800055400;1;7;0;0;2;5;2;B01
201800055400;1;17;0;0;2;3;2;A01
201800055401;2;7;0;0;2;4;23;A01
201800055401;2;7;0;0;2;1;2;Z01
201800055401;2;7;0;0;2;4;23;B01
201800055402;1;31;0;0;0;3;18;A01
201800055403;1;33;0;0;2;1;3;A01
201800055403;1;33;0;0;2;5;1;B01
201800055403;1;32;0;0;2;1;3;C01
201800055404;1;33;0;0;2;2;3;A01
201800055404;1;10;0;0;2;6;1;B01
201800055405;2;7;0;0;2;6;1;B01
201800055405;2;7;0;0;2;2;1;A01
201800055406;1;34;0;0;2;2;1;B01
201800055406;1;7;0;0;2;3;11;A01
201800055407;2;31;0;0;2;3;3;A01
201800055407;2;7;0;0;2;2;1;B01
201800055408;1;7;0;0;2;2;12;A01
201800055408;1;33;0;0;2;8;3;B01
201800055409;2;7;0;0;2;4;1;B01
201800055409;2;7;0;0;2;1;1;A01
201800055410;2;7;0;0;2;1;12;A01
201800055410;2;7;0;0;2;4;1;B01
201800055411;2;31;0;0;2;1;2;A01
201800055411;2;7;0;0;2;4;23;B01
201800055412;1;10;0;0;2;7;1;B01
201800055412;1;32;0;0;2;3;3;A01
201800055413;1;7;0;0;2;8;1;Z01
201800055413;1;33;0;0;2;8;21;A01
201800055414;2;7;0;0;2;8;9;A01
201800055414;2;14;0;0;2;7;1;Z01
201800055415;2;10;0;0;2;3;13;A01
201800055415;2;7;0;4;2;5;1;B01
201800055416;1;7;0;0;2;3;12;A01
201800055416;1;7;0;0;2;5;1;B01
201800055417;1;33;0;0;2;8;3;A01
201800055417;1;7;0;0;2;5;1;B01
201800055418;2;15;0;0;2;2;12;A01
201800055418;2;7;0;0;2;8;1;B01
201800055419;2;31;0;0;2;7;3;B01
201800055419;2;10;0;0;2;3;11;A01
201800055420;2;31;0;0;2;8;1;B01
201800055420;2;7;0;0;2;7;12;A01
201800055421;2;34;0;0;2;6;11;A01
201800055421;2;33;0;0;2;1;3;B01
201800055422;1;31;0;0;2;2;3;A01
201800055422;1;7;0;0;2;3;11;B01
201800055423;1;7;0;0;2;1;1;A01
201800055423;1;7;0;0;2;4;23;B01
201800055424;2;33;0;0;0;8;2;A01
201800055425;1;33;0;0;2;3;1;B01
201800055425;1;7;0;0;2;2;12;A01
201800055426;2;7;0;0;2;1;23;A01
201800055426;2;7;0;1;2;9;1;B01
201800055426;2;7;0;0;2;4;23;C01
201800055427;2;13;0;0;2;2;12;A01
201800055427;2;7;0;0;2;6;1;B01
201800055428;2;34;0;0;2;7;1;B01
201800055428;2;7;0;0;2;8;11;A01
201800055429;1;7;0;0;2;7;11;A01
201800055429;1;33;0;0;2;8;3;B01
201800055430;2;7;0;0;2;4;1;B01
201800055430;2;7;0;0;2;1;1;A01
201800055431;1;7;0;0;2;9;1;C01
201800055431;1;7;0;0;2;4;1;B01
201800055431;1;7;0;0;2;4;1;D01
201800055431;1;10;0;0;2;1;1;A01
201800055432;2;7;0;0;2;8;11;A01
201800055432;2;32;0;0;2;7;3;B01
201800055433;1;34;0;4;0;8;1;A01
201800055434;1;7;0;0;2;8;1;C01
201800055434;1;31;0;0;1;3;3;A01
201800055435;1;7;0;0;2;4;23;C01
201800055435;1;7;0;0;2;1;1;A01
201800055435;1;7;0;0;2;4;23;B01
201800055436;2;7;0;0;2;4;23;D01
201800055436;2;10;0;0;2;4;23;C01
201800055436;2;10;0;0;2;1;1;A01
201800055436;2;7;0;0;2;4;23;B01
201800055437;2;7;0;0;2;6;13;Z01
201800055437;2;7;0;0;2;2;1;A01
201800055438;1;33;0;0;2;1;1;A01
201800055438;1;7;0;0;2;4;1;B01
201800055439;1;31;0;0;0;8;1;A01
201800055440;1;32;0;0;2;8;3;B01
201800055440;1;7;0;0;2;0;22;A01
201800055441;1;7;0;0;2;4;2;B01
201800055441;1;7;0;0;2;1;2;D01
201800055441;1;7;0;0;2;1;2;A01
201800055441;1;7;0;0;2;4;2;C01
201800055442;2;7;0;0;2;8;11;A01
201800055442;2;31;0;0;2;7;3;B01
201800055443;1;7;0;0;2;3;9;C01
201800055443;1;7;0;0;2;1;2;A01
201800055443;1;7;0;0;2;4;2;B01
201800055444;2;7;0;0;2;1;2;A01
201800055444;2;7;0;0;2;4;2;B01
201800055444;2;7;0;0;2;4;9;C01
201800055445;1;33;0;0;2;8;1;B01
201800055445;1;7;0;0;2;7;11;A01
201800055446;1;10;0;4;0;3;13;A01
201800055447;2;7;0;0;2;7;1;C01
201800055447;2;7;0;0;2;6;1;B01
201800055447;2;13;0;0;2;2;12;A01
201800055448;2;7;0;0;2;4;23;B01
201800055448;2;7;0;0;2;1;2;A01
201800055449;2;7;0;0;2;1;2;C01
201800055449;2;7;0;0;2;4;2;B01
201800055449;2;7;0;0;2;1;2;A01
201800055450;1;33;0;14;0;7;12;A01
201800055451;1;7;0;0;2;1;1;A01
201800055451;1;7;0;0;2;4;23;B01
201800055452;1;10;0;0;2;8;1;C01
201800055452;1;33;0;0;2;1;11;A01
201800055452;1;10;0;0;2;6;11;B01
201800055453;1;32;0;0;2;8;3;B01
201800055453;1;7;0;0;2;7;12;A01
201800055454;1;33;0;12;0;7;21;A01
201800055455;1;7;0;0;2;7;23;D01
201800055455;1;7;0;0;2;8;22;B01
201800055455;2;7;0;0;2;1;2;A01
201800055455;1;31;0;0;2;1;3;C01
201800055456;2;10;0;4;2;3;13;A01
201800055456;2;7;0;0;2;1;1;B01
201800055456;2;7;0;0;2;1;1;C01
201800055457;2;7;0;0;2;0;1;Z01
201800055457;2;7;0;0;2;4;1;D01
201800055457;2;10;0;0;2;4;1;A01
201800055457;2;7;0;0;2;4;1;B01
201800055457;2;7;0;0;2;4;1;C01
201800055458;1;33;0;0;2;1;1;A01
201800055458;1;7;0;0;2;6;23;B01
201800055459;2;33;0;0;2;1;11;A01
201800055459;1;7;0;0;2;0;0;B01
201800055460;1;33;0;14;0;7;1;A01
201800055461;1;31;0;0;2;1;1;A01
201800055461;1;7;0;0;2;8;11;B01
201800055462;2;7;0;0;2;5;1;C01
201800055462;2;33;0;0;2;2;12;A01
201800055462;2;10;0;0;2;6;1;B01
201800055463;2;34;0;0;2;1;3;A01
201800055463;2;7;0;0;2;4;1;C01
201800055463;2;33;0;0;2;8;1;B01
201800055464;1;33;0;0;0;8;3;A01
201800055465;1;7;0;0;2;4;23;B01
201800055465;1;33;0;0;2;1;2;A01
201800055466;2;14;0;0;2;1;1;B01
201800055466;2;7;0;0;2;7;1;D01
201800055466;2;7;0;0;2;5;11;A01
201800055466;2;33;0;0;2;1;3;C01
201800055467;2;7;0;0;2;7;2;B01
201800055467;2;31;0;0;2;1;2;A01
201800055468;2;10;0;0;2;1;2;A01
201800055468;2;7;0;0;2;4;2;B01
201800055469;2;7;0;0;2;6;1;C01
201800055469;2;33;0;0;2;5;3;B01
201800055469;2;7;0;0;2;3;12;A01
201800055470;2;31;0;0;0;8;12;A01
201800055471;2;7;0;0;2;1;1;A01
201800055471;2;7;0;0;2;4;1;B01
201800055472;1;31;0;0;2;0;3;B01
201800055472;2;34;0;0;2;1;3;A01
201800055473;2;33;0;0;2;3;11;A01
201800055473;2;32;0;0;2;1;3;B01
201800055474;2;33;0;0;2;1;12;A01
201800055474;2;34;0;0;2;5;3;B01
201800055475;1;7;0;4;0;3;13;A01
201800055476;2;33;0;0;2;7;1;B01
201800055476;2;7;0;0;2;6;11;A01
201800055477;0;30;0;0;2;5;5;A01
201800055477;0;33;0;0;2;3;15;B01
201800055478;1;7;0;0;2;6;11;A01
201800055478;1;33;0;0;2;1;3;B01
201800055479;1;33;0;0;2;7;3;A01
201800055479;1;7;0;0;2;4;1;B01
201800055479;1;34;0;0;2;3;18;Z01
201800055480;1;7;0;0;2;8;11;A01
201800055480;1;33;0;0;2;7;3;B01
201800055481;1;7;0;0;2;3;22;A01
201800055481;1;33;0;0;2;7;3;B01
201800055482;2;7;0;0;2;7;12;A01
201800055482;2;33;0;0;2;8;3;B01
201800055483;1;10;0;0;2;1;2;A01
201800055483;1;10;0;0;2;4;2;B01
201800055484;1;31;0;0;0;0;3;A01
201800055485;2;10;0;0;2;5;2;B01
201800055485;1;33;0;0;2;3;2;A01
201800055486;1;10;0;0;2;6;11;Z01
201800055486;1;33;0;0;2;2;1;A01
201800055487;1;7;0;0;2;1;1;Z01
201800055487;1;33;0;0;2;1;1;A01
201800055487;1;7;0;0;2;4;1;B01
201800055488;1;33;0;0;2;1;3;A01
201800055488;1;7;0;0;2;5;1;B01
201800055489;1;10;0;0;2;1;2;A01
201800055489;1;7;0;0;2;4;2;C01
201800055489;1;7;0;0;2;4;2;B01
201800055490;1;34;0;0;2;3;3;B01
201800055490;1;7;0;0;2;5;12;A01
201800055491;1;7;0;0;2;4;2;B01
201800055491;1;7;0;0;2;1;2;A01
201800055492;1;34;0;0;2;1;3;B01
201800055492;1;34;0;0;2;4;12;A01
201800055492;1;7;0;0;2;8;2;C01
201800055492;1;7;0;0;2;6;2;D01
201800055493;1;10;0;0;2;4;23;C01
201800055493;1;7;0;0;2;1;1;A01
201800055493;1;10;0;0;2;4;23;B01
201800055494;1;7;0;0;2;4;1;B01
201800055494;1;31;0;0;2;1;1;A01
201800055495;1;17;0;0;2;2;1;A01
201800055495;1;7;0;0;2;6;9;B01
201800055496;2;10;0;0;2;5;1;B01
201800055496;2;33;0;0;2;1;1;A01
201800055497;2;7;0;0;2;4;23;C01
201800055497;2;7;0;0;2;4;23;B01
201800055497;2;7;0;0;2;1;1;A01
201800055498;1;7;0;0;2;4;1;B01
201800055498;1;34;0;0;2;3;1;C01
201800055498;1;34;0;0;2;1;1;A01
201800055499;2;7;0;0;2;1;1;A01
201800055499;2;7;0;0;2;4;1;C01
201800055499;2;7;0;0;2;4;1;B01
201800055500;2;7;0;0;2;7;1;C01
201800055500;2;7;0;0;2;6;1;B01
201800055500;2;32;0;0;2;2;3;A01
201800055501;2;10;0;0;2;2;1;C01
201800055501;2;14;0;0;2;2;11;A01
201800055501;2;7;0;0;2;6;1;B01
201800055502;2;33;0;0;0;7;1;A01
201800055503;1;7;0;0;2;7;12;A01
201800055503;1;31;0;0;2;8;13;B01
201800055504;2;31;0;0;2;8;2;A01
201800055504;2;30;0;0;2;8;17;Z01
201800055505;2;10;0;0;2;1;2;A01
201800055505;2;7;0;0;2;4;2;B01
201800055505;2;7;0;0;2;4;2;C01
201800055506;1;34;0;0;2;5;3;B01
201800055506;1;33;0;0;2;1;3;A01
201800055507;2;31;0;0;2;1;12;A01
201800055507;2;7;0;0;2;4;1;B01
201800055508;1;7;0;0;2;5;12;B01
201800055508;1;31;0;0;2;3;3;A01
201800055509;1;7;0;0;2;1;2;A01
201800055509;1;7;0;0;2;4;2;B01
201800055510;1;2;0;4;0;2;14;A01
201800055511;1;7;0;0;2;5;1;B01
201800055511;1;7;0;0;2;3;14;A01
201800055512;1;13;0;0;2;1;2;A01
201800055512;1;10;0;0;2;9;2;C01
201800055512;1;10;0;0;2;9;2;B01
201800055512;1;7;0;0;2;4;2;D01
201800055513;1;33;0;0;2;5;17;Z01
201800055513;1;34;0;0;2;3;3;A01
201800055514;1;7;0;0;2;1;2;A01
201800055514;1;7;0;0;2;5;2;B01
201800055515;1;34;0;0;2;1;2;A01
201800055515;1;2;0;0;2;4;2;B01
201800055516;2;7;0;0;2;4;1;C01
201800055516;2;10;0;0;2;4;1;B01
201800055516;2;10;0;0;2;1;2;D01
201800055516;2;10;0;0;2;1;13;A01
201800055517;1;7;0;0;2;7;12;A01
201800055517;1;31;0;0;2;7;3;B01
201800055518;2;33;0;0;2;8;3;B01
201800055518;2;7;0;0;2;2;12;A01
201800055519;2;32;0;0;2;1;3;A01
201800055519;2;7;0;0;2;8;1;C01
201800055519;2;7;0;0;2;4;1;B01
201800055520;2;7;0;0;2;4;23;C01
201800055520;2;7;0;0;2;1;1;A01
201800055520;2;7;0;0;2;4;23;B01
201800055521;1;7;0;0;2;2;12;A01
201800055521;1;31;0;0;2;3;1;B01
201800055522;1;32;0;0;2;7;3;B01
201800055522;1;10;0;0;2;3;21;A01
201800055523;2;7;0;0;2;6;2;C01
201800055523;2;31;0;0;2;1;3;A01
201800055523;2;10;0;0;2;6;2;B01
201800055524;2;32;0;0;2;8;13;A01
201800055524;2;10;0;0;2;7;1;B01
201800055525;2;7;0;0;2;4;23;C01
201800055525;2;7;0;0;2;2;2;A01
201800055525;2;7;0;0;2;7;1;D01
201800055525;2;7;0;0;2;6;23;B01
201800055526;2;33;0;0;2;4;3;B01
201800055526;2;32;0;0;2;1;3;A01
201800055527;2;10;0;0;2;8;2;C01
201800055527;2;7;0;0;2;6;2;B01
201800055527;2;33;0;0;2;1;3;A01
201800055528;1;10;0;0;2;6;23;B01
201800055528;1;33;0;0;2;2;2;A01
201800055529;1;33;0;0;2;8;21;C01
201800055529;1;17;0;0;2;0;2;A01
201800055529;1;7;0;0;2;2;1;D01
201800055529;1;7;0;0;2;0;21;B01
201800055530;2;7;0;0;2;4;2;B01
201800055530;2;7;0;0;2;4;2;C01
201800055530;2;7;0;0;2;1;2;A01
201800055531;1;33;0;0;2;7;3;B01
201800055531;1;10;0;0;2;8;11;A01
201800055532;2;7;0;0;2;6;1;A01
201800055532;2;7;0;0;2;2;14;Z01
201800055533;1;7;0;0;2;2;12;A01
201800055533;1;32;0;0;2;8;1;B01
201800055534;1;32;0;0;2;3;12;A01
201800055534;1;7;0;0;2;7;1;B01
201800055535;1;7;0;0;2;2;12;A01
201800055535;1;7;0;0;2;4;1;C01
201800055535;1;34;0;0;2;3;3;B01
201800055536;1;33;0;0;0;8;2;A01
201800055537;1;7;0;0;2;2;12;A01
201800055537;1;7;0;0;2;6;2;B01
201800055538;2;34;0;0;1;1;1;A01
201800055539;0;7;0;3;0;1;1;A01
201800055540;2;7;0;0;2;5;23;B01
201800055540;2;10;0;0;2;3;1;A01
201800055541;1;34;0;0;2;1;3;B01
201800055541;1;7;0;0;2;2;12;A01
201800055542;1;7;0;0;2;5;12;B01
201800055542;1;33;0;0;2;1;3;A01
201800055543;2;10;0;0;0;0;1;B01
201800055543;2;31;0;0;0;8;3;A01
201800055544;2;7;0;0;2;4;2;B01
201800055544;2;7;0;0;2;4;2;C01
201800055544;2;7;0;0;2;1;2;A01
201800055545;1;33;0;0;2;3;3;A01
201800055545;1;7;0;0;2;2;1;B01
201800055546;1;33;0;0;2;1;3;B01
201800055546;1;33;0;0;2;4;11;A01
201800055547;1;7;0;0;2;8;11;Z01
201800055547;1;31;0;0;2;7;3;A01
201800055548;2;10;0;0;2;4;2;B01
201800055548;2;10;0;0;2;1;2;A01
201800055549;2;33;0;0;2;1;2;A01
201800055549;2;33;0;0;2;6;2;B01
201800055550;2;7;0;0;2;5;14;A01
201800055550;2;32;0;0;2;1;3;B01
201800055551;1;7;0;0;2;4;2;C01
201800055551;1;7;0;0;2;4;2;B01
201800055551;1;7;0;0;2;1;2;A01
201800055552;2;33;0;0;2;0;1;A01
201800055553;1;7;0;0;2;4;23;B01
201800055553;1;7;0;0;2;1;2;A01
201800055554;1;7;0;0;2;4;2;B01
201800055554;1;10;0;0;2;4;2;C01
201800055554;1;7;0;0;2;1;2;A01
201800055555;2;10;0;0;2;7;11;A01
201800055555;2;33;0;0;2;1;3;B01
201800055556;1;7;0;0;2;4;11;A01
201800055556;1;33;0;0;2;1;3;B01
201800055557;2;7;0;0;2;1;2;A01
201800055557;2;7;0;0;2;4;1;C01
201800055557;2;7;0;0;2;4;2;B01
201800055558;1;33;0;4;0;1;21;A01
201800055559;2;33;0;3;0;1;13;A01
201800055560;1;7;0;0;2;4;2;B01
201800055560;1;7;0;0;2;1;2;A01
201800055561;1;31;0;0;2;2;17;A01
201800055561;1;10;0;0;2;8;11;B01
201800055562;1;34;0;0;2;4;12;A01
201800055562;1;7;0;0;2;1;13;Z01
201800055563;1;10;0;0;2;1;2;A01
201800055563;1;7;0;0;2;4;2;B01
201800055563;1;7;0;0;2;4;2;C01
201800055564;2;7;0;0;2;4;2;B01
201800055564;2;33;0;0;2;1;2;C01
201800055564;2;7;0;0;2;1;2;A01
201800055565;2;14;0;0;2;4;2;C01
201800055565;2;7;0;0;2;1;2;A01
201800055565;2;7;0;0;2;4;2;B01
201800055566;2;7;0;0;2;6;2;B01
201800055566;2;7;0;0;2;1;2;A01
201800055567;1;14;0;0;2;1;2;A01
201800055567;1;16;0;0;2;4;2;C01
201800055567;1;7;0;0;2;4;2;B01
201800055568;1;33;0;0;2;2;1;B01
201800055568;1;10;0;0;2;8;11;A01
201800055569;1;7;0;0;2;7;12;A01
201800055569;1;32;0;0;2;3;3;B01
201800055570;2;34;0;0;2;1;18;A01
201800055570;2;7;0;0;2;6;1;B01
201800055571;2;33;0;0;0;0;3;A01
201800055572;1;33;0;0;0;7;12;A01
201800055573;1;33;0;0;2;7;3;A01
201800055573;1;7;0;0;2;6;1;B01
201800055574;2;31;0;0;2;1;11;A01
201800055574;2;10;0;0;2;6;1;B01
201800055575;1;31;0;0;2;1;1;A01
201800055575;1;7;0;0;0;5;1;B01
201800055576;1;7;0;0;2;3;2;A01
201800055576;1;7;0;0;2;5;23;B01
201800055577;0;7;0;12;0;2;14;A01
201800055578;1;30;0;0;0;8;11;A01
201800055579;2;7;0;0;2;3;11;A01
201800055579;2;7;0;0;2;4;1;B01
201800055580;1;7;0;0;2;2;12;A01
201800055580;1;32;0;0;2;3;1;B01
201800055581;2;7;0;0;2;1;2;C01
201800055581;2;31;0;0;2;1;2;A01
201800055581;2;7;0;0;2;4;2;B01
201800055582;2;33;0;0;2;6;3;C01
201800055582;2;33;0;0;2;3;3;A01
201800055582;2;7;0;0;2;5;1;B01
201800055583;1;7;0;0;2;4;1;C01
201800055583;1;7;0;0;2;1;12;A01
201800055583;1;7;0;0;2;4;1;B01
201800055584;1;7;0;0;2;4;2;B01
201800055584;1;33;0;0;2;1;2;A01
201800055585;1;7;0;0;2;3;14;B01
201800055585;1;33;0;0;2;2;18;A01
201800055586;2;32;0;0;2;4;3;B01
201800055586;2;33;0;0;2;1;3;A01
201800055587;1;7;0;0;2;5;2;B01
201800055587;1;32;0;0;2;1;3;A01
201800055588;1;32;0;0;2;7;13;A01
201800055588;1;7;0;0;2;0;1;Z01
201800055589;1;7;0;0;2;4;2;C01
201800055589;1;7;0;0;2;1;2;D01
201800055589;1;10;0;0;2;4;2;B01
201800055589;1;7;0;0;2;1;2;A01
201800055590;1;10;0;0;2;1;2;A01
201800055590;1;7;0;0;2;4;2;B01
201800055591;1;15;0;0;2;2;12;A01
201800055591;1;7;0;0;2;4;1;B01
201800055592;1;7;0;0;2;4;2;C01
201800055592;1;7;0;0;2;4;2;D01
201800055592;1;7;0;0;2;1;2;A01
201800055592;1;7;0;0;2;4;2;B01
201800055593;1;30;0;0;2;8;3;B01
201800055593;1;10;0;0;2;2;12;A01
201800055594;2;33;0;12;0;1;14;A01
201800055595;2;7;0;0;1;3;1;A01
201800055596;1;33;0;0;2;8;3;B01
201800055596;1;10;0;0;2;7;12;A01
201800055597;2;10;0;0;2;6;1;B01
201800055597;2;33;0;3;2;1;3;A01
201800055598;2;7;0;0;2;5;14;B01
201800055598;2;33;0;0;2;3;1;A01
201800055599;2;33;0;0;2;3;2;A01
201800055599;2;7;0;0;2;4;2;B01
201800055600;1;33;0;12;0;1;14;A01
201800055601;2;34;0;0;2;4;2;A01
201800055601;2;7;0;0;2;0;2;Z01
201800055602;1;32;0;0;0;8;21;A01
201800055603;2;7;0;0;2;4;1;B01
201800055603;2;32;0;0;2;1;3;A01
201800055604;1;33;0;0;0;8;3;A01
201800055605;1;34;0;0;2;2;1;B01
201800055605;1;7;0;0;2;3;11;A01