num_acc;senc;catv;occutc;obs;obsm;choc;manv;num_veh
201800055936;0;7;0;0;1;7;0;A01
201800055937;0;7;0;6;0;1;1;A01
201800055938;1;2;0;2;0;1;1;A01
201800055939;0;7;0;0;1;2;1;A01
201800055940;0;37;1;0;0;6;23;B01
201800055940;0;7;0;0;2;1;1;A01
201800055941;2;7;0;0;9;2;1;A01
201800055941;1;1;0;0;2;1;13;B01
201800055942;1;7;0;0;2;1;15;A01
201800055942;2;33;0;1;2;1;1;B01
201800055943;0;7;0;0;0;0;5;C01
201800055943;0;10;0;0;2;1;21;A01
201800055943;0;7;0;0;2;1;1;B01
201800055944;0;32;0;0;2;1;17;A01
201800055944;0;7;0;0;0;3;15;B01
201800055945;0;7;0;0;1;2;1;A01
201800055946;0;34;0;0;2;1;17;B01
201800055946;0;7;0;0;2;3;10;A01
201800055947;0;33;0;0;2;1;13;B01
201800055947;0;7;0;0;2;3;1;A01
201800055948;0;2;0;0;2;1;1;A01
201800055948;0;7;0;0;0;3;15;B01
201800055949;0;7;0;0;2;1;1;B01
201800055949;0;7;0;0;2;8;15;A01
201800055950;0;7;0;0;2;3;5;A01
201800055950;0;2;0;0;0;3;1;B01
201800055951;0;7;0;0;1;1;0;A01
201800055952;0;7;0;0;2;3;13;B01
201800055952;0;7;0;0;2;3;1;A01
201800055953;0;7;0;0;2;1;13;A01
201800055953;0;7;0;0;2;3;1;B01
201800055954;2;7;0;0;1;2;1;A01
201800055955;0;7;0;0;2;3;1;A01
201800055955;0;7;0;0;2;3;17;B01
201800055956;2;7;0;0;2;3;15;A01
201800055956;2;2;0;0;2;1;17;B01
201800055957;0;7;0;0;2;8;10;A01
201800055957;0;7;0;0;2;1;1;B01
201800055958;0;7;0;0;2;3;1;A01
201800055958;0;7;0;0;2;1;13;B01
201800055959;1;2;0;0;2;2;1;B01
201800055959;2;7;0;0;2;7;15;A01
201800055960;1;31;0;0;2;1;13;A01
201800055960;2;7;0;0;2;2;21;B01
201800055961;2;7;0;2;0;8;1;A01
201800055962;2;2;0;0;2;1;2;A01
201800055962;2;7;0;0;2;8;11;B01
201800055963;1;7;0;0;0;4;1;B01
201800055963;1;7;0;0;2;3;1;A01
201800055964;1;2;0;0;2;1;17;A01
201800055964;2;7;0;0;2;3;15;B01
201800055965;0;7;0;0;2;3;1;A01
201800055965;0;7;0;0;2;6;1;B01
201800055966;2;2;0;0;2;1;0;A01
201800055966;2;7;0;0;2;3;9;B01
201800055967;0;7;0;0;2;7;1;A01
201800055967;0;7;0;0;2;3;9;B01
201800055968;1;7;0;0;2;6;15;A01
201800055968;1;33;0;0;2;1;1;B01
201800055969;2;7;0;0;2;1;15;A01
201800055969;1;32;0;0;2;1;1;B01
201800055970;2;7;0;6;0;1;14;A01
201800055971;1;33;0;0;2;1;0;A01
201800055971;2;7;0;0;2;3;0;B01
201800055972;2;2;0;0;2;4;2;B01
201800055972;2;7;0;0;9;0;2;A01
201800055973;1;33;0;0;0;1;1;B01
201800055973;0;32;0;0;2;8;9;A01
201800055974;1;7;0;0;2;4;1;A01
201800055974;1;7;0;0;2;1;23;B01
201800055974;2;7;0;0;2;3;0;C01
201800055975;1;33;0;16;0;0;1;A01
201800055976;2;7;0;11;0;1;1;A01
201800055977;1;7;0;0;0;8;1;B01
201800055977;0;2;0;0;2;7;15;A01
201800055978;2;7;0;0;1;2;1;A01
201800055979;1;7;0;0;2;3;13;A01
201800055979;2;7;0;0;2;3;1;B01
201800055980;2;7;0;13;0;5;16;A01
201800055981;2;2;0;0;2;8;1;B01
201800055981;1;7;0;0;2;1;15;A01
201800055982;1;2;0;0;0;0;0;A01
201800055983;2;7;0;0;2;3;13;A01
201800055983;1;7;0;0;2;3;1;B01
201800055983;1;7;0;0;2;8;1;C01
201800055984;2;7;0;1;0;6;0;B01
201800055984;2;7;0;1;0;2;14;A01
201800055985;1;30;0;0;2;3;9;C01
201800055985;1;7;0;0;0;0;1;A01
201800055986;1;10;0;0;0;6;10;A01
201800055986;1;2;0;0;2;1;1;B01
201800055987;0;7;0;0;1;1;0;A01
201800055988;0;7;0;0;1;3;1;A01
201800055989;1;10;0;0;0;6;24;A01
201800055989;1;7;0;0;2;1;0;C01
201800055989;1;2;0;1;0;1;14;B01
201800055990;2;7;0;0;2;1;1;A01
201800055990;1;2;0;0;2;1;17;B01
201800055991;1;33;0;0;0;0;1;A01
201800055992;0;7;0;0;1;2;1;A01
201800055993;2;7;0;13;0;7;1;A01
201800055994;0;10;0;0;1;4;0;A01
201800055995;2;7;0;0;0;0;1;A01
201800055996;1;7;0;0;2;1;19;A01
201800055996;2;7;0;0;2;1;1;B01
201800055996;2;7;0;0;2;3;1;C01
201800055997;1;7;0;0;2;1;1;B01
201800055997;0;10;0;0;9;1;23;C01
201800055997;0;2;0;0;2;1;0;D01
201800055998;0;7;0;2;0;1;1;A01
201800055999;1;7;0;0;2;8;13;A01
201800055999;1;33;0;0;2;1;17;B01
201800056000;0;7;0;0;2;2;1;A01
201800056000;0;1;0;0;2;9;1;C01
201800056001;1;10;0;0;2;2;1;A01
201800056001;2;1;0;0;2;4;0;B01
201800056002;0;2;0;1;0;2;14;A01
201800056003;0;33;0;0;2;2;17;B01
201800056003;0;7;0;0;2;3;15;A01
201800056004;0;33;0;0;0;1;13;A01
201800056005;1;7;0;0;1;3;18;A01
201800056006;2;7;0;0;2;3;1;B01
201800056006;1;7;0;0;2;3;1;A01
201800056007;2;32;0;0;2;1;1;B01
201800056007;1;7;0;0;2;2;1;A01
201800056008;0;7;0;0;2;3;15;A01
201800056008;0;33;0;0;2;2;17;B01
201800056009;1;7;0;0;9;2;6;A01
201800056010;0;33;0;0;9;1;1;A01
201800056010;0;1;0;0;2;8;10;B01
201800056011;2;7;0;14;9;2;0;C01
201800056011;1;7;0;0;2;1;13;A01
201800056011;2;7;0;0;2;1;1;B01
201800056012;2;7;0;0;2;3;1;B01
201800056012;1;7;0;0;2;3;1;A01
201800056013;1;7;0;0;0;9;1;A01
201800056014;2;7;0;0;0;9;1;A01
201800056015;2;14;0;13;0;0;1;A01
201800056016;0;1;0;0;2;8;2;B01
201800056016;0;13;0;0;9;2;2;A01
201800056017;2;7;0;0;2;3;1;B01
201800056017;1;7;0;0;2;3;13;A01
201800056018;1;10;0;0;2;3;13;B01
201800056018;2;7;0;0;2;2;1;A01
201800056019;1;1;0;0;2;1;11;B01
201800056019;2;7;0;0;0;1;1;A01
201800056020;2;7;0;0;2;5;14;A01
201800056020;2;2;0;9;2;1;1;B01
201800056021;1;7;0;0;1;1;1;A01
201800056022;0;38;3;0;0;0;0;A01
201800056023;1;7;0;0;2;3;1;A01
201800056023;2;7;0;0;1;3;1;B01
201800056024;0;31;0;0;2;1;1;B01
201800056024;0;7;0;0;2;2;15;A01
201800056025;0;30;0;0;2;1;0;A01
201800056025;0;7;0;0;9;3;0;B01
201800056026;0;7;0;0;1;2;1;A01
201800056027;2;10;0;0;2;3;13;A01
201800056027;1;10;0;0;2;3;1;B01
201800056028;0;7;0;0;2;1;15;A01
201800056028;0;2;0;0;2;1;1;B01
201800056029;2;2;0;0;2;1;3;A01
201800056029;1;7;0;0;2;6;5;C01
201800056029;2;7;0;0;2;6;1;B01
201800056030;2;7;0;0;2;1;15;A01
201800056030;1;2;0;0;2;1;1;B01
201800056031;0;7;0;0;2;2;19;A01
201800056031;0;2;0;0;2;8;21;B01
201800056032;2;7;0;0;2;7;2;A01
201800056032;2;2;0;6;2;3;2;B01
201800056033;1;2;0;0;1;1;0;A01
201800056034;0;7;0;0;2;1;1;B01
201800056034;0;7;0;0;2;1;5;A01
201800056035;2;2;0;0;2;1;1;B01
201800056035;1;7;0;0;2;2;15;A01
201800056036;1;7;0;0;2;3;19;A01
201800056036;1;2;0;0;1;1;1;B01
201800056037;1;2;0;0;2;2;1;A01
201800056037;1;7;0;0;0;8;1;B01
201800056038;1;7;0;0;1;1;1;A01
201800056039;1;2;0;0;2;8;10;B01
201800056039;1;10;0;0;2;3;1;A01
201800056040;1;7;0;0;2;2;19;A01
201800056040;1;2;0;0;2;1;1;B01
201800056041;0;2;0;0;2;1;5;B01
201800056041;0;2;0;0;2;1;15;A01
201800056042;0;7;0;0;0;3;1;A01
201800056042;0;7;0;0;2;8;1;B01
201800056043;1;7;0;0;2;3;0;A01
201800056043;1;2;0;0;2;2;19;B01
201800056044;2;10;0;0;1;2;1;A01
201800056045;0;31;0;0;2;8;1;B01
201800056045;0;7;0;0;2;1;19;A01
201800056046;0;2;0;0;0;1;1;B01
201800056046;0;7;0;0;0;5;15;A01
201800056047;0;7;0;0;2;8;11;B01
201800056047;0;99;0;6;2;2;2;A01
201800056048;1;7;0;0;2;7;16;B01
201800056048;1;99;0;0;2;0;18;A01
201800056049;2;7;0;0;2;7;2;B01
201800056049;2;2;0;0;0;8;1;A01
201800056050;1;32;0;0;2;1;2;B01
201800056050;1;7;0;0;2;4;1;A01
201800056051;0;7;0;8;0;3;13;A01
201800056052;0;2;0;0;2;1;5;A01
201800056052;0;7;0;0;2;1;21;B01
201800056053;1;17;0;0;2;3;21;A01
201800056053;2;7;0;0;2;3;0;B01
201800056054;1;7;0;13;0;2;1;A01
201800056055;1;7;0;2;0;7;1;A01
201800056056;1;30;0;0;0;4;2;B01
201800056056;1;7;0;0;2;3;2;A01
201800056057;1;7;0;0;2;2;11;A01
201800056057;1;7;0;0;2;3;15;B01
201800056058;2;7;0;0;2;5;13;B01
201800056058;2;7;0;0;2;3;18;A01
201800056059;1;7;0;6;1;1;0;A01
201800056060;1;7;0;2;0;1;1;A01
201800056061;2;7;0;1;0;1;5;A01
201800056062;1;2;0;0;0;0;0;A01
201800056063;1;33;0;0;2;1;17;A01
201800056063;2;30;0;0;2;1;1;B01
201800056064;0;7;0;1;1;2;14;A01
201800056065;1;7;0;0;1;8;14;A01
201800056065;1;7;0;0;1;1;0;B01
201800056066;2;7;0;0;2;1;5;A01
201800056066;1;7;0;0;2;1;17;B01
201800056067;1;7;0;0;2;5;15;A01
201800056067;2;2;0;0;2;7;1;B01
201800056068;1;7;0;0;9;3;9;A01
201800056068;1;1;0;0;2;0;1;B01
201800056069;1;7;0;0;1;2;1;A01
201800056069;1;10;0;0;1;1;1;B01
201800056070;0;7;0;0;2;8;1;A01
201800056070;0;33;0;0;2;8;1;B01
201800056071;2;33;0;0;2;1;1;A01
201800056071;1;10;0;0;2;7;15;B01
201800056072;1;31;0;0;2;1;17;A01
201800056072;1;7;0;0;2;2;1;B01
201800056072;2;7;0;0;2;3;1;C01
201800056073;2;2;0;3;0;0;1;A01
201800056074;1;7;0;0;0;7;15;A01
201800056074;2;33;0;0;2;1;0;B01
201800056075;1;33;0;0;1;1;1;A01
201800056076;1;33;0;0;2;1;13;A01
201800056076;2;10;0;0;2;1;1;B01
201800056077;1;7;0;0;1;1;1;A01
201800056078;1;7;0;0;2;1;0;A01
201800056078;2;7;0;1;0;2;1;B01
201800056079;1;7;0;0;1;2;1;A01
201800056080;2;7;0;0;1;1;1;A01
201800056081;1;7;0;4;0;3;1;A01
201800056082;1;10;0;0;2;2;1;B01
201800056082;1;1;0;0;2;3;11;A01
201800056083;1;7;0;0;1;2;1;A01
201800056084;0;7;0;13;0;1;0;A01
201800056085;1;7;0;0;9;2;17;A01
201800056085;1;1;0;0;2;4;13;B01
201800056086;1;33;0;0;0;3;1;A01
201800056087;1;1;0;0;2;8;0;A01
201800056087;1;7;0;0;2;1;9;B01
201800056088;2;7;0;0;2;1;13;A01
201800056088;1;2;0;0;2;1;1;B01
201800056089;2;2;0;10;0;4;14;A01
201800056090;1;7;0;0;2;2;1;B01
201800056090;2;33;0;0;2;1;1;A01
201800056091;2;7;0;6;2;1;1;A01
201800056091;1;7;0;0;2;1;1;B01
201800056092;0;33;0;0;2;3;1;A01
201800056092;0;7;0;0;2;3;1;B01
201800056093;0;10;0;13;0;3;1;A01
201800056094;1;10;0;0;9;3;19;A01
201800056094;2;2;0;0;2;1;21;B01
201800056095;1;7;0;0;2;3;13;A01
201800056095;2;7;0;0;2;3;1;B01
201800056096;0;1;0;0;1;2;1;A01
201800056097;0;2;0;0;2;1;13;A01
201800056097;0;10;0;0;2;3;1;B01
201800056098;2;2;0;13;0;1;1;A01
201800056099;0;7;0;0;1;3;1;A01
201800056100;0;7;0;0;2;2;15;A01
201800056100;0;33;0;0;2;1;1;B01
201800056101;2;2;0;0;2;8;3;B01
201800056101;2;7;0;0;2;7;12;A01
201800056102;1;2;0;0;1;1;1;A01
201800056103;0;2;0;0;2;8;1;A01
201800056103;2;7;0;0;2;1;1;B01
201800056104;0;33;0;0;2;1;1;B01
201800056104;0;7;0;0;2;3;1;A01
201800056105;2;7;0;0;2;3;15;A01
201800056105;1;2;0;0;2;1;17;B01
201800056106;1;33;0;9;0;1;1;A01
201800056107;2;7;0;0;2;1;17;A01
201800056107;1;7;0;0;2;1;1;B01
201800056108;2;33;0;0;2;1;1;A01
201800056108;1;7;0;0;0;5;1;B01
201800056109;1;33;0;0;2;1;18;A01
201800056109;1;7;0;0;2;7;16;B01
201800056110;1;7;0;0;2;2;12;A01
201800056110;1;7;0;0;2;3;1;B01
201800056111;1;2;0;0;2;1;5;A01
201800056111;2;7;0;0;2;1;1;B01
201800056112;2;7;0;0;1;6;4;A01
201800056113;2;2;0;0;2;1;1;A01
201800056113;2;7;0;0;2;3;19;B01
201800056114;1;32;0;0;2;1;13;A01
201800056114;2;7;0;0;2;3;15;B01
201800056115;0;31;0;0;2;2;0;B01
201800056115;0;7;0;0;2;3;9;A01
201800056116;1;7;0;0;2;1;13;A01
201800056116;2;7;0;0;2;1;2;B01
201800056117;1;7;0;0;2;1;15;A01
201800056117;2;1;0;0;2;1;1;B01
201800056118;1;33;0;0;0;0;1;A01
201800056119;0;31;0;6;0;1;1;A01
201800056120;1;7;0;0;2;3;23;A01
201800056120;1;13;0;0;0;5;23;B01
201800056121;1;7;0;0;2;7;2;A01
201800056121;1;1;0;0;2;3;13;B01
201800056122;0;7;0;0;2;1;13;A01
201800056122;0;2;0;0;2;1;1;B01
201800056123;0;2;0;0;0;0;1;A01
201800056124;2;7;0;0;2;3;13;A01
201800056124;1;7;0;0;2;8;1;B01
201800056124;1;7;0;0;2;3;1;C01
201800056125;1;7;0;0;2;1;17;A01
201800056125;1;7;0;0;2;6;21;B01
201800056125;2;7;0;0;2;1;1;C01
201800056125;2;7;0;0;2;1;1;D01
201800056126;2;33;0;0;2;1;5;A01
201800056126;1;7;0;0;2;1;1;B01
201800056127;1;2;0;0;2;1;1;A01
201800056127;2;7;0;0;2;3;10;B01
201800056128;2;7;0;3;0;1;12;A01
201800056128;2;10;0;0;2;4;1;B01
201800056128;2;7;0;3;2;1;1;C01
201800056128;2;7;0;3;2;1;2;D01
201800056129;1;7;0;0;2;1;1;C01
201800056129;2;7;0;0;2;1;1;A01
201800056129;1;7;0;0;2;1;5;B01
201800056130;2;7;0;4;0;9;1;A01
201800056131;1;7;0;1;;3;1;A01
201800056132;0;7;0;0;2;8;9;A01
201800056132;1;30;0;0;2;1;1;B01
201800056133;0;7;0;0;1;3;1;A01
201800056134;0;2;0;6;0;2;1;A01
201800056135;1;3;0;0;2;3;1;A01
201800056135;2;7;0;0;2;3;1;B01
201800056136;1;33;0;0;2;7;17;A01
201800056136;1;7;0;0;2;8;15;B01
201800056137;1;7;0;0;2;5;1;A01
201800056137;1;33;0;0;2;3;18;B01
201800056138;0;2;0;16;0;7;1;A01
201800056139;1;7;0;0;1;3;1;A01
201800056140;1;37;6;0;2;3;13;A01
201800056140;2;30;0;0;2;1;1;B01
201800056141;2;33;0;6;0;2;1;A01
201800056142;2;33;0;0;2;1;1;A01
201800056142;1;14;0;0;0;8;1;B01
201800056143;1;33;0;6;0;7;1;A01
201800056144;0;7;0;0;9;2;1;A01
201800056144;0;1;0;0;2;1;1;B01
201800056145;1;7;0;0;2;3;17;A01
201800056145;2;33;0;0;2;3;1;B01
201800056146;2;33;0;0;2;1;17;A01
201800056146;1;7;0;0;2;1;1;B01
201800056147;1;7;0;4;0;1;13;A01
201800056148;2;7;0;2;0;2;14;A01
201800056149;0;7;0;8;0;3;1;A01
201800056150;2;33;0;0;2;0;13;A01
201800056150;1;7;0;0;2;8;1;B01
201800056151;1;7;0;0;2;1;17;A01
201800056151;1;7;0;0;2;4;2;B01
201800056151;1;7;0;0;2;8;2;C01
201800056152;2;7;0;0;2;3;15;A01
201800056152;2;1;0;13;2;0;17;B01
201800056153;0;2;0;0;2;1;1;A01
201800056153;0;7;0;0;2;3;13;B01
201800056154;0;2;0;0;2;0;0;A01
201800056154;0;7;0;0;2;0;15;B01
201800056155;1;7;0;11;0;2;1;A01
201800056156;0;7;0;2;0;9;1;A01
201800056157;2;2;0;0;0;0;0;A01
201800056158;2;7;0;0;2;3;1;B01
201800056158;1;33;0;0;2;3;13;A01
201800056159;2;32;0;0;2;1;1;A01
201800056159;2;33;0;0;2;4;1;B01
201800056160;1;7;0;0;2;3;14;B01
201800056160;2;33;0;0;2;1;13;A01
201800056161;1;30;0;1;2;1;1;C01
201800056161;1;7;0;0;2;3;1;B01
201800056161;2;7;0;0;2;3;1;D01
201800056161;1;7;0;0;2;3;17;A01
201800056162;1;7;0;0;1;1;1;A01
201800056163;0;7;0;12;1;1;0;A01
201800056164;1;2;0;0;2;1;17;A01
201800056164;1;2;0;0;0;4;15;B01
201800056165;1;2;0;0;2;1;2;B01
201800056165;1;7;0;0;0;5;1;A01
201800056166;0;7;0;0;1;3;1;A01
201800056167;2;7;0;0;1;2;1;A01
201800056168;1;2;0;0;2;5;0;A01
201800056169;1;7;0;0;0;0;1;A01
201800056170;1;7;0;0;1;3;1;A01
201800056171;1;7;0;15;1;3;13;A01
201800056172;1;7;0;0;1;2;1;A01
201800056173;1;7;0;0;1;2;0;A01
201800056174;1;2;0;4;0;7;1;A01
201800056175;2;2;0;0;1;3;13;A01
201800056176;2;32;0;0;2;1;1;B01
201800056176;1;32;0;0;2;8;15;A01
201800056177;0;7;0;0;2;3;1;A01
201800056177;0;30;0;0;2;8;5;B01
201800056178;2;33;0;0;2;1;21;B01
201800056178;1;7;0;0;2;2;15;A01
201800056179;2;33;0;0;2;1;1;B01
201800056179;1;34;0;0;2;2;15;A01
201800056180;2;2;0;0;1;1;1;A01
201800056181;2;7;0;0;0;4;4;A01
201800056181;2;2;0;0;0;1;2;B01
201800056182;0;7;0;0;1;1;1;A01
201800056183;1;2;0;0;2;1;1;B01
201800056183;2;7;0;0;2;3;9;A01
201800056184;1;7;0;0;2;5;16;A01
201800056184;2;33;0;0;2;1;21;B01
201800056185;2;7;0;0;2;8;1;A01
201800056185;1;7;0;0;2;8;13;B01
201800056186;0;2;0;0;1;1;0;A01
201800056187;2;33;0;13;0;7;0;A01
201800056188;1;7;0;0;1;2;1;A01
201800056189;2;7;0;2;9;9;1;A01
201800056190;1;7;0;0;1;0;0;A01
201800056191;2;7;0;16;1;3;14;A01
201800056192;1;7;0;0;2;3;1;A01
201800056192;2;7;0;0;2;1;1;B01
201800056193;1;7;0;0;1;1;1;A01
201800056194;1;2;0;0;0;1;0;A01
201800056195;1;7;0;0;1;1;2;A01
201800056196;1;7;0;0;0;2;15;A01
201800056196;2;2;0;0;2;1;1;B01
201800056197;1;2;0;0;0;1;0;A01
201800056198;2;7;0;0;2;2;5;B01
201800056198;1;2;0;0;2;1;5;A01
201800056199;2;2;0;0;2;1;17;A01
201800056199;1;7;0;0;2;3;1;B01
201800056200;0;32;0;0;2;1;1;A01
201800056200;0;7;0;0;2;8;15;B01
201800056201;0;14;0;0;2;3;1;B01
201800056201;0;2;0;0;2;1;17;C01
201800056201;0;7;0;0;2;3;1;A01
201800056202;0;7;0;0;2;1;15;A01
201800056202;0;33;0;0;2;8;2;B01
201800056203;2;7;0;0;2;1;15;A01
201800056203;1;7;0;1;0;3;1;B01
201800056203;0;7;0;0;0;8;24;C01
201800056204;0;7;0;0;1;2;1;A01
201800056205;1;2;0;0;2;1;21;A01
201800056205;2;7;0;0;2;2;0;B01
201800056206;2;7;0;0;2;3;15;A01
201800056206;2;33;0;0;2;8;1;B01
201800056207;0;7;0;0;2;1;1;A01
201800056207;0;7;0;0;2;3;1;B01
201800056208;0;7;0;0;2;2;1;A01
201800056208;0;1;0;0;2;1;5;B01
201800056209;1;7;0;0;2;1;15;A01
201800056209;1;33;0;0;2;7;0;B01
201800056210;2;7;0;0;2;6;4;A01
201800056210;0;2;0;0;2;1;1;B01
201800056211;0;7;0;0;2;3;15;B01
201800056211;0;32;0;0;2;2;17;A01
201800056212;0;7;0;4;0;1;0;A01
201800056213;0;7;0;0;1;2;1;A01
201800056214;0;7;0;0;2;4;2;A01
201800056214;0;7;0;0;2;1;2;B01
201800056214;0;7;0;0;2;1;2;C01
201800056215;0;7;0;0;0;4;23;A01
201800056215;0;7;0;0;2;4;23;B01
201800056215;0;7;0;0;2;1;1;C01
201800056216;1;10;0;0;2;8;10;A01
201800056216;1;32;0;0;2;1;1;B01
201800056217;1;2;0;0;1;2;1;A01
201800056218;1;7;0;2;0;9;1;A01
201800056219;0;2;0;0;2;1;13;A01
201800056219;0;2;0;0;2;8;1;B01
201800056220;2;7;0;0;1;1;1;A01
201800056221;2;33;0;0;2;1;1;A01
201800056221;1;7;0;0;2;3;1;B01
201800056222;1;7;0;0;2;7;13;A01
201800056222;2;13;0;0;2;3;1;B01
201800056223;1;7;0;;;;;A01
201800056224;1;7;0;0;1;2;1;A01
201800056225;1;14;0;0;2;1;2;A01
201800056225;1;14;0;0;0;4;23;B01
201800056226;1;7;0;0;2;3;13;A01
201800056226;2;7;0;0;2;3;1;B01
201800056227;0;1;0;0;9;7;1;A01
201800056228;2;7;0;0;1;2;1;A01
201800056229;1;7;0;0;0;3;0;B01
201800056229;1;2;0;0;0;4;11;A01
201800056230;2;7;0;0;1;1;13;A01
201800056231;1;7;0;0;2;1;1;A01
201800056231;2;37;45;0;2;1;1;B01
201800056231;2;7;0;0;2;1;1;C01
201800056232;2;7;0;0;2;2;2;A01
201800056232;2;1;0;0;0;4;2;B01
201800056232;2;1;0;0;0;4;2;C01
201800056233;1;33;0;0;1;9;1;A01
201800056233;1;7;0;0;0;4;1;B01
201800056234;2;7;0;0;2;3;1;A01
201800056234;1;7;0;0;2;3;13;B01
201800056235;1;7;0;0;1;8;1;A01
201800056236;2;3;0;0;2;7;15;A01
201800056236;1;33;0;0;2;1;19;B01
201800056237;1;34;0;7;0;1;15;A01
201800056238;0;7;0;0;1;2;1;A01
201800056239;0;7;0;1;0;6;1;A01
201800056239;0;1;0;1;2;2;1;B01
201800056240;1;7;0;0;1;2;1;A01
201800056241;1;7;0;0;1;2;1;A01
201800056242;1;7;0;0;2;4;2;B01
201800056242;1;7;0;0;2;1;2;A01
201800056242;1;7;0;0;0;4;2;C01
201800056243;1;1;0;14;0;1;1;A01
201800056244;1;7;0;0;2;3;1;B01
201800056244;1;7;0;0;2;2;17;A01
201800056245;0;1;0;0;2;1;1;B01
201800056245;0;7;0;9;9;1;21;A01
201800056246;0;32;0;0;2;1;5;B01
201800056246;0;7;0;0;2;1;4;A01
201800056247;0;30;0;0;2;1;15;B01
201800056247;0;7;0;0;2;1;1;A01
201800056248;1;1;0;0;2;4;18;B01
201800056248;1;1;0;0;2;1;1;C01
201800056248;1;7;0;0;2;7;16;A01
201800056249;2;1;0;0;2;6;1;B01
201800056249;2;10;0;0;2;2;14;A01
201800056250;0;1;0;0;0;4;1;A01
201800056251;0;33;0;0;1;1;17;A01
201800056252;0;7;0;0;2;1;15;A01
201800056252;0;2;0;0;2;8;18;B01
201800056253;0;7;0;0;2;6;15;A01
201800056253;0;31;0;0;2;1;1;B01
201800056254;1;7;0;0;2;1;2;D01
201800056254;1;7;0;0;0;4;2;A01
201800056254;1;7;0;0;2;4;2;B01
201800056254;1;7;0;0;2;4;2;C01
201800056255;1;7;0;0;2;2;2;B01
201800056255;1;2;0;0;0;4;2;A01
201800056256;1;7;0;0;2;2;15;B01
201800056256;1;7;0;0;2;1;1;C01
201800056256;0;7;0;0;0;3;23;A01
201800056257;0;2;0;0;2;1;0;B01
201800056257;0;7;0;0;2;1;15;A01
201800056258;1;7;0;0;2;5;15;B01
201800056258;1;33;0;0;2;1;1;A01
201800056259;1;7;0;0;2;3;15;B01
201800056259;1;7;0;0;2;1;1;A01
201800056260;1;7;0;0;0;6;1;A01
201800056260;0;7;0;0;2;1;9;B01
201800056261;1;31;0;0;0;0;1;A01
201800056262;0;2;0;0;2;1;1;B01
201800056262;0;7;0;0;2;3;15;A01
201800056263;1;7;0;0;2;2;15;A01
201800056263;2;2;0;0;2;1;1;B01
201800056264;1;7;0;0;2;3;15;A01
201800056264;1;2;0;0;2;6;1;B01
201800056265;1;1;0;0;2;8;19;A01
201800056265;0;7;0;0;2;3;;B01
201800056266;1;7;0;0;2;3;15;A01
201800056266;1;2;0;0;2;3;1;B01
201800056267;0;1;0;13;0;0;0;A01
201800056268;1;7;0;0;2;3;15;A01
201800056268;2;2;0;0;2;1;1;B01
201800056269;2;2;0;0;2;1;1;B01
201800056269;1;7;0;0;0;5;15;A01
201800056270;0;1;0;0;2;0;13;B01
201800056270;0;7;0;0;2;0;17;A01
201800056271;1;30;0;0;2;8;10;B01
201800056271;1;33;0;0;2;1;2;A01
201800056272;1;7;0;0;2;1;2;C01
201800056272;1;7;0;0;0;4;2;A01
201800056272;1;7;0;0;2;4;2;B01
201800056273;2;7;0;0;2;1;5;A01
201800056273;1;2;0;0;2;8;1;B01
201800056274;0;2;0;0;2;6;2;A01
201800056274;0;7;0;0;1;2;2;B01
201800056275;2;7;0;0;2;8;15;A01
201800056275;2;31;0;0;2;1;1;B01
201800056276;2;10;0;0;2;8;15;A01
201800056276;1;34;0;0;2;2;1;B01
201800056277;2;2;0;0;2;2;15;B01
201800056277;1;7;0;0;2;1;1;A01
201800056278;1;33;0;0;2;1;2;A01
201800056278;1;10;0;0;0;6;2;B01
201800056279;1;33;0;0;2;2;17;A01
201800056279;1;7;0;0;2;6;15;B01
201800056280;1;7;0;0;2;3;1;A01
201800056280;2;2;0;0;2;1;5;B01
201800056281;0;2;0;13;0;0;1;A01
201800056282;0;38;61;0;2;4;2;B01
201800056282;0;38;61;0;2;1;2;A01
201800056283;0;7;0;1;0;8;0;A01
201800056284;0;10;0;0;1;2;1;A01
201800056285;2;2;0;0;1;1;1;A01
201800056286;0;7;0;0;2;1;1;B01
201800056286;0;7;0;0;1;1;16;C01
201800056286;0;10;0;0;2;8;1;A01
201800056287;1;31;0;4;2;7;2;A01
201800056287;1;7;0;0;2;2;17;B01
201800056288;2;33;0;0;2;7;17;B01
201800056288;2;7;0;0;2;8;10;A01
201800056289;0;7;0;0;1;2;2;A01
201800056290;1;2;0;0;2;1;1;B01
201800056290;1;7;0;0;0;8;10;A01
201800056291;0;7;0;0;2;1;5;B01
201800056291;0;2;0;0;2;1;5;A01
201800056292;1;7;0;0;2;1;1;A01
201800056292;2;7;0;0;2;1;5;B01
201800056293;0;1;0;0;2;1;19;B01
201800056293;0;10;0;0;9;2;1;A01
201800056294;1;10;0;0;2;7;1;A01
201800056294;1;31;0;0;2;8;11;B01
201800056295;0;7;0;6;0;1;1;A01
201800056296;1;2;0;0;2;7;15;B01
201800056296;1;17;0;0;2;8;21;A01
201800056297;1;10;0;13;0;3;1;A01
201800056298;1;7;0;0;1;1;1;A01
201800056299;0;2;0;0;0;0;1;A01
201800056299;0;7;0;0;2;5;16;B01
201800056300;1;7;0;0;2;6;1;C01
201800056300;1;2;0;0;2;1;17;A01
201800056300;1;2;0;0;2;2;1;B01
201800056301;0;7;0;16;0;9;14;A01
201800056302;1;33;0;0;0;3;0;A01
201800056303;0;2;0;0;2;1;1;B01