num_acc;senc;catv;occutc;obs;obsm;choc;manv;num_veh
201800057015;0;2;0;0;2;1;0;B01
201800057016;0;32;0;0;2;1;1;B01
201800057016;0;7;0;0;2;1;15;A01
201800057017;0;7;0;0;2;3;1;B01
201800057017;0;7;0;0;2;1;1;A01
201800057018;0;10;0;0;1;1;1;A01
201800057019;1;7;0;0;0;0;0;A01
201800057020;0;2;0;0;2;1;17;A01
201800057020;0;7;0;0;6;3;15;B01
201800057021;0;10;0;0;1;3;16;A01
201800057021;0;10;0;0;0;0;23;B01
201800057022;0;10;0;0;6;7;19;B01
201800057022;0;2;0;0;2;1;1;A01
201800057023;1;2;0;0;0;1;1;B01
201800057023;1;7;0;0;0;2;19;A01
201800057024;0;10;0;0;2;0;0;Z01
201800057024;0;2;0;0;2;8;1;A01
201800057025;1;1;0;0;2;0;19;B01
201800057025;1;33;0;0;6;1;17;A01
201800057026;1;32;0;0;2;1;3;A01
201800057026;1;7;0;0;6;8;15;B01
201800057027;0;32;0;0;2;8;1;A01
201800057027;0;7;0;0;2;8;1;B01
201800057028;1;30;0;0;2;0;3;A01
201800057028;0;10;0;0;2;3;15;B01
201800057029;0;2;0;0;2;9;0;B01
201800057029;0;33;0;0;2;1;1;A01
201800057030;1;14;0;0;0;6;23;B01
201800057030;1;7;0;1;2;1;0;A01
201800057031;1;7;0;0;2;3;11;B01
201800057031;1;32;0;0;2;1;1;A01
201800057032;1;10;0;0;6;3;15;A01
201800057032;1;2;0;0;2;1;2;B01
201800057033;1;7;0;0;2;8;15;B01
201800057033;1;30;0;0;2;1;17;A01
201800057034;1;32;0;0;2;1;1;B01
201800057034;2;7;0;0;6;3;13;A01
201800057035;2;7;0;0;0;3;1;B01
201800057035;1;7;0;0;2;3;13;A01
201800057036;0;30;0;0;2;1;17;A01
201800057036;0;7;0;0;2;3;15;B01
201800057037;1;7;0;0;0;3;1;B01
201800057037;1;30;0;0;2;3;19;A01
201800057038;2;2;0;0;0;0;0;B01
201800057038;1;7;0;0;2;7;16;A01
201800057039;2;2;0;0;1;1;1;A01
201800057040;1;7;0;0;6;7;2;A01
201800057040;1;1;0;0;2;8;1;B01
201800057041;0;7;0;0;2;8;1;B01
201800057041;2;7;0;0;2;2;15;A01
201800057042;1;7;0;0;6;3;0;A01
201800057042;2;1;0;0;0;0;0;B01
201800057043;2;2;0;0;2;1;17;B01
201800057043;1;13;0;0;6;3;15;A01
201800057044;0;10;0;0;1;2;1;A01
201800057045;1;1;0;0;2;4;1;B01
201800057045;1;7;0;;;;;A01
201800057046;1;7;0;0;1;8;1;A01
201800057047;1;7;0;0;6;7;16;A01
201800057047;1;2;0;0;2;8;1;B01
201800057048;1;7;0;0;2;1;16;A01
201800057048;1;2;0;0;0;0;0;B01
201800057049;1;30;0;0;2;8;1;A01
201800057049;1;7;0;0;2;7;16;B01
201800057050;1;7;0;0;2;1;1;A01
201800057050;1;7;0;0;0;4;15;B01
201800057051;0;7;0;0;1;7;16;Z01
201800057052;1;7;0;0;2;3;15;A01
201800057052;1;2;0;0;2;8;1;B01
201800057053;0;7;0;0;1;2;1;A01
201800057054;2;7;0;0;2;1;1;A01
201800057054;2;7;0;0;2;7;1;B01
201800057055;1;7;0;0;2;2;15;A01
201800057055;1;2;0;0;2;1;1;B01
201800057056;2;7;0;0;2;1;15;A01
201800057056;2;30;0;0;2;3;1;B01
201800057057;1;2;0;0;2;1;1;B01
201800057057;0;7;0;0;2;1;15;A01
201800057058;0;7;0;0;2;7;2;B01
201800057058;0;32;0;0;2;8;2;A01
201800057058;0;7;0;12;0;0;0;C01
201800057059;0;30;0;0;2;0;15;A01
201800057059;0;30;0;0;2;1;1;B01
201800057060;1;2;0;0;2;1;17;A01
201800057060;1;7;0;0;2;6;15;B01
201800057061;2;33;0;0;2;1;1;B01
201800057061;1;7;0;0;0;7;15;A01
201800057062;1;7;0;0;2;1;1;A01
201800057062;1;2;0;0;2;8;19;B01
201800057063;1;7;0;0;2;1;15;A01
201800057063;1;2;0;0;2;1;1;B01
201800057064;0;1;0;0;2;8;15;B01
201800057064;0;7;0;0;2;3;1;A01
201800057065;1;10;0;0;2;4;2;C01
201800057065;1;10;0;0;2;4;2;B01
201800057065;1;10;0;0;2;1;2;A01
201800057066;1;2;0;0;2;1;1;B01
201800057066;0;7;0;0;6;1;16;A01
201800057067;1;2;0;0;2;1;1;B01
201800057067;1;7;0;0;2;3;15;A01
201800057068;2;7;0;0;1;1;1;A01
201800057069;1;7;0;0;1;1;16;A01
201800057070;1;7;0;0;2;1;15;A01
201800057070;1;30;0;0;2;1;17;B01
201800057071;1;30;0;0;2;7;16;A01
201800057072;0;7;0;6;0;8;1;A01
201800057073;1;7;0;0;2;7;16;B01
201800057073;1;2;0;0;2;3;1;A01
201800057074;1;7;0;0;0;0;0;B01
201800057074;1;30;0;0;0;0;0;A01
201800057074;0;7;0;0;0;0;0;C01
201800057075;1;30;0;0;0;0;0;A01
201800057076;2;7;0;0;2;2;16;B01
201800057076;2;30;0;0;2;1;16;A01
201800057077;0;37;30;0;1;7;1;A01
201800057078;1;33;0;0;0;0;17;A01
201800057079;0;30;0;0;1;1;1;A01
201800057080;2;32;0;0;2;1;1;B01
201800057080;0;10;0;0;2;5;19;A01
201800057081;0;7;0;0;0;0;16;A01
201800057082;0;30;0;0;2;1;1;A01
201800057082;0;2;0;0;2;4;14;B01
201800057083;0;7;0;0;2;3;9;A01
201800057083;0;2;0;0;2;1;1;B01
201800057084;1;7;0;0;0;1;1;A01
201800057084;1;2;0;0;2;1;1;B01
201800057085;1;7;0;6;0;9;13;A01
201800057086;0;30;0;0;2;1;19;A01
201800057086;0;7;0;0;2;3;15;B01
201800057087;1;33;0;0;0;1;16;A01
201800057087;2;7;0;0;0;8;15;B01
201800057088;0;30;0;0;0;0;0;A01
201800057089;0;10;0;0;2;2;1;A01
201800057089;0;1;0;0;2;3;1;B01
201800057090;1;7;0;0;2;3;15;A01
201800057090;0;7;0;0;2;8;1;B01
201800057091;1;7;0;0;2;3;1;B01
201800057091;1;7;0;0;2;9;19;A01
201800057091;1;7;0;0;2;3;23;C01
201800057092;1;7;0;0;2;8;0;B01
201800057092;2;7;0;0;2;1;0;A01
201800057092;2;7;0;0;2;6;0;C01
201800057093;0;2;0;0;1;0;1;A01
201800057094;1;10;0;0;2;7;15;A01
201800057094;1;2;0;0;2;8;1;B01
201800057095;2;30;0;12;0;1;2;A01
201800057096;1;7;0;0;2;1;1;B01
201800057096;1;7;0;0;2;8;19;A01
201800057097;1;1;0;0;2;1;15;A01
201800057097;1;7;0;0;2;2;1;B01
201800057098;2;7;0;0;6;8;15;B01
201800057098;1;2;0;0;2;8;1;A01
201800057099;1;32;0;0;2;7;1;B01
201800057099;1;7;0;0;2;2;15;A01
201800057100;0;10;0;0;2;8;1;B01
201800057100;0;10;0;0;2;1;1;A01
201800057101;1;7;0;0;2;2;16;A01
201800057101;1;2;0;0;2;1;18;B01
201800057102;1;7;0;0;2;2;19;A01
201800057102;1;32;0;0;2;8;1;B01
201800057103;0;30;0;0;2;1;14;A01
201800057103;0;7;0;0;2;3;0;B01
201800057104;0;7;0;0;2;3;15;A01
201800057104;0;2;0;0;2;8;0;B01
201800057105;1;7;0;8;0;2;1;A01
201800057106;1;30;0;0;2;1;0;A01
201800057106;1;7;0;0;6;4;23;B01
201800057107;1;7;0;0;2;1;2;A01
201800057107;1;7;0;0;2;4;2;B01
201800057108;0;1;0;0;2;4;1;B01
201800057108;0;7;0;0;2;3;1;A01
201800057109;2;7;0;0;1;1;1;A01
201800057110;1;7;0;8;2;7;1;A01
201800057110;1;7;0;0;2;1;1;B01
201800057111;0;2;0;0;2;1;1;B01
201800057111;0;7;0;0;2;8;9;A01
201800057112;0;7;0;0;1;3;1;A01
201800057113;1;2;0;1;0;1;1;A01
201800057113;1;7;0;0;2;6;24;B01
201800057114;0;7;0;0;2;0;0;B01
201800057114;0;7;0;0;2;0;0;A01
201800057115;1;7;0;0;2;6;15;A01
201800057115;1;33;0;0;2;1;1;B01
201800057116;0;7;0;0;2;3;0;B01
201800057116;0;1;0;0;2;1;1;A01
201800057117;1;7;0;0;2;6;1;B01
201800057117;1;7;0;0;2;1;0;A01
201800057118;1;10;0;0;1;1;1;A01
201800057119;1;7;0;0;2;3;0;B01
201800057119;0;1;0;0;2;6;19;A01
201800057120;1;2;0;0;2;7;17;B01
201800057120;0;7;0;0;2;2;19;A01
201800057121;0;7;0;0;2;2;17;A01
201800057121;0;1;0;0;2;0;1;B01
201800057122;0;30;0;0;2;1;5;A01
201800057122;0;34;0;0;2;1;1;B01
201800057123;1;7;0;0;2;3;15;B01
201800057123;1;2;0;0;2;1;17;A01
201800057124;1;2;0;0;2;1;1;B01
201800057124;1;7;0;0;2;2;15;A01
201800057125;1;7;0;0;2;3;19;A01
201800057125;0;2;0;0;2;2;1;B01
201800057126;0;7;0;0;2;3;15;A01
201800057126;1;2;0;0;2;1;1;B01
201800057127;0;7;0;0;2;1;13;B01
201800057127;0;30;0;0;2;1;1;A01
201800057128;0;2;0;0;2;1;17;B01
201800057128;0;7;0;0;2;3;1;A01
201800057129;1;7;0;0;2;5;16;A01
201800057129;1;37;10;0;2;3;1;B01
201800057130;0;1;0;0;6;8;2;B01
201800057130;0;7;0;0;2;2;2;A01
201800057131;1;10;0;0;2;3;15;A01
201800057131;1;2;0;0;2;1;1;B01
201800057132;1;2;0;0;2;8;1;B01
201800057132;1;7;0;0;2;1;15;A01
201800057133;1;7;0;0;6;1;17;A01
201800057133;2;2;0;0;2;8;1;B01
201800057134;1;30;0;0;1;1;1;A01
201800057135;1;7;0;0;2;8;15;A01
201800057135;1;33;0;0;0;0;0;B01
201800057136;1;7;0;16;2;1;2;A01
201800057136;1;7;0;16;2;4;2;B01
201800057137;0;7;0;0;2;8;22;A01
201800057137;0;2;0;0;2;1;1;B01
201800057138;1;7;0;0;1;2;1;A01
201800057139;0;7;0;0;2;1;13;A01
201800057139;0;30;0;0;2;1;16;B01
201800057140;1;7;0;0;6;8;17;A01
201800057140;0;2;0;0;2;1;2;B01
201800057141;0;2;0;0;2;1;2;A01
201800057141;0;10;0;0;2;5;1;B01
201800057142;0;10;0;0;1;2;15;A01
201800057143;1;7;0;0;1;3;1;A01
201800057144;0;2;0;0;0;0;1;A01
201800057145;2;2;0;0;2;8;1;B01
201800057145;2;7;0;0;2;2;1;A01
201800057146;1;37;9;0;2;7;1;B01
201800057146;0;7;0;0;2;7;1;A01
201800057147;1;7;0;0;2;3;15;B01
201800057147;1;2;0;0;2;0;0;A01
201800057148;1;30;0;12;0;7;1;A01
201800057149;0;30;0;0;1;8;19;A01
201800057150;1;7;0;0;2;1;1;A01
201800057150;1;7;0;0;0;6;1;B01
201800057151;1;2;0;3;0;0;1;A01
201800057152;0;30;0;0;2;1;1;A01
201800057152;0;1;0;0;0;8;19;B01
201800057153;1;7;0;0;2;1;16;A01
201800057153;1;7;0;0;2;3;19;B01
201800057154;2;1;0;0;2;1;13;B01
201800057154;1;7;0;0;2;3;21;M01
201800057155;1;7;0;0;0;0;14;A01
201800057156;1;99;0;0;1;1;0;A01
201800057157;2;33;0;0;0;2;21;A01
201800057158;1;7;0;0;9;2;19;A01
201800057158;1;33;0;0;2;3;2;B01
201800057159;1;7;0;0;2;5;19;A01
201800057159;2;7;0;0;2;2;1;B01
201800057160;1;7;0;1;0;1;20;A01
201800057160;1;7;0;0;2;4;24;B01
201800057161;1;7;0;0;1;2;2;A01
201800057162;1;2;0;0;0;0;0;A01
201800057163;1;2;0;0;0;0;0;A01
201800057164;1;2;0;0;2;1;12;A01
201800057164;1;7;0;0;2;7;15;B01
201800057165;1;7;0;0;2;5;19;B01
201800057165;1;7;0;0;2;1;19;A01
201800057166;1;7;0;0;2;1;13;A01
201800057166;2;7;0;0;2;1;1;B01
201800057167;1;7;0;0;2;5;2;A01
201800057167;2;7;0;0;2;1;9;B01
201800057168;1;7;0;0;9;3;9;A01
201800057168;1;1;0;0;2;1;1;B01
201800057169;2;7;0;0;2;3;10;A01
201800057169;2;33;0;0;2;2;21;B01
201800057170;1;7;0;8;0;1;19;R01
201800057171;1;30;0;8;0;0;0;A01
201800057172;0;99;0;0;2;0;0;R01
201800057172;1;7;0;0;2;2;1;A01
201800057173;1;33;0;0;2;3;21;A01
201800057173;1;7;0;0;2;8;11;B01
201800057173;1;7;0;0;2;7;1;C01
201800057174;1;7;0;0;2;1;2;A01
201800057174;1;7;0;0;2;4;1;B01
201800057175;1;30;0;1;0;7;1;A01
201800057175;0;7;0;1;0;3;22;B01
201800057176;1;7;0;0;2;1;1;B01
201800057176;1;7;0;0;2;7;16;A01
201800057177;0;33;0;0;2;3;18;A01
201800057177;0;10;0;0;2;2;16;B01
201800057178;0;7;0;0;1;1;0;A01
201800057179;2;7;0;0;1;1;21;A01
201800057180;1;7;0;0;2;1;1;A01
201800057180;1;7;0;0;2;4;2;B01
201800057180;1;7;0;0;2;4;2;C01
201800057181;1;2;0;0;1;1;1;A01
201800057182;1;7;0;0;1;3;15;A01
201800057183;0;1;0;0;2;1;21;B01
201800057183;0;7;0;0;2;7;0;A01
201800057184;1;7;0;6;1;1;1;A01
201800057185;1;7;0;0;2;6;9;A01
201800057185;1;33;0;14;2;1;9;B01
201800057186;0;30;0;14;0;1;1;A01
201800057187;2;7;0;0;2;3;1;B01
201800057187;1;7;0;0;2;2;19;A01
201800057188;1;7;0;0;2;2;1;A01
201800057188;2;7;0;0;2;6;23;B01
201800057189;1;33;0;0;2;1;17;A01
201800057189;2;7;0;0;2;3;15;B01
201800057190;0;1;0;0;2;4;16;A01
201800057190;2;7;0;0;6;0;0;B01
201800057191;1;33;0;14;0;0;0;A01
201800057192;2;7;0;0;2;0;0;A01
201800057192;2;7;0;0;2;6;2;B01
201800057192;2;7;0;0;2;8;2;C01
201800057193;0;7;0;0;1;3;16;A01
201800057194;0;7;0;0;2;1;19;A01
201800057194;0;7;0;0;2;2;19;B01
201800057195;0;7;0;0;2;4;0;A01
201800057195;0;7;0;0;2;4;0;B01
201800057195;0;7;0;0;2;1;0;C01
201800057196;0;1;0;0;2;1;19;A01
201800057196;1;15;0;0;6;5;0;B01
201800057197;1;7;0;0;2;3;12;A01
201800057197;2;7;0;0;2;0;0;B01
201800057198;1;10;0;0;2;2;14;A01
201800057198;1;33;0;3;2;8;3;B01
201800057199;0;7;0;0;1;3;1;A01
201800057200;1;7;0;0;2;2;14;A01
201800057200;2;7;0;0;2;6;1;B01
201800057201;2;7;0;0;2;6;0;A01
201800057201;1;32;0;0;2;0;0;B01
201800057202;1;1;0;0;2;1;1;B01
201800057202;1;7;0;0;6;3;15;A01
201800057203;1;7;0;14;2;3;12;A01
201800057203;2;31;0;14;2;3;3;B01
201800057204;1;7;0;0;0;8;15;A01
201800057204;1;33;0;0;2;1;17;B01
201800057205;0;1;0;14;2;3;9;A01
201800057205;1;7;0;0;2;1;1;B01
201800057206;1;10;0;0;6;3;22;A01
201800057206;1;1;0;1;0;1;2;B01
201800057207;1;32;0;0;0;1;1;A01
201800057208;1;10;0;0;2;3;15;A01
201800057208;2;2;0;0;2;1;1;B01
201800057209;1;10;0;0;2;4;2;A01
201800057209;1;33;0;0;2;8;2;B01
201800057210;0;10;0;0;2;8;15;A01
201800057210;1;31;0;0;2;1;1;B01
201800057211;0;1;0;0;1;1;13;A01
201800057212;1;7;0;0;2;3;13;A01
201800057212;2;7;0;0;2;3;1;B01
201800057213;1;32;0;1;0;5;13;A01
201800057214;2;7;0;0;1;2;0;A01
201800057215;0;7;0;0;2;8;11;A01
201800057215;0;33;0;0;2;0;17;B01
201800057216;1;10;0;0;2;7;14;A01
201800057216;1;10;0;0;2;8;1;B01
201800057216;1;10;0;0;6;7;0;C01
201800057217;1;7;0;0;2;1;2;A01
201800057217;1;7;0;0;2;4;2;B01
201800057218;0;7;0;14;2;2;1;B01
201800057218;1;7;0;14;2;2;15;A01
201800057219;2;1;0;0;2;4;1;B01
201800057219;1;7;0;0;2;1;1;A01
201800057220;1;31;0;0;2;2;3;A01
201800057220;1;7;0;0;2;8;1;B01
201800057221;1;7;0;0;2;4;2;A01
201800057221;1;7;0;0;2;1;2;B01
201800057222;2;7;0;0;2;2;1;A01
201800057222;2;10;0;0;2;1;1;B01
201800057223;2;2;0;0;2;4;1;A01
201800057224;0;7;0;0;2;1;1;A01
201800057224;0;10;0;0;2;4;23;B01
201800057225;1;7;0;0;2;1;9;A01
201800057225;0;1;0;0;2;2;1;B01
201800057226;0;7;0;0;6;5;16;A01
201800057226;0;1;0;0;2;1;15;B01
201800057227;0;7;0;0;1;2;0;A01
201800057228;0;30;0;0;0;1;1;A01
201800057229;1;33;0;14;0;1;21;A01
201800057229;1;31;0;14;2;4;23;B01
201800057230;0;7;0;0;2;2;17;A01
201800057230;0;1;0;0;2;8;2;B01
201800057231;0;7;0;8;0;3;13;A01
201800057232;0;10;0;0;2;3;15;A01
201800057232;0;33;0;0;2;1;15;B01
201800057233;0;33;0;0;2;1;17;A01
201800057233;0;1;0;0;2;4;2;B01
201800057234;1;7;0;0;2;1;0;A01
201800057234;1;7;0;0;2;6;2;B01
201800057234;1;13;0;0;2;4;1;C01
201800057234;1;7;0;3;2;6;0;D01
201800057235;1;7;0;0;2;1;19;A01
201800057235;0;7;0;0;2;6;0;B01
201800057236;1;7;0;0;2;3;13;A01
201800057236;1;33;0;0;2;0;19;B01
201800057237;2;7;0;3;0;1;9;A01
201800057238;0;13;0;0;2;3;21;A01
201800057238;0;7;0;0;2;7;15;B01
201800057239;1;7;0;5;0;8;1;A01
201800057240;1;33;0;1;2;1;1;A01
201800057240;0;7;0;0;2;4;24;C01
201800057240;1;7;0;0;2;6;1;B01
201800057241;1;33;0;0;2;1;2;A01
201800057241;0;32;0;0;2;6;19;B01
201800057242;2;7;0;0;2;3;13;A01
201800057242;1;10;0;0;2;3;1;B01
201800057243;1;31;0;0;2;1;1;A01
201800057243;2;7;0;0;2;3;1;B01
201800057244;1;7;0;0;2;2;13;A01
201800057244;1;1;0;0;2;4;2;B01
201800057245;1;1;0;0;0;5;0;A01
201800057245;1;10;0;1;0;5;0;B01
201800057246;2;7;0;0;1;2;1;A01
201800057247;2;30;0;5;0;3;13;A01
201800057248;1;10;0;0;2;2;15;A01
201800057248;1;2;0;0;2;3;1;B01
201800057249;2;30;0;0;1;1;0;A01
201800057250;0;2;0;0;0;0;0;B01
201800057250;0;10;0;0;2;8;15;A01
201800057251;1;10;0;0;2;1;1;B01
201800057251;2;7;0;13;2;7;13;G01
201800057252;1;7;0;0;1;7;1;A01
201800057253;1;1;0;0;2;7;13;A01
201800057253;2;7;0;0;2;2;1;B01
201800057254;1;7;0;0;0;9;2;A01
201800057255;2;7;0;0;2;3;13;A01
201800057255;1;7;0;0;2;6;1;B01
201800057256;0;1;0;0;2;4;2;A01
201800057256;0;7;0;0;2;4;2;B01
201800057257;1;7;0;0;2;1;13;A01
201800057257;1;7;0;0;2;1;0;B01
201800057258;1;7;0;0;2;3;15;A01
201800057258;2;2;0;0;2;1;1;B01
201800057259;2;7;0;0;1;2;1;A01
201800057260;2;30;0;0;2;1;17;A01
201800057260;1;7;0;0;2;1;1;B01
201800057261;1;34;0;12;0;0;21;A01
201800057262;2;7;0;0;1;8;1;A01
201800057263;2;32;0;0;2;1;18;A01
201800057263;2;7;0;0;2;2;16;B01
201800057264;2;7;0;0;2;8;15;A01
201800057264;1;1;0;0;2;1;1;B01
201800057265;0;7;0;0;2;2;19;A01
201800057265;0;2;0;0;0;0;0;B01
201800057266;1;7;0;0;2;2;15;A01
201800057266;2;30;0;0;2;1;1;B01
201800057267;1;33;0;0;0;2;1;A01
201800057268;1;7;0;0;2;1;0;A01
201800057268;1;1;0;0;2;0;0;B01
201800057269;1;3;0;0;2;6;17;B01
201800057269;1;99;0;0;2;2;17;A01
201800057270;1;33;0;0;2;1;17;A01
201800057270;1;7;0;16;0;3;20;B01
201800057271;2;7;0;0;2;4;0;A01
201800057271;2;7;0;0;2;1;2;B01
201800057271;1;7;0;0;2;1;2;C01
201800057272;1;10;0;0;2;1;15;A01
201800057272;1;2;0;0;2;0;0;B01
201800057273;2;7;0;0;2;1;1;B01
201800057273;1;7;0;0;2;1;15;A01
201800057274;1;34;0;0;1;1;17;A01
201800057275;2;7;0;6;0;1;13;A01
201800057276;1;7;0;0;2;8;15;A01
201800057276;0;99;0;0;2;1;0;B01
201800057277;2;10;0;0;2;1;1;B01
201800057277;2;7;0;0;2;4;0;A01
201800057278;1;7;0;0;2;1;15;B01
201800057278;1;30;0;0;2;1;17;A01
201800057279;0;7;0;0;0;2;0;A01
201800057280;2;7;0;0;2;3;13;A01
201800057280;1;7;0;0;2;3;1;B01
201800057281;1;7;0;0;1;1;15;A01
201800057282;2;7;0;13;0;3;16;A01
201800057283;1;7;0;0;1;2;0;A01
201800057284;1;2;0;0;2;7;19;A01
201800057284;2;7;0;0;2;1;19;B01
201800057285;1;7;0;0;2;1;1;A01
201800057285;2;33;0;4;0;8;13;B01
201800057286;2;7;0;0;1;1;15;A01
201800057287;1;7;0;0;1;1;15;A01
201800057288;1;7;0;0;2;0;4;C01
201800057288;1;37;0;0;2;3;1;A01
201800057288;2;1;0;0;2;1;1;B01
201800057289;2;7;0;0;1;1;1;A01
201800057290;1;33;0;0;2;1;1;A01
201800057290;1;7;0;0;2;2;9;B01
201800057290;1;7;0;1;2;6;24;C01
201800057291;1;7;0;0;1;2;15;A01
201800057292;1;7;0;0;1;2;15;A01
201800057293;1;7;0;14;1;1;24;A01
201800057294;1;7;0;0;2;7;14;A01
201800057294;1;33;0;0;2;8;1;B01
201800057295;1;10;0;0;2;1;19;A01
201800057295;1;7;0;9;2;8;19;B01
201800057296;1;7;0;0;2;7;2;A01
201800057296;2;7;0;0;2;3;2;B01
201800057297;1;7;0;0;2;2;0;A01
201800057297;2;7;0;0;2;1;21;B01
201800057298;1;33;0;0;2;1;21;B01
201800057299;1;7;0;0;2;1;5;B01
201800057299;1;7;0;0;2;1;1;A01
201800057300;1;7;0;0;1;2;15;A01
201800057301;1;2;0;0;2;1;19;B01
201800057301;1;7;0;0;2;8;19;A01
201800057302;0;30;0;0;1;1;0;A01
201800057303;2;7;0;0;2;3;19;B01
201800057303;1;7;0;0;2;3;19;A01
201800057304;1;7;0;0;1;1;21;A01
201800057305;1;7;0;0;2;4;23;A01
201800057305;1;7;0;0;2;4;23;B01
201800057305;1;7;0;0;2;4;23;C01
201800057305;1;7;0;0;2;4;23;D01
201800057306;0;7;0;0;1;3;1;A01
201800057307;1;7;0;0;1;1;0;A01
201800057308;1;7;0;0;2;6;15;A01
201800057308;1;2;0;0;2;2;17;B01
201800057309;2;7;0;4;0;2;14;A01
201800057310;2;7;0;0;2;3;15;A01
201800057310;1;1;0;0;2;3;1;B01
201800057311;2;10;0;0;2;3;13;A01
201800057311;1;14;0;0;2;3;1;B01
201800057312;1;99;0;0;2;3;1;A01
201800057312;2;99;0;0;2;1;8;B01
201800057313;1;7;0;2;2;1;0;A01
201800057313;1;10;0;9;2;1;0;B01
201800057314;2;7;0;16;2;1;19;A01
201800057314;1;34;0;0;2;7;3;B01
201800057315;1;30;0;0;2;1;0;A01
201800057315;2;10;0;0;2;3;5;B01
201800057316;1;30;0;0;2;1;17;A01
201800057316;1;7;0;0;2;3;15;B01
201800057317;0;7;0;0;2;0;1;B01
201800057317;0;33;0;0;2;8;1;A01
201800057318;1;7;0;0;6;4;2;A01
201800057318;1;7;0;0;2;1;2;B01
201800057319;1;7;0;0;0;2;13;A01
201800057320;1;7;0;4;0;1;13;A01
201800057321;0;10;0;0;1;4;0;A01
201800057322;2;37;81;0;1;5;10;A01
201800057323;0;1;0;0;2;1;7;B01
201800057323;0;7;0;0;2;3;15;Z01
201800057324;0;7;0;9;1;6;0;A01
201800057325;2;7;0;0;1;3;0;A01
201800057326;2;7;0;0;6;5;20;A01
201800057326;2;1;0;0;2;3;0;B01
201800057327;1;30;0;0;1;8;0;A01
201800057328;1;7;0;0;0;8;14;A01
201800057329;1;7;0;0;2;6;0;A01
201800057329;1;30;0;0;2;1;0;B01
201800057330;0;7;0;0;1;1;15;A01
201800057331;1;7;0;0;2;1;1;A01
201800057331;1;7;0;0;2;4;1;B01
201800057332;2;33;0;0;2;1;0;A01
201800057332;1;37;15;0;2;8;15;B01
201800057333;1;7;0;0;1;7;1;A01
201800057334;1;15;0;0;2;2;12;A01
201800057334;1;7;0;4;2;8;1;B01
201800057335;0;7;0;0;2;1;2;A01
201800057335;1;1;0;0;2;4;2;B01
201800057336;2;7;0;0;2;3;21;A01
201800057336;0;33;0;0;2;6;15;B01
201800057337;0;37;1;0;1;1;1;A01
201800057338;0;30;0;0;1;1;8;A01
201800057339;2;7;0;0;1;1;0;A01
201800057340;1;7;0;0;1;2;1;A01
201800057341;2;33;0;0;2;7;16;A01
201800057341;2;7;0;0;2;3;1;B01
201800057342;0;33;0;0;0;0;16;A01
201800057343;1;7;0;0;0;0;0;C01
201800057343;1;7;0;2;2;6;1;B01
201800057343;1;15;0;0;2;2;14;A01
201800057344;1;7;0;0;0;0;0;A01
201800057344;2;32;0;0;2;0;0;B01
201800057345;0;7;0;0;2;0;15;A01
201800057345;2;2;0;0;2;7;0;B01
201800057346;0;7;0;0;2;2;19;A01
201800057346;0;33;0;0;2;1;19;B01
201800057347;0;30;0;12;0;1;15;A01
201800057348;1;15;0;0;1;2;1;A01
201800057349;1;7;0;13;2;3;0;A01
201800057349;2;7;0;0;0;7;13;B01
201800057350;1;7;0;0;2;5;0;A01
201800057350;0;7;0;0;2;3;15;B01
201800057351;1;33;0;0;2;1;11;A01
201800057351;0;7;0;0;2;6;2;B01
201800057352;2;7;0;0;2;3;1;A01
201800057352;1;30;0;0;2;1;5;B01
201800057353;1;34;0;0;2;1;17;A01
201800057353;1;7;0;0;2;7;15;B01
201800057354;1;7;0;0;1;1;0;Z01
201800057355;2;7;0;0;2;1;1;A01
201800057355;1;7;0;0;2;1;15;B01
201800057355;1;7;0;0;2;1;23;C01
201800057356;2;10;0;0;2;7;15;A01
201800057356;1;7;0;0;2;2;1;B01
201800057357;1;7;0;0;2;6;16;A01
201800057357;0;33;0;0;2;7;1;B01
201800057358;1;37;1;0;1;2;15;A01
201800057359;1;7;0;0;1;3;2;A01
201800057360;1;7;0;0;1;3;9;A01
201800057361;2;32;0;0;1;6;1;A01
201800057362;0;37;1;0;2;3;23;A01
201800057362;0;31;0;0;2;1;14;B01
201800057363;1;7;0;0;1;3;15;A01
201800057364;1;7;0;0;2;3;15;A01
201800057364;1;33;0;0;2;5;17;B01
201800057365;1;7;0;0;2;3;1;B01
201800057365;1;1;0;0;2;1;8;A01
201800057366;2;7;0;0;0;9;0;A01
201800057367;0;7;0;0;1;2;16;A01
201800057368;0;7;0;0;1;2;15;A01
201800057369;1;7;0;1;1;3;23;A01
201800057370;0;31;0;0;2;1;0;B01
201800057370;2;7;0;0;2;2;15;A01
201800057371;1;37;53;0;1;2;16;A01
201800057372;0;7;0;0;1;0;20;A01
201800057373;1;7;0;0;1;6;0;A01
201800057374;1;30;0;0;2;2;5;A01
201800057374;1;7;0;0;2;1;1;B01
201800057375;0;7;0;0;2;1;2;A01
201800057375;0;7;0;0;6;4;2;B01
201800057376;1;10;0;0;1;2;1;A01
201800057377;1;33;0;0;2;1;1;B01
201800057377;2;30;0;0;2;7;15;A01
201800057378;1;7;0;0;2;5;15;A01
201800057378;2;31;0;0;2;1;1;B01
201800057379;0;30;0;0;2;6;0;A01
201800057379;0;7;0;0;2;6;23;B01
201800057379;1;7;0;0;2;7;23;C01